retailer,product_name,ean_barcode,category,price_eur,price_date,collected_at,source
ALDI,1x Aldi 04.26 Kidneybohnen,4061458016988,plant based foods and beverages,0.79,2024-06-17,2026-08-30,open-prices
ALDI,ALDI ALL SEASONS Gehackte Tomate,4068706937774,plant based foods and beverages,0.69,2026-03-11,2026-08-30,open-prices
ALDI,ALDI BIHOPHAR Blütenhonig-Spezialität Gelée Royale -33 % 4.99€ UVP 7.49€ 500-g-Glas 1kg = 9.98€,40555232,breakfasts,4.99,2026-05-07,2026-08-30,open-prices
ALDI,"ALDI FAIR Rohrzucker, Fairtrade Fein Dauertiefpreis 1.49€ 500-g-Packung 1kg 2.98€",4061462220906,sweeteners,1.69,2024-06-17,2026-08-30,open-prices
ALDI,ALDI GEMÜSE Tasty Tom Mini-Rispentomaten 1.79€ 500g 1kg,29061914,plant based foods and beverages,2.39,2024-10-01,2026-08-30,open-prices
ALDI,ALDI KING‘S CROWN Schältomaten ATG 240g,4061458016926,plant based foods and beverages,0.79,2024-06-17,2026-08-30,open-prices
ALDI,ALDI MEINE KÄSETHEKE Appenzeller,4061458215787,dairies,3.29,2024-04-02,2026-08-30,open-prices
ALDI,ALDI Plattnektarinen Weißfleischig Klasse 1 Spanien 1.89€ 500g Packung 1kg 3.78€,2009010142173,Lebensmittel,1.99,2024-06-21,2026-08-30,open-prices
ALDI,"ALDI ROI DE TREFLE Käse Ziegenkäse-Spezialität  Ziegenfrischkäsetaler, 200 g Aus der Kühlung Dauertiefpreis 2.19€ Packun",4047247432801,dairies,1.99,2025-11-24,2026-08-30,open-prices
ALDI,ALDI SWEET VALLEY OBST  Ananas in Scheiben ohne Zuckerzusatz,4061459999075,plant based foods and beverages,1.79,2025-08-18,2026-08-30,open-prices
ALDI,ALDI Tesoros del Sur Jamón Serrano Schinken g.t.S. 240g 3.49€ 1kg 14.54€,4061458282901,meats and their products,3.99,2024-05-14,2026-08-30,open-prices
ALDI,Abraham Jamón Serrano Schinken,4061458016568,meats and their products,2.19,2024-04-02,2026-08-30,open-prices
ALDI,"Aldi A/Joghurt mild 3,5% Fett",4061458028813,dairies,0.95,2024-10-01,2026-08-30,open-prices
ALDI,Aldi Ananas,4061462606281,plant based foods and beverages,1.79,2025-08-18,2026-08-30,open-prices
ALDI,Aldi Ananas-Direktsaft,4061458067645,beverages and beverages preparations,2.49,2024-10-01,2026-08-30,open-prices
ALDI,Aldi Belgisches Butterwaffel Schokoladencremefüllung,4069365399569,snacks,1.49,2026-05-07,2026-08-30,open-prices
ALDI,Aldi Bio Eier,4061461524074,Lebensmittel,2.99,2025-11-08,2026-08-30,open-prices
ALDI,Aldi Bio-Brokkoli,4061462720826,plant based foods and beverages,1.69,2025-11-08,2026-08-30,open-prices
ALDI,Aldi Bio-Kulturheidelbeeren,4061458273442,plant based foods and beverages,2.89,2025-11-13,2026-08-30,open-prices
ALDI,Aldi Bio-Quark - Vanille,4061458061865,dairies,0.85,2025-11-24,2026-08-30,open-prices
ALDI,Aldi Bio-Rispentomaten,4061458240628,plant based foods and beverages,1.99,2025-11-13,2026-08-30,open-prices
ALDI,Aldi Bio-Rote Bete Salat,4061462347788,plant based foods and beverages,0.79,2026-04-18,2026-08-30,open-prices
ALDI,Aldi Bio-Schlagsahne 30 % Fett,4061459194111,dairies,1.19,2025-11-08,2026-08-30,open-prices
ALDI,Aldi Bio-Speisemöhren,4061458244688,plant based foods and beverages,1.89,2024-02-08,2026-08-30,open-prices
ALDI,Aldi Brauner Rohrzucker grob unraffiniert,4061462221026,sweeteners,1.69,2024-03-01,2026-08-30,open-prices
ALDI,Aldi Chips SALZ,4061458024631,plant based foods and beverages,1.09,2025-08-18,2026-08-30,open-prices
ALDI,Aldi Cornichons,4061458004244,plant based foods and beverages,1.29,2025-08-18,2026-08-30,open-prices
ALDI,Aldi Doppelkeks Kakaocreme,4061461502799,snacks,1.79,2025-08-18,2026-08-30,open-prices
ALDI,Aldi Edelbitter 90 % Cacao,4061462044809,snacks,1.49,2024-10-01,2026-08-30,open-prices
ALDI,Aldi Eier,4061458234696,eggs and their products,3.99,2026-04-18,2026-08-30,open-prices
ALDI,Aldi Eiskalte Kiste,4061461216047,desserts,1.99,2025-08-18,2026-08-30,open-prices
ALDI,Aldi Essig,4061458019859,condiments,0.79,2024-06-21,2026-08-30,open-prices
ALDI,Aldi Feine Kleinkuchen Mandelhörnchen,4061458026116,snacks,2.49,2024-06-21,2026-08-30,open-prices
ALDI,Aldi Feine Nürnberger Oblaten-Lebkuchen Zartbitterschokolade,4061458109833,plant based foods and beverages,2.29,2024-10-01,2026-08-30,open-prices
ALDI,Aldi Feinherb,4047247273459,snacks,0.89,2026-05-07,2026-08-30,open-prices
ALDI,Aldi Fraicho Käse,4088500784503,dairies,0.99,2026-03-11,2026-08-30,open-prices
ALDI,Aldi Französischer Weichkäse,4061458043229,dairies,1.79,2026-05-22,2026-08-30,open-prices
ALDI,Aldi Frikadellen Klassik,4088500763171,meats and their products,3.19,2024-04-02,2026-08-30,open-prices
ALDI,Aldi Gebäckstangen - Käse,4061458058476,snacks,1.49,2026-05-22,2026-08-30,open-prices
ALDI,Aldi Gebäckstangen - Meersalz,4061458058469,snacks,1.49,2026-05-22,2026-08-30,open-prices
ALDI,Aldi Genießer-Fässchen mit weißem Balsamico,4061462842566,plant based foods and beverages,1.89,2025-08-18,2026-08-30,open-prices
ALDI,Aldi GrünerPfeffer Frischkäse,4047247197809,dairies,0.99,2026-03-11,2026-08-30,open-prices
ALDI,Aldi Hafer-Riegel Mandel & Karamell,4069365229309,snacks,1.29,2026-04-08,2026-08-30,open-prices
ALDI,Aldi Haferriegel Kakao,4069365229286,snacks,1.29,2026-04-08,2026-08-30,open-prices
ALDI,Aldi Haselnuss Vollmichschokolade,4061458042994,snacks,0.89,2026-05-07,2026-08-30,open-prices
ALDI,Aldi Hi! Spice - Avocado,4061464973657,plant based foods and beverages,1.59,2026-03-07,2026-08-30,open-prices
ALDI,Aldi Hirtenkäse in Würfeln mit Paprika und Chili,4061458045896,dairies,2.69,2026-03-27,2026-08-30,open-prices
ALDI,Aldi Hähnchenfleisch,4047247563697,Lebensmittel,2.99,2024-06-17,2026-08-30,open-prices
ALDI,Aldi Jodiertes Speisesalz,4061458025140,condiments,0.28,2026-05-22,2026-08-30,open-prices
ALDI,Aldi Kirschen Sauerkirschen entsteint,4061458008198,plant based foods and beverages,3.19,2025-08-18,2026-08-30,open-prices
ALDI,Aldi Kokosmilch fettreduziert,4061458070461,beverages and beverages preparations,1.19,2025-11-13,2026-08-30,open-prices
ALDI,Aldi Mais,4047247495820,plant based foods and beverages,1.19,2024-06-17,2026-08-30,open-prices
ALDI,Aldi Mini Hähnchenbrustfiletstücke Paprika,4061464795648,meats and their products,1.99,2026-05-07,2026-08-30,open-prices
ALDI,Aldi Mini-Butterkeks Wilde Tiere,4061461518233,snacks,1.49,2026-05-22,2026-08-30,open-prices
ALDI,Aldi Mini-Orange Cake,4061461518219,snacks,1.49,2026-05-22,2026-08-30,open-prices
ALDI,Aldi Mini-Schokokeks,4061461518240,snacks,1.49,2026-05-22,2026-08-30,open-prices
ALDI,Aldi Müsliriegel Erdnuss,4061462948732,snacks,1.49,2026-04-08,2026-08-30,open-prices
ALDI,Aldi Natives Olivenöl Bio,4061462872846,fette,6.95,2025-11-24,2026-08-30,open-prices
ALDI,Aldi Nord Selection Minis,4068263056116,snacks,3.49,2025-08-18,2026-08-30,open-prices
ALDI,Aldi Nussbeisser Edel-Zartbitter,4047247102490,snacks,1.19,2026-05-07,2026-08-30,open-prices
ALDI,Aldi Nusskati Nuss-Nougat-Creme,4061462066849,breakfasts,1.99,2026-04-08,2026-08-30,open-prices
ALDI,"Aldi Ofenbackfisch, knuspriger Backteig",4047247588195,seafood,1.89,2025-11-24,2026-08-30,open-prices
ALDI,Aldi Paprika rot,4061458240819,plant based foods and beverages,1.49,2025-11-13,2026-08-30,open-prices
ALDI,Aldi Pfirsiche,29062256,Lebensmittel,2.49,2024-06-21,2026-08-30,open-prices
ALDI,Aldi Pizza Vier Käse,4047247029414,frozen foods,3.59,2024-10-01,2026-08-30,open-prices
ALDI,Aldi Rispentomaten,4061462622939,plant based foods and beverages,3.49,2026-04-18,2026-08-30,open-prices
ALDI,Aldi Romatomaten,29064366,plant based foods and beverages,1.99,2026-05-07,2026-08-30,open-prices
ALDI,Aldi Sandwich - Schinken & Gouda,4061459110333,sandwiches,1.99,2026-03-11,2026-08-30,open-prices
ALDI,Aldi Sandwich Pute & Ei,4061459110289,sandwiches,1.99,2026-03-11,2026-08-30,open-prices
ALDI,Aldi Sardinen in Sonnenblumenöl - Klassik,4061458020015,seafood,0.99,2024-06-17,2026-08-30,open-prices
ALDI,Aldi Sauerkraut mild aus Weißkohl,4061462918728,plant based foods and beverages,0.79,2024-06-17,2026-08-30,open-prices
ALDI,Aldi Schoko-Butterkeks Vollmilch,4061461504229,snacks,1.59,2025-08-18,2026-08-30,open-prices
ALDI,Aldi Schokoröllchen - Vollmilch,4061461490379,snacks,1.79,2026-05-22,2026-08-30,open-prices
ALDI,Aldi Schokoröllchen - Zartbitter,4061461490355,snacks,1.79,2026-05-22,2026-08-30,open-prices
ALDI,Aldi Schokowaffeln - Zartbitter,4061461504427,snacks,2.59,2026-05-22,2026-08-30,open-prices
ALDI,Aldi Schokowaffeln Vollmilch,4061461504434,snacks,2.59,2026-05-22,2026-08-30,open-prices
ALDI,Aldi Sensation Mandel,4068706441417,desserts,3.29,2025-08-18,2026-08-30,open-prices
ALDI,Aldi Shogun-Mix,4047247108225,snacks,1.69,2025-08-18,2026-08-30,open-prices
ALDI,Aldi Speisezwiebel,4061459988208,plant based foods and beverages,1.19,2026-04-18,2026-08-30,open-prices
ALDI,Aldi Sweet patato chips,4068262079468,plant based foods and beverages,1.49,2026-03-27,2026-08-30,open-prices
ALDI,Aldi Thai-Chilis,4047247108232,snacks,1.69,2025-08-18,2026-08-30,open-prices
ALDI,Aldi Tomaten gehackt,4061461968052,plant based foods and beverages,0.59,2026-04-18,2026-08-30,open-prices
ALDI,Aldi Tomatenmark 3-fach konzentriert,4061463307743,plant based foods and beverages,1.09,2024-06-04,2026-08-30,open-prices
ALDI,Aldi Tortelloni - Käse,4061458014847,plant based foods and beverages,1.89,2024-06-04,2026-08-30,open-prices
ALDI,Aldi Wasabi-Erdnüsse,4047247108249,plant based foods and beverages,1.69,2025-08-18,2026-08-30,open-prices
ALDI,Aldi Weisse zarte Schokolade,4047247273442,snacks,0.89,2026-05-07,2026-08-30,open-prices
ALDI,Aldi Wikinger-Waffeln,4047247165129,snacks,1.49,2026-05-07,2026-08-30,open-prices
ALDI,Aldi Zimt Chips,4061461370770,plant based foods and beverages,2.79,2026-03-11,2026-08-30,open-prices
ALDI,Aldi bio Gehackte Tomaten Kräuter,4061459112078,plant based foods and beverages,0.75,2025-11-24,2026-08-30,open-prices
ALDI,Aldi bio basmati Reis Vollkorn,4061459353716,plant based foods and beverages,2.35,2025-11-24,2026-08-30,open-prices
ALDI,All Seasons Cornichons,4068706903410,plant based foods and beverages,1.29,2026-05-07,2026-08-30,open-prices
ALDI,"All Seasons Kaiserkirschen, entsteint, leicht gezuckert",4068706812125,Lebensmittel,2.79,2026-03-27,2026-08-30,open-prices
ALDI,"All Seasons Sauerkirschen entsteint, leicht gezuckert",4068706817120,Lebensmittel,3.69,2026-05-07,2026-08-30,open-prices
ALDI,Almare Heringsfilet Eier/Senf,4061459282757,Lebensmittel,1.09,2026-04-18,2026-08-30,open-prices
ALDI,Almare Heringsfilet Tomate,4061458029162,seafood,1.39,2024-06-04,2026-08-30,open-prices
ALDI,Almare Seafood Matjes Blister,4047247423748,seafood,1.59,2024-06-04,2026-08-30,open-prices
ALDI,Almare Seafood Regenbogenforellenfilets über Eichenholzrauch heiß geräuchert,4061458016599,seafood,2.79,2024-06-21,2026-08-30,open-prices
ALDI,Almare Seafood lachs,4047247687317,seafood,2.09,2024-06-04,2026-08-30,open-prices
ALDI,Almare Thunfischfilets in eigenen Saft,4061462630682,seafood,1.29,2025-11-24,2026-08-30,open-prices
ALDI,Alnatura Spinat &quot;Rahm&quot;,4061462880087,plant based foods and beverages,0.69,2026-04-18,2026-08-30,open-prices
ALDI,Asia Green Garden Kokosnussmilch Klassik,4061458004121,beverages and beverages preparations,1.19,2025-11-13,2026-08-30,open-prices
ALDI,Asia Green Garden Krabbenchips - Chili,4061458104029,snacks,1.19,2026-05-22,2026-08-30,open-prices
ALDI,Asia Green Garden Krabbenchips - Classic,4061458104012,snacks,1.19,2026-05-22,2026-08-30,open-prices
ALDI,Asia Green Garden Mie Nudeln,4061462362415,plant based foods and beverages,0.89,2025-11-08,2026-08-30,open-prices
ALDI,BOM-BAR POM-BÄR Original,4000522105210,snacks,1.79,2025-08-18,2026-08-30,open-prices
ALDI,Back Family Marzipanrohmasse,4061458138628,snacks,1.2,2024-06-21,2026-08-30,open-prices
ALDI,"Bad Reichenhaller Alpen JodSalz, Fluorid, Folsäure",4001475105609,condiments,0.85,2026-05-22,2026-08-30,open-prices
ALDI,Bad Reichenhaller Alpensalz,4001475101601,condiments,0.75,2026-05-22,2026-08-30,open-prices
ALDI,Bad Reichenhaller Alpensalz Vorratspack,4001475101632,condiments,0.99,2026-05-07,2026-08-30,open-prices
ALDI,Bahlsen Pick Up! Choco & Milk,4017100381812,Lebensmittel,3.49,2026-05-07,2026-08-30,open-prices
ALDI,Bahlsen Pick Up! Original,4017100381317,snacks,3.49,2026-05-07,2026-08-30,open-prices
ALDI,Balconi Rollino Milch,4061461662424,snacks,1.49,2026-05-22,2026-08-30,open-prices
ALDI,Barilla Lasagne,8076809523738,plant based foods and beverages,1.69,2025-08-18,2026-08-30,open-prices
ALDI,Barilla Nudeln Farfalle 65,8076809580144,plant based foods and beverages,1.69,2025-08-18,2026-08-30,open-prices
ALDI,Barilla Pâtes linguine collezione 500g,8076809523509,plant based foods and beverages,1.69,2025-08-18,2026-08-30,open-prices
ALDI,Bellasan Natives Olivenöl Extra,4061462150685,plant based foods and beverages,8.99,2024-10-01,2026-08-30,open-prices
ALDI,Bellasan Reines Rapsöl,4061458024815,plant based foods and beverages,1.49,2025-11-13,2026-08-30,open-prices
ALDI,Bellasan Sonnenblumenöl,4061458024808,plant based foods and beverages,1.49,2024-06-04,2026-08-30,open-prices
ALDI,Bihophar Holunder in Honig,4055500012523,snacks,4.99,2026-05-07,2026-08-30,open-prices
ALDI,Bihophar Sanddorn in Blütenhonig,4055500012004,breakfasts,4.99,2026-05-07,2026-08-30,open-prices
ALDI,"Bio Zitronen, Primfiori",22160195,plant based foods and beverages,2.29,2024-10-01,2026-08-30,open-prices
ALDI,Bio+ Berglinsen,4068706417504,plant based foods and beverages,1.45,2026-04-18,2026-08-30,open-prices
ALDI,Bio+ Bio-Cashewbruch,4061461339661,plant based foods and beverages,2.19,2025-11-24,2026-08-30,open-prices
ALDI,Bio+ Bio-Feta,4061458005548,dairies,2.65,2025-11-13,2026-08-30,open-prices
ALDI,Bio+ Frische Bergbauern Heumilch,4061458064514,dairies,1.45,2025-11-08,2026-08-30,open-prices
ALDI,Bio-Gouda gerieben,4047247785815,dairies,1.59,2025-11-08,2026-08-30,open-prices
ALDI,Biscotto Belgische Butterwaffel Gebäck Vanillecremefüllung,4069365399330,snacks,1.49,2026-05-07,2026-08-30,open-prices
ALDI,Biscotto Haferflocken-Gebäck,4061461488215,snacks,3.99,2025-08-18,2026-08-30,open-prices
ALDI,Biscotto Mini Cookies Mischgebäck,4069365123591,snacks,1.49,2026-05-22,2026-08-30,open-prices
ALDI,Biscotto Schoko & Keks Sticks,4061461516895,snacks,1.49,2026-05-22,2026-08-30,open-prices
ALDI,Biscotto Schoko & Keks Sticks - Milchschokolade,4061461516888,snacks,1.49,2026-05-22,2026-08-30,open-prices
ALDI,Biscotto Schoko Butterkeks,4061461504236,snacks,1.59,2025-08-18,2026-08-30,open-prices
ALDI,Biscotto Vulkano Waffeln,4068263064357,snacks,1.49,2026-05-07,2026-08-30,open-prices
ALDI,Bresso - Kirschtomaten & Chili,4000400008602,dairies,2.39,2026-03-11,2026-08-30,open-prices
ALDI,Bresso Grüner Pfeffer,4000400008633,dairies,2.39,2026-03-11,2026-08-30,open-prices
ALDI,Bresso Kräuter der Provence,4000400008053,dairies,2.39,2026-03-11,2026-08-30,open-prices
ALDI,Bresso Leichtgenuss feine Kräuter,4045357099136,dairies,2.39,2026-03-11,2026-08-30,open-prices
ALDI,Brüggen Nut Flakes,4061464176454,plant based foods and beverages,2.79,2026-03-11,2026-08-30,open-prices
ALDI,Brüggen Schoko-Müsli,4061464833821,plant based foods and beverages,2.49,2026-03-11,2026-08-30,open-prices
ALDI,Buss Fertiggerichte Thai-Suppe,4061458009867,canned foods,1.29,2026-04-08,2026-08-30,open-prices
ALDI,CORNY Schokoladenriegel Schoko Banane,4011800523213,snacks,2.39,2026-04-08,2026-08-30,open-prices
ALDI,CUCINA Prosciutto Cotto,4061458015998,meats and their products,2.49,2024-10-01,2026-08-30,open-prices
ALDI,Captain Morgan Captain Morgen Dark Rum,5000281022482,beverages and beverages preparations,9.99,2026-05-07,2026-08-30,open-prices
ALDI,Carrefour BIO ALDI GUT BIO Huhn Klare Brühe mit Hühnerbrühe Bio-Brühe  Ergiebigkeit ca.7 Liter kontrolliert ökologische ,4061458005791,dried products,1.19,2024-06-17,2026-08-30,open-prices
ALDI,Choceur Aldi-Gipfel,4061462452772,snacks,1.49,2025-11-24,2026-08-30,open-prices
ALDI,Choceur Cocoa Frappe Drink Salted Caramel,4068706794100,Lebensmittel,1.79,2025-08-18,2026-08-30,open-prices
ALDI,Choceur Coconut Bits MINIS,4061458042871,Lebensmittel,3.49,2025-08-18,2026-08-30,open-prices
ALDI,Choceur Knusperriegel Vollmilch,4061458022156,snacks,2.29,2026-05-07,2026-08-30,open-prices
ALDI,Choceur Mandelbeisser Edel-Vollmilchschokolade,4047247191722,snacks,1.19,2026-05-07,2026-08-30,open-prices
ALDI,Choceur Mandelbeisser Weisse Schokolade,4047247191746,snacks,1.19,2026-05-07,2026-08-30,open-prices
ALDI,Choceur Mandelbeisser Zartbitterschokolade,4047247191739,snacks,1.19,2026-05-07,2026-08-30,open-prices
ALDI,Choceur Milchmäuse Milchshake Caramelgeschmack,4047247992640,beverages and beverages preparations,1.49,2026-05-07,2026-08-30,open-prices
ALDI,Choceur Mini-Tafeln - Edelrahm,4061458021784,snacks,2.59,2026-05-22,2026-08-30,open-prices
ALDI,Choceur Mini-Tafeln - Vollmilch-Nuss,4061458021807,snacks,2.59,2026-05-22,2026-08-30,open-prices
ALDI,Choceur Mini-Tafeln - Zartherb,4061458021760,imbiss,2.59,2026-05-22,2026-08-30,open-prices
ALDI,Choceur Nussbeisser,4047247102506,snacks,1.19,2026-05-07,2026-08-30,open-prices
ALDI,Choceur Riesen Schoko-Küsse,4061458021241,snacks,1.99,2024-06-04,2026-08-30,open-prices
ALDI,Choceur Vollmilchschokolade Alpenmilch,4061458042963,snacks,0.79,2026-05-07,2026-08-30,open-prices
ALDI,Choceur Weiße Nuß,4061458141857,snacks,1.79,2024-06-21,2026-08-30,open-prices
ALDI,Choceur crispy Bits,4061458043007,snacks,3.49,2025-08-18,2026-08-30,open-prices
ALDI,Conditorei Coppenrath & Wiese Unsere Goldstücke - Weizen-Brötchen,4008577006315,plant based foods and beverages,2.29,2024-06-21,2026-08-30,open-prices
ALDI,Corny Milch Classic,4011800562212,snacks,2.39,2026-04-08,2026-08-30,open-prices
ALDI,Corny müsliriegel,4011800524210,snacks,2.39,2026-04-08,2026-08-30,open-prices
ALDI,Cucina Gran Moravia,4047247714242,dairies,2.99,2025-11-08,2026-08-30,open-prices
ALDI,Cucina Grana Padano,4061462976469,dairies,5.29,2025-11-24,2026-08-30,open-prices
ALDI,Cucina Grissotti,4061461010911,plant based foods and beverages,1.29,2026-05-22,2026-08-30,open-prices
ALDI,Cucina Grissotti - Sesam,4061461010935,plant based foods and beverages,1.29,2026-05-22,2026-08-30,open-prices
ALDI,Cucina Grissotti - Sesam-Mohn-Leinsamen,4061461010928,plant based foods and beverages,1.29,2026-05-22,2026-08-30,open-prices
ALDI,Cucina Nobile ALDI CUCINA Italienischer Prosciutto Crudo 100g 2.29€ Packung 1kg 19.90€,4061458013130,meats and their products,2.29,2024-06-21,2026-08-30,open-prices
ALDI,Cucina Nobile Gorgonzola  DOP - Piccante,4061461577629,dairies,2.59,2024-06-04,2026-08-30,open-prices
ALDI,Cucina Nobile Nudeln Fusilli,4047247038218,plant based foods and beverages,0.79,2024-06-04,2026-08-30,open-prices
ALDI,"Cucina Nobile Parmesan Grana Padano, gerieben",4061461716943,dairies,2.59,2024-05-14,2026-08-30,open-prices
ALDI,Cucina Nobile Tortelloni - Spinat-Ricotta,4061458014878,meals,1.89,2024-04-02,2026-08-30,open-prices
ALDI,Cucina Spaghetti Nudeln,4061461393021,plant based foods and beverages,0.69,2025-11-24,2026-08-30,open-prices
ALDI,Cucina Tortelloni Ricotta & Spinaci,4061462558405,plant based foods and beverages,0.99,2026-05-22,2026-08-30,open-prices
ALDI,DE-VAU-GE Gesundkostwerk Cornflakes,4061459674101,plant based foods and beverages,1.59,2026-03-11,2026-08-30,open-prices
ALDI,DEPOL-FRUCHT Handelsgesellschaft Champ braun,4061458271325,plant based foods and beverages,2.39,2024-02-08,2026-08-30,open-prices
ALDI,Daylicious Sandwich - Thunfisch,4061459110265,thunfisch sandwich,1.99,2026-03-11,2026-08-30,open-prices
ALDI,De Beukelaer Prinzenrolle Schoko,4001518117316,snacks,2.49,2025-08-18,2026-08-30,open-prices
ALDI,Delikato Pommes sauce,2009010373713,Lebensmittel,1.39,2026-04-08,2026-08-30,open-prices
ALDI,Delikato Scharfer Senf,4061458028370,condiments,0.69,2024-06-17,2026-08-30,open-prices
ALDI,Dreistern Schmalzfleisch,4006276214116,Lebensmittel,2.49,2024-06-17,2026-08-30,open-prices
ALDI,Dreistern-Schmalzfleisch,4006276213119,Lebensmittel,2.49,2024-06-17,2026-08-30,open-prices
ALDI,Einfach Regional Bio Champions,4061458266932,Lebensmittel,1.79,2025-11-24,2026-08-30,open-prices
ALDI,FERRERO Hanuta,8000500272442,snacks,2.79,2026-05-22,2026-08-30,open-prices
ALDI,Farmer Macadamia geröstet & gesalzen,4061458056557,plant based foods and beverages,3.49,2026-05-07,2026-08-30,open-prices
ALDI,Farmer Naturals Simply Roasted - Nussmischung,4061462602399,plant based foods and beverages,3.79,2026-04-18,2026-08-30,open-prices
ALDI,Farmer Naturals Walnusskerne naturbelassen,4061461689087,plant based foods and beverages,3.59,2025-11-13,2026-08-30,open-prices
ALDI,"Farmer naturals Feinste Nuss-Variation, naturbelassen",4061462369551,plant based foods and beverages,2.99,2025-05-03,2026-08-30,open-prices
ALDI,Feine Nugat Spitzen,29063048,Lebensmittel,3.69,2024-10-01,2026-08-30,open-prices
ALDI,Ferrero Duplo Riegel 10er-Pack,4008400301020,snacks,3.29,2026-05-22,2026-08-30,open-prices
ALDI,Fit Original,4013162028856,Spülmittel,1.49,2024-06-17,2026-08-30,open-prices
ALDI,Flora Gewürze Knoblauch granuliert,4061458019019,plant based foods and beverages,0.79,2024-06-04,2026-08-30,open-prices
ALDI,Frankort & Koning Chicorée,29062584,chicorée,1.99,2024-02-08,2026-08-30,open-prices
ALDI,Frantastique Französische Sandgebäcke mit Fruchtfüllung Heidelbeere,4047247245814,snacks,2.29,2026-03-27,2026-08-30,open-prices
ALDI,Frantastique Mini Chinois,4068706611759,Lebensmittel,2.49,2026-03-11,2026-08-30,open-prices
ALDI,Franz Tress Bio Vollkorn Emmer Spirale,4061462993978,plant based foods and beverages,2.09,2025-11-08,2026-08-30,open-prices
ALDI,"Frische Bio-Vollmilch 3,8 % Fett",4061459193695,dairies,1.35,2026-04-18,2026-08-30,open-prices
ALDI,Funny frisch Chipsfrisch ungarisch,4003586101310,plant based foods and beverages,1.29,2025-08-18,2026-08-30,open-prices
ALDI,Glatte Petersilie,4061462089565,Lebensmittel,0.89,2025-11-13,2026-08-30,open-prices
ALDI,Golden Bridge Churros,2009010250557,plant based foods and beverages,2.49,2026-03-27,2026-08-30,open-prices
ALDI,Golden Bridge Früchte-Müsli,4061464833845,plant based foods and beverages,2.49,2026-03-11,2026-08-30,open-prices
ALDI,Golden Bridge Früchte-Müsli Vollkorn,4061464835580,plant based foods and beverages,2.59,2026-03-11,2026-08-30,open-prices
ALDI,Golden Bridge Haferflocken kernig,4061464912014,plant based foods and beverages,0.79,2024-06-17,2026-08-30,open-prices
ALDI,Golden Bridge Haferriegel Cranberry & Kürbiskern,4069365229316,snacks,1.29,2026-04-08,2026-08-30,open-prices
ALDI,Golden Bridge Honey Wheat gepuffter Weizen mit Honig,4061464177512,plant based foods and beverages,2.79,2026-03-11,2026-08-30,open-prices
ALDI,Golden Bridge Karamell Crisps,4061464177536,plant based foods and beverages,2.79,2026-03-11,2026-08-30,open-prices
ALDI,Golden Bridge Klassik Knusper Müsli,4061462758577,plant based foods and beverages,2.49,2026-03-11,2026-08-30,open-prices
ALDI,Golden Bridge Müsli-Riegel Schoko,4061462948664,snacks,1.49,2026-04-08,2026-08-30,open-prices
ALDI,Golden Bridge Müsliriegel Schoko mit Süßungsmitteln,4061462948695,snacks,1.49,2026-04-08,2026-08-30,open-prices
ALDI,"Golden Bridge Müsliriegel, Erdbeer-Joghurt",4061462948718,snacks,1.49,2026-04-08,2026-08-30,open-prices
ALDI,Golden Bridge Nougat Bits,4061462963261,plant based foods and beverages,2.79,2026-03-11,2026-08-30,open-prices
ALDI,Golden Bridge Obstriegel - Waldfrucht-Geschmack,4061459683110,snacks,1.59,2026-04-08,2026-08-30,open-prices
ALDI,Golden Bridge Premium Müsli,4061464835740,plant based foods and beverages,2.79,2026-05-22,2026-08-30,open-prices
ALDI,Golden Bridge Premium Müsli,4061464835658,plant based foods and beverages,2.79,2026-05-22,2026-08-30,open-prices
ALDI,Golden Bridge Premium Müsli,4061464835757,plant based foods and beverages,2.79,2026-05-22,2026-08-30,open-prices
ALDI,Golden Bridge Schoko Chips,4061464173538,plant based foods and beverages,2.79,2026-03-11,2026-08-30,open-prices
ALDI,Golden Bridge Schoko Keks Knusper Müsli,4061464837171,plant based foods and beverages,2.49,2026-03-11,2026-08-30,open-prices
ALDI,Golden Bridge Trauben-Nuss Müsli Vollkorn,4061464835504,plant based foods and beverages,2.59,2026-03-11,2026-08-30,open-prices
ALDI,Golden Bridge Zarte Haferflocken,4061464911895,plant based foods and beverages,0.79,2024-06-17,2026-08-30,open-prices
ALDI,Goldsteig Emmentaler in Scheiben,4061458046367,dairies,2.49,2026-03-11,2026-08-30,open-prices
ALDI,Goldähren American Sandwich - Weizen,4061458022033,plant based foods and beverages,1.09,2026-05-07,2026-08-30,open-prices
ALDI,Goldähren Vollkorn-Sandwich,4061458022040,plant based foods and beverages,1.09,2026-05-07,2026-08-30,open-prices
ALDI,Grandessa Blütenhonig,4061462287282,breakfasts,2.69,2026-04-08,2026-08-30,open-prices
ALDI,Grandessa Blütenhonig Mild,4061461137229,breakfasts,2.69,2026-04-08,2026-08-30,open-prices
ALDI,Grandessa Blütenhonig flüssig im Glas,4061462287084,breakfasts,2.69,2026-04-08,2026-08-30,open-prices
ALDI,Grandessa Heidelbeere Konfitüre Extra,4061463312815,plant based foods and beverages,1.79,2026-05-07,2026-08-30,open-prices
ALDI,Grandessa Konfitüre Extra Himbeere,4061463312785,plant based foods and beverages,1.79,2026-05-07,2026-08-30,open-prices
ALDI,Grandessa Waldfrucht Konfitüre Extra,4068706634093,plant based foods and beverages,1.79,2026-05-07,2026-08-30,open-prices
ALDI,"Grandessa Waldhonig würzig, flüssig im Spender",4061461137236,breakfasts,2.69,2026-04-08,2026-08-30,open-prices
ALDI,Gut Bio Bio Rispentomaten,29061983,plant based foods and beverages,2.15,2024-04-15,2026-08-30,open-prices
ALDI,Gut Bio Bio-Zitronen,2009010292526,plant based foods and beverages,1.49,2024-06-21,2026-08-30,open-prices
ALDI,Gut Bio Früchtchen - Apfel-Banane Fruchtmus,4047247042383,plant based foods and beverages,1.99,2025-08-18,2026-08-30,open-prices
ALDI,Gut Bio Früchtchen Apfel-Erdbeer Fruchtmus,4047247042390,plant based foods and beverages,1.99,2025-08-18,2026-08-30,open-prices
ALDI,"Gut Bio Griechische Bio-Oliven, grün",4061459188745,plant based foods and beverages,1.79,2025-11-08,2026-08-30,open-prices
ALDI,Gut Bio Klare Bio-Brühe mit Rindfleisch,4061458005807,dried products,1.19,2024-06-17,2026-08-30,open-prices
ALDI,Gut Bio Walnusskerne,4047247192774,plant based foods and beverages,2.99,2024-05-14,2026-08-30,open-prices
ALDI,Gut Bio Zucchini,4061458241397,plant based foods and beverages,1.49,2026-04-18,2026-08-30,open-prices
ALDI,"Gut Drei Eichen Landleberwurst grob, gräuchert",4061458015394,meats and their products,1.69,2024-10-01,2026-08-30,open-prices
ALDI,GutBio (Aldi) Braune Champions,29011032,Lebensmittel,2.19,2024-05-14,2026-08-30,open-prices
ALDI,GutBio Hähnchenbrustfilet,4061458014519,meats and their products,1.59,2026-05-07,2026-08-30,open-prices
ALDI,Güldenhof Hähnchenbruststreifen,4047247061223,meats and their products,2.39,2026-05-07,2026-08-30,open-prices
ALDI,Güldenhof Mini-Hähnchenbrust-Filetstücke - Klassik,4061461786533,meats and their products,1.99,2026-05-07,2026-08-30,open-prices
ALDI,Güldenhof Putenbrustfilet,4061458014540,meats and their products,1.59,2026-05-07,2026-08-30,open-prices
ALDI,Güldenhof Putenbrustfilet,4061458014557,meats and their products,1.59,2026-05-07,2026-08-30,open-prices
ALDI,Güldenhof Putenbruststreifen,4047247061230,meats and their products,2.39,2026-05-07,2026-08-30,open-prices
ALDI,Hauschildts Obsthof Äpfel rot,29061211,plant based foods and beverages,2.99,2024-02-08,2026-08-30,open-prices
ALDI,Heinz Beanz,5000157076083,plant based foods and beverages,3.99,2026-03-11,2026-08-30,open-prices
ALDI,Heinz Ketchup,87157246,plant based foods and beverages,1.79,2026-04-08,2026-08-30,open-prices
ALDI,Hi Spice! Aglio e Olio,4047247731232,plant based foods and beverages,1.59,2026-03-07,2026-08-30,open-prices
ALDI,Hofburger Emmentaler,4061461972943,dairies,2.59,2024-04-15,2026-08-30,open-prices
ALDI,Hofburger Maasdamer mild-nussig,4061458047029,dairies,2.39,2026-03-11,2026-08-30,open-prices
ALDI,Honigland Blütenhonig cremig,4061462287350,breakfasts,2.69,2026-04-08,2026-08-30,open-prices
ALDI,Kilbeggan,5099357003609,beverages and beverages preparations,10.99,2026-05-22,2026-08-30,open-prices
ALDI,Kinder Maxi,4008400221021,snacks,3.29,2026-05-22,2026-08-30,open-prices
ALDI,King's Crown Brechbohnen,4047247086776,plant based foods and beverages,1.19,2025-08-18,2026-08-30,open-prices
ALDI,King's Crown Gemüse: Bohnen - Prinzessbohnen,4047247137355,plant based foods and beverages,1.19,2024-06-17,2026-08-30,open-prices
ALDI,King's Crown Gemüsemais,4061458013185,plant based foods and beverages,0.99,2025-11-24,2026-08-30,open-prices
ALDI,"King's Crown Geschwärzte Oliven, entsteint",4061458006897,plant based foods and beverages,1.29,2025-08-18,2026-08-30,open-prices
ALDI,King's Crown Kichererbsen,4061461277956,plant based foods and beverages,0.59,2026-04-18,2026-08-30,open-prices
ALDI,King's Crown Kidneybohnen,4061461221317,plant based foods and beverages,0.69,2026-04-18,2026-08-30,open-prices
ALDI,King's Crown Weiße Riesenbohnen in Tomatensauce,4061462691331,plant based foods and beverages,0.99,2026-04-18,2026-08-30,open-prices
ALDI,Kings - Aldi Champignons,4061463581358,plant based foods and beverages,1.09,2025-08-18,2026-08-30,open-prices
ALDI,Kingscrown Champions,4061459998436,Lebensmittel,0.99,2025-08-18,2026-08-30,open-prices
ALDI,King‘s Crown Champignons,4061462226229,plant based foods and beverages,0.99,2025-08-18,2026-08-30,open-prices
ALDI,King’s Crown Ceci,4061458149693,plant based foods and beverages,0.59,2024-06-17,2026-08-30,open-prices
ALDI,Knoppers Erdnuss 8er-Pack,4014400932362,snacks,1.69,2025-08-18,2026-08-30,open-prices
ALDI,Knoppers Waffel Black & White 8er-Packung,4014400933857,snacks,1.69,2025-08-18,2026-08-30,open-prices
ALDI,Kokett Toilettenpapier 3 Lagen soft & saugstark,2009010241180,dreilagiges toilettenpapier,3.59,2024-06-04,2026-08-30,open-prices
ALDI,Krombacher‘s Fassbrause,4008287957723,beverages and beverages preparations,0.79,2026-05-22,2026-08-30,open-prices
ALDI,Landfreude Mini-Kartoffelknödel halb & halb,4061458032254,meals,1.69,2025-11-24,2026-08-30,open-prices
ALDI,Le Gusto Curry Gewürz Ketchup delikat,4068706988127,plant based foods and beverages,1.99,2026-04-08,2026-08-30,open-prices
ALDI,Le Gusto Curry Gewürz Ketchup scharf,4068706988134,plant based foods and beverages,1.99,2026-04-08,2026-08-30,open-prices
ALDI,Le Gusto Hi Spice Kräuterquak Gewürz,4047247731249,plant based foods and beverages,1.59,2026-03-07,2026-08-30,open-prices
ALDI,Le Gusto Tomato ketchup,4068706960468,plant based foods and beverages,1.29,2026-04-08,2026-08-30,open-prices
ALDI,Lyttos Griechische Oliven mit Mandeln,4061462622953,plant based foods and beverages,1.99,2025-08-18,2026-08-30,open-prices
ALDI,Lyttos Hirtenkäse,4061458163903,dairies,1.49,2026-04-18,2026-08-30,open-prices
ALDI,Lyttos Hirtenkäse in Würfeln mit Kräutern,4061458045872,dairies,2.69,2026-03-27,2026-08-30,open-prices
ALDI,Lyttos Hirtenkäse in Würfeln mit Oliven,4061458045889,dairies,2.69,2026-03-27,2026-08-30,open-prices
ALDI,MILSANI High Protein Cheese-Snack,4068706898174,dairies,1.19,2026-05-22,2026-08-30,open-prices
ALDI,Magnesium,4069365001288,dietary supplements,0.89,2026-04-18,2026-08-30,open-prices
ALDI,Magnum Glace Bâtonnet Amande 6x100ml,8711327608887,desserts,2.99,2025-08-18,2026-08-30,open-prices
ALDI,Maille Dijon Originale Senf,3036810201280,condiments,1.89,2026-03-27,2026-08-30,open-prices
ALDI,Marabou Mjölk Choklad,7622210255136,snacks,2.99,2026-05-07,2026-08-30,open-prices
ALDI,Marks & Spencer Chopped Italian Tomatoes with Onion & Garlic,29062287,Lebensmittel,2.19,2024-06-21,2026-08-30,open-prices
ALDI,Marks & Spencer Salade de poulet à l’italienne,29062997,meats and their products,2.59,2024-06-04,2026-08-30,open-prices
ALDI,Marks & Spencer Süßkirschen,29061631,plant based foods and beverages,2.0,2024-06-21,2026-08-30,open-prices
ALDI,Martini Bianco,7630040408981,beverages and beverages preparations,6.99,2026-05-22,2026-08-30,open-prices
ALDI,Martini Rosso,7630040408837,beverages and beverages preparations,6.99,2026-05-22,2026-08-30,open-prices
ALDI,Meine Kuchenwelt Französische Schokobrötchen,4061458018944,imbiss,1.99,2026-05-22,2026-08-30,open-prices
ALDI,Meine Kuchenwelt Milchbrötchen,4061458026642,snacks,1.89,2026-05-22,2026-08-30,open-prices
ALDI,Milsani Harzer Käse,4061458075534,dairies,1.79,2024-02-08,2026-08-30,open-prices
ALDI,Milsani O'Grady - Original Irische Butter,4061458216920,dairies,2.59,2024-06-21,2026-08-30,open-prices
ALDI,Milsani Schlagsahne 30 % Fett,4061458032834,dairies,0.99,2024-02-08,2026-08-30,open-prices
ALDI,Moser Roth Bourbon Vanille,4061458021609,snacks,1.49,2024-10-01,2026-08-30,open-prices
ALDI,Moser Roth Edelbitter-Schokolade 70% Cacao,4061458021593,snacks,1.29,2024-02-08,2026-08-30,open-prices
ALDI,Moser Roth Edelbitter-Schokolade 85 % Cacao,4061458021630,snacks,1.49,2024-05-14,2026-08-30,open-prices
ALDI,Moseroth Trink Kakao Typ Fein,4068706697463,beverages and beverages preparations,2.99,2026-05-07,2026-08-30,open-prices
ALDI,Mucci Eiskalte Kiste,4061458030007,snacks,1.99,2025-08-18,2026-08-30,open-prices
ALDI,"Mühlhäuser Thüringer Pflaumenmus, stückig, mit Fruchtstücken",4026701003337,plant based foods and beverages,2.49,2026-05-07,2026-08-30,open-prices
ALDI,NATUR Lieblinge Brokkoli,4061458248129,plant based foods and beverages,1.79,2026-04-18,2026-08-30,open-prices
ALDI,Natur Lieblinge Champions,4061458271356,plant based foods and beverages,1.35,2026-04-18,2026-08-30,open-prices
ALDI,Nestlé YES Caramel,8445290464712,snacks,1.69,2026-03-27,2026-08-30,open-prices
ALDI,Nestlé Yes Cacao,8445290464095,snacks,1.69,2026-03-27,2026-08-30,open-prices
ALDI,Nestlé Yes Coconut Kiss,8445291451599,Süßigkeit,1.69,2026-03-27,2026-08-30,open-prices
ALDI,Nudossi ohne Palmöl,4018087009331,breakfasts,3.49,2026-04-08,2026-08-30,open-prices
ALDI,Nur Natur Bio-Haferflocken Kontrolliert,4061463845337,plant based foods and beverages,0.85,2025-11-24,2026-08-30,open-prices
ALDI,Nur Nur Natur Bio Belugalinsen,4061459377118,plant based foods and beverages,1.49,2025-11-24,2026-08-30,open-prices
ALDI,Nur Nur Natur Bio-Roggenvollkornbrot,4061459425697,plant based foods and beverages,0.99,2025-11-08,2026-08-30,open-prices
ALDI,Nur Nur Natur Bio-Äpfel 4er-Pack,4061459012156,plant based foods and beverages,1.99,2025-11-24,2026-08-30,open-prices
ALDI,Nur Nur Natur BioBohnensalat,4061462347207,Lebensmittel,1.29,2026-04-18,2026-08-30,open-prices
ALDI,Nur nur natur Gemüse erbsen,4061462115936,plant based foods and beverages,1.49,2025-11-08,2026-08-30,open-prices
ALDI,Nusskati Duo Schoko Creme,4061459715521,breakfasts,2.99,2026-04-08,2026-08-30,open-prices
ALDI,"Obst-Riegel Cranberry-Sauerkirsch, Golden Bridge",4061459682892,snacks,1.59,2026-04-08,2026-08-30,open-prices
ALDI,Omnimax Land-Diele Truthahn-Fleisch,4047247563994,Lebensmittel,2.99,2024-06-17,2026-08-30,open-prices
ALDI,Otto Franck Import Mandarin-Orangen,4061458004107,plant based foods and beverages,0.89,2025-08-18,2026-08-30,open-prices
ALDI,"Otto Franck Import Pfirsiche halbe Frucht, leicht gezuckert",4061458004114,plant based foods and beverages,1.99,2025-08-18,2026-08-30,open-prices
ALDI,"PapriCo ALDI GEMÜSE Paprika rot  Klasse 1; Marokko, Spanien -28 % 1.39 0.99 ** 500-g-Packung kg = 1.98",29039111,plant based foods and beverages,2.59,2024-05-14,2026-08-30,open-prices
ALDI,Pays Gourmand Crêpe-Backmischung,4068706990908,Lebensmittel,1.29,2026-03-11,2026-08-30,open-prices
ALDI,Pringles Hot & Spicy,5053990127665,plant based foods and beverages,1.79,2026-04-08,2026-08-30,open-prices
ALDI,Pringles Original,5053990127726,snacks,1.79,2026-04-08,2026-08-30,open-prices
ALDI,Pringles Sour Cream,5053990127740,plant based foods and beverages,1.79,2026-04-08,2026-08-30,open-prices
ALDI,Pringles Sweet Paprika,5053990175123,plant based foods and beverages,1.79,2026-04-08,2026-08-30,open-prices
ALDI,Quellbrunn Mineralwasser medium,42142324,beverages and beverages preparations,0.29,2024-06-04,2026-08-30,open-prices
ALDI,ROI DE TREPLÉ Weichkäse mit Blauschimmel,4047247020541,dairies,2.69,2024-10-01,2026-08-30,open-prices
ALDI,Redstar Mini-Roma-Rispentomaten,29062966,plant based foods and beverages,1.29,2025-08-18,2026-08-30,open-prices
ALDI,Refresco Orangensaft Premium Direktsaft,4061458067669,beverages and beverages preparations,2.49,2024-10-01,2026-08-30,open-prices
ALDI,Rio d'Oro Apfel-Direktsaft Naturtrüb,4061458061117,beverages and beverages preparations,1.49,2024-10-01,2026-08-30,open-prices
ALDI,Roi de Trefle Fraîcho - Meersalz,4047247197823,dairies,0.99,2026-03-11,2026-08-30,open-prices
ALDI,Roi de Trefle Ziegen-Weichkäse 45 % Fett,4047247395687,dairies,1.99,2025-11-13,2026-08-30,open-prices
ALDI,Roi de Trèfle Fraîcho - Kräuter der Provence,4047247197830,dairies,0.99,2026-03-11,2026-08-30,open-prices
ALDI,Roi de Trèfle Original Französischer Weichkäse,4061458043281,dairies,1.79,2026-05-22,2026-08-30,open-prices
ALDI,SPREEWALDHOF Spreewälder Saure Gurken,4012712001981,plant based foods and beverages,2.49,2025-08-18,2026-08-30,open-prices
ALDI,Schmälzle Geflügel Wiener,4061458014441,meats and their products,2.99,2024-10-01,2026-08-30,open-prices
ALDI,Speisezeit Bihun-Suppe,4061458183147,canned foods,1.29,2026-04-08,2026-08-30,open-prices
ALDI,Storck Toffifee 15er,4014400400007,snacks,1.49,2025-08-18,2026-08-30,open-prices
ALDI,Storck Toffifee 30 szt250гр смотка,4014400905359,snacks,2.99,2025-08-18,2026-08-30,open-prices
ALDI,Sun Snacks Chips Paprika Style,4061461010355,snacks,1.09,2025-08-18,2026-08-30,open-prices
ALDI,Sun Snacks Erdnussflips Classic,4061458059015,snacks,0.99,2024-05-14,2026-08-30,open-prices
ALDI,Sun Snacks Mini-Brotchips - Mediterran,4061458212953,Brotchips,1.79,2026-03-07,2026-08-30,open-prices
ALDI,TUC Cheese,7622210641403,snacks,0.89,2026-03-27,2026-08-30,open-prices
ALDI,Tandil Tandi Color,4061459686043,Lebensmittel,4.89,2024-10-01,2026-08-30,open-prices
ALDI,Tasty Planet Chocolate Dates milk chocolate,4070757059336,Lebensmittel,2.99,2026-03-27,2026-08-30,open-prices
ALDI,Tesoros del Sur Almendrados,4068706965234,plant based foods and beverages,2.19,2026-03-27,2026-08-30,open-prices
ALDI,Trader Joe's Aprikosen Soft-Früchte entsteint & getrocknet,4047247172271,plant based foods and beverages,2.39,2024-04-02,2026-08-30,open-prices
ALDI,Trader Joe's Cashew-Cranberry-Mix,4047247624879,plant based foods and beverages,1.89,2024-10-01,2026-08-30,open-prices
ALDI,"Trader Joe's Cashewkerne, naturbelassen",4047247192743,plant based foods and beverages,2.39,2024-10-01,2026-08-30,open-prices
ALDI,"Trader Joe's Cashews, geröstet & pikant gewürzt",4047247192620,plant based foods and beverages,1.99,2026-05-07,2026-08-30,open-prices
ALDI,Trader Joe's Cranberries gesüßt und getrocknet,4068706493409,plant based foods and beverages,1.99,2026-05-07,2026-08-30,open-prices
ALDI,Trader Joe's Cranberry & Raisin Mix,4068706493386,Lebensmittel,1.99,2026-05-07,2026-08-30,open-prices
ALDI,"Trader Joe's Datteln, getrocknet, entsteint",4047247787628,plant based foods and beverages,1.99,2026-05-07,2026-08-30,open-prices
ALDI,Trader Joe's Erdnuss Creme Crunchy,4068706749025,plant based foods and beverages,1.75,2026-04-08,2026-08-30,open-prices
ALDI,Trader Joe's Erdnuss Creme creamy,4068706749018,plant based foods and beverages,1.75,2026-04-08,2026-08-30,open-prices
ALDI,Trader Joe's Erdnüsse geröstet & gesalzen,4047247192583,plant based foods and beverages,0.99,2026-04-08,2026-08-30,open-prices
ALDI,Trader Joe's Erdnüsse geröstet und gesalzen,4047247999694,plant based foods and beverages,0.99,2025-08-18,2026-08-30,open-prices
ALDI,Trader Joe's Erdnüsse mit Knusperhülle,4068706476747,plant based foods and beverages,1.39,2026-03-11,2026-08-30,open-prices
ALDI,"Trader Joe's Haselnusskerne geröstet, ungesalzen",4047247457521,plant based foods and beverages,3.69,2024-10-01,2026-08-30,open-prices
ALDI,Trader Joe's Haselnusskerne naturbelassen,4047247457514,plant based foods and beverages,2.99,2024-06-04,2026-08-30,open-prices
ALDI,Trader Joe's Kalifornische Pistazien XXL geröstet & gesalzen,2009010124698,Lebensmittel,5.29,2026-03-11,2026-08-30,open-prices
ALDI,"Trader Joe's Kalifornische Pistazien, geröstet & gesalzen",4047247192590,plant based foods and beverages,2.99,2024-06-04,2026-08-30,open-prices
ALDI,Trader Joe's Mini Cakes Choco,4068706976506,snacks,1.99,2026-05-22,2026-08-30,open-prices
ALDI,Trader Joe's Mini Cakes Milk,4068706976513,snacks,1.99,2026-05-22,2026-08-30,open-prices
ALDI,Trader Joe's Nuss-Frucht-Mix mit Schokoflakes,4047247171885,nuss frucht,2.39,2026-05-07,2026-08-30,open-prices
ALDI,Trader Joe's Nussvariationen,4047247192750,plant based foods and beverages,2.79,2024-06-17,2026-08-30,open-prices
ALDI,Trader Joe's Paranusskerne,4047247192767,plant based foods and beverages,2.59,2024-06-04,2026-08-30,open-prices
ALDI,Trader Joe's Pecan Nuts,4068706082078,plant based foods and beverages,3.49,2024-10-01,2026-08-30,open-prices
ALDI,Trader Joe's Pflaumen,4047247560269,Lebensmittel,4.69,2024-06-17,2026-08-30,open-prices
ALDI,Trader Joe's Pistazien,4047247261449,plant based foods and beverages,5.99,2024-10-01,2026-08-30,open-prices
ALDI,Trader Joe's Studentenfutter,4047247193498,plant based foods and beverages,4.79,2026-05-07,2026-08-30,open-prices
ALDI,Trader Joe's Walnusskerne naturbelassen,4047247192637,plant based foods and beverages,2.49,2024-10-01,2026-08-30,open-prices
ALDI,Trader Joe‘s Nuss Frucht Mix,4047247171830,plant based foods and beverages,2.39,2026-05-07,2026-08-30,open-prices
ALDI,"Traders Joe's Cashews, geröstet & gesalzen",4047247192613,plant based foods and beverages,1.99,2026-05-07,2026-08-30,open-prices
ALDI,Viba Nougat Classic,44000271,snacks,2.69,2024-05-14,2026-08-30,open-prices
ALDI,WONNEMEYER Big Burrito Chicken Kebab Style,4061462238024,sandwiches,2.99,2026-05-07,2026-08-30,open-prices
ALDI,Werder Premium Tomatenketchup,4400139000647,condiments,2.29,2026-04-08,2026-08-30,open-prices
ALDI,Werder Tomatenketchup gelb,4400139000067,plant based foods and beverages,2.29,2026-04-08,2026-08-30,open-prices
ALDI,Westminster Hagebuttentee,4047247835404,beverages and beverages preparations,1.19,2024-10-01,2026-08-30,open-prices
ALDI,Westmister Tea Grüner Tee China Chun Mee Klassik,4047247548878,plant based foods and beverages,2.59,2024-06-17,2026-08-30,open-prices
ALDI,Wonnemeyer Big Burrito - Chicken BBQ,4061461670610,sandwiches,2.99,2026-05-07,2026-08-30,open-prices
ALDI,Wonnemeyer Big Burrito - Chicken Curry,4061461670580,sandwiches,2.99,2026-05-07,2026-08-30,open-prices
ALDI,Wonnemeyer Weisskrautsalat mit Paprika,4061458178518,meals,2.29,2024-06-04,2026-08-30,open-prices
ALDI,Yeni Raki Geschenkpaket,8697530219112,beverages and beverages preparations,12.99,2026-05-07,2026-08-30,open-prices
ALDI,Zetti Knusperflocken weiß,4012362080800,snacks,1.79,2024-06-04,2026-08-30,open-prices
ALDI,Zetti Knusperflocken zartbitter,4012362080701,snacks,1.79,2024-06-04,2026-08-30,open-prices
ALDI,alio Geschirr-Reiniger-Tabs,4061463912398,Lebensmittel,3.95,2024-06-04,2026-08-30,open-prices
ALDI,cucina Tortelloni,4061462475207,meals,0.99,2026-05-22,2026-08-30,open-prices
ALDI,funny-frisch Chipsfrisch Peperoni,4003586100306,plant based foods and beverages,1.29,2025-08-18,2026-08-30,open-prices
ALDI,funny-frisch Pom-Bär Ketchup Style,4000522105227,plant based foods and beverages,1.79,2025-08-18,2026-08-30,open-prices
ALDI,le Gusto Pfeffer schwarz,4061458018951,plant based foods and beverages,0.79,2024-06-17,2026-08-30,open-prices
ALDI,nutwork Nuss Mix,4061463519207,Lebensmittel,2.79,2025-11-24,2026-08-30,open-prices
ALDI,opti Frischhaltefolie 75m,4047247722049,Lebensmittel,1.1,2024-10-01,2026-08-30,open-prices
ALDI,rio d'oro Mandarinensaft,4061458067652,beverages and beverages preparations,2.49,2024-10-01,2026-08-30,open-prices
ALDI,"von Aldi Bio-Rote Bete, geschält & gegart",4061459703757,plant based foods and beverages,1.29,2025-11-13,2026-08-30,open-prices
Bayern,Aldi Alm-Schnitzel,4047247031127,meats and their products,3.49,2026-06-08,2026-08-30,open-prices
Bayern,Aldi Bio-Hummus - Zitrone Ingwer Thymian,4061461558949,plant based foods and beverages,1.59,2026-06-01,2026-08-30,open-prices
Bayern,Aldi Bio-Tempeh - Curry,4061462246760,plant based foods and beverages,2.99,2026-06-01,2026-08-30,open-prices
Bayern,Aldi Brat- und Grilltaler - Paprika-Chili,4061458045995,dairies,1.99,2026-06-22,2026-08-30,open-prices
Bayern,Aldi Chipotle,4069365194386,condiments,1.19,2026-06-08,2026-08-30,open-prices
Bayern,Aldi Dessert mit Sahnehaube - Schoko,4061458024273,desserts,0.28,2026-06-08,2026-08-30,open-prices
Bayern,Aldi Dessert mit Sahnehaube - Vanillegeschmack,4061458024297,desserts,0.28,2026-06-08,2026-08-30,open-prices
Bayern,Aldi Gelateria Amarena,4070757045469,desserts,2.99,2026-07-25,2026-08-30,open-prices
Bayern,Aldi Gelateria Spaghettieis,4069365950685,desserts,2.99,2026-07-25,2026-08-30,open-prices
Bayern,Aldi Gelateria Walnuss,4070757045452,desserts,2.99,2026-07-25,2026-08-30,open-prices
Bayern,Aldi Küchenrollen,4061459826975,Küchenpapier,2.19,2026-06-29,2026-08-30,open-prices
Bayern,Aldi Lasagne Bolognese Premium,4061463778765,meals,2.99,2026-07-29,2026-08-30,open-prices
Bayern,Aldi Münchner Weißwurst,4061464579125,meats and their products,2.99,2026-08-13,2026-08-30,open-prices
Bayern,Aldi Parmesan-Mayo,4069365194379,condiments,1.19,2026-06-08,2026-08-30,open-prices
Bayern,Aldi Regionale Datteltomaten,4061462663284,plant based foods and beverages,0.89,2026-07-04,2026-08-30,open-prices
Bayern,Aldi Schoko trifft Sahne,4061458170987,dairies,1.19,2026-06-29,2026-08-30,open-prices
Bayern,Aldi Shrimps in Cocktailsauce,4061458026956,seafood,1.59,2026-07-06,2026-08-30,open-prices
Bayern,Aldi Sweet Valley Apfelmus aus der Region,4061462079535,plant based foods and beverages,0.89,2026-06-29,2026-08-30,open-prices
Bayern,Aldi Tomatenmark 3-fach konzentriert,4061463307743,plant based foods and beverages,0.75,2026-06-29,2026-08-30,open-prices
Bayern,Aldi Trüffel-Mayo vegan,4069365194362,condiments,1.19,2026-06-08,2026-08-30,open-prices
Bayern,Aldi Vanilla trifft Sahne,4061458170970,dairies,1.19,2026-06-29,2026-08-30,open-prices
Bayern,"Aldi Wirtshaus-Schnitzel XXL, 2 Stück",4061458176880,meats and their products,3.49,2026-06-08,2026-08-30,open-prices
Bayern,Almare Shrimps in Dillsauce,4061458026963,seafood,1.59,2026-07-06,2026-08-30,open-prices
Bayern,Almare Shrimps in Knoblauchsauce,4061458026918,seafood,1.59,2026-07-06,2026-08-30,open-prices
Bayern,Almare Stremellachs - Natur,4061458027533,seafood,2.29,2026-06-29,2026-08-30,open-prices
Bayern,Almare Stremellachs - Pfeffer,4061458027489,seafood,2.29,2026-06-29,2026-08-30,open-prices
Bayern,Ambiano Box-Ventilator,4069365585573,home garden,14.99,2026-06-03,2026-08-30,open-prices
Bayern,American Style Milchshake - Bananengeschmack,4316268633048,beverages and beverages preparations,0.75,2026-06-22,2026-08-30,open-prices
Bayern,American Style Milchshake - Erdbeere,4316268633024,beverages and beverages preparations,0.75,2026-06-22,2026-08-30,open-prices
Bayern,American Style Milchshake - Typ Schoko,4316268633055,beverages and beverages preparations,0.75,2026-06-22,2026-08-30,open-prices
Bayern,Andros Be Nuts - Erdnusscreme Kakao,3608580197386,breakfasts,2.59,2026-06-11,2026-08-30,open-prices
Bayern,Andros Erdnusscreme Creamy,3608580168799,breakfasts,2.59,2026-06-11,2026-08-30,open-prices
Bayern,"Anheuser-Busch Anheuer-Busch Bud 0,33 Dose",4100130021565,beverages and beverages preparations,0.69,2026-06-27,2026-08-30,open-prices
Bayern,Anheuser-Busch Bud 6er-Pack Mehrweg,4100130022074,beverages and beverages preparations,2.99,2026-06-29,2026-08-30,open-prices
Bayern,"Arla Finello - Pastakäse mit Cheddar, gerieben",5711953109720,dairies,1.29,2026-07-02,2026-08-30,open-prices
Bayern,BBQ Brat- und Grilltaler - Tomate-Basilikum,4061458046008,dairies,1.99,2026-06-22,2026-08-30,open-prices
Bayern,BBQ Brat- und Grilltaler mit Gouda,4061458045988,dairies,1.99,2026-06-22,2026-08-30,open-prices
Bayern,Back Family Natron,4061461567361,food additives,0.39,2026-06-01,2026-08-30,open-prices
Bayern,Baileys - Original Irish Cream,5011013100156,beverages and beverages preparations,9.99,2026-06-08,2026-08-30,open-prices
Bayern,Baileys White Chocolate Flavour with Raspberry Limited Edition,5011013942329,beverages and beverages preparations,9.99,2026-06-08,2026-08-30,open-prices
Bayern,Barissimo Type Cappuccino - Latte,4061462310416,beverages and beverages preparations,3.49,2026-06-29,2026-08-30,open-prices
Bayern,Barissimo Type Cappuccino - Weniger Süß,4061462309588,beverages and beverages preparations,3.49,2026-06-29,2026-08-30,open-prices
Bayern,Baze Berry Focus,4250616686150,beverages and beverages preparations,0.99,2026-07-04,2026-08-30,open-prices
Bayern,Baze Mango Focus,4250616686129,beverages and beverages preparations,0.99,2026-07-04,2026-08-30,open-prices
Bayern,Baze Mango Focus 6er-Pack,4250616686105,beverages and beverages preparations,5.94,2026-07-04,2026-08-30,open-prices
Bayern,Baze Orange Focus,4250616686099,beverages and beverages preparations,0.99,2026-07-04,2026-08-30,open-prices
Bayern,Beerenliebe Rote Johannisbeeren,4007601182858,plant based foods and beverages,1.99,2026-08-28,2026-08-30,open-prices
Bayern,Biscotto Feine Butterwaffeln,4061458159258,snacks,1.19,2026-06-01,2026-08-30,open-prices
Bayern,Biscotto Oaties - Haferkekse mit Haferflocken,4061463347527,snacks,0.69,2026-06-29,2026-08-30,open-prices
Bayern,Bonifaz Kohler Zarte Scheiben - Kräuter der Provence,4061458044417,dairies,1.99,2026-06-29,2026-08-30,open-prices
Bayern,Bonifaz Kohler Zarte Scheiben - cremig-fein,4061458044363,dairies,1.99,2026-06-29,2026-08-30,open-prices
Bayern,Bonifaz Kohler Zarte Scheiben - würzig-aromatisch,4061458044400,dairies,1.99,2026-06-29,2026-08-30,open-prices
Bayern,Bravo Salzstangen mit Meersalz,26586311,snacks,0.55,2026-06-08,2026-08-30,open-prices
Bayern,Choceur Knabber-Mix,4069365777046,snacks,2.49,2026-06-05,2026-08-30,open-prices
Bayern,Choceur Milchmäuse-Riegel Milchcreme 11er-Pack,4069365707753,snacks,1.79,2026-06-05,2026-08-30,open-prices
Bayern,Choceur Schnitte Brownie 8er-Pack,4070757092753,Lebensmittel,1.49,2026-06-05,2026-08-30,open-prices
Bayern,Choceur Schnitte Cookie & Cream 8er-Pack,4070757092760,Lebensmittel,1.49,2026-06-05,2026-08-30,open-prices
Bayern,Cucina Salsiccia - Classica,4061461471811,meats and their products,2.29,2026-06-29,2026-08-30,open-prices
Bayern,Cucina Salsiccia - Fenchel,4061462593130,meats and their products,2.29,2026-06-29,2026-08-30,open-prices
Bayern,Cucina Salsiccia - Picante,4061461471804,Bratwürste,2.29,2026-06-29,2026-08-30,open-prices
Bayern,De Beukelaer Prinzenrolle Schoko,4001518117316,snacks,1.69,2026-07-06,2026-08-30,open-prices
Bayern,Dilek Bulgur Weizengrütze Grob,4036577920836,plant based foods and beverages,1.29,2026-06-18,2026-08-30,open-prices
Bayern,Dilek Schwarze Oliven mit Stein,4036577904225,plant based foods and beverages,2.79,2026-06-18,2026-08-30,open-prices
Bayern,Dr Pepper Cherry,4000140702846,beverages and beverages preparations,0.79,2026-06-15,2026-08-30,open-prices
Bayern,Ehrmann Creamy Pudding Typ Matcha Latte,4002971197709,dairies,0.49,2026-06-15,2026-08-30,open-prices
Bayern,Ehrmann Milk Twist - Chocogeschmack,4002971378702,beverages and beverages preparations,1.0,2026-06-22,2026-08-30,open-prices
Bayern,"Farmer naturals Medjoul-Datteln mit Stein, getrocknet",4061461762964,plant based foods and beverages,9.99,2026-06-01,2026-08-30,open-prices
Bayern,Favora Küchentücher Recycling,4311596001149,Lebensmittel,2.49,2026-06-20,2026-08-30,open-prices
Bayern,"Frucht-Partner Kiwi grün, 4er-Pack",4007601178950,plant based foods and beverages,1.69,2026-06-20,2026-08-30,open-prices
Bayern,Genusswelt Coleslaw Krautsalat mit Karotten & Paprika,4316268677417,meals,1.49,2026-06-22,2026-08-30,open-prices
Bayern,Genusswelt Dip - Aoli-Knoblauch,42015079,condiments,1.29,2026-06-15,2026-08-30,open-prices
Bayern,Genusswelt Dip - Joghurt-Tahin,42015086,condiments,1.29,2026-06-15,2026-08-30,open-prices
Bayern,Genusswelt Honey Peppers XXL,4316268708890,antipasti,3.49,2026-06-15,2026-08-30,open-prices
Bayern,Genusswelt Hummus mit Topping - Paprika & Sweet Chili,42493549,plant based foods and beverages,1.03,2026-06-20,2026-08-30,open-prices
Bayern,Genusswelt Kartoffelsalat Steakhouse,4316268677400,meals,1.49,2026-06-22,2026-08-30,open-prices
Bayern,Genusswelt Milde Guacamole,42470939,plant based foods and beverages,1.29,2026-06-15,2026-08-30,open-prices
Bayern,Genusswelt Nudelsalat South Carolina Style,4316268677394,meals,1.49,2026-06-22,2026-08-30,open-prices
Bayern,Genusswelt Rote und Grüne Paprikaglocken XXL,4316268708883,plant based foods and beverages,2.79,2026-06-20,2026-08-30,open-prices
Bayern,Genusswelt Schupfnudeln XXL,4316268697347,plant based foods and beverages,1.99,2026-06-20,2026-08-30,open-prices
Bayern,"Gerolsteiner Medium 1,5 Liter",4001513007704,beverages and beverages preparations,0.75,2026-06-08,2026-08-30,open-prices
Bayern,Gerolsteiner Medium 6er-Pack,4001513102966,beverages and beverages preparations,4.5,2026-06-08,2026-08-30,open-prices
Bayern,Golden Toast Buttertoast,4009249019916,plant based foods and beverages,1.0,2026-06-22,2026-08-30,open-prices
Bayern,Golden Toast Vollkorntoast,4009249019923,plant based foods and beverages,1.0,2026-06-22,2026-08-30,open-prices
Bayern,Goldähren Dinkelkrüstchen,4061461384005,plant based foods and beverages,1.29,2026-06-01,2026-08-30,open-prices
Bayern,Goldähren Dönerbrot-Sandwich,4069365978443,Brote zum Aufbacken,1.39,2026-06-12,2026-08-30,open-prices
Bayern,Goldähren Kartoffelkrüstchen,4061461383992,plant based foods and beverages,1.29,2026-06-01,2026-08-30,open-prices
Bayern,Gourmet Finest Cuisine Manuka-Honig multifloral MGO 100+,4061461250768,breakfasts,9.99,2026-06-12,2026-08-30,open-prices
Bayern,Grandessa Blütenhonig mild,4061461136093,breakfasts,2.19,2026-06-01,2026-08-30,open-prices
Bayern,Grandessa Waldhonig würzig,4061461136109,breakfasts,2.19,2026-06-01,2026-08-30,open-prices
Bayern,Gustoland Pulled Pork,4047435651588,meats and their products,4.99,2026-06-15,2026-08-30,open-prices
Bayern,Gutes Land Emmentaler in Scheiben cremig-mild XXL,4316268741125,dairies,4.49,2026-06-25,2026-08-30,open-prices
Bayern,"Gutes Land Gauda Leicht, gerieben",4316268721318,dairies,1.79,2026-06-23,2026-08-30,open-prices
Bayern,"Gutes Land Gouda jung, in Scheiben",4316268688567,dairies,1.99,2026-06-20,2026-08-30,open-prices
Bayern,Gutes Land Hirtenkäse,4316268738637,dairies,1.0,2026-06-22,2026-08-30,open-prices
Bayern,Hanina Streuselkuchen Pudding,4061458047371,snacks,1.49,2026-07-06,2026-08-30,open-prices
Bayern,Himbeeren,5600896601524,plant based foods and beverages,1.49,2026-08-03,2026-08-30,open-prices
Bayern,Hofmaier Paprikalyoner XXL,4316268745833,meats and their products,0.79,2026-06-22,2026-08-30,open-prices
Bayern,Holy Energy - Cherry Cheetah,4260715295481,beverages and beverages preparations,2.79,2026-08-28,2026-08-30,open-prices
Bayern,JT Global Food Chicken Nuggets XXL,4260529571054,meats and their products,5.99,2026-06-15,2026-08-30,open-prices
Bayern,Jack's Farm Schnitzeltasche Griechische Art,4047247031141,frozen foods,3.49,2026-06-08,2026-08-30,open-prices
Bayern,Jever Fun Pilsener alkoholfrei,4053400205496,beverages and beverages preparations,0.79,2026-06-15,2026-08-30,open-prices
Bayern,Jägermeister Orange Shots-To-Go 4er-Pack,4067700037183,beverages and beverages preparations,3.99,2026-08-28,2026-08-30,open-prices
Bayern,"Karli Kugelblitz Früchtespaß - Banane, Erdbeere, Aprikose",4316268551755,dairies,1.79,2026-06-27,2026-08-30,open-prices
Bayern,Kathi Kuchen & Eis - Brownies & Cream,4013109014959,Backmischungen,1.99,2026-06-27,2026-08-30,open-prices
Bayern,Kathi Kuchen & Eis - Choco Loco,4013109014942,Backmischungen,1.99,2026-06-27,2026-08-30,open-prices
Bayern,Kathi Kuchen & Eis - Strawberry Swirl,4013109014966,Backmischungen,1.99,2026-06-27,2026-08-30,open-prices
Bayern,Kinder Bueno 6er-Pack,4008400322728,snacks,2.19,2026-07-11,2026-08-30,open-prices
Bayern,Kinder Bueno 8er-Pack,4008400321622,snacks,2.19,2026-07-11,2026-08-30,open-prices
Bayern,Kinder Tris 5er-Pack,8000500467893,snacks,2.99,2026-07-03,2026-08-30,open-prices
Bayern,Lacura Highprotein-Kollagen-Riegel - Himbeergeschmack,4069365261392,snacks,1.19,2026-06-29,2026-08-30,open-prices
Bayern,Lacura Highprotein-Kollagen-Riegel - Karamellgeschmack,4069365261804,snacks,1.19,2026-06-29,2026-08-30,open-prices
Bayern,Lacura Highprotein-Kollagen-Riegel - Kokosnussgeschmack,4069365261552,snacks,1.19,2026-06-29,2026-08-30,open-prices
Bayern,"Las Cuarenta Getrocknete Tomaten in Rapsöl, mariniert",4316268534154,plant based foods and beverages,1.79,2026-06-22,2026-08-30,open-prices
Bayern,Lay's Max - American BBQ Brisket flavour,4062139027583,plant based foods and beverages,1.19,2026-07-03,2026-08-30,open-prices
Bayern,Lieblings Feine Pilzmischung,42507123,plant based foods and beverages,1.59,2026-06-20,2026-08-30,open-prices
Bayern,"Lieblings Frühlingsmix - Apfel, Ananas, Kiwi, Traube & Limette",4316268743013,beverages and beverages preparations,2.39,2026-06-27,2026-08-30,open-prices
Bayern,Lieblings Mini-Rispentomaten,4316268641753,plant based foods and beverages,1.25,2026-08-28,2026-08-30,open-prices
Bayern,Lyttos Griechisches natives Olivenöl extra,4069365923573,plant based foods and beverages,17.98,2026-06-26,2026-08-30,open-prices
Bayern,Mangia Marc Rigatoni Nero,4262440211255,plant based foods and beverages,2.99,2026-08-28,2026-08-30,open-prices
Bayern,Markttag Aprikosen getrocknet & geschwefelt,4311532057223,plant based foods and beverages,1.4,2026-06-20,2026-08-30,open-prices
Bayern,Meggle Knoblauchbrot XXL,4034900032256,plant based foods and beverages,1.43,2026-06-20,2026-08-30,open-prices
Bayern,Meggle Mediterranes Brot Kräuterfüllung zum Fertigbacken XXL,4034900032089,plant based foods and beverages,1.79,2026-06-08,2026-08-30,open-prices
Bayern,Meine Kuchenwelt Belgische Mini-Waffeln Classic XXL,4069365380055,snacks,2.79,2026-07-11,2026-08-30,open-prices
Bayern,Meine Kuchenwelt Brioche-Sandwich geschnitten,4061463282507,snacks,1.59,2026-06-29,2026-08-30,open-prices
Bayern,Meine Kuchenwelt Milchmäuse Donuts mit Milchcreme-Füllung,4061462239045,snacks,1.39,2026-06-08,2026-08-30,open-prices
Bayern,Melitta Barista Crema Gold,4002720006818,beverages and beverages preparations,4.99,2026-06-12,2026-08-30,open-prices
Bayern,Mr. Tom Bio-Creme,4262507910442,plant based foods and beverages,4.49,2026-06-22,2026-08-30,open-prices
Bayern,Mucci Eissticks XXL - Vanille & Kakao,4069366063278,desserts,2.89,2026-08-01,2026-08-30,open-prices
Bayern,Mucci Less & Tasty Cup Collection - Blueberry Cheesecake & Stracciatella,4069366083825,desserts,2.99,2026-07-25,2026-08-30,open-prices
Bayern,Mövenpick Brownie,4101540717567,snacks,2.49,2026-06-29,2026-08-30,open-prices
Bayern,Mövenpick Cheesecake,4101540717574,snacks,2.49,2026-06-29,2026-08-30,open-prices
Bayern,Nissin Cup Noodles - Soba Protein Chili,5997523313739,plant based foods and beverages,1.29,2026-07-04,2026-08-30,open-prices
Bayern,Nissin Cup Noodles - Soba Protein Classic,5997523313715,plant based foods and beverages,1.29,2026-07-04,2026-08-30,open-prices
Bayern,Nissin Cup Noodles Soba Protein Yakitori Chicken 90 g,5997523313753,plant based foods and beverages,1.29,2026-07-04,2026-08-30,open-prices
Bayern,Nur Nur Natur Bio-Kulturheidelbeeren,4061462728952,Kulturheidelbeeren,1.39,2026-07-11,2026-08-30,open-prices
Bayern,Nur Nur Natur Hazelicious - Crunchy Bio-Kakaotopping,4061463303400,breakfasts,3.85,2026-06-01,2026-08-30,open-prices
Bayern,Nutella B-ready,8000500217078,snacks,2.99,2026-06-29,2026-08-30,open-prices
Bayern,ODW Lebensmittel Wildpreiselbeeren - Skandinavische Auslese,4061458004138,plant based foods and beverages,1.59,2026-06-01,2026-08-30,open-prices
Bayern,Pepsi Zero Zucker - Vanilla Creme Soda,4062139027279,beverages and beverages preparations,0.69,2026-06-11,2026-08-30,open-prices
Bayern,Pepsi Zero Zucker Strawberries N Cream-Geschmack,4062139027255,beverages and beverages preparations,0.69,2026-06-11,2026-08-30,open-prices
Bayern,Petex Kfz-Verbandtasche,4028985005038,Kfz Verbandtaschen,4.99,2026-06-18,2026-08-30,open-prices
Bayern,Popp Krautsalat griechische Art,4045800460216,meals,1.59,2026-06-20,2026-08-30,open-prices
Bayern,"Pride Edition Smoothie Love is Love - Apfel, Mango, Maracuja",4337256400923,beverages and beverages preparations,0.99,2026-06-08,2026-08-30,open-prices
Bayern,Priva Müllbeutel 60 Liter mit Zugband,4311536091155,home garden,1.45,2026-06-20,2026-08-30,open-prices
Bayern,Qdol - Lime,4262453621072,beverages and beverages preparations,2.0,2026-08-05,2026-08-30,open-prices
Bayern,Rama Cremefine schon geschlagen,8719200060777,dairies,1.79,2026-06-18,2026-08-30,open-prices
Bayern,"River Cola Zero Sugar 1,5 Liter",4061458252843,beverages and beverages preparations,0.39,2026-06-08,2026-08-30,open-prices
Bayern,Rügenwalder Spezialitäten Salino Boost,4005597916570,snacks,0.69,2026-06-29,2026-08-30,open-prices
Bayern,Sea Gold Eismeer-Garnelen,42260998,seafood,1.99,2026-06-22,2026-08-30,open-prices
Bayern,Signature Foods Kartoffelsalat Klassische Art Gurke & Zwiebel XXL,8710506083897,meals,2.69,2026-06-22,2026-08-30,open-prices
Bayern,St Michel Doonuts,3178530412697,snacks,1.79,2026-06-29,2026-08-30,open-prices
Bayern,Sweet Valley Apfel-Birnen-Mus aus der Region,4061459903447,Lebensmittel,0.89,2026-06-29,2026-08-30,open-prices
Bayern,Tany Pflaumen dunkel,8436032818825,plant based foods and beverages,2.49,2026-06-20,2026-08-30,open-prices
Bayern,Teekanne Fenchel-Tee,4009300002796,beverages and beverages preparations,2.29,2026-07-10,2026-08-30,open-prices
Bayern,Teekanne Waldbeere Früchtetee,4009300011750,beverages and beverages preparations,2.29,2026-07-10,2026-08-30,open-prices
Bayern,Underberg 13er-Pack,4034100000277,beverages and beverages preparations,7.99,2026-06-01,2026-08-30,open-prices
Bayern,VHM Fruittrade Birnen Sorte Conference,7446049353333,plant based foods and beverages,1.99,2026-06-27,2026-08-30,open-prices
Bayern,Vehappy Tomate-KäseFreiSalat,42489702,plant based foods and beverages,1.43,2026-06-20,2026-08-30,open-prices
Bayern,Vitasafe Wassermelonenstück,8717215028959,plant based foods and beverages,2.49,2026-07-11,2026-08-30,open-prices
Bayern,Wonnemeyer Mediterrane Creme - Aioli Pikant,4069365878897,condiments,1.39,2026-06-29,2026-08-30,open-prices
Bayern,Wonnemeyer Mediterrane Creme - Scharfer Grieche,4069365879108,Lebensmittel,1.39,2026-06-29,2026-08-30,open-prices
Bayern,Wonnemeyer Mediterrane Creme - Weißer Grieche,4069365879115,Lebensmittel,1.39,2026-06-29,2026-08-30,open-prices
Bayern,Wonnenmeyer Mediterrane Creme - Aioli Knoblauch,4069365878651,Lebensmittel,1.39,2026-06-29,2026-08-30,open-prices
Bayern,Zott Sahne-Pudding Vanilla,4014500520650,desserts,0.49,2026-08-28,2026-08-30,open-prices
Bayern,Zum Dorfkrug Erdbeer-Rhabarber-Grütze,4260054653959,desserts,1.29,2026-06-22,2026-08-30,open-prices
CAP-Markt,ALDI BRESSO Frischkäse-Spezialität Leichtgenuss feine Kräuter Aus der Kühlung 150g Becher 1.11€ 1kg 7.40€,4000400008732,dairies,0.72,2025-08-15,2026-08-30,open-prices
CAP-Markt,Ackergold Speisekartoffeln mehligkochend,4311527579747,plant based foods and beverages,4.49,2025-03-29,2026-08-30,open-prices
CAP-Markt,Alnatura Kichererbsen,4104420230224,plant based foods and beverages,1.29,2025-03-29,2026-08-30,open-prices
CAP-Markt,Alnatura Kurkuma gemahlen,4104420180499,plant based foods and beverages,2.69,2025-03-14,2026-08-30,open-prices
CAP-Markt,Alnatura Meersalz mit Jod,4104420031661,condiments,1.09,2026-03-05,2026-08-30,open-prices
CAP-Markt,Alnatura Rotkohl,4104420033986,plant based foods and beverages,1.99,2025-01-31,2026-08-30,open-prices
CAP-Markt,Andechser Natur - Joghurt mild Heidelbeere,4104060029059,dairies,0.81,2025-08-15,2026-08-30,open-prices
CAP-Markt,Apeel Hass Avocado,4311532591307,plant based foods and beverages,1.49,2025-03-07,2026-08-30,open-prices
CAP-Markt,Appel Sardinen,4020500977820,seafood,2.99,2025-03-29,2026-08-30,open-prices
CAP-Markt,Appel Sardinen Piri-Piri,4020500977912,seafood,2.99,2025-02-14,2026-08-30,open-prices
CAP-Markt,Baktat Haricots blancs géants,8690804412608,plant based foods and beverages,2.99,2025-03-07,2026-08-30,open-prices
CAP-Markt,Beef Edition Burger,4314187028341,meats and their products,2.4,2025-12-12,2026-08-30,open-prices
CAP-Markt,Bergader Bergbauern Käse milder Tilsiter,4006402102409,dairies,1.88,2026-04-15,2026-08-30,open-prices
CAP-Markt,Berida Portion vom Lachsfilet mit Haut,22386311,seafood,5.49,2025-03-09,2026-08-30,open-prices
CAP-Markt,Brunch,4045357011442,spreads,0.49,2025-08-26,2026-08-30,open-prices
CAP-Markt,Butaris Butterschmalz,4003514001002,dairies,3.33,2024-12-13,2026-08-30,open-prices
CAP-Markt,Camposol Kulturheidelbeeren,7751262001566,plant based foods and beverages,2.99,2025-09-26,2026-08-30,open-prices
CAP-Markt,Cremiger Karottensalat,4056838700656,plant based foods and beverages,1.37,2025-02-14,2026-08-30,open-prices
CAP-Markt,Dein Lieblingssalat Cremiger Karottensalat mit Salatmayonnaise,4056838700946,meals,0.69,2025-08-15,2026-08-30,open-prices
CAP-Markt,Dr. Oetker Creme fraiche Classic,4000521579005,dairies,0.42,2025-08-15,2026-08-30,open-prices
CAP-Markt,EDEKA Bio WEIDE-BUTTER aus Sauerrahm,4311501310892,dairies,1.05,2025-08-15,2026-08-30,open-prices
CAP-Markt,EDEKA Gut & Günstig miniTomaten,4311532580486,plant based foods and beverages,1.11,2024-12-13,2026-08-30,open-prices
CAP-Markt,EDEKA Roggen Mischbrot,4311501000069,plant based foods and beverages,0.5,2026-01-03,2026-08-30,open-prices
CAP-Markt,EDEKA Südwest Fleisch GmbH Cevapcici,4314187023339,meats and their products,2.25,2025-12-12,2026-08-30,open-prices
CAP-Markt,EDEKA Südwest Fleisch GmbH Fleischsalat mit Joghurt,4314011030090,meals,0.9,2025-08-26,2026-08-30,open-prices
CAP-Markt,EDEKA Südwest Fleisch GmbH Schweinefilet mit Kette,2276756006032,meats and their products,3.02,2025-02-28,2026-08-30,open-prices
CAP-Markt,Edeka Bio Frische Fettarme Milch,4311501040980,dairies,1.15,2025-05-30,2026-08-30,open-prices
CAP-Markt,Edeka Bio Möhren,4311527160655,plant based foods and beverages,1.35,2025-11-28,2026-08-30,open-prices
CAP-Markt,Edeka Bio Zitronen Bio,4311527032327,plant based foods and beverages,1.69,2026-03-05,2026-08-30,open-prices
CAP-Markt,Edeka Erdbeeren tiefgefrohren,4311501346020,plant based foods and beverages,2.49,2025-02-22,2026-08-30,open-prices
CAP-Markt,"Edeka Frische Vollmilch 3,5 % Fett",4311501151679,dairies,0.48,2026-01-04,2026-08-30,open-prices
CAP-Markt,"Edeka Herzstücke Sonnengruß nachhaltigere, konventionelle Clementinen",4311532609989,plant based foods and beverages,2.99,2025-11-28,2026-08-30,open-prices
CAP-Markt,"Edeka Herzstücke Sonnenkuss nachhaltigere, konventionelle Orangen",4311532174227,Lebensmittel,2.99,2025-11-28,2026-08-30,open-prices
CAP-Markt,Edeka Kartoffeln vorwiegend festkochend,4311532044261,plant based foods and beverages,2.89,2025-02-28,2026-08-30,open-prices
CAP-Markt,Edeka Knusperfilet im Backteig aus Alaska-Seelachsfilet,4311501745038,seafood,2.79,2025-02-22,2026-08-30,open-prices
CAP-Markt,Edeka Landgurke,8427603060200,plant based foods and beverages,1.29,2026-01-03,2026-08-30,open-prices
CAP-Markt,Edeka Leinsamen,4311501650196,plant based foods and beverages,0.55,2025-10-01,2026-08-30,open-prices
CAP-Markt,Edeka Mini Pflaumen Rispentomaten,4311532532089,plant based foods and beverages,3.99,2025-03-29,2026-08-30,open-prices
CAP-Markt,Edeka Obst frisch,4311532427859,plant based foods and beverages,1.69,2025-11-28,2026-08-30,open-prices
CAP-Markt,Edeka Parmigiano Reggiano g.U.,4311501714249,dairies,2.6,2025-03-07,2026-08-30,open-prices
CAP-Markt,Edeka Ricotta,4311501747605,dairies,0.54,2025-08-15,2026-08-30,open-prices
CAP-Markt,Edeka Sonnen-blumenöl,4311501312773,plant based foods and beverages,1.45,2025-02-28,2026-08-30,open-prices
CAP-Markt,Edeka Unsere Heimat Speisekartoffeln vorwiegend festkochend,4019066052119,plant based foods and beverages,2.22,2024-12-20,2026-08-30,open-prices
CAP-Markt,Edeka mehligkochende kartoffel,4019066042110,plant based foods and beverages,2.49,2025-02-14,2026-08-30,open-prices
CAP-Markt,Edeka natives Leinöl kaltgepresst,4311501480588,plant based foods and beverages,1.55,2024-12-13,2026-08-30,open-prices
CAP-Markt,Ehrmann High Protein Joghurt Kirsche-Aronia,4002971453102,dairies,1.04,2026-04-15,2026-08-30,open-prices
CAP-Markt,Fertiggerichte Schlemmerfilet Champignon,4250241204118,seafood,4.49,2025-03-07,2026-08-30,open-prices
CAP-Markt,G&G Delikatess Paprika Lyoner,4311501130681,meats and their products,0.83,2026-04-15,2026-08-30,open-prices
CAP-Markt,GUT & GÜNSTIG Münchner Weißwurst,4311596449699,meats and their products,1.99,2025-01-17,2026-08-30,open-prices
CAP-Markt,GUT & GÜNSTIG Roggen Brötchen,4311501735732,plant based foods and beverages,0.75,2025-01-15,2026-08-30,open-prices
CAP-Markt,Geflügelhof Ludwig 10 frische Eier aus Bodenhaltung,4036829006059,farming products,3.29,2025-02-28,2026-08-30,open-prices
CAP-Markt,Geflügelhof Ludwig GmbH 6 Frische Eier aus Freilandhaltung,4036829006103,farming products,1.87,2025-08-15,2026-08-30,open-prices
CAP-Markt,Gepa Orgánico Bohne,4013320019696,beverages and beverages preparations,6.49,2025-01-31,2026-08-30,open-prices
CAP-Markt,Gurke,8436588450067,Lebensmittel,1.79,2025-03-07,2026-08-30,open-prices
CAP-Markt,Gut & Günstig Blütenhonig Flüssig,4311596429769,breakfasts,2.99,2025-02-28,2026-08-30,open-prices
CAP-Markt,Gut & Günstig Crevetten,4311501694947,seafood,0.6,2025-08-15,2026-08-30,open-prices
CAP-Markt,Gut & Günstig Delikatess Bierwurst,4311501489543,meats and their products,0.7,2024-12-20,2026-08-30,open-prices
CAP-Markt,"Gut & Günstig Delikatess Heringssalat mit eingelegter roter Bete, Zwiebeln, Gurken und Äpfeln",4311501743966,seafood,0.45,2025-08-15,2026-08-30,open-prices
CAP-Markt,Gut & Günstig Eier,4311501688120,farming products,1.99,2025-04-25,2026-08-30,open-prices
CAP-Markt,Gut & Günstig Farmer Salat,4311596468225,meals,0.45,2025-08-15,2026-08-30,open-prices
CAP-Markt,Gut & Günstig Graved Lachs,4311501767283,seafood,5.49,2025-03-29,2026-08-30,open-prices
CAP-Markt,Gut & Günstig Heimische Äpfel,4311532180020,plant based foods and beverages,2.49,2024-12-04,2026-08-30,open-prices
CAP-Markt,Gut & Günstig Hähnchen Innenbrustfilet,9004850081944,meats and their products,2.49,2025-01-17,2026-08-30,open-prices
CAP-Markt,Gut & Günstig Hähnchen Minutenschnitzel,9004850081937,meats and their products,2.99,2025-01-17,2026-08-30,open-prices
CAP-Markt,Gut & Günstig Hähnchen-Schenkel mit Rückenstück,4314187000149,meats and their products,5.29,2025-08-15,2026-08-30,open-prices
CAP-Markt,"Gut & Günstig Kartoffelsalat mit Sahne, Ei und Gurke",4311596468331,meals,1.25,2025-08-26,2026-08-30,open-prices
CAP-Markt,Gut & Günstig Kulturchampignons weiss Kl.1 400g Schale 1.39€ 1kg 3.48€,4311527560011,plant based foods and beverages,1.49,2025-11-28,2026-08-30,open-prices
CAP-Markt,Gut & Günstig Leberwurst,4311596471928,meats and their products,0.79,2025-01-17,2026-08-30,open-prices
CAP-Markt,Gut & Günstig Marzipan Kartoffeln,4311501638125,snacks,0.8,2026-01-03,2026-08-30,open-prices
CAP-Markt,Gut & Günstig Olivenöl Extra Natives,4311596421626,plant based foods and beverages,5.99,2025-11-28,2026-08-30,open-prices
CAP-Markt,Gut & Günstig Orange direkt gepresst,4311501735312,beverages and beverages preparations,2.99,2025-03-29,2026-08-30,open-prices
CAP-Markt,Gut & Günstig PAPRIKA ROT,4311532243695,plant based foods and beverages,1.59,2024-12-04,2026-08-30,open-prices
CAP-Markt,Gut & Günstig frische fettarme Milch,4311501062968,dairies,0.99,2025-08-15,2026-08-30,open-prices
CAP-Markt,Gut&Günstig Frische Fettarme Milch,4311501151709,dairies,0.85,2026-03-05,2026-08-30,open-prices
CAP-Markt,Gut&Günstig Sockey Wildlachs,4311501048931,seafood,3.59,2025-04-25,2026-08-30,open-prices
CAP-Markt,HOMANN Nudelsalat,8710506084221,meals,0.78,2025-08-15,2026-08-30,open-prices
CAP-Markt,Hardegger Le Gruyère Switzerland,7640103580493,dairies,2.65,2025-08-26,2026-08-30,open-prices
CAP-Markt,Herr Kächele Steinpilz Maultaschen,4260473060086,plant based foods and beverages,7.99,2025-01-31,2026-08-30,open-prices
CAP-Markt,Hofglück Handgemachte Maultaschen,4050836044514,meals,1.5,2025-09-26,2026-08-30,open-prices
CAP-Markt,Homann Heringsfilets Dill Sahne,4021900008978,seafood,0.99,2025-01-17,2026-08-30,open-prices
CAP-Markt,Hähnchen Keule,9004850083177,Lebensmittel,4.99,2024-09-26,2026-08-30,open-prices
CAP-Markt,KAFFEEWERK ZOLLERNALB Untertürkheimer Kaffeebohne,4260199272220,beverages and beverages preparations,19.98,2026-01-03,2026-08-30,open-prices
CAP-Markt,Krone Forellen-Filets geräuchert,4064872000670,seafood,0.9,2025-08-15,2026-08-30,open-prices
CAP-Markt,Krone Forellenfilets geräuchert,4006451004709,seafood,0.9,2025-08-15,2026-08-30,open-prices
CAP-Markt,Käse Fol Epi classic,3090291386041,dairies,0.84,2025-08-15,2026-08-30,open-prices
CAP-Markt,Kühlmann Nouilles thaïlandaises,4002268091833,plant based foods and beverages,2.09,2026-04-15,2026-08-30,open-prices
CAP-Markt,LORIS Parfüm leather,8681933115911,parfum,25.0,2025-02-05,2026-08-30,open-prices
CAP-Markt,Landliebe Butter,4067517000349,dairies,3.79,2025-03-07,2026-08-30,open-prices
CAP-Markt,Landliebe Erdbeerjoghurt 4067517001650,4067517001650,dairies,1.2,2025-08-26,2026-08-30,open-prices
CAP-Markt,"Landliebe Joghurt Aprikose, Joghurt mit 13,5 % Aprikosenzubereitung, 3,8 % Fett im Milchanteil",4067517001643,dairies,1.67,2026-03-05,2026-08-30,open-prices
CAP-Markt,Landliebe Joghurt Himbeere,4067517001599,dairies,0.79,2026-04-15,2026-08-30,open-prices
CAP-Markt,Landliebe Landkäse Landkäse zart-würzig Maasdamer,4043600615683,dairies,1.49,2024-12-13,2026-08-30,open-prices
CAP-Markt,Landliebe Landkäse Sahnig-Mild Butterkäse,4043600615669,dairies,1.49,2024-12-13,2026-08-30,open-prices
CAP-Markt,Le Rustique Raclette L'originale 400 g Pro Packung,3176580107617,dairies,2.99,2025-01-31,2026-08-30,open-prices
CAP-Markt,"MINI RISPENTOMATEN GESCHMACKSINTENSIV, MILD-SÜSS",4311532139844,plant based foods and beverages,2.99,2025-02-14,2026-08-30,open-prices
CAP-Markt,Meggle Feine Butter,40349558,dairies,1.08,2025-08-15,2026-08-30,open-prices
CAP-Markt,Melitta Melita Filtertüten,4006508206810,beverages and beverages preparations,2.19,2022-06-04,2026-08-30,open-prices
CAP-Markt,Milram 3-Zwiebel-Quark,40466101,dairies,1.04,2026-03-05,2026-08-30,open-prices
CAP-Markt,MinusL Butter,4062800002604,dairies,1.1,2025-03-07,2026-08-30,open-prices
CAP-Markt,President Carré Gourmet,3155250346327,dairies,1.75,2025-08-26,2026-08-30,open-prices
CAP-Markt,San Lucar Zitrone,8430631177123,plant based foods and beverages,1.29,2025-03-30,2026-08-30,open-prices
CAP-Markt,Saupiquet RIO mare Thunfisch-Salat  Western,3165950580860,seafood,2.99,2025-03-29,2026-08-30,open-prices
CAP-Markt,Saupiquet Thunfisch-Salat Italiana,4260057140654,meals,2.99,2025-03-29,2026-08-30,open-prices
CAP-Markt,Saupiquet Thunfisch-Salat Kichererbsen,4260057141729,seafood,2.99,2025-03-29,2026-08-30,open-prices
CAP-Markt,Schwarzwaldmilch Schwarzwald BIO Frische Vollmilch,4046700500989,dairies,1.95,2025-02-22,2026-08-30,open-prices
CAP-Markt,Setzer Landmetzgerei Krakauer,2330714003829,meats and their products,2.99,2025-10-01,2026-08-30,open-prices
CAP-Markt,Setzer Landmetzgerei Weißwurst &quot;Münchner Art&quot;,2331171003063,meats and their products,2.0,2025-09-26,2026-08-30,open-prices
CAP-Markt,Strähl Raclette-Trio,7610617606996,dairies,6.5,2026-03-05,2026-08-30,open-prices
CAP-Markt,Suntat Kichererbsen in Tomatensauce,8690804412509,plant based foods and beverages,2.79,2025-03-29,2026-08-30,open-prices
CAP-Markt,Teekanne Bio Kamille,4009300014973,beverages and beverages preparations,2.39,2025-03-14,2026-08-30,open-prices
CAP-Markt,Unsere Heimat Eisbergsalat,4032218150174,plant based foods and beverages,1.0,2024-09-25,2026-08-30,open-prices
CAP-Markt,Unsere Heimat Mini Romana,4016414997429,plant based foods and beverages,1.49,2025-08-15,2026-08-30,open-prices
CAP-Markt,Unsere Heimat Speisequark Magerstufe,4313920016232,dairies,0.9,2025-08-26,2026-08-30,open-prices
CAP-Markt,WARTH pinot blanc Trocken,0750022403784,beverages and beverages preparations,7.9,2025-11-28,2026-08-30,open-prices
CAP-Markt,Weihenstephan Butter,4008452010222,dairies,1.69,2024-07-13,2026-08-30,open-prices
CAP-Markt,Zewa Smart Toilettenpapier,7322541147741,klopapier,4.49,2025-02-28,2026-08-30,open-prices
CAP-Markt,Zitrone,4250476305826,plant based foods and beverages,1.11,2025-03-07,2026-08-30,open-prices
CAP-Markt,Zott Bayerntaler - Das Original,4014500505466,dairies,1.44,2025-08-15,2026-08-30,open-prices
CAP-Markt,gut&günstig Bratheringsfilet,4311501023624,seafood,2.09,2025-05-30,2026-08-30,open-prices
E-Center,2 Filegro - Rosmarin-Zitrone,4250241200714,seafood,2.77,2024-02-29,2026-08-30,open-prices
E-Center,7 Days Double Croissant Kakao & Vanille,7622202010231,snacks,1.59,2025-04-11,2026-08-30,open-prices
E-Center,7 Days Double Vanilla Flavour & Sour Cherry Flavoured Filling croissant,7622202009969,Lebensmittel,1.59,2025-04-11,2026-08-30,open-prices
E-Center,7 Days Mini Croissants Cocoa Vanilla,7622202214769,Lebensmittel,1.59,2025-04-11,2026-08-30,open-prices
E-Center,Abtei Magnesium,4250752204867,dietary supplements,2.65,2023-12-16,2026-08-30,open-prices
E-Center,Acecook Phở Wok,8934563282158,plant based foods and beverages,2.49,2025-02-12,2026-08-30,open-prices
E-Center,Alnatura GmbH Grüner Tee Gunpowder lose,4104420038363,beverages and beverages preparations,2.79,2024-01-03,2026-08-30,open-prices
E-Center,Alnatura Quinoa,4104420215313,plant based foods and beverages,3.99,2025-08-09,2026-08-30,open-prices
E-Center,Alnatura Sesam ungeschält,4104420016903,plant based foods and beverages,3.49,2024-02-29,2026-08-30,open-prices
E-Center,Ambrosi Parmigiano Reggiano DOP,8033976252632,dairies,1.5,2024-04-20,2026-08-30,open-prices
E-Center,Ambrosi Scamorza affumicata,8002503400488,dairies,4.99,2024-03-14,2026-08-30,open-prices
E-Center,Bad Pyrmonter Geschmack +Lemon,4001653002249,beverages and beverages preparations,0.69,2025-04-10,2026-08-30,open-prices
E-Center,Bahlsen Choco Leibniz,4017100287022,snacks,2.99,2025-05-16,2026-08-30,open-prices
E-Center,Bahlsen Ohne Gleichen Edelherb,4017100264900,snacks,3.59,2025-04-09,2026-08-30,open-prices
E-Center,Bahlsen Ohne Gleichen Vollmilch,4017100211003,snacks,3.59,2025-04-09,2026-08-30,open-prices
E-Center,Bahlsen Waffeletten Edelherb,4017100218712,snacks,3.59,2025-04-09,2026-08-30,open-prices
E-Center,Bahlsen Waffeletten Vollmilchschokolade,4017100219900,snacks,3.59,2025-04-09,2026-08-30,open-prices
E-Center,Barilla Toscana Kräuter,8076809523561,plant based foods and beverages,2.55,2024-03-30,2026-08-30,open-prices
E-Center,Bauern Gut Mettwurst nach Friesoyther Art,4008533204441,meats and their products,1.19,2025-04-29,2026-08-30,open-prices
E-Center,Bauern Gut Salami geräuchert,4008533211937,meats and their products,1.29,2025-04-29,2026-08-30,open-prices
E-Center,Bernard Matthews Oldenburg Hähnchen-Kasseler,4002993094758,hähnchen,3.0,2024-04-22,2026-08-30,open-prices
E-Center,Brauerei Loscher Club-Mate Cola,4029764001883,beverages and beverages preparations,0.89,2025-04-10,2026-08-30,open-prices
E-Center,Bree Chardonnay Weisswein,4003301038143,beverages and beverages preparations,2.99,2024-02-29,2026-08-30,open-prices
E-Center,Buitoni Nudeln Cellentani,8000270013115,plant based foods and beverages,0.89,2024-01-15,2026-08-30,open-prices
E-Center,Bürger Vegetarische Maultaschen,4075600058979,plant based foods and beverages,2.0,2024-04-16,2026-08-30,open-prices
E-Center,Chaumes,3090291435077,Kaas,2.22,2024-04-16,2026-08-30,open-prices
E-Center,Chavroux Chives,3272770088732,dairies,2.22,2024-04-16,2026-08-30,open-prices
E-Center,Chavroux Frischkäse aus 100% Ziegenmilch,3272770003148,dairies,2.22,2024-04-16,2026-08-30,open-prices
E-Center,Classico - Olio Extra Vergine d'oliva monini,80053835,plant based foods and beverages,9.99,2023-10-23,2026-08-30,open-prices
E-Center,Dafgårds Köttbullar,7310960600749,meats and their products,4.99,2025-04-10,2026-08-30,open-prices
E-Center,Dinotte Mezzacorona,8004305005199,beverages and beverages preparations,3.99,2024-03-14,2026-08-30,open-prices
E-Center,Dolce Gusto Lungo,7613038028910,Lebensmittel,5.49,2024-04-26,2026-08-30,open-prices
E-Center,Doppelherz Magnesium + Calcium + D3 Brausetabletten,4009932007565,beverages and beverages preparations,2.99,2023-10-23,2026-08-30,open-prices
E-Center,EDEKA Bio Camembert,4311501773055,dairies,1.99,2024-04-16,2026-08-30,open-prices
E-Center,EDEKA Bio Feta g.U.,4311501715482,dairies,2.0,2024-04-16,2026-08-30,open-prices
E-Center,EDEKA Kichererbsen,4311501644713,plant based foods and beverages,1.65,2024-03-07,2026-08-30,open-prices
E-Center,Edeka 10 Frische Eier aus Freilandhaltung,4311501688137,farming products,2.29,2024-04-16,2026-08-30,open-prices
E-Center,Edeka Bio Zitronen Bio,4311527032327,plant based foods and beverages,0.99,2024-04-16,2026-08-30,open-prices
E-Center,Edeka Broccoli,4311527563142,plant based foods and beverages,0.99,2024-04-22,2026-08-30,open-prices
E-Center,Edeka Bäcker Brötchen,4311501498521,brote,2.79,2025-04-09,2026-08-30,open-prices
E-Center,Edeka Cashewkerne,4311501627150,plant based foods and beverages,2.29,2024-04-16,2026-08-30,open-prices
E-Center,Edeka Kartoffeln vorwiegend festkochend,4311532044261,plant based foods and beverages,2.79,2024-04-16,2026-08-30,open-prices
E-Center,Edeka Lyoner,4311501676233,meats and their products,1.79,2025-04-11,2026-08-30,open-prices
E-Center,Edeka Mini Salami,4311596444625,meats and their products,0.5,2024-04-16,2026-08-30,open-prices
E-Center,Edeka Reines Sonnenblumenöl,4311501689912,plant based foods and beverages,1.99,2022-04-30,2026-08-30,open-prices
E-Center,Edeka Salami Tradizionale,4311501448458,meats and their products,2.49,2025-04-09,2026-08-30,open-prices
E-Center,Eierhof Isernhagen Regional free-range eggs L,4260491120557,farming products,3.99,2025-04-16,2026-08-30,open-prices
E-Center,Eierhof Isernhagen Regional free-range eggs M,4260491120106,farming products,3.39,2025-02-17,2026-08-30,open-prices
E-Center,Elkos Body Flüssigseife Sensitiv,4311501436103,hygiene,0.85,2024-01-29,2026-08-30,open-prices
E-Center,Essity Tempo Taschentücher,7322540788709,home garden,3.65,2024-03-14,2026-08-30,open-prices
E-Center,Feinster Fleischsalat,4314011030076,meals,0.85,2024-04-16,2026-08-30,open-prices
E-Center,Ferrero Nutella Plant-Based,8000500426494,breakfasts,3.29,2025-04-22,2026-08-30,open-prices
E-Center,"Funny-frisch Salziges, Riffels Naturell",4003586000347,plant based foods and beverages,2.49,2025-02-01,2026-08-30,open-prices
E-Center,GALBANI mozzarella,8000430133035,dairies,1.0,2024-04-20,2026-08-30,open-prices
E-Center,GUT & GÜNSTIG Dessertcreme Schoko,4311501772126,dairies,0.39,2025-04-11,2026-08-30,open-prices
E-Center,Gabriel Coulet Roquefort (32 % MG),3151380003024,dairies,2.49,2024-04-22,2026-08-30,open-prices
E-Center,Galbani Mozzarella maxi,8000430135060,dairies,1.99,2024-01-29,2026-08-30,open-prices
E-Center,Gemüsering Stuttgart GmbH BIO GURKE,4064102000579,gurke,1.0,2024-03-14,2026-08-30,open-prices
E-Center,Gut & Günstig Durch-Starter (Nussmix),4311501043769,plant based foods and beverages,2.99,2024-02-29,2026-08-30,open-prices
E-Center,Gut & Günstig Geröstete Mandeln,4311501764800,plant based foods and beverages,2.69,2024-04-16,2026-08-30,open-prices
E-Center,Gut & Günstig Haselnusskerne,4311501710418,plant based foods and beverages,2.99,2024-04-16,2026-08-30,open-prices
E-Center,Gut & Günstig Hähnchen-Innenfilet,4011752575285,meats and their products,4.99,2025-04-17,2026-08-30,open-prices
E-Center,Gut & Günstig Kulturchampignons weiss Kl.1 400g Schale 1.39€ 1kg 3.48€,4311527560011,plant based foods and beverages,1.79,2024-04-20,2026-08-30,open-prices
E-Center,Gut & Günstig Meine Mousse au chocolat,4311501440773,desserts,0.69,2025-04-11,2026-08-30,open-prices
E-Center,Gut & Günstig Mini Pflaumen-Tomaten,4311532352885,plant based foods and beverages,1.89,2024-04-16,2026-08-30,open-prices
E-Center,Gut & Günstig Möhren,4311527724215,plant based foods and beverages,1.59,2024-03-07,2026-08-30,open-prices
E-Center,Gut & Günstig Nusskernmischung,4311501627167,plant based foods and beverages,2.79,2024-02-29,2026-08-30,open-prices
E-Center,Gut & Günstig Olivenöl Extra Natives,4311596421626,plant based foods and beverages,5.99,2023-06-10,2026-08-30,open-prices
E-Center,"Gut & Günstig Paprika, Rot",4311532335253,plant based foods and beverages,2.19,2024-04-20,2026-08-30,open-prices
E-Center,Gut & Günstig Trauben kernlos,4311527598403,plant based foods and beverages,1.11,2024-04-20,2026-08-30,open-prices
E-Center,Gut & Günstig Walnusskerne,4311596458097,plant based foods and beverages,2.59,2024-01-03,2026-08-30,open-prices
E-Center,Gut & Günstig sooo natürlich recycling Toilettenpapier,4311536910586,toilettenpapier,2.45,2024-04-20,2026-08-30,open-prices
E-Center,Gutshof-Ei 10 Eier aus Bodenhaltung,4006272401114,farming products,3.19,2024-01-29,2026-08-30,open-prices
E-Center,Géramont Camembert Cremig-Würzig,3047670000692,dairies,1.48,2024-04-16,2026-08-30,open-prices
E-Center,HARIBO Balla Stixx - Himbeere,8426617119478,snacks,1.69,2025-04-25,2026-08-30,open-prices
E-Center,HARIBO Fruchtgummi Pfirsich 175g 4001686327579,4001686327579,snacks,1.19,2025-04-25,2026-08-30,open-prices
E-Center,HARIBO Happy Cola,4001686327517,snacks,0.77,2025-04-11,2026-08-30,open-prices
E-Center,HENGSTENBERG Gurken - Cornichons,4008100142565,plant based foods and beverages,1.79,2024-03-14,2026-08-30,open-prices
E-Center,Haribo Balla Stixx - Erdbeere,8426617119492,snacks,1.69,2025-04-25,2026-08-30,open-prices
E-Center,Haribo Balla Stixx - Kirsche,8426617119461,snacks,1.69,2025-04-25,2026-08-30,open-prices
E-Center,Haribo Balla Stixx - Limo Mixx sauer,4001686102862,snacks,1.69,2025-04-25,2026-08-30,open-prices
E-Center,Haribo Balla balla,4001686102947,snacks,1.19,2025-04-25,2026-08-30,open-prices
E-Center,Haribo Berries,4001686327845,snacks,1.19,2025-04-25,2026-08-30,open-prices
E-Center,Haribo Bunte Tüte,4001686327425,snacks,1.19,2025-04-25,2026-08-30,open-prices
E-Center,Haribo Bärchen Pärchen,4001686331668,snacks,1.19,2025-04-25,2026-08-30,open-prices
E-Center,Haribo Frösche,4001686322536,Gummibarchen,1.19,2025-04-25,2026-08-30,open-prices
E-Center,Haribo Happy Cherries,4001686322871,snacks,1.19,2025-04-25,2026-08-30,open-prices
E-Center,Haribo Kinder Schnuller,4001686328941,snacks,1.19,2025-04-25,2026-08-30,open-prices
E-Center,Haribo Kirsch Cola,4001686331842,snacks,1.19,2025-05-24,2026-08-30,open-prices
E-Center,Haribo Konfekties,4001686327548,snacks,1.19,2025-04-25,2026-08-30,open-prices
E-Center,Haribo Roulette,4001686372852,snacks,1.19,2025-04-25,2026-08-30,open-prices
E-Center,Haribo Super Gurken,4001686103272,snacks,1.19,2024-09-24,2026-08-30,open-prices
E-Center,Haribo Vampire,4001686327456,snacks,1.19,2025-04-25,2026-08-30,open-prices
E-Center,Haribo Wasser Melonen,9002975378956,snacks,1.19,2025-04-25,2026-08-30,open-prices
E-Center,Haribo Weinland,4001686327692,snacks,1.19,2025-04-25,2026-08-30,open-prices
E-Center,Heinz Tomato Ketchup,8715700017006,plant based foods and beverages,3.49,2025-04-10,2026-08-30,open-prices
E-Center,Herta Saftschinken,4000582309993,meats and their products,1.15,2024-04-22,2026-08-30,open-prices
E-Center,Hofglück Bierschinken,4314187034885,meats and their products,0.8,2024-04-16,2026-08-30,open-prices
E-Center,Händlmaier Senf-Süßer Hausmachersenf,41047231,condiments,1.79,2023-10-23,2026-08-30,open-prices
E-Center,Ilchester wendsleydale cheese with cranberries,5014442000325,dairies,2.25,2024-04-20,2026-08-30,open-prices
E-Center,Isigny Ste Mère Camembert Au lait cru,3254550035402,dairies,3.5,2024-04-20,2026-08-30,open-prices
E-Center,"J. J. DARBOVEN GmbH & Co. KG Kaffee, Der Himmlische 5x",4006581001753,beverages and beverages preparations,3.99,2024-04-16,2026-08-30,open-prices
E-Center,Kattus Ajvar,4058700771634,Lebensmittel,1.69,2023-10-23,2026-08-30,open-prices
E-Center,Kerrygold Extra Butter & Rapsöl - Ungesalzen,4001954166053,plant based foods and beverages,2.29,2025-04-09,2026-08-30,open-prices
E-Center,Kerrygold Irische Butter,4001954161904,dairies,3.99,2025-04-09,2026-08-30,open-prices
E-Center,Kerrygold Original irische Butter,4001954161010,dairies,1.39,2023-12-16,2026-08-30,open-prices
E-Center,Kerrygold extra Butter & Rapsöl - ungesalzen,4001954165018,plant based foods and beverages,3.99,2025-05-12,2026-08-30,open-prices
E-Center,"Kerrygold extra XXL, ungesalzen",4001954165803,dairies,5.99,2025-04-22,2026-08-30,open-prices
E-Center,Kerrygold extra gesalzen,4001954165513,plant based foods and beverages,3.99,2025-04-09,2026-08-30,open-prices
E-Center,Kumpf Johannisbeer-Nektar,4001766001252,beverages and beverages preparations,2.08,2024-04-16,2026-08-30,open-prices
E-Center,Kumpf Starke Früchtchen,4001766031556,beverages and beverages preparations,1.67,2024-04-20,2026-08-30,open-prices
E-Center,Kumpf Zaubersaft,4001766031549,beverages and beverages preparations,1.67,2024-04-20,2026-08-30,open-prices
E-Center,Kühne Rote Bete in Würfeln,40198231,plant based foods and beverages,1.69,2025-05-24,2026-08-30,open-prices
E-Center,Landliebe Butter,4067517000349,dairies,1.49,2024-02-29,2026-08-30,open-prices
E-Center,Lavazza Café Bio-Organic,8000070009745,beverages and beverages preparations,11.99,2024-04-16,2026-08-30,open-prices
E-Center,Lorenz Salzbrezeln Minipack,4018077690167,snacks,2.29,2025-05-24,2026-08-30,open-prices
E-Center,Lukull Sauce Hollandaise,8714100890363,condiments,1.49,2024-04-16,2026-08-30,open-prices
E-Center,Lutgeharm Bio Eier,4280001859029,farming products,4.49,2025-02-17,2026-08-30,open-prices
E-Center,Maggi Pril Original,4015000971096,fertiggericht,1.29,2024-01-29,2026-08-30,open-prices
E-Center,Mainzer Handkäse,4005766052009,dairies,1.75,2024-01-29,2026-08-30,open-prices
E-Center,Marziale Salamella Dolce,4260342990674,meats and their products,2.9,2024-04-22,2026-08-30,open-prices
E-Center,McCain AirFryer Pommes,8710438115178,plant based foods and beverages,2.79,2025-04-22,2026-08-30,open-prices
E-Center,McCain Chef Frites,8710438090215,plant based foods and beverages,2.49,2026-07-14,2026-08-30,open-prices
E-Center,Meggle Feine Butter,40349558,dairies,1.59,2024-01-15,2026-08-30,open-prices
E-Center,Melitta Filtertüten Original,4006508206827,haushalt,2.49,2024-02-29,2026-08-30,open-prices
E-Center,Metzgerei Erwin Reiß GmbH Reiß Bayerischer Leberkäse fein,4036546015303,Lebensmittel,1.15,2024-04-16,2026-08-30,open-prices
E-Center,MinusL H-Milch 1.5% Fett laktosefrei,4062800000990,dairies,1.89,2025-04-10,2026-08-30,open-prices
E-Center,Monini Delicato Olivenöl,8005510002256,plant based foods and beverages,9.99,2024-01-03,2026-08-30,open-prices
E-Center,Mövenpick Kaffee Auténtico,4006581012407,beverages and beverages preparations,3.99,2024-04-16,2026-08-30,open-prices
E-Center,Mövenpick Kaffee Der Milde,4006581017303,beverages and beverages preparations,3.99,2024-04-16,2026-08-30,open-prices
E-Center,Nestlé KitKat,7613287202833,snacks,2.99,2025-01-30,2026-08-30,open-prices
E-Center,Nestlé Les Sauces Hollandaise,40056265,condiments,1.49,2024-04-16,2026-08-30,open-prices
E-Center,Nestlé Nesquik,7613033157776,beverages and beverages preparations,5.49,2024-04-26,2026-08-30,open-prices
E-Center,Original Swiss Raclette-Käse,7610617606491,Lebensmittel,2.4,2024-02-29,2026-08-30,open-prices
E-Center,Paiarrip Pain aux figues et amandes,8437006555036,plant based foods and beverages,2.79,2023-10-25,2026-08-30,open-prices
E-Center,Patros Natur,4002671151353,dairies,2.69,2024-04-16,2026-08-30,open-prices
E-Center,Paulaner Spezi,4066600603405,beverages and beverages preparations,0.99,2025-04-10,2026-08-30,open-prices
E-Center,Pié d'Angloys,3161712866104,dairies,2.75,2024-04-20,2026-08-30,open-prices
E-Center,Rügenwalder Mühle Mühlenschinken,4000405002728,Lebensmittel,1.25,2024-04-16,2026-08-30,open-prices
E-Center,SOLPURO Guacamole Klassisch,4260373050484,plant based foods and beverages,1.65,2025-08-20,2026-08-30,open-prices
E-Center,Saint Agur Edler Blauschimmelkäse aus Frankreich,3341504003935,dairies,2.22,2024-01-29,2026-08-30,open-prices
E-Center,Saint Albray,3222110029994,fromages,2.22,2024-04-16,2026-08-30,open-prices
E-Center,Saint Albray l'intense,3222110025026,dairies,2.22,2024-04-16,2026-08-30,open-prices
E-Center,Salakis Schafskäse,3023260033424,dairies,1.59,2024-03-14,2026-08-30,open-prices
E-Center,Saltletts Mini Brezeln,4018077895074,snacks,2.19,2025-04-09,2026-08-30,open-prices
E-Center,Sammy's Vollkorn Super Sandwich,4071800056784,plant based foods and beverages,1.29,2025-04-10,2026-08-30,open-prices
E-Center,"Schwarzwaldmilch frische Weidemilch 3,8%",4046700500958,beverages and beverages preparations,1.29,2024-04-16,2026-08-30,open-prices
E-Center,Schär Baguette,8008698003183,plant based foods and beverages,3.99,2025-04-22,2026-08-30,open-prices
E-Center,Schär Begels Gluten Lactose Free,8008698029633,plant based foods and beverages,3.99,2025-04-22,2026-08-30,open-prices
E-Center,Schär Brot Vital,8008698038734,plant based foods and beverages,3.25,2025-04-09,2026-08-30,open-prices
E-Center,Schär CHOCO CHIP COOKIES - Biscuits aux pépites de chocolat,8008698005491,snacks,2.49,2025-04-29,2026-08-30,open-prices
E-Center,Schär CIABATTINE - Petits pavés précuits,8008698010259,plant based foods and beverages,2.95,2025-05-24,2026-08-30,open-prices
E-Center,Schär Chicken Fingers,8008698006771,meats and their products,4.69,2025-05-24,2026-08-30,open-prices
E-Center,Schär Landbrot mit Buchweizen,8008698028315,plant based foods and beverages,3.05,2025-04-09,2026-08-30,open-prices
E-Center,Schär MINI BAGUETTE - 2 pièces,8008698003213,plant based foods and beverages,2.35,2025-04-22,2026-08-30,open-prices
E-Center,Schär Meisterbäckers Mehrkorn,8008698027424,plant based foods and beverages,3.25,2025-04-09,2026-08-30,open-prices
E-Center,Schär Muffin Choco Chips,8008698041277,snacks,3.49,2025-05-24,2026-08-30,open-prices
E-Center,Schär Sauerteigbrot mit Preiselbeeren,8008698010778,plant based foods and beverages,3.79,2025-04-10,2026-08-30,open-prices
E-Center,Schär Soft cookies double chocolate,8008698040126,snacks,3.49,2023-06-24,2026-08-30,open-prices
E-Center,Schär Vitaminbrot,8008698043479,plant based foods and beverages,3.59,2025-04-09,2026-08-30,open-prices
E-Center,Settele Vegan Gemüse-Suppen-Maultaschen,4006986644104,meals,1.25,2024-04-16,2026-08-30,open-prices
E-Center,Starbucks Macchiato Madagascar Vanilla,7613287335159,beverages and beverages preparations,5.49,2024-04-26,2026-08-30,open-prices
E-Center,Starbucks White mocha,8445290396860,beverages and beverages preparations,5.49,2024-04-26,2026-08-30,open-prices
E-Center,Teefix Ostfriesentee,4009300001065,beverages and beverages preparations,3.29,2024-04-22,2026-08-30,open-prices
E-Center,Teekanne Grüner Tee,4009300003991,beverages and beverages preparations,7.49,2024-04-22,2026-08-30,open-prices
E-Center,Teekanne Grüner Tee,4009300007821,beverages and beverages preparations,7.49,2024-04-22,2026-08-30,open-prices
E-Center,Unsere Heimat Bio Shiitake,4064102016365,plant based foods and beverages,2.99,2024-03-30,2026-08-30,open-prices
E-Center,Unsere Heimat Chicorée-Mix,4032211101340,plant based foods and beverages,1.99,2024-04-20,2026-08-30,open-prices
E-Center,"Unsere Heimat Frische Bio-Heumilch g.t.S. Fettarm 1,8 % Fett",4313920014313,dairies,1.69,2024-03-07,2026-08-30,open-prices
E-Center,Voelkel Granatapfelsaft,4015533023002,plant based foods and beverages,7.99,2024-04-20,2026-08-30,open-prices
E-Center,Volkswagen Currybockwurst,4033362300279,meats and their products,4.79,2025-04-09,2026-08-30,open-prices
E-Center,Volkswagen Currybockwurst,4033362301009,meats and their products,8.49,2024-06-03,2026-08-30,open-prices
E-Center,Volkswagen Currywurst mit Ketchup,4033362101821,Lebensmittel,3.99,2025-04-11,2026-08-30,open-prices
E-Center,Volkswagen Geflügel Currywurst,4013832387009,Lebensmittel,5.49,2024-06-03,2026-08-30,open-prices
E-Center,WILTMANN Schinken Lyoner,4001956315992,meats and their products,2.49,2025-05-09,2026-08-30,open-prices
E-Center,WZG Haberschlachter Heuchelberg Schwarzriesling mit Spätburgunder,4006840341002,beverages and beverages preparations,3.99,2024-02-09,2026-08-30,open-prices
E-Center,"Weihenstephan Joghurt Natur 3,5 % Fett",4008452011007,dairies,0.88,2024-04-16,2026-08-30,open-prices
E-Center,Weihenstephan Milch 3.5%,4008452010017,beverages and beverages preparations,1.11,2024-04-22,2026-08-30,open-prices
E-Center,Wiltmann Leber-Pastete mit Geflügelfleisch,4001956401541,meats and their products,1.15,2024-03-14,2026-08-30,open-prices
E-Center,funny-frisch Erdnuss Flippies,4003586107251,snacks,2.29,2025-04-11,2026-08-30,open-prices
E-Center,gut&günstig Walnusskerne,4311501004500,plant based foods and beverages,1.29,2024-04-16,2026-08-30,open-prices
E-Center,iglo Schlemmerfilet Italiano mit Tomate Mozzarella,4250241207812,seafood,2.77,2024-02-29,2026-08-30,open-prices
E-Center,rewe Drillinge,4311527675449,plant based foods and beverages,1.99,2024-04-16,2026-08-30,open-prices
EDEKA,ALDI EIS Mövenpick Maple Walnut 850ml 3.99€ 1l 4.99€,4008211006640,desserts,3.99,2026-05-29,2026-08-30,open-prices
EDEKA,ALDI EIS Mövenpick Mövenpick BourbonVanille,4008211006480,desserts,1.99,2026-05-22,2026-08-30,open-prices
EDEKA,Abraham Herzhafter Katenschinken,4034167730278,meats and their products,1.25,2026-01-20,2026-08-30,open-prices
EDEKA,Abraham Landschinken mild geräuchert,4006431706845,meats and their products,1.99,2026-01-29,2026-08-30,open-prices
EDEKA,AfriCola Cola Mix,4051913102066,beverages and beverages preparations,1.39,2026-07-13,2026-08-30,open-prices
EDEKA,Agrovision Peru Kulturheidelbeeren,7759152000767,plant based foods and beverages,2.94,2025-12-23,2026-08-30,open-prices
EDEKA,Ahabia Kulturheidelbeeren Mein Beerenglück,6111250953115,plant based foods and beverages,2.99,2026-04-04,2026-08-30,open-prices
EDEKA,Ahead Aufstrich Pistazie,4260562940657,Lebensmittel,5.99,2026-05-16,2026-08-30,open-prices
EDEKA,Alb-Gold Unsere Heimat Frische Eierspätzle,4313920011442,plant based foods and beverages,1.5,2025-11-15,2026-08-30,open-prices
EDEKA,Albi Himbeer-Maracuja-Apfelsaft,4003240919008,beverages and beverages preparations,2.69,2025-02-27,2026-08-30,open-prices
EDEKA,Alkohol Störtebeker Atlantik Ale alkoholfrei,4014807210896,beverages and beverages preparations,1.29,2025-11-15,2026-08-30,open-prices
EDEKA,Allgäuer Brauhaus AG Allgäuer Büble Radler,4103210273014,beverages and beverages preparations,1.09,2025-11-15,2026-08-30,open-prices
EDEKA,Almette Natur 4002468084000 Frischkäse,4002468084000,dairies,0.99,2026-04-14,2026-08-30,open-prices
EDEKA,Almighurt - Erdbeere-Limette-Mascarpone,4002971014105,dairies,0.45,2026-05-02,2026-08-30,open-prices
EDEKA,"Almighurt Joghurt mild, Stracciatella",4002971840704,dairies,1.11,2026-08-03,2026-08-30,open-prices
EDEKA,Alnatura Mozzarella,4104420145665,dairies,1.25,2026-06-02,2026-08-30,open-prices
EDEKA,Alnatura Orangensaft,4104420231214,plant based foods and beverages,3.69,2025-07-04,2026-08-30,open-prices
EDEKA,Alnatura Tomatenstücke natur,4104420265219,Lebensmittel,1.09,2026-05-06,2026-08-30,open-prices
EDEKA,Andechser Vollbier Hell,4013024000013,beverages and beverages preparations,1.19,2026-01-03,2026-08-30,open-prices
EDEKA,"Anheuser-Busch Inbev Beck's Pils, 4,9 % Vol.",42178170,beverages and beverages preparations,1.09,2025-02-25,2026-08-30,open-prices
EDEKA,Apeel MANDARINEN,4311532642917,plant based foods and beverages,1.49,2025-11-07,2026-08-30,open-prices
EDEKA,Apfel-HaferMüsli,4008391041905,Lebensmittel,6.99,2025-08-23,2026-08-30,open-prices
EDEKA,Aqron Sour Cream and Onion Protein Tortilla Chips,4260644044068,snacks,2.59,2025-08-23,2026-08-30,open-prices
EDEKA,Aronal Fluoridzahnpasta,7610108056316,toothpastes,3.99,2025-12-02,2026-08-30,open-prices
EDEKA,Astra Urtyp,42140849,beverages and beverages preparations,0.99,2025-02-25,2026-08-30,open-prices
EDEKA,Aubergine,4260125317940,plant based foods and beverages,0.69,2026-05-05,2026-08-30,open-prices
EDEKA,BAHLSEN Pick up Original,4017100282812,snacks,2.99,2025-06-24,2026-08-30,open-prices
EDEKA,BARILLA Pesto Basilico e Peperoncino 195g,8076809578264,condiments,2.79,2025-06-24,2026-08-30,open-prices
EDEKA,BOURSIN Black pepper,3175460000062,dairies,1.65,2026-06-02,2026-08-30,open-prices
EDEKA,Bahlsen Comtess Zitrone,4017100450518,snacks,1.79,2026-06-16,2026-08-30,open-prices
EDEKA,Barilla Pesto alla Calabrese 190g,8076809517751,condiments,1.99,2026-05-21,2026-08-30,open-prices
EDEKA,Bauer Yoghurt,4002334113131,dairies,0.49,2026-02-06,2026-08-30,open-prices
EDEKA,Berchtesgadener Land Bergbauern Milch,4101530003175,dairies,0.99,2026-04-02,2026-08-30,open-prices
EDEKA,Berchtesgadener Land Schlagrahm,4101530001072,dairies,0.88,2026-05-29,2026-08-30,open-prices
EDEKA,Bergader Bergbauern Käse Rauchkäse,4006402064196,dairies,1.79,2025-11-14,2026-08-30,open-prices
EDEKA,Berief Bio Barista ohne Zucker,4004790043281,beverages and beverages preparations,1.49,2025-01-22,2026-08-30,open-prices
EDEKA,"Berief Keine M!lch 1,8%",4004790042208,beverages and beverages preparations,1.79,2024-12-30,2026-08-30,open-prices
EDEKA,Bio Avocados angereift,8436535830249,plant based foods and beverages,1.11,2026-05-05,2026-08-30,open-prices
EDEKA,BioWagner Geflügel Allrounder,4049164124241,plant based foods and beverages,3.49,2025-05-27,2026-08-30,open-prices
EDEKA,Biohof Fockenbrock frische fettarme Bio Hofmilch,4260223591082,dairies,1.11,2025-06-18,2026-08-30,open-prices
EDEKA,Bonne Maman Erdbeere-Vanille Konfitüre,3608580171201,plant based foods and beverages,2.59,2026-07-13,2026-08-30,open-prices
EDEKA,Bonne Maman Rotes Johannisbeer Gelee Konfitüre,3045320090062,plant based foods and beverages,2.59,2026-07-13,2026-08-30,open-prices
EDEKA,Bree Chardonnay Weisswein,4003301038143,beverages and beverages preparations,2.99,2025-07-25,2026-08-30,open-prices
EDEKA,Briau Kartoffel Lachs Auflauf,3456700100064,Lebensmittel,5.75,2026-04-04,2026-08-30,open-prices
EDEKA,Budweiser Budwa,8594403350128,beverages and beverages preparations,1.29,2025-02-25,2026-08-30,open-prices
EDEKA,Buitoni Gabelletti,8000270706505,plant based foods and beverages,1.89,2025-02-24,2026-08-30,open-prices
EDEKA,Buitoni Spaghetti 72,8000270016284,plant based foods and beverages,0.88,2026-02-19,2026-08-30,open-prices
EDEKA,Buitoni Tagliatelle 16,8000270706406,plant based foods and beverages,1.89,2025-02-24,2026-08-30,open-prices
EDEKA,"Bären Marke Frische Milch Fettarm 1,8% Fett",4045317058050,dairies,1.01,2026-06-02,2026-08-30,open-prices
EDEKA,Bürger Schwäbische Eierknöpfle,4075600113487,plant based foods and beverages,1.14,2026-01-20,2026-08-30,open-prices
EDEKA,Bürger Thai Maultaschen,4075600114293,meals,1.14,2026-03-06,2026-08-30,open-prices
EDEKA,Bürger mini Gnocchi mit Speck,4075600113395,plant based foods and beverages,1.3,2026-04-04,2026-08-30,open-prices
EDEKA,CF&R Lebt Rustique,3176580101301,dairies,2.49,2026-04-04,2026-08-30,open-prices
EDEKA,Camposol Kulturheidelbeeren,7751262004208,plant based foods and beverages,3.99,2026-02-07,2026-08-30,open-prices
EDEKA,Chocolatier Hachez Cocoa D'arriba Classic,4008155021303,Lebensmittel,3.99,2025-02-26,2026-08-30,open-prices
EDEKA,Coca-Cola Mezzo Mix,5000112547801,beverages and beverages preparations,1.89,2026-04-02,2026-08-30,open-prices
EDEKA,Coca-Cola Zero,5000112552195,beverages and beverages preparations,1.89,2025-11-15,2026-08-30,open-prices
EDEKA,Coppenrath & Wiese Dinkelbrötchen,4008577006186,plant based foods and beverages,3.49,2026-04-22,2026-08-30,open-prices
EDEKA,Coppenrath & Wiese Landbrötchen,4008577006223,plant based foods and beverages,3.29,2025-07-16,2026-08-30,open-prices
EDEKA,Corny Free Peanut&Choc,4011800000134,snacks,2.49,2026-05-06,2026-08-30,open-prices
EDEKA,Corny Haferkraft Haselnuss zero,4011800599614,snacks,1.59,2025-09-22,2026-08-30,open-prices
EDEKA,Corny free Haselnuss,4011800572211,snacks,1.79,2026-03-06,2026-08-30,open-prices
EDEKA,Cremissimo Walnuss,8711327619722,desserts,1.79,2026-05-09,2026-08-30,open-prices
EDEKA,Cup Noodles Chicken,5997523313005,plant based foods and beverages,1.29,2025-04-30,2026-08-30,open-prices
EDEKA,Cup Noodles Nudeln (instant) - Soba Chili mit Yakisoba-Sauce,5997523313135,plant based foods and beverages,1.79,2025-02-24,2026-08-30,open-prices
EDEKA,Cup Soupe Crevette Yum Yum,8852018201045,plant based foods and beverages,1.29,2025-08-12,2026-08-30,open-prices
EDEKA,D'arbo Himbeer Rhababer Konfitüre extra,9001432031540,plant based foods and beverages,2.79,2026-02-06,2026-08-30,open-prices
EDEKA,Danone ALPRO® Dessert Soja Schokolade High Protein 200g,5411188137863,plant based foods and beverages,1.79,2025-01-22,2026-08-30,open-prices
EDEKA,De Cecco Linguine n° 7,8001250120076,plant based foods and beverages,1.29,2026-03-12,2026-08-30,open-prices
EDEKA,De Cecco Nudeln Casareccia n°88,8001250120885,plant based foods and beverages,1.29,2026-03-12,2026-08-30,open-prices
EDEKA,De Cecco Penne Rigate nº 41,8001250120410,plant based foods and beverages,2.49,2025-02-24,2026-08-30,open-prices
EDEKA,De Cecco Tortiglioni,8001250120236,plant based foods and beverages,2.49,2025-02-24,2026-08-30,open-prices
EDEKA,Delverde Nudeln - Farfalle,8000270011319,plant based foods and beverages,0.79,2026-06-18,2026-08-30,open-prices
EDEKA,Delverde Penne Rigate,8000270013085,plant based foods and beverages,0.88,2025-07-16,2026-08-30,open-prices
EDEKA,Demeter BIO-KIWI GRÜN,4250476305338,plant based foods and beverages,0.59,2025-12-30,2026-08-30,open-prices
EDEKA,Der Grosse Bauer Joghurt Schokobälle Vanille,4002334116057,dairies,0.49,2026-06-10,2026-08-30,open-prices
EDEKA,Der große Bauer Joghurt Banane Schokobälle,4002334116064,dairies,0.49,2026-06-10,2026-08-30,open-prices
EDEKA,Der kleine Bauer Kirsche,4002334112738,dairies,0.28,2026-06-09,2026-08-30,open-prices
EDEKA,Develey Spicy Burger Sauce,4006824997195,condiments,1.79,2025-02-22,2026-08-30,open-prices
EDEKA,Develey Süß-sauer Sauce,4006824000970,condiments,1.29,2025-07-16,2026-08-30,open-prices
EDEKA,Develey-Sauce - Texmex-Salsa,4006824008723,condiments,1.29,2025-07-16,2026-08-30,open-prices
EDEKA,Dietz Leberwürstchen Hausmacher Art,4007887025207,meats and their products,1.95,2025-10-23,2026-08-30,open-prices
EDEKA,Dobler Milchbauernhof Joghurt mild,4006888000565,dairies,1.0,2026-06-02,2026-08-30,open-prices
EDEKA,Dr. Kargs Emmentaler Protein Snack,4033634020515,Proteinsnack,1.99,2025-04-30,2026-08-30,open-prices
EDEKA,Dr. Oetker Bistro Baguette Bolognese,4001724038054,Diepvries,2.29,2025-02-24,2026-08-30,open-prices
EDEKA,Dr. Oetker Bistro Baguette a la Provence,4001724038238,frozen foods,2.29,2025-02-24,2026-08-30,open-prices
EDEKA,Dr. Oetker Conditorei Coppenrath & Wiese Choco Cookies,4006952008138,snacks,1.99,2025-02-22,2026-08-30,open-prices
EDEKA,Dr. Oetker Die Ofenfrische Diavolo,4001724010906,frozen foods,1.99,2026-05-09,2026-08-30,open-prices
EDEKA,Dr. Oetker Die Ofenfrische Pepperoni Salami,4001724011088,frozen foods,1.99,2026-05-09,2026-08-30,open-prices
EDEKA,Dr. Oetker Die Ofenfrische Speciale,4001724011057,frozen foods,1.99,2025-12-12,2026-08-30,open-prices
EDEKA,Dr. Oetker Götterspeise Zitrone,4000521026769,cooking helpers,1.39,2026-04-20,2026-08-30,open-prices
EDEKA,Dr. Oetker High Protein-Mahlzeit Milchreis,4000521029487,plant based foods and beverages,2.19,2026-05-16,2026-08-30,open-prices
EDEKA,Dr. Oetker High Protein-Mousse Cappuccino style,4023600017298,desserts,1.99,2025-08-23,2026-08-30,open-prices
EDEKA,Dr. Oetker Löffelglück Apfel-Mango-Orange Grütze,4023600017724,Lebensmittel,1.5,2025-11-20,2026-08-30,open-prices
EDEKA,Dr. Oetker Pizza Tradizionale Diavola Calabrese,4001724038535,frozen foods,1.99,2025-12-12,2026-08-30,open-prices
EDEKA,Dr. Oetker Salame Romano pizza,4001724038474,frozen foods,1.99,2026-05-09,2026-08-30,open-prices
EDEKA,Drinks & More GmbH & Co. KG Knabe Malz,4008287959192,beverages and beverages preparations,1.29,2025-02-27,2026-08-30,open-prices
EDEKA,Driscoll's Framboises,8717496041647,plant based foods and beverages,1.79,2026-05-23,2026-08-30,open-prices
EDEKA,Driscoll's Himbeeren,8717496041425,plant based foods and beverages,1.49,2026-04-14,2026-08-30,open-prices
EDEKA,Driscoll's Myrtilles,8717496043122,plant based foods and beverages,2.99,2026-04-04,2026-08-30,open-prices
EDEKA,Driscoll’s Blueberries,8720195161608,plant based foods and beverages,3.99,2026-02-07,2026-08-30,open-prices
EDEKA,EDEKA Bayrische Rote Bete in Scheiben,4311504011819,plant based foods and beverages,0.77,2025-12-12,2026-08-30,open-prices
EDEKA,EDEKA Bio Barista Hafer mit Soja,4311501798263,beverages and beverages preparations,1.25,2025-12-02,2026-08-30,open-prices
EDEKA,EDEKA Bio Bio Gouda in Scheiben,4311501063507,dairies,2.39,2024-12-16,2026-08-30,open-prices
EDEKA,EDEKA Bio Cornflakes ungesüßt,4311501043646,plant based foods and beverages,1.59,2025-07-10,2026-08-30,open-prices
EDEKA,EDEKA Bio Dinkelvollkornbrot,4311501029008,plant based foods and beverages,1.25,2026-02-05,2026-08-30,open-prices
EDEKA,EDEKA Bio Frische Vollmilch,4311501041017,dairies,1.25,2025-04-23,2026-08-30,open-prices
EDEKA,EDEKA Bio Linsenwaffeln,4311501004920,plant based foods and beverages,1.79,2025-08-23,2026-08-30,open-prices
EDEKA,EDEKA Bio Räucherlachs,4311501678565,seafood,4.29,2025-08-23,2026-08-30,open-prices
EDEKA,EDEKA Bio Speisequark 40% Fett i. Tr.,4311501317624,dairies,1.29,2025-12-02,2026-08-30,open-prices
EDEKA,"EDEKA Bio Tomaten in Stücke,Bio",4311501396070,plant based foods and beverages,0.65,2026-03-07,2026-08-30,open-prices
EDEKA,EDEKA Black & White Knusper Müsli,4311501761656,plant based foods and beverages,3.59,2025-12-02,2026-08-30,open-prices
EDEKA,EDEKA Brechbohnen,4311596438839,plant based foods and beverages,1.19,2025-12-12,2026-08-30,open-prices
EDEKA,EDEKA Chili Bohnen,4311501354094,plant based foods and beverages,1.29,2024-11-07,2026-08-30,open-prices
EDEKA,EDEKA Herzstücke Skyr,4311501135235,dairies,1.09,2026-05-16,2026-08-30,open-prices
EDEKA,EDEKA Kidneybohnen,4311501354124,plant based foods and beverages,1.29,2024-11-07,2026-08-30,open-prices
EDEKA,EDEKA Lachsrückenfiletportion,4311501065051,seafood,3.14,2026-02-21,2026-08-30,open-prices
EDEKA,EDEKA Originale Gnocchetti Sardi,4311501452233,plant based foods and beverages,0.99,2025-02-24,2026-08-30,open-prices
EDEKA,EDEKA Thunfisch in Sonnenblumenöl,4311501675236,seafood,1.29,2026-01-24,2026-08-30,open-prices
EDEKA,EDEKA Thunfischsalat,4311501086933,Lebensmittel,1.59,2025-08-12,2026-08-30,open-prices
EDEKA,ESN Elite Sports Nutrition Designer Whey Protein Cinnamon Cereal Flavor,4250519665542,Lebensmittel,14.99,2025-04-30,2026-08-30,open-prices
EDEKA,ESN Isoclear Lemon Iced Tea Flavor 19er Pack,4250519661513,dietary supplements,3.99,2025-10-17,2026-08-30,open-prices
EDEKA,ESN Isoclear Protein Drink Fresh Cherry 13er Pack,4250519661506,nahrungserganzungen fur bodybuilder,3.99,2025-10-23,2026-08-30,open-prices
EDEKA,Edeka Aioli,4311501139028,condiments,1.0,2025-11-15,2026-08-30,open-prices
EDEKA,Edeka Alaska Seelachssalat,4311501432792,meals,1.0,2026-05-15,2026-08-30,open-prices
EDEKA,Edeka Aufschnitt Trio,4311501088449,Lebensmittel,1.49,2026-01-20,2026-08-30,open-prices
EDEKA,Edeka Beerenmüsli,4311501043820,plant based foods and beverages,4.29,2026-05-16,2026-08-30,open-prices
EDEKA,Edeka BiO Haferflocken kernig,4311501018989,plant based foods and beverages,0.89,2025-06-24,2026-08-30,open-prices
EDEKA,Edeka Big Choc Choco,4311501117859,desserts,2.99,2026-04-29,2026-08-30,open-prices
EDEKA,Edeka Big Choc Mandel,4311501117880,desserts,2.99,2026-05-19,2026-08-30,open-prices
EDEKA,Edeka Bio Apfel-Zimt Knusper,4311501144299,Lebensmittel,3.49,2026-05-16,2026-08-30,open-prices
EDEKA,Edeka Bio Bergkäse,4311501013670,dairies,2.69,2025-08-12,2026-08-30,open-prices
EDEKA,Edeka Bio Bio Kulturheidelbeeren,4311532638231,plant based foods and beverages,3.99,2026-05-23,2026-08-30,open-prices
EDEKA,Edeka Bio Fettarmer Joghurt mild,4311501044797,dairies,1.19,2025-05-27,2026-08-30,open-prices
EDEKA,Edeka Bio Fettarmer Weidemilch Joghurt,4311501107072,dairies,1.19,2025-12-02,2026-08-30,open-prices
EDEKA,Edeka Bio Speise-Quark Magerstufe,4311501317600,dairies,1.19,2025-08-23,2026-08-30,open-prices
EDEKA,Edeka Buttermilch Zitrone Hörnchen,4311501116913,desserts,1.99,2026-04-29,2026-08-30,open-prices
EDEKA,Edeka Cannelloni,4311501344439,plant based foods and beverages,1.69,2025-02-24,2026-08-30,open-prices
EDEKA,Edeka Choco Chips,4311501688762,plant based foods and beverages,2.49,2025-07-10,2026-08-30,open-prices
EDEKA,Edeka Das Pure Brot,4311501029060,plant based foods and beverages,1.75,2026-06-10,2026-08-30,open-prices
EDEKA,Edeka Delikatess Remoulade,4311501385807,condiments,1.69,2026-01-17,2026-08-30,open-prices
EDEKA,Edeka Eisbergsalat,4311527614394,plant based foods and beverages,0.66,2025-05-21,2026-08-30,open-prices
EDEKA,Edeka Erdbeeren,00111210,plant based foods and beverages,5.98,2026-05-23,2026-08-30,open-prices
EDEKA,Edeka Erdnusskerne geröstet & gesalzen,4311501342367,plant based foods and beverages,1.29,2026-04-04,2026-08-30,open-prices
EDEKA,Edeka Erdnüsse gesalzen,4311501744017,plant based foods and beverages,1.99,2025-10-23,2026-08-30,open-prices
EDEKA,Edeka Essigessenz,4311501735107,condiments,0.79,2025-08-12,2026-08-30,open-prices
EDEKA,Edeka Fettarme H-Milch,4311501758632,dairies,1.05,2025-05-27,2026-08-30,open-prices
EDEKA,Edeka Fisch (Calamares a la Romana),4311501798201,seafood,4.99,2026-04-18,2026-08-30,open-prices
EDEKA,Edeka Fleischsalat,4311501355909,meals,0.99,2026-01-24,2026-08-30,open-prices
EDEKA,Edeka Gnocchi,4311501647530,plant based foods and beverages,0.99,2025-02-24,2026-08-30,open-prices
EDEKA,Edeka Haferdrink Natur,4311501694183,beverages and beverages preparations,0.9,2025-08-23,2026-08-30,open-prices
EDEKA,Edeka Heimatliebe BAYERISCHE BIERKUGEL,4311504010621,meats and their products,3.14,2025-10-23,2026-08-30,open-prices
EDEKA,Edeka Heimatliebe Champignons braun,4311532349533,plant based foods and beverages,1.79,2025-12-12,2026-08-30,open-prices
EDEKA,"Edeka Heimatliebe Erdäpfel, vorwiegend festkochend",4311532346402,plant based foods and beverages,1.79,2025-11-14,2026-08-30,open-prices
EDEKA,Edeka Heimatliebe Mini Romanasalat,4311532354612,plant based foods and beverages,0.69,2026-05-21,2026-08-30,open-prices
EDEKA,Edeka Herzstücke Apfel-Kirsche,4311501734957,beverages and beverages preparations,1.99,2025-02-24,2026-08-30,open-prices
EDEKA,Edeka Herzstücke Burrito - Avocado und Tofu,4311501172391,sandwiches,2.99,2026-08-15,2026-08-30,open-prices
EDEKA,Edeka Herzstücke Eingelegte Champignons In Rapsöl,4311501143872,plant based foods and beverages,1.25,2026-07-08,2026-08-30,open-prices
EDEKA,Edeka Herzstücke Hass Avocado genussreif,4311532589205,plant based foods and beverages,1.99,2026-04-04,2026-08-30,open-prices
EDEKA,"Edeka Herzstücke Kalmata Oliven mit Stein, eingelegt",4311501143667,plant based foods and beverages,1.59,2026-06-02,2026-08-30,open-prices
EDEKA,Edeka Herzstücke Tafeltrauben hell kernlos,4311532569405,plant based foods and beverages,2.99,2025-11-07,2026-08-30,open-prices
EDEKA,Edeka High Protein Ready Meal - Lachs Mit Grünen Bohnen In Cremiger Soße,4311501170878,meals,3.49,2026-05-16,2026-08-30,open-prices
EDEKA,Edeka Hähnchen Lyoner,4311501667682,meats and their products,2.29,2025-10-23,2026-08-30,open-prices
EDEKA,"Edeka Joghurt mild 3,5",4311501614679,dairies,0.59,2026-05-29,2026-08-30,open-prices
EDEKA,Edeka Joghurt nach griechischer Art Natur,4311501702116,dairies,1.29,2025-05-27,2026-08-30,open-prices
EDEKA,Edeka Lassi Mango,4311501009130,beverages and beverages preparations,0.89,2024-12-16,2026-08-30,open-prices
EDEKA,Edeka My Veggie Hafer ohne Zucker,4311501069677,beverages and beverages preparations,0.9,2026-05-16,2026-08-30,open-prices
EDEKA,Edeka My Veggie Hafer-Mandel,4311501747872,beverages and beverages preparations,0.9,2026-05-16,2026-08-30,open-prices
EDEKA,"Edeka My Veggie Mandel, Mandeldrink",4311501069745,beverages and beverages preparations,1.35,2025-06-07,2026-08-30,open-prices
EDEKA,Edeka My Veggie Vegane Nuggets,4311501006016,vegan products,2.29,2025-05-27,2026-08-30,open-prices
EDEKA,Edeka Münchener Weißwürste,4311501161043,meats and their products,2.23,2026-07-27,2026-08-30,open-prices
EDEKA,Edeka Pecorino Romano g.U.,4311501496602,dairies,3.83,2026-03-07,2026-08-30,open-prices
EDEKA,Edeka Rindswurst,4314187034328,meats and their products,5.59,2026-02-07,2026-08-30,open-prices
EDEKA,Edeka Rucola,4311527693153,plant based foods and beverages,0.65,2025-11-15,2026-08-30,open-prices
EDEKA,Edeka Scamorza Minis,4311501084434,dairies,1.25,2026-04-18,2026-08-30,open-prices
EDEKA,Edeka Schlaufentragetasche,4044998003984,Lebensmittel,0.3,2026-05-09,2026-08-30,open-prices
EDEKA,Edeka Schlemmerfilet a la Bordelaise,4311501743089,seafood,2.49,2026-03-07,2026-08-30,open-prices
EDEKA,Edeka Schweineschnitzel,4311501443101,Lebensmittel,1.6,2025-12-23,2026-08-30,open-prices
EDEKA,Edeka Selleriesalat in Streifen,4311504010287,Lebensmittel,0.77,2025-12-12,2026-08-30,open-prices
EDEKA,Edeka Shrimps in Cocktail Sauce,4311501704813,seafood,1.0,2026-04-18,2026-08-30,open-prices
EDEKA,Edeka Stadionbratwurst,4311501134627,meats and their products,3.49,2026-08-22,2026-08-30,open-prices
EDEKA,Edeka Tafelsüße Cyclamat Sachharin,4311501021804,sweeteners,1.35,2024-12-30,2026-08-30,open-prices
EDEKA,Edeka Tagliatelle N. 70,4311501344767,plant based foods and beverages,1.69,2025-02-24,2026-08-30,open-prices
EDEKA,Edeka Tagliatelle verdi,4311501344552,plant based foods and beverages,1.69,2025-02-24,2026-08-30,open-prices
EDEKA,Edeka Thunfischsalat,4311501086964,Lebensmittel,1.59,2025-08-12,2026-08-30,open-prices
EDEKA,Edeka Walnuss,4311501114438,desserts,1.89,2026-03-12,2026-08-30,open-prices
EDEKA,Edeka Weißkraut Salat Gut & Günstig,4311596417957,snacks,1.25,2026-01-31,2026-08-30,open-prices
EDEKA,Edeka Zitronensaft aus Zitronensaftkonzentrat,4311501337745,beverages and beverages preparations,1.99,2026-07-13,2026-08-30,open-prices
EDEKA,Edela Mozzarella,4311501110836,Lebensmittel,1.59,2026-02-06,2026-08-30,open-prices
EDEKA,Ehrmann Almighurt Kirsche,4002971840209,dairies,1.11,2026-08-03,2026-08-30,open-prices
EDEKA,"Ehrmann Almighurt, Bircher Müsli",4002971843200,dairies,1.11,2026-04-02,2026-08-30,open-prices
EDEKA,"Ehrmann Almighurt, Joghurt nach griechischer Art, 9,7 % Fett",4002971006407,dairies,1.19,2025-11-28,2026-08-30,open-prices
EDEKA,"Ehrmann Almighurt, Mango-Orange",4002971844702,dairies,1.19,2026-02-24,2026-08-30,open-prices
EDEKA,"Ehrmann Almighurt, Pfirsich-Maracuja, weniger süss",4002971848007,dairies,1.11,2026-08-03,2026-08-30,open-prices
EDEKA,Ehrmann Chocolate &amp; Topping,4002971247503,desserts,1.59,2026-05-16,2026-08-30,open-prices
EDEKA,Ehrmann Creative Choclate Flavour Pudding,4002971345605,dairies,1.99,2025-12-02,2026-08-30,open-prices
EDEKA,Ehrmann Grand Dessert Typ Pistazie,4002971274301,dairies,0.49,2026-05-05,2026-08-30,open-prices
EDEKA,Ehrmann High Protein Double White Choc style,4002971282108,dairies,1.59,2025-05-27,2026-08-30,open-prices
EDEKA,Ehrmann High Protein Vanilla & Topping,4002971247602,dairies,1.59,2026-05-16,2026-08-30,open-prices
EDEKA,Ehrmann High protein double choc,4002971247909,dairies,1.59,2024-12-30,2026-08-30,open-prices
EDEKA,Ehrmann Pistacia Style Mousse High-Protein,4002971287707,dairies,0.99,2025-01-22,2026-08-30,open-prices
EDEKA,Ehrmann Stracciatella Style Mousse,4002971200201,dairies,1.99,2025-05-27,2026-08-30,open-prices
EDEKA,Ehrmann White Choc Style Mousse High-Protein,4002971286601,Lebensmittel,1.99,2025-12-02,2026-08-30,open-prices
EDEKA,Endori Veganes Beef Paprika,4251349108308,Lebensmittel,3.29,2025-05-27,2026-08-30,open-prices
EDEKA,Endori Veganes Chicken BBQ,4251349107509,meat alternatives,2.3,2025-05-27,2026-08-30,open-prices
EDEKA,Erdbeeren,4251003524000,plant based foods and beverages,2.49,2026-04-14,2026-08-30,open-prices
EDEKA,Ergüllü Thunfischcreme,4260160790210,spreads,1.88,2026-06-09,2026-08-30,open-prices
EDEKA,FRoSTA Fettuccine Wildlachs,4008366015511,frozen foods,2.99,2025-10-06,2026-08-30,open-prices
EDEKA,FRoSTA Hühner Frikassee Veggie,4008366017157,meals,4.69,2025-04-30,2026-08-30,open-prices
EDEKA,FRoSTA Veganes Bami Goreng,4008366017195,meals,4.69,2025-01-22,2026-08-30,open-prices
EDEKA,Fala Hefe,42230281,food additives,0.19,2026-04-02,2026-08-30,open-prices
EDEKA,Feinkost Popp Nudelsalat,4045800700459,meals,1.25,2026-04-18,2026-08-30,open-prices
EDEKA,Ferrero Nutella Plant-Based,8000500426494,breakfasts,3.99,2024-12-30,2026-08-30,open-prices
EDEKA,Finne Pils,4260469790089,beverages and beverages preparations,1.79,2025-11-15,2026-08-30,open-prices
EDEKA,Flensburger Pilsener,4103080050517,beverages and beverages preparations,0.99,2025-02-25,2026-08-30,open-prices
EDEKA,Friedrichs Kodiak Wildlachs,4064872000922,seafood,3.0,2026-06-02,2026-08-30,open-prices
EDEKA,"Friedrichs Kodiak Wildlachs geräuchert 4063600006380 Rotlachs kaltgeräuchert, in Scheiben geschnitten",4063600006380,seafood,5.59,2026-06-02,2026-08-30,open-prices
EDEKA,Frischkäse Almette Kräuter,4002468084017,dairies,0.99,2026-04-14,2026-08-30,open-prices
EDEKA,Fromager d'Affinois Florette 24 % M.G.,3307904400125,dairies,3.37,2026-01-20,2026-08-30,open-prices
EDEKA,Froneri Strawberry cheesecake,4008211006411,desserts,1.69,2026-04-02,2026-08-30,open-prices
EDEKA,Frosch Spül-Lotion Aloe Vera,4001499964510,Spülmittel,1.85,2025-02-28,2026-08-30,open-prices
EDEKA,Frosta Hühner Frikassee,4008366008582,frozen foods,2.99,2025-10-06,2026-08-30,open-prices
EDEKA,Frosta Lieblingsgemüsemix ungewürzt,4008366017355,plant based foods and beverages,2.22,2025-05-27,2026-08-30,open-prices
EDEKA,Funny frisch Chipsfrisch ungarisch,4003586101310,plant based foods and beverages,1.99,2025-06-18,2026-08-30,open-prices
EDEKA,G&G Delikatess Paprika Lyoner,4311501130681,meats and their products,0.95,2026-04-13,2026-08-30,open-prices
EDEKA,GRIECHISCHE SPEZIALITÄTEN KATEM ALBSTADT TZATZIKI,9742600228820150001331,condiments,1.33,2026-01-31,2026-08-30,open-prices
EDEKA,GUT & GÜNSTIG Delikatess Schinkenbockwurst,4311596449729,meats and their products,2.23,2026-06-02,2026-08-30,open-prices
EDEKA,GUT & GÜNSTIG Eismeer Garnelen,4311501154137,Lebensmittel,1.39,2026-06-02,2026-08-30,open-prices
EDEKA,GUT & GÜNSTIG Hähnchenbrust Filetroulade,4311501711453,meats and their products,1.89,2025-05-27,2026-08-30,open-prices
EDEKA,GUT & GÜNSTIG Kidney Bohnen,4311596465231,plant based foods and beverages,0.69,2025-06-24,2026-08-30,open-prices
EDEKA,GUT & GÜNSTIG Pflanzenöl aus Raps,4311596413232,plant based foods and beverages,1.59,2026-05-29,2026-08-30,open-prices
EDEKA,Gaea Olives bio vertes entières,5201671802503,plant based foods and beverages,4.49,2025-08-29,2026-08-30,open-prices
EDEKA,Galbani Mozzarella maxi,8000430135060,dairies,2.44,2026-06-02,2026-08-30,open-prices
EDEKA,Gasthaus Stern - Heilbronner Straße 16-73635 Schlechtbach Pikante Kuttelsuppe,0710702009620,kuttelsuppe,3.4,2025-11-07,2026-08-30,open-prices
EDEKA,Gasthaus Stern - Heilbronner Straße 16-73635 Schlechtbach Pikantes Gulasch vom Rind,0710702009996,gulasch,5.9,2025-11-07,2026-08-30,open-prices
EDEKA,Gerolsteiner Apfelschorle,4001513000880,beverages and beverages preparations,1.19,2025-02-25,2026-08-30,open-prices
EDEKA,Gerolsteiner Leichte Schorle Apfel,4001513001382,beverages and beverages preparations,1.19,2025-02-28,2026-08-30,open-prices
EDEKA,Golden Toast Vollkorn-Sandwich,4009249002420,plant based foods and beverages,1.14,2026-05-15,2026-08-30,open-prices
EDEKA,Gosch Garnelen Madras,4009457786600,seafood,2.15,2025-04-22,2026-08-30,open-prices
EDEKA,Griesson Chocolate Mountain Cookies,4001518116999,snacks,1.39,2025-09-11,2026-08-30,open-prices
EDEKA,Gut & Günstig American Style Cookies,4311501766668,snacks,1.49,2025-07-31,2026-08-30,open-prices
EDEKA,"Gut & Günstig Avocado, Hass, Kl. I, angereift",4311532216552,plant based foods and beverages,0.69,2026-05-23,2026-08-30,open-prices
EDEKA,"Gut & Günstig Avocado, Kl. I, angereift",4311532235126,plant based foods and beverages,0.99,2025-11-18,2026-08-30,open-prices
EDEKA,"Gut & Günstig Batterien, LR03 AAA, Alkaline",4311501585559,electronics,1.59,2025-11-28,2026-08-30,open-prices
EDEKA,Gut & Günstig Big Choc Mandel,4311501047507,desserts,2.99,2026-05-29,2026-08-30,open-prices
EDEKA,Gut & Günstig Blatt-Spinat,4311501698624,plant based foods and beverages,2.39,2025-04-30,2026-08-30,open-prices
EDEKA,Gut & Günstig Blüten Honig cremig,4311501667057,breakfasts,2.49,2025-08-29,2026-08-30,open-prices
EDEKA,Gut & Günstig Blütenhonig,4311501126073,breakfasts,2.69,2026-02-06,2026-08-30,open-prices
EDEKA,Gut & Günstig Blütenhonig Flüssig,4311596429769,breakfasts,2.49,2025-08-29,2026-08-30,open-prices
EDEKA,"Gut & Günstig Broccoli, Kl. I",4311527578825,plant based foods and beverages,1.39,2026-01-17,2026-08-30,open-prices
EDEKA,Gut & Günstig Butter,4311596460151,plant based foods and beverages,1.05,2026-05-05,2026-08-30,open-prices
EDEKA,Gut & Günstig Buttermilch,4311596460359,beverages and beverages preparations,0.59,2026-01-24,2026-08-30,open-prices
EDEKA,Gut & Günstig Cherry Rispen Tomaten,4311527584826,plant based foods and beverages,2.49,2025-07-16,2026-08-30,open-prices
EDEKA,Gut & Günstig Corn Flakes,4311501060469,plant based foods and beverages,1.59,2025-07-10,2026-08-30,open-prices
EDEKA,Gut & Günstig Cornichons,4311596446094,plant based foods and beverages,1.29,2026-06-10,2026-08-30,open-prices
EDEKA,Gut & Günstig Crevetten,4311501154151,seafood,1.39,2026-06-02,2026-08-30,open-prices
EDEKA,"Gut & Günstig Crunchy Pretzels, Honig & Senf",4311501739228,Lebensmittel,1.19,2026-05-29,2026-08-30,open-prices
EDEKA,Gut & Günstig Deikatess Paprika Lyoner,4311501629840,meats and their products,0.95,2025-04-22,2026-08-30,open-prices
EDEKA,Gut & Günstig Delikatess Mini Cabanossi,4311596422616,meats and their products,2.31,2025-11-07,2026-08-30,open-prices
EDEKA,Gut & Günstig Delikatess Putenbrust - Classic,4311501682876,meats and their products,1.49,2025-05-27,2026-08-30,open-prices
EDEKA,Gut & Günstig Delikatess Schinken Bockwurst,4311501446638,meats and their products,2.79,2026-02-24,2026-08-30,open-prices
EDEKA,Gut & Günstig Deutsche Markenbutter  -  mildgesäuert,4311501464489,dairies,0.99,2025-12-23,2026-08-30,open-prices
EDEKA,Gut & Günstig Edeka Chips for Friends gesalzen,4311501020432,snacks,0.99,2026-02-12,2026-08-30,open-prices
EDEKA,Gut & Günstig Eiersalat mit Schnittlauch,4311596469284,meals,0.97,2026-07-08,2026-08-30,open-prices
EDEKA,Gut & Günstig Eisbergsalat,4311527566082,plant based foods and beverages,0.88,2025-11-15,2026-08-30,open-prices
EDEKA,Gut & Günstig Farmer Salat,4311596468225,meals,1.49,2026-06-10,2026-08-30,open-prices
EDEKA,"Gut & Günstig Frische fettarme Milch, 1,5 % Fett",4311501152416,dairies,0.85,2026-01-03,2026-08-30,open-prices
EDEKA,Gut & Günstig G&G Bauern Kartoffelsalat,4311596446469,plant based foods and beverages,0.75,2026-01-31,2026-08-30,open-prices
EDEKA,Gut & Günstig Geflügel Salat,4311501153147,meals,0.85,2026-05-15,2026-08-30,open-prices
EDEKA,Gut & Günstig Gemüse Junge Erbsen mit Möhrchen,4311596438877,plant based foods and beverages,1.29,2026-01-24,2026-08-30,open-prices
EDEKA,Gut & Günstig Haferflocken Kernig,4311501492277,plant based foods and beverages,0.69,2025-10-17,2026-08-30,open-prices
EDEKA,Gut & Günstig Harzer Käse,4311501677230,dairies,1.89,2026-05-05,2026-08-30,open-prices
EDEKA,Gut & Günstig Harzer Käse,4311501670149,dairies,1.89,2026-05-16,2026-08-30,open-prices
EDEKA,Gut & Günstig Harzer Minis,4311501619872,dairies,1.29,2025-12-02,2026-08-30,open-prices
EDEKA,Gut & Günstig Hefegebäckstangen Käse,4311501743003,snacks,1.59,2025-06-18,2026-08-30,open-prices
EDEKA,"Gut & Günstig Kartoffelsalat mit Sahne, Ei und Gurke",4311596468331,meals,1.25,2025-04-22,2026-08-30,open-prices
EDEKA,Gut & Günstig Kefir,4311501646854,beverages and beverages preparations,0.79,2026-01-24,2026-08-30,open-prices
EDEKA,Gut & Günstig Konfitüre Extra Aprikose,4311501058138,Lebensmittel,1.79,2026-02-24,2026-08-30,open-prices
EDEKA,Gut & Günstig Kulturchampignons weiss Kl.1 400g Schale 1.39€ 1kg 3.48€,4311527560011,plant based foods and beverages,1.49,2025-08-29,2026-08-30,open-prices
EDEKA,"Gut & Günstig Linsen Chips, Paprika",4311501061923,snacks,0.99,2026-08-03,2026-08-30,open-prices
EDEKA,"Gut & Günstig Linsen Chips, Sour Cream",4311501061954,snacks,0.99,2026-05-21,2026-08-30,open-prices
EDEKA,Gut & Günstig Mangos,4311532258255,plant based foods and beverages,1.0,2026-01-05,2026-08-30,open-prices
EDEKA,Gut & Günstig Milchreis Erdbeere,4311596465040,desserts,0.49,2026-01-24,2026-08-30,open-prices
EDEKA,Gut & Günstig Nudelsalat,4311596468256,meals,1.35,2025-11-15,2026-08-30,open-prices
EDEKA,Gut & Günstig Olivenöl Extra Natives,4311596421626,plant based foods and beverages,5.99,2025-12-12,2026-08-30,open-prices
EDEKA,Gut & Günstig POWER CELL AKKU NiMh 950mAh 4xAAA Micro,4311501585603,electronics,4.99,2025-12-02,2026-08-30,open-prices
EDEKA,Gut & Günstig Papiertaschentücher,4311501756379,Lebensmittel,1.49,2026-07-13,2026-08-30,open-prices
EDEKA,"Gut & Günstig Papiertaschentücher (4-lagig, 30 Pack à 10 Stück)",4311536081897,Lebensmittel,2.85,2026-07-13,2026-08-30,open-prices
EDEKA,Gut & Günstig Peanut & Choco,4311501746707,snacks,1.85,2026-02-06,2026-08-30,open-prices
EDEKA,Gut & Günstig Pflaumen getrocknet,4311596453719,plant based foods and beverages,4.99,2026-08-03,2026-08-30,open-prices
EDEKA,Gut & Günstig Pizza Box,4311596464869,plant based foods and beverages,1.99,2025-06-24,2026-08-30,open-prices
EDEKA,Gut & Günstig Raisin blanc sans pepins,4311532672358,Lebensmittel,2.19,2026-04-04,2026-08-30,open-prices
EDEKA,Gut & Günstig Rocket Wassereis,4311501111161,Lebensmittel,2.79,2026-05-02,2026-08-30,open-prices
EDEKA,Gut & Günstig Roggenvollkorn-Knäckebrot mit Sesamsamen,4311501618226,plant based foods and beverages,1.29,2026-02-24,2026-08-30,open-prices
EDEKA,Gut & Günstig Salz - Jod Salz,4311596410828,condiments,0.29,2025-06-07,2026-08-30,open-prices
EDEKA,Gut & Günstig Sandwich Fürst Pückler Art,4311501065303,desserts,1.99,2026-05-29,2026-08-30,open-prices
EDEKA,Gut & Günstig Schinken-Zwiebel Mettwurst,4311596454884,meats and their products,2.18,2026-04-21,2026-08-30,open-prices
EDEKA,Gut & Günstig Schlagsahne,4311501490426,dairies,0.89,2026-04-14,2026-08-30,open-prices
EDEKA,Gut & Günstig Snack Mix Knabbergebäck,4311501687277,Lebensmittel,1.69,2025-06-18,2026-08-30,open-prices
EDEKA,Gut & Günstig Soja Sauce dunkel,4311501050064,condiments,1.49,2025-06-24,2026-08-30,open-prices
EDEKA,Gut & Günstig Sonnenblumen Margarine,4311596042159,plant based foods and beverages,1.49,2025-06-24,2026-08-30,open-prices
EDEKA,"Gut & Günstig Sonnenmais, zart",4311501435229,plant based foods and beverages,0.89,2026-06-18,2026-08-30,open-prices
EDEKA,Gut & Günstig Spaghetti Eis-Dessert,4311501116296,desserts,1.79,2026-05-02,2026-08-30,open-prices
EDEKA,Gut & Günstig Spaghetti Nudeln,4311596410644,plant based foods and beverages,0.79,2025-07-16,2026-08-30,open-prices
EDEKA,"Gut & Günstig Speisekartoffeln, Belana, festkochend",4311527740970,plant based foods and beverages,1.49,2026-02-24,2026-08-30,open-prices
EDEKA,"Gut & Günstig Speisezwiebel, Kl. II",4311527571536,plant based foods and beverages,1.49,2025-11-28,2026-08-30,open-prices
EDEKA,Gut & Günstig Thunfischsalat,4311501153086,meals,0.85,2026-01-23,2026-08-30,open-prices
EDEKA,Gut & Günstig Tortilla Wraps,4311501791127,plant based foods and beverages,1.29,2025-07-31,2026-08-30,open-prices
EDEKA,Gut & Günstig Trauben kernlos,4311527598403,plant based foods and beverages,1.99,2026-05-05,2026-08-30,open-prices
EDEKA,Gut & Günstig Trauben kernlos,4311532331958,plant based foods and beverages,1.11,2025-08-29,2026-08-30,open-prices
EDEKA,Gut & Günstig Trauben kernlos,4311532405383,plant based foods and beverages,1.11,2025-08-29,2026-08-30,open-prices
EDEKA,"Gut & Günstig Trauben, hell, kernlos",4311532524428,plant based foods and beverages,1.99,2025-12-12,2026-08-30,open-prices
EDEKA,Gut & Günstig Vanille Haselnusshörnchen,4311501116883,desserts,1.99,2026-05-02,2026-08-30,open-prices
EDEKA,Gut & Günstig Vanillepuddingpulver,4311501617779,desserts,0.39,2026-05-16,2026-08-30,open-prices
EDEKA,Gut & Günstig Walnusseis mit karamellisierten Walnussstückchen,4311501063774,desserts,2.19,2025-04-19,2026-08-30,open-prices
EDEKA,Gut & Günstig sooo natürlich WC Papier,4311501111260,Lebensmittel,2.69,2026-04-02,2026-08-30,open-prices
EDEKA,Gut und Günstig Backpapier zugeschnitten,4311501373026,Lebensmittel,0.95,2026-01-24,2026-08-30,open-prices
EDEKA,Gut&Günstig Trauben kernlos,4311527579556,Lebensmittel,1.69,2026-01-03,2026-08-30,open-prices
EDEKA,HAUGEN-GRUPPEN AS Olives bio de kalamata entieres,5201671802497,plant based foods and beverages,4.49,2025-08-29,2026-08-30,open-prices
EDEKA,Hachez Chocolate mango chili 77%,4008155021631,snacks,3.99,2025-02-26,2026-08-30,open-prices
EDEKA,Hachez Cocoa De Maracaibo Classic 55%,4008155021457,snacks,3.99,2025-02-26,2026-08-30,open-prices
EDEKA,Hachez Cocoa Premier Cru 88%,4008155021600,snacks,3.99,2025-02-26,2026-08-30,open-prices
EDEKA,Hachez Cocoa Selection,4008155013254,snacks,3.99,2025-02-26,2026-08-30,open-prices
EDEKA,Hachez Cocoa d'Arriba orange,4008155021402,snacks,2.99,2025-02-26,2026-08-30,open-prices
EDEKA,Handgemachte Maultadchen,4260473060048,Lebensmittel,3.84,2026-06-02,2026-08-30,open-prices
EDEKA,Haribo Fruity-Bussi Fruchtgummi mit Schaumzucker Fruchtfüllung,4001686334591,snacks,1.19,2025-02-24,2026-08-30,open-prices
EDEKA,Haribo Jelly Beans,9002975002523,plant based foods and beverages,1.19,2025-02-24,2026-08-30,open-prices
EDEKA,Haribo Milchbären,4001686322628,snacks,1.19,2025-02-24,2026-08-30,open-prices
EDEKA,Haribo Pasta Penne Sauer,4001686009703,Lebensmittel,1.19,2025-02-24,2026-08-30,open-prices
EDEKA,Haribo Saure Pommes,4001686329870,snacks,1.19,2025-02-24,2026-08-30,open-prices
EDEKA,Haribo rainbow,4001686009338,snacks,1.19,2025-02-24,2026-08-30,open-prices
EDEKA,Harry Bio Pures Hafer,4071800061665,plant based foods and beverages,2.59,2025-08-12,2026-08-30,open-prices
EDEKA,Harry EIWEISS BROT,4071800041766,plant based foods and beverages,2.69,2025-12-02,2026-08-30,open-prices
EDEKA,Harry Eiweißbrot,4071800058269,plant based foods and beverages,1.99,2025-05-27,2026-08-30,open-prices
EDEKA,Harry Vital & pur,4071800053462,plant based foods and beverages,1.99,2026-05-16,2026-08-30,open-prices
EDEKA,Harry Vollkorn mit Sonnenblumenkernen,4071800003696,plant based foods and beverages,1.59,2024-12-16,2026-08-30,open-prices
EDEKA,Harzinger Harzer Käse,4002683005200,dairies,1.0,2026-01-31,2026-08-30,open-prices
EDEKA,Heimatgut MikrowellenPopcorn salzig,4260350927549,Lebensmittel,1.09,2026-05-16,2026-08-30,open-prices
EDEKA,Henglein Klöße halb&halb,4001163000148,plant based foods and beverages,1.25,2026-05-02,2026-08-30,open-prices
EDEKA,"Hengstenberg Tomaten, stückig",40081236,plant based foods and beverages,1.29,2025-10-13,2026-08-30,open-prices
EDEKA,Henne & Hahn 6 frische Bio Eier,4005696602152,farming products,3.29,2025-12-02,2026-08-30,open-prices
EDEKA,Herta Fleischwurst,4000582265190,meats and their products,2.44,2026-04-21,2026-08-30,open-prices
EDEKA,Herta Schinken,4000582185290,meats and their products,1.39,2026-05-09,2026-08-30,open-prices
EDEKA,Hidro Fugal Deodorant frisch&stark men,4006000088587,Lebensmittel,3.99,2025-04-30,2026-08-30,open-prices
EDEKA,Hidrofugal classic Anti Transpirant,4006000127767,antitranspirant,6.49,2025-09-27,2026-08-30,open-prices
EDEKA,Hitschies Saure Drachenzungen,4003840008751,snacks,1.49,2026-04-02,2026-08-30,open-prices
EDEKA,Hitschler Bunte Schnüre,4003840008188,Fruchtgummi,1.49,2026-04-02,2026-08-30,open-prices
EDEKA,Hohmann Klassischer Kartoffelsalat,8710506084047,Fertiggerichte,1.81,2026-07-08,2026-08-30,open-prices
EDEKA,Holla Roses Rosen Simba,4024385115995,arts entertainment,5.99,2026-01-23,2026-08-30,open-prices
EDEKA,Homann Kartoffelsalat würzige Art,8710506092752,meals,1.32,2026-04-04,2026-08-30,open-prices
EDEKA,Homann Thunfischsalat,8710506089752,seafood,1.14,2026-01-23,2026-08-30,open-prices
EDEKA,Homann Waldorfsalat,8710506092905,Feinkostsalat,1.37,2026-06-02,2026-08-30,open-prices
EDEKA,Iglo Königs-Gemüse,4250241208772,plant based foods and beverages,3.39,2026-04-18,2026-08-30,open-prices
EDEKA,Iglo Ravioli mit dem Blubb,4250241209298,meals,3.49,2025-12-02,2026-08-30,open-prices
EDEKA,"Jasmin Duftreis, Edeka Bio",4311501704974,plant based foods and beverages,2.49,2025-02-22,2026-08-30,open-prices
EDEKA,"Jever GT-Mobility - Tankstelle , KFZ-Service , Abschlepp- & Bergedienst",4053400257501,beverages and beverages preparations,0.99,2025-02-25,2026-08-30,open-prices
EDEKA,KIMBO il Caffè die Napoli CAFFÉ CREMA CLASSICO,8002200140694,plant based foods and beverages,24.99,2026-04-14,2026-08-30,open-prices
EDEKA,Kamar Sucuk,4008460243056,meats and their products,2.47,2025-05-05,2026-08-30,open-prices
EDEKA,Katem Tzatziki,4260022882015,condiments,1.33,2026-04-14,2026-08-30,open-prices
EDEKA,Katjes Red List Edition,4037400345628,snacks,1.19,2026-04-20,2026-08-30,open-prices
EDEKA,Katjes Winegums,4037400346274,snacks,1.39,2026-04-20,2026-08-30,open-prices
EDEKA,Kleinemas Lachsschinken,4104690826080,meats and their products,3.03,2026-06-02,2026-08-30,open-prices
EDEKA,Knorr Asia Noodles - Chicken Taste,8710522627433,plant based foods and beverages,0.99,2025-08-12,2026-08-30,open-prices
EDEKA,Knorr Pasta Snack Pot Mac&Cheese Jalapeño,8720182396921,plant based foods and beverages,0.99,2025-08-12,2026-08-30,open-prices
EDEKA,Knusprige Haferfleks Klassik Kölln,4000540011050,plant based foods and beverages,2.89,2025-07-10,2026-08-30,open-prices
EDEKA,Krone Bio Graved-Lachs,4064872000120,seafood,1.9,2026-07-27,2026-08-30,open-prices
EDEKA,Krone Fisch Räucher-Lachs,4006451001661,seafood,1.5,2026-07-27,2026-08-30,open-prices
EDEKA,Kölln Knusprige Haferfleks Schoko,4000540091069,plant based foods and beverages,2.89,2025-07-10,2026-08-30,open-prices
EDEKA,Kölln Schoko Müsli,4000540031881,plant based foods and beverages,3.79,2024-08-28,2026-08-30,open-prices
EDEKA,Kölln Zartes Bircher,4000540001549,plant based foods and beverages,2.49,2026-04-04,2026-08-30,open-prices
EDEKA,Kölln Zartes Bircher Müsli,4000540011517,plant based foods and beverages,2.49,2026-04-04,2026-08-30,open-prices
EDEKA,Kühne Ungarische Gurken,40804958,plant based foods and beverages,1.79,2025-12-12,2026-08-30,open-prices
EDEKA,LORENZ Crunchips Salted 150g,4018077004285,plant based foods and beverages,1.99,2026-02-12,2026-08-30,open-prices
EDEKA,Landliebe Joghurt Kirsche,4067517001339,dairies,1.11,2026-01-03,2026-08-30,open-prices
EDEKA,Landliebe Joghurt Vanille,4067517001612,dairies,1.11,2026-01-03,2026-08-30,open-prices
EDEKA,Langnese Capri Das Original,4056100012135,desserts,3.99,2026-04-29,2026-08-30,open-prices
EDEKA,Langnese Cuja Mara Split,8711327584686,desserts,3.99,2026-05-19,2026-08-30,open-prices
EDEKA,Langnese Flutschfinger 8er-Pack,8711327578418,desserts,3.99,2026-05-19,2026-08-30,open-prices
EDEKA,Larsen Edle Matjes Filets mit Zwiebeln,4018344111227,seafood,1.75,2026-03-26,2026-08-30,open-prices
EDEKA,Le Rustique Raclette L'originale 400 g Pro Packung,3176580107617,dairies,3.29,2025-12-23,2026-08-30,open-prices
EDEKA,Leerdammer Caractère - herzhaft-würzig,8721800405360,dairies,1.49,2025-11-07,2026-08-30,open-prices
EDEKA,Leerdammer Léger mild-nussig,8721800405353,dairies,1.49,2025-11-07,2026-08-30,open-prices
EDEKA,Leerdammer extra-fines douces & fondantes 10 tranches 100g,8721800401676,dairies,1.49,2025-11-07,2026-08-30,open-prices
EDEKA,Lieken Brot,4009249023227,plant based foods and beverages,1.3,2026-07-27,2026-08-30,open-prices
EDEKA,Lieken Roggenbäcker,4009249002550,plant based foods and beverages,1.49,2026-06-09,2026-08-30,open-prices
EDEKA,Lieken Urkorn Proteinbrot,4009249044901,plant based foods and beverages,1.75,2026-05-02,2026-08-30,open-prices
EDEKA,Lieken Urkorn Vollkornsaftiges fein,4006170001676,plant based foods and beverages,1.0,2026-03-26,2026-08-30,open-prices
EDEKA,Lindt HELLO Salted Caramel,4000539243202,Lebensmittel,1.59,2025-02-28,2026-08-30,open-prices
EDEKA,Lorenz Naturals - Meersalz und Pfeffer,4018077714313,plant based foods and beverages,2.19,2026-02-12,2026-08-30,open-prices
EDEKA,Lorenz Naturals Balsamico,4018077714054,plant based foods and beverages,2.19,2025-02-26,2026-08-30,open-prices
EDEKA,Lorenz Naturals Chips &quot;fein gesalzen&quot;,4018077714351,plant based foods and beverages,2.19,2026-01-29,2026-08-30,open-prices
EDEKA,Lukull Sauce Béarnaise Besonders cremig,8711200457298,condiments,2.29,2025-08-29,2026-08-30,open-prices
EDEKA,Lukull Sauce Hollandaise,8714100890363,condiments,2.29,2025-08-29,2026-08-30,open-prices
EDEKA,MUTTI tomatenpulp,80042556,plant based foods and beverages,1.49,2026-05-06,2026-08-30,open-prices
EDEKA,Mars extra Professional White Citrus,4009900544078,snacks,3.59,2025-08-12,2026-08-30,open-prices
EDEKA,Marziale Coolinaria Antipasti,4260154620202,plant based foods and beverages,2.25,2026-01-31,2026-08-30,open-prices
EDEKA,Marziale Coolinaria RAVIOLI PLIN AL PESTO,4260154260071,plant based foods and beverages,3.35,2026-06-02,2026-08-30,open-prices
EDEKA,Marziale Ravioli prosciutto e formaggio,4260154260118,meals,3.35,2026-06-02,2026-08-30,open-prices
EDEKA,Marziale TORTELLONI AI POMODORI SECCHI &quot;MOZZARELLA DI BUFALA CAMPANA DOP&quot;,4058898100070,plant based foods and beverages,3.14,2026-06-09,2026-08-30,open-prices
EDEKA,Marziale Tortellini al Carciofi,4058898100056,meals,3.79,2026-06-09,2026-08-30,open-prices
EDEKA,Meggle Feine Butter,40349558,dairies,0.99,2026-04-04,2026-08-30,open-prices
EDEKA,Milchwerke Schwaben eG Цедено кисело мляко 10%,4028900004702,dairies,2.99,2024-09-07,2026-08-30,open-prices
EDEKA,Milka Mmmax Mandel Karamell,7622210732507,snacks,2.99,2025-11-28,2026-08-30,open-prices
EDEKA,Miree - Paprika-Chili,40193052,dairies,1.11,2026-01-17,2026-08-30,open-prices
EDEKA,Mit Herz gemacht Delikatess Fleischsalat hauchdünne Streifen,4314011030274,meats and their products,1.14,2026-04-13,2026-08-30,open-prices
EDEKA,Mövempick Schwarzwälder Kirsch,4008211006602,Lebensmittel,1.99,2026-05-22,2026-08-30,open-prices
EDEKA,Mövenpick Bourbon-Vanille-Eis,7613036107365,desserts,1.79,2026-04-29,2026-08-30,open-prices
EDEKA,Mövenpick Cookie Dough Eis,4008211005124,desserts,1.69,2026-04-02,2026-08-30,open-prices
EDEKA,Müller Protein Mousse Vanille,4025500274887,Lebensmittel,1.89,2024-12-16,2026-08-30,open-prices
EDEKA,Müller Thurgau Müller-Thurgau Weißwein,4311605492531,beverages and beverages preparations,1.99,2026-04-18,2026-08-30,open-prices
EDEKA,Müllermilch High Protein Coco Schoko,42454120,beverages and beverages preparations,1.89,2025-06-18,2026-08-30,open-prices
EDEKA,Nabio Kokos Tonka,4013182020908,susse brotaufstriche,2.99,2026-05-16,2026-08-30,open-prices
EDEKA,Nadler Hering in Gelee,4021900012456,seafood,1.35,2026-02-07,2026-08-30,open-prices
EDEKA,Nestlé Smarties,40345512,snacks,2.79,2026-04-02,2026-08-30,open-prices
EDEKA,Nissin CUP NOODLES Curry,5997523313050,plant based foods and beverages,1.29,2025-04-30,2026-08-30,open-prices
EDEKA,Nordsee Fischfrikadellen,4030800078943,seafood,2.44,2026-02-21,2026-08-30,open-prices
EDEKA,Nordzucker AG Krustenkandis,4008671025205,beverages and beverages preparations,2.29,2025-02-22,2026-08-30,open-prices
EDEKA,Nordzucker AG Rohrzucker weiß,4008671816476,Lebensmittel,1.59,2025-02-22,2026-08-30,open-prices
EDEKA,ORO DI PARMA Pizzasauce Pikant,4008100168237,condiments,1.29,2025-07-26,2026-08-30,open-prices
EDEKA,Oberschwäbische Land-nudeln,4000398254128,plant based foods and beverages,2.99,2025-02-24,2026-08-30,open-prices
EDEKA,Original,4005249007120,Lebensmittel,1.19,2025-10-06,2026-08-30,open-prices
EDEKA,Original Wagner Pizza MiniesPizzies Salami,7613030063773,frozen foods,3.49,2025-02-24,2026-08-30,open-prices
EDEKA,Original Wagner Pizzabrot Rustipani dunkles Ofenbrot Elsässer Art,7613035507340,meals,2.29,2025-02-24,2026-08-30,open-prices
EDEKA,Original Wagner Rustipani Dunkles Ofenbrot Pilz-Trio,7613287904898,frozen foods,2.29,2025-02-24,2026-08-30,open-prices
EDEKA,Original Wagner Rustipani Hähnchen,7613034854957,frozen foods,2.29,2025-02-25,2026-08-30,open-prices
EDEKA,Original Wagner Steinofen Pizzies,7613030060543,frozen foods,3.49,2025-02-24,2026-08-30,open-prices
EDEKA,Ostmann Chili con Carne Gewürzmischung,4002674041460,plant based foods and beverages,2.49,2025-06-07,2026-08-30,open-prices
EDEKA,Pahmeyer Rösti,4260177784967,plant based foods and beverages,2.49,2025-04-30,2026-08-30,open-prices
EDEKA,Patros Natur,4002671151353,dairies,1.79,2026-03-13,2026-08-30,open-prices
EDEKA,Paulaner Spezi,4066600603405,beverages and beverages preparations,1.39,2026-07-13,2026-08-30,open-prices
EDEKA,Philadelphia Cottage Cheese,7622210927408,dairies,0.99,2026-04-04,2026-08-30,open-prices
EDEKA,Picandou Picandine en Périgord,3184670016930,dairies,2.63,2026-07-08,2026-08-30,open-prices
EDEKA,Pinkus spezial,4023216000028,beverages,1.29,2025-11-15,2026-08-30,open-prices
EDEKA,Popp Brotaufstrich Ei-Bacon,4045800503265,spreads,1.12,2026-06-02,2026-08-30,open-prices
EDEKA,Popp Brotaufstrich Geflügelsalat,4045800229264,meals,0.95,2026-01-31,2026-08-30,open-prices
EDEKA,Reichenauer Salatsoße,4250230854638,gewurzmittel,4.49,2025-12-30,2026-08-30,open-prices
EDEKA,Ritter Sport Marzipan,4000417602510,snacks,1.11,2025-12-16,2026-08-30,open-prices
EDEKA,Ritter Sport Nugat,4000417602619,snacks,1.11,2025-12-16,2026-08-30,open-prices
EDEKA,Ritter Sport Rum Trauben Nuss Schokolade,4000417601216,snacks,1.11,2025-12-16,2026-08-30,open-prices
EDEKA,Rosenkohl,8720648857966,plant based foods and beverages,0.99,2026-02-24,2026-08-30,open-prices
EDEKA,Rothe Deutsches Corned Beef 200g,4017984045756,meals,5.29,2025-02-25,2026-08-30,open-prices
EDEKA,Rothe Kräuterfleischsalat,4017984055427,meats and their products,3.19,2025-02-28,2026-08-30,open-prices
EDEKA,Rougette Ofenkäse - Gyros Style,4000504102916,Lebensmittel,1.85,2026-05-23,2026-08-30,open-prices
EDEKA,Rügenwalder Frikadellen,4000405002612,meats and their products,1.4,2025-11-15,2026-08-30,open-prices
EDEKA,Rügenwalder Mühle Vegane Mühlen Fischstäbchen,4000405003206,meat alternatives,3.29,2025-12-04,2026-08-30,open-prices
EDEKA,Rügenwalder Vegane Pommersche - Schnittlauch,4000405002360,plant based foods and beverages,2.49,2025-07-16,2026-08-30,open-prices
EDEKA,Saft,5038862006101,beverages and beverages preparations,1.0,2025-04-30,2026-08-30,open-prices
EDEKA,Saint Agur Edler Blauschimmelkäse aus Frankreich,3341504003935,dairies,2.29,2026-06-02,2026-08-30,open-prices
EDEKA,Salakis Schafskäse,3023260033424,dairies,1.99,2026-04-14,2026-08-30,open-prices
EDEKA,SanLucar Naschtomaten,8430631143777,plant based foods and beverages,2.22,2025-12-30,2026-08-30,open-prices
EDEKA,SanLucar Paradies-Trauben,8430631660465,plant based foods and beverages,2.99,2026-04-04,2026-08-30,open-prices
EDEKA,SanLucar Zitrone,8430631256897,plant based foods and beverages,1.29,2025-08-29,2026-08-30,open-prices
EDEKA,Saupiquet Fisch Thunfisch Naturale ohne Öl,3165957380012,seafood,2.99,2024-11-07,2026-08-30,open-prices
EDEKA,Schumacher GmbH Avocado 2 Stück,4003721010989,plant based foods and beverages,0.99,2025-11-07,2026-08-30,open-prices
EDEKA,Schumacher GmbH Avocado 2 Stück,4003721010965,plant based foods and beverages,1.0,2025-04-22,2026-08-30,open-prices
EDEKA,Schumacher GmbH Avocado Hass,4003721010972,plant based foods and beverages,1.29,2025-07-25,2026-08-30,open-prices
EDEKA,Schwarzwaldhof Rohschinken in Streifen,4314124702655,meats and their products,2.0,2025-05-21,2026-08-30,open-prices
EDEKA,Schwarzwaldhof roh geräucherte Schinkenstreifen,4314124702402,meats and their products,2.99,2026-04-04,2026-08-30,open-prices
EDEKA,Schwarzwaldmilch Sauerrahm,4046700014363,dairies,0.4,2026-05-02,2026-08-30,open-prices
EDEKA,Schweppes Ginger Ale Zero,4000140711947,beverages and beverages preparations,1.69,2025-11-15,2026-08-30,open-prices
EDEKA,Seitenbacher Müsli 508 Dinos Frühstück,4008391051508,plant based foods and beverages,5.99,2025-08-20,2026-08-30,open-prices
EDEKA,Seitenbacher Protein Schoko,4008391005679,breakfasts,4.99,2025-04-30,2026-08-30,open-prices
EDEKA,Settele Gemüsemaultaschen,4006986005189,meals,1.14,2025-11-15,2026-08-30,open-prices
EDEKA,Settele Leberspätzle,4006986025101,meats and their products,2.79,2026-01-03,2026-08-30,open-prices
EDEKA,Settele Spinat-Spätzle,4006986015102,plant based foods and beverages,1.5,2025-11-15,2026-08-30,open-prices
EDEKA,Signature Foods Pellkartoffelsalat mit Ei & Gurke,8710506084016,meals,1.3,2026-05-02,2026-08-30,open-prices
EDEKA,Simply V Mild verfeinert mit Mandelöl,4260444962951,plant based foods and beverages,2.79,2025-06-24,2026-08-30,open-prices
EDEKA,Somersby Sommersby- Zero Apfel Cider (alkoholfrei),42440840,beverages and beverages preparations,1.49,2026-05-16,2026-08-30,open-prices
EDEKA,Somersby Yuzu & Lemon,42440833,beverages and beverages preparations,1.49,2026-05-16,2026-08-30,open-prices
EDEKA,Spezial Hell,4013024000211,beverages and beverages preparations,1.19,2025-12-12,2026-08-30,open-prices
EDEKA,"Spitzpaprika, rot, Kl. I",8438002008373,plant based foods and beverages,1.59,2025-12-16,2026-08-30,open-prices
EDEKA,Steinhaus Tomaten - Mozzarella - Tortelli,4009337902083,plant based foods and beverages,1.4,2025-11-15,2026-08-30,open-prices
EDEKA,Storck Lachgummi Fluffies,4014400934168,gumny candies,1.29,2025-02-24,2026-08-30,open-prices
EDEKA,Strähl Fondue Classic,7610617400044,dairies,3.49,2025-12-16,2026-08-30,open-prices
EDEKA,Sweet Familie Roh-Rohrzucker,4770074733512,sweeteners,2.19,2025-02-22,2026-08-30,open-prices
EDEKA,Sweet Family Rohrzucker,4770074023934,sweeteners,1.19,2025-02-22,2026-08-30,open-prices
EDEKA,TROLLIS,4000512463429,snacks,1.09,2026-04-02,2026-08-30,open-prices
EDEKA,Thanninger Freiheit 10 Eier,4260089830011,farming products,3.29,2025-12-16,2026-08-30,open-prices
EDEKA,Thanninger Freiheit Das Bayerische Ei,4260089830035,plant based foods and beverages,2.99,2026-04-14,2026-08-30,open-prices
EDEKA,Thomy Sauce Hollandaise,40057705,condiments,1.69,2026-05-09,2026-08-30,open-prices
EDEKA,Tomatenmark-Oro di Parma Tomatenmark mit Knoblauch 200g,40081076,plant based foods and beverages,1.29,2025-11-28,2026-08-30,open-prices
EDEKA,Trolli Apelringe,4000512463443,snacks,1.09,2025-02-24,2026-08-30,open-prices
EDEKA,Trolli Dinorex,4000512463634,snacks,1.09,2025-02-24,2026-08-30,open-prices
EDEKA,Trolli Pfirsich Ringe,4000512463436,snacks,1.09,2025-02-25,2026-08-30,open-prices
EDEKA,Tulip Bacon Scheiben,5762385038218,meats and their products,1.39,2026-04-04,2026-08-30,open-prices
EDEKA,Unibev Loops - Strawberry Cheesecake,4260705332981,plant based foods and beverages,3.99,2025-10-17,2026-08-30,open-prices
EDEKA,Unsere Heimat Bio Frische Eierspätzle,4313920019530,plant based foods and beverages,1.65,2026-04-04,2026-08-30,open-prices
EDEKA,"Unsere Heimat Frische Bio-Heumilch g.t.S. Fettarm 1,8 % Fett",4313920014313,dairies,0.95,2026-04-18,2026-08-30,open-prices
EDEKA,Unsere Heimat Frische Weidemilch,4313920015884,dairies,1.11,2025-12-30,2026-08-30,open-prices
EDEKA,Unsere Heimat Pastinaken,4064102017041,frische pastinaken,1.99,2026-02-21,2026-08-30,open-prices
EDEKA,Valensina Mildes-Frühstück Multi-Vitamin,4009491022023,beverages and beverages preparations,2.49,2026-04-02,2026-08-30,open-prices
EDEKA,"Veltins Helles Pülleken (5,2%)",42462989,beverages and beverages preparations,0.79,2025-10-06,2026-08-30,open-prices
EDEKA,"Veltins Pilsener (4,8%)",4005249001142,beverages and beverages preparations,0.95,2025-02-25,2026-08-30,open-prices
EDEKA,Violife Mozzarella Geschmack gerieben,5202390031090,plant based foods and beverages,3.29,2025-07-10,2026-08-30,open-prices
EDEKA,Violife Vioblock,8719200203440,plant based foods and beverages,2.29,2025-12-04,2026-08-30,open-prices
EDEKA,Vita malz Malzbier,4001568200525,getranke,0.79,2025-02-28,2026-08-30,open-prices
EDEKA,Viči Surimi in Jumbo Garnelenform,4770190066907,seafood,1.9,2026-04-13,2026-08-30,open-prices
EDEKA,WALTER POPP's Fleischsalat,4045800235258,meats and their products,1.39,2026-06-09,2026-08-30,open-prices
EDEKA,WZG  Württembergische Weingärtner Zentralgenossenschaft e.G. D-71696 Möglingen Schillerwein,4006840101002,beverages and beverages preparations,2.99,2025-12-30,2026-08-30,open-prices
EDEKA,Wagner Rustipani Salami,7613034854452,frozen foods,2.29,2025-02-24,2026-08-30,open-prices
EDEKA,Waitrose Korean Chicken,3760386469194,Lebensmittel,8.49,2025-08-12,2026-08-30,open-prices
EDEKA,Warsteiner Pilsener,4000856003688,beverages and beverages preparations,0.95,2025-02-25,2026-08-30,open-prices
EDEKA,Weideglück Donautaler,4028900047204,dairies,1.25,2026-02-21,2026-08-30,open-prices
EDEKA,"Weideglück Joghurt 3,5% Fett",4028900004641,dairies,2.59,2024-09-07,2026-08-30,open-prices
EDEKA,"Weihenstephan Alpenmilch 1,5% Fett",4008452010031,beverages and beverages preparations,0.85,2026-01-20,2026-08-30,open-prices
EDEKA,Weihenstephan Butter,4008452010222,dairies,1.11,2026-03-06,2026-08-30,open-prices
EDEKA,Weihenstephan Milch 3.5%,4008452010017,beverages and beverages preparations,1.19,2026-03-12,2026-08-30,open-prices
EDEKA,Weihenstephan Rahmjoghurt Kokos Mandel-Creme,4008452044920,Lebensmittel,0.5,2026-03-06,2026-08-30,open-prices
EDEKA,Weihenstephan Rahmjogurt - Walnuss,4008452037717,dairies,0.5,2026-05-02,2026-08-30,open-prices
EDEKA,Weiss Oblaten Lebkuchen schokoliert,4003160340807,plant based foods and beverages,1.99,2025-11-14,2026-08-30,open-prices
EDEKA,"Wiesenhof Geflügel Wiener, Geflügel",4019467466706,meats and their products,2.39,2025-10-23,2026-08-30,open-prices
EDEKA,Wiesenhof Geflügel-Mortadella - Paprika,4019467483505,meats and their products,1.19,2025-05-21,2026-08-30,open-prices
EDEKA,Wiesenhof Gegrillte Geflügel Brühwurst,4019467437904,meats and their products,0.85,2025-04-22,2026-08-30,open-prices
EDEKA,Wurstsalatkäse BAUHOFERS,4035514090328,dairies,1.25,2025-10-23,2026-08-30,open-prices
EDEKA,Xucker Nuss-nougat creme,4260248062000,breakfasts,10.99,2025-07-26,2026-08-30,open-prices
EDEKA,Xucker Pistazien-Kokos-creme,4260248062079,Lebensmittel,11.49,2025-07-26,2026-08-30,open-prices
EDEKA,Xuker Zartbitter Kakao creme,4260248064622,breakfasts,8.19,2025-07-26,2026-08-30,open-prices
EDEKA,Zahnpasta Aronal + Elmex,8718951032644,hygiene,6.45,2026-04-22,2026-08-30,open-prices
EDEKA,Zentis Erdnussbutter Crunchy,4002575610659,plant based foods and beverages,1.99,2025-08-23,2026-08-30,open-prices
EDEKA,Zespri Sungold Kiwi,94001129,plant based foods and beverages,0.77,2025-08-12,2026-08-30,open-prices
EDEKA,Zuivelhoeve Duo high protein pudding vanille schoko,8711399022031,dairies,1.29,2025-01-22,2026-08-30,open-prices
EDEKA,ahead Crazy Pistachio,4260562944839,plant based foods and beverages,2.49,2025-10-23,2026-08-30,open-prices
EDEKA,ahead Low Sugar Gummies,4260562940916,snacks,1.79,2025-10-23,2026-08-30,open-prices
EDEKA,ahead fruit spread Himbeere,4260562944051,Lebensmittel,3.99,2026-05-16,2026-08-30,open-prices
EDEKA,ahead sweet peaches,4260562940923,snacks,1.79,2025-10-23,2026-08-30,open-prices
EDEKA,"albi Saft, Pfirsich-Maracuja",4003240939006,beverages and beverages preparations,2.69,2025-02-25,2026-08-30,open-prices
EDEKA,alpro High Protein Soja Drink,5411188130031,beverages and beverages preparations,1.49,2025-08-12,2026-08-30,open-prices
EDEKA,alpro Skyr Alternative Mango aus Soja,5411188128625,plant based foods and beverages,1.49,2025-04-30,2026-08-30,open-prices
EDEKA,alpro Skyr Alternative Vanille aus Soja,5411188128601,plant based foods and beverages,1.99,2025-01-22,2026-08-30,open-prices
EDEKA,alpro Zitrone Limette aus Soja,5411188138013,plant based foods and beverages,2.19,2026-05-16,2026-08-30,open-prices
EDEKA,althues Landeier für Genießer,4260178666057,farming products,4.99,2025-04-30,2026-08-30,open-prices
EDEKA,bree Sauvignon Blanc,4062073033633,beverages and beverages preparations,2.99,2025-07-25,2026-08-30,open-prices
EDEKA,d'arbo Holler Zwetschken Konfitüre,9001432037474,plant based foods and beverages,2.79,2026-02-06,2026-08-30,open-prices
EDEKA,eier,4005696402158,Lebensmittel,2.49,2024-12-16,2026-08-30,open-prices
EDEKA,elkos DentaMax,4311501659526,zahnpflege,0.85,2025-08-23,2026-08-30,open-prices
EDEKA,elmex sanftes weiss,8714789899299,toothpaste,4.79,2025-10-17,2026-08-30,open-prices
EDEKA,fritz-kola,4260107222262,beverages and beverages preparations,1.99,2025-02-28,2026-08-30,open-prices
EDEKA,funny-frisch Kesselchips Sweet Chili & Red Pepper,4003586002914,plant based foods and beverages,2.49,2025-02-27,2026-08-30,open-prices
EDEKA,gut&günstig Margarine,4311501103210,plant based foods and beverages,1.49,2025-06-24,2026-08-30,open-prices
EDEKA,hitschler Hitschies,4100250006534,snacks,1.79,2026-04-02,2026-08-30,open-prices
EDEKA,iglo Penne Creme Spinaci,4250241206808,frozen foods,3.49,2025-08-23,2026-08-30,open-prices
EDEKA,iglo Tagliatelle Pilz-Pfanne,4250241206778,plant based foods and beverages,3.49,2025-12-02,2026-08-30,open-prices
EDEKA,lukull,8711200457274,condiments,2.29,2025-08-29,2026-08-30,open-prices
EDEKA,müller Kalinka Kefir Fettarm Mild Pur,4025500287955,beverages and beverages preparations,1.39,2025-01-22,2026-08-30,open-prices
EDEKA,true fruits Smoothie Yellow,4260122390014,beverages and beverages preparations,2.79,2025-02-25,2026-08-30,open-prices
EDEKA,wertvoll food Mango Fruchtaufstrich,4054600131516,plant based foods and beverages,3.29,2025-05-27,2026-08-30,open-prices
EDEKA,"Äpfel Elstar, Kl. I",4260185655587,plant based foods and beverages,2.49,2025-11-28,2026-08-30,open-prices
EDEKA,ültje Erdnüsse pikant gewürzt,4004980514003,plant based foods and beverages,1.99,2026-04-18,2026-08-30,open-prices
EDEKA,ültje Kessel Nüsse Paprika,4004980516809,plant based foods and beverages,1.99,2026-04-14,2026-08-30,open-prices
EDEKA,žemaitijos pienas Quark bar strawberry flavour,4770299402583,snacks,0.69,2026-05-16,2026-08-30,open-prices
HIT,2 Filegro - Rosmarin-Zitrone,4250241200714,seafood,2.99,2024-05-28,2026-08-30,open-prices
HIT,Agrieuropa Feldsalat,3760308500035,plant based foods and beverages,1.19,2024-04-06,2026-08-30,open-prices
HIT,Alnatura GmbH Kichererbsen getrocknet,4104420022683,plant based foods and beverages,1.99,2024-02-24,2026-08-30,open-prices
HIT,Alnatura Himalaya Basmati Vollkorn Reis,4104420018426,plant based foods and beverages,2.99,2024-02-24,2026-08-30,open-prices
HIT,Alnatura Quinoa,4104420215313,plant based foods and beverages,3.49,2024-02-24,2026-08-30,open-prices
HIT,Bioerbe Tempranillo,4003301034589,beverages and beverages preparations,3.49,2024-04-06,2026-08-30,open-prices
HIT,Biorebe Chardonnay 2021,4003301018459,beverages and beverages preparations,3.49,2024-04-06,2026-08-30,open-prices
HIT,Biorebe Pinot Grigio 2019,4003301055621,beverages,3.49,2024-04-06,2026-08-30,open-prices
HIT,Bittenfelder Spezialitäten Biramost,4007452000318,beverages and beverages preparations,1.65,2023-09-23,2026-08-30,open-prices
HIT,Cape White Seedless Grapes,6006258002388,plant based foods and beverages,1.99,2024-04-06,2026-08-30,open-prices
HIT,Cramele Recas PINOT GRIGIO,5942084505130,beverages and beverages preparations,2.99,2024-04-06,2026-08-30,open-prices
HIT,De Cecco Penne Rigate nº 41,8001250120410,plant based foods and beverages,1.49,2024-01-02,2026-08-30,open-prices
HIT,EDEKA Oryza Natur Reis 250g 1.29€ 1kg 5.16€,4006237630016,plant based foods and beverages,1.19,2024-01-02,2026-08-30,open-prices
HIT,EDEKA Wein Doppio Passo Weißwein 750ml 4.99€ 1l 6.65€,4002859121314,beverages and beverages preparations,4.99,2024-03-02,2026-08-30,open-prices
HIT,Eduscho Lieblingskaffee,4061445293514,beverages and beverages preparations,3.99,2024-02-24,2026-08-30,open-prices
HIT,Eilles Coffee,4006581021119,beverages and beverages preparations,4.65,2024-04-06,2026-08-30,open-prices
HIT,Eilles Kaffee Gourmet,4006581020006,beverages and beverages preparations,4.65,2024-04-06,2026-08-30,open-prices
HIT,Essity Tempo Taschentücher,7322540788709,home garden,2.99,2024-04-06,2026-08-30,open-prices
HIT,Fuchs-Gruppe Wacholderbeeren,4002674076004,Lebensmittel,3.29,2024-04-06,2026-08-30,open-prices
HIT,GAEA B.o.p. Ext.zuivere Olijfo. Sitia,5201671001104,plant based foods and beverages,10.99,2024-04-06,2026-08-30,open-prices
HIT,Hall Ltd. Avocado Netz,5060199511140,plant based foods and beverages,1.89,2024-05-27,2026-08-30,open-prices
HIT,"Hengstenberg Balsamico-Essig, weiß",4008100120549,condiments,2.79,2024-04-06,2026-08-30,open-prices
HIT,Hengstenberg Essig - Klassischer Weißwein Essig,4008100120167,condiments,1.59,2024-04-06,2026-08-30,open-prices
HIT,Hengstenberg Essig mit Walnuss,4008100120181,condiments,2.79,2024-04-06,2026-08-30,open-prices
HIT,Hengstenberg Essiggurken Polnische Art,4008100141568,plant based foods and beverages,1.99,2024-04-06,2026-08-30,open-prices
HIT,"Hengstenberg Gewürzgurken, scharf-würzig",4008100141605,plant based foods and beverages,1.99,2024-04-06,2026-08-30,open-prices
HIT,Hengstenberg KNAX Gewürzgurken,40081410,plant based foods and beverages,1.99,2024-04-06,2026-08-30,open-prices
HIT,Hengstenberg Knax Gurken,4008100141612,plant based foods and beverages,1.99,2024-04-06,2026-08-30,open-prices
HIT,Hengstenberg Rotkohl,4008100173460,plant based foods and beverages,2.19,2024-04-06,2026-08-30,open-prices
HIT,Hengstenberger Rotweinessig,4008100120068,condiments,1.59,2024-04-06,2026-08-30,open-prices
HIT,Idee Kaffee Kaffee Klassische Röstung,4006581071466,beverages and beverages preparations,4.65,2024-04-06,2026-08-30,open-prices
HIT,Ja! Müllbeutel Bio Kompost Beutel,4337256316132,Lebensmittel,1.55,2024-01-02,2026-08-30,open-prices
HIT,Kerrygold Irische Butter gesalzen,4001954161294,plant based foods and beverages,1.69,2024-05-28,2026-08-30,open-prices
HIT,Kerrygold Original irische Butter,4001954161010,dairies,1.69,2024-05-27,2026-08-30,open-prices
HIT,Maybach Chardonnay trocken,4003301081835,beverages and beverages preparations,2.99,2024-05-27,2026-08-30,open-prices
HIT,Maybach Grauburgunder,4003301055546,beverages and beverages preparations,3.33,2024-02-24,2026-08-30,open-prices
HIT,Maybach Riesling trocken 4003301051340 Riesling  2023 trocken Deutschland Pfalz,4003301051340,beverages and beverages preparations,3.33,2024-02-24,2026-08-30,open-prices
HIT,Maybach Sauvignon Blanc Weißwein,4003301058486,beverages and beverages preparations,2.99,2024-05-27,2026-08-30,open-prices
HIT,Mazzetti Essig,8006050120653,condiments,2.99,2024-01-02,2026-08-30,open-prices
HIT,Mazzetti Essig - Bianco Condimento,4008934280402,condiments,2.99,2024-01-02,2026-08-30,open-prices
HIT,Mazzetti Essig Balsamico rot,4008934281010,condiments,2.99,2024-01-02,2026-08-30,open-prices
HIT,Melitta Melita Filtertüten,4006508206810,beverages and beverages preparations,1.99,2024-03-02,2026-08-30,open-prices
HIT,Mumm & Co. Sekt Dry Mumm & Co,4011900511103,beverages and beverages preparations,3.99,2024-05-27,2026-08-30,open-prices
HIT,Mumm Sekt Rosé Dry,4011900518102,beverages and beverages preparations,3.99,2024-05-27,2026-08-30,open-prices
HIT,"Mumm Sekt, Jahrgang Dry, alkoholfrei",4011900670015,beverages and beverages preparations,3.99,2024-05-27,2026-08-30,open-prices
HIT,Müller's Mühle Gelbe Schälerbsen,4000286217037,plant based foods and beverages,1.0,2024-01-02,2026-08-30,open-prices
HIT,Müller's Mühle Grüne Erbsen,4000286216993,plant based foods and beverages,1.0,2024-12-24,2026-08-30,open-prices
HIT,Müller's Mühle Tellerlinsen,4000286216979,plant based foods and beverages,1.0,2024-01-02,2026-08-30,open-prices
HIT,Ostmann Kurkuma,4002674073249,plant based foods and beverages,3.49,2024-04-06,2026-08-30,open-prices
HIT,Ostmann Pfeffer weiß ganze Körner,4002674054699,plant based foods and beverages,2.09,2024-04-06,2026-08-30,open-prices
HIT,PLANET NATURE BIO SCHWARZE BOHNEN Haricorts noirs biologique,4260192847128,plant based foods and beverages,3.79,2024-02-24,2026-08-30,open-prices
HIT,Planet Nature Sojabohnen,4260192847159,gelbe sojabohnen,2.99,2024-04-06,2026-08-30,open-prices
HIT,Planet Nature Weisse Bohnen,4260192847258,plant based foods and beverages,3.79,2024-02-24,2026-08-30,open-prices
HIT,Romtomaten,4055379056604,plant based foods and beverages,1.15,2024-04-06,2026-08-30,open-prices
HIT,Rotkäppchen Dornfelder Halbtrocken Rotwein,4014741380228,beverages and beverages preparations,3.49,2024-05-27,2026-08-30,open-prices
HIT,Rotwild Dornfelder trocken,4003301027468,beverages and beverages preparations,2.99,2024-04-06,2026-08-30,open-prices
HIT,Saupiquet RIO mare Thunfisch-Filets ohne Öl,3165955527013,seafood,2.22,2024-04-06,2026-08-30,open-prices
HIT,Saupiquet Thunfisch & Knoblauch,3165950054019,seafood,3.19,2024-05-28,2026-08-30,open-prices
HIT,Saupiquet Thunfisch Brotaufstrich,3165950052015,seafood,3.19,2023-09-23,2026-08-30,open-prices
HIT,"Schwarzwaldmilch Heumilch bio 3,8%",4046700026281,dairies,1.89,2024-05-27,2026-08-30,open-prices
HIT,Teinacher Classic,4051913100581,beverages and beverages preparations,0.53,2023-09-23,2026-08-30,open-prices
HIT,Teinacher Medium Wasser,4009228023040,beverages and beverages preparations,0.48,2024-04-06,2026-08-30,open-prices
HIT,Wein Rotkäppchen Spätburgunder,4014741380310,beverages and beverages preparations,3.49,2024-05-27,2026-08-30,open-prices
HIT,ja Apfelrotkohl,4337256287807,plant based foods and beverages,1.19,2024-04-06,2026-08-30,open-prices
HIT,ja! Natives Olivenöl Extra,4337256625784,plant based foods and beverages,8.99,2024-04-06,2026-08-30,open-prices
HIT,rossmann Alnatura Flohsamen 250g 3.69€ 1kg 14.76€,4104420216709,plant based foods and beverages,3.69,2024-02-24,2026-08-30,open-prices
Kaufland,2 Beutel Ebly Zartweizen,3487400000415,plant based foods and beverages,2.59,2025-08-01,2026-08-30,open-prices
Kaufland,ALDI PFANNER Fruchtsaftgetränk jahodovo jablečný džus,9006900205690,beverages and beverages preparations,1.0,2026-07-31,2026-08-30,open-prices
Kaufland,Abtei Vitamin D3 2500 I.E. + Zink + Selen,4250752206496,dietary supplements,4.25,2026-07-14,2026-08-30,open-prices
Kaufland,Aerzener Eiweiß-Toastbrötchen,4100550502101,plant based foods and beverages,1.69,2026-08-25,2026-08-30,open-prices
Kaufland,Alaska seelachs,4013276160954,seafood,3.29,2026-08-06,2026-08-30,open-prices
Kaufland,Allfein Feinkost Hot Dog Danish Style,4045992129625,meals,1.99,2024-04-20,2026-08-30,open-prices
Kaufland,Almighurt laktosefrei - Bourbon-Vanille,4002971013306,dairies,0.89,2026-08-06,2026-08-30,open-prices
Kaufland,Alpia Schokolade,,Angebot · schokolade,1.0,2026-08-26,2026-08-30,marktguru-offers
Kaufland,Andechser  Natur Haltbare Bio-Ziegenmilch,4104060031526,beverages and beverages preparations,3.39,2025-06-28,2026-08-30,open-prices
Kaufland,"Andechser Natur Andechser Bio Milch 1,5% Fett",4104060028342,dairies,1.79,2026-08-11,2026-08-30,open-prices
Kaufland,Andechser Natur Bio-Joghurt,,Angebot · joghurt,1.39,2026-08-26,2026-08-30,marktguru-offers
Kaufland,Aoste Tapas Chorizo,,Angebot · wurst,3.99,2026-08-26,2026-08-30,marktguru-offers
Kaufland,Appenzeller Switzerland Kräftig-Würzig,,Angebot · käse,2.22,2026-08-26,2026-08-30,marktguru-offers
Kaufland,Argeta Aufstrich,,Angebot · salat,1.0,2026-08-26,2026-08-30,marktguru-offers
Kaufland,Ariel Vollwaschmittel,,Angebot · waschmittel,15.99,2026-08-26,2026-08-30,marktguru-offers
Kaufland,Arla Foods Frappuccino - Sweet Creamy Coffee,5760466997225,beverages and beverages preparations,2.59,2026-08-24,2026-08-30,open-prices
Kaufland,Arla Frische Weidemilch 1.5% Fett,4016241013231,dairies,1.89,2026-08-05,2026-08-30,open-prices
Kaufland,Arla Skyr,,Angebot · joghurt,1.49,2026-08-26,2026-08-30,marktguru-offers
Kaufland,BAHLSEN Pick up Original,4017100282812,snacks,3.29,2026-08-18,2026-08-30,open-prices
Kaufland,BARILLA COLLEZIONE Fusilli,8076802085981,plant based foods and beverages,1.99,2026-08-25,2026-08-30,open-prices
Kaufland,BELLAVITANO,4003362032869,Lebensmittel,5.99,2026-07-31,2026-08-30,open-prices
Kaufland,BEN’S ORIGINAL Express-Reis Express-Reis Basmati,3487400006325,plant based foods and beverages,2.29,2025-08-01,2026-08-30,open-prices
Kaufland,Bahlsen Jaffa Cakes Orange,4017100449116,snacks,1.99,2026-08-22,2026-08-30,open-prices
Kaufland,Balconi Rollino Latte,8001585001323,snacks,1.49,2026-07-14,2026-08-30,open-prices
Kaufland,Bamboo Garden Fischsauce,4023900545804,Lebensmittel,2.29,2026-08-03,2026-08-30,open-prices
Kaufland,Bamboo Garden Hot Chilli Sauce,4023900546344,condiments,2.79,2026-08-03,2026-08-30,open-prices
Kaufland,Bamboo Garden Sweet Chili Sauce,4023900546306,condiments,2.79,2026-07-31,2026-08-30,open-prices
Kaufland,Bambus Garden Oyster Sauce Austernsoße,4023900546443,condiments,2.79,2026-08-03,2026-08-30,open-prices
Kaufland,Baut'zner Senf mittelscharf,4012860003110,condiments,0.39,2026-08-11,2026-08-30,open-prices
Kaufland,Beck Spanferkel-Grillplatte,,Angebot · wurst,11.99,2026-08-26,2026-08-30,marktguru-offers
Kaufland,Ben&#039;s Original Express Natur-Reis Mediterran Vollkorn,5010034011946,plant based foods and beverages,2.29,2025-08-01,2026-08-30,open-prices
Kaufland,Ben's Original Basmati,5410673004635,plant based foods and beverages,5.49,2025-08-01,2026-08-30,open-prices
Kaufland,Ben's Original Bens griechischer Djuvec Reis,3487400006370,plant based foods and beverages,2.29,2025-08-01,2026-08-30,open-prices
Kaufland,Ben's Original Ben‘s Bunter Paprika-Reis,5010034014756,Lebensmittel,2.29,2025-08-01,2026-08-30,open-prices
Kaufland,Ben's Original Express Jasmin-Reis,5010034015982,plant based foods and beverages,2.29,2025-08-01,2026-08-30,open-prices
Kaufland,Ben's Original Express Reis - Mexikanisch Scharf,5010034015180,plant based foods and beverages,2.29,2025-08-01,2026-08-30,open-prices
Kaufland,Ben's Original Express Reis Langkorn & Wild,3487400006394,plant based foods and beverages,2.29,2025-08-01,2026-08-30,open-prices
Kaufland,Ben's Original Express-Reis - Curryreis Indien,3487400006356,plant based foods and beverages,2.29,2025-08-01,2026-08-30,open-prices
Kaufland,Ben's Original Express-Reis - Risi Bisi,3487400006387,plant based foods and beverages,2.29,2025-08-01,2026-08-30,open-prices
Kaufland,Ben's Original Express-Reis - Sweet Chili,5010034012004,plant based foods and beverages,2.29,2025-08-01,2026-08-30,open-prices
Kaufland,"Ben's Original Kochbeutel - Orginal Langkorn Reis (1 kg, 8x 125 g; einzeln aufgeführt)",5410673004437,plant based foods and beverages,4.49,2025-08-01,2026-08-30,open-prices
Kaufland,Ben's Original Langkorn-Reis im Kochbeutel,5410673004406,Lebensmittel,4.49,2025-08-01,2026-08-30,open-prices
Kaufland,Ben's Original Mediterran Reis,3487400006332,plant based foods and beverages,2.29,2025-08-01,2026-08-30,open-prices
Kaufland,"Ben's Original Natur-Reis, Kochbeutel",5410673004277,plant based foods and beverages,4.49,2025-08-01,2026-08-30,open-prices
Kaufland,Ben's Original Reis mit Mascarpone,3487400006363,meals,2.29,2025-08-01,2026-08-30,open-prices
Kaufland,Ben's Original Street Food - Thai Style,4002359041150,meals,2.99,2026-08-25,2026-08-30,open-prices
Kaufland,Ben's Original Uncle Bens REIS Langkorn-Reis,3487400006318,plant based foods and beverages,2.29,2025-08-01,2026-08-30,open-prices
Kaufland,Bens Original Basmati und Jasminreis,3487400006400,plant based foods and beverages,2.29,2025-08-01,2026-08-30,open-prices
Kaufland,Bens Original Express-Reis - Mexikanisch,3487400006349,plant based foods and beverages,2.29,2025-08-01,2026-08-30,open-prices
Kaufland,Bens Original nach Art gebratener Reis,5010034014749,plant based foods and beverages,2.29,2025-08-01,2026-08-30,open-prices
Kaufland,Ben‘s Original Langkornreis,4002359021664,Lebensmittel,3.99,2025-08-01,2026-08-30,open-prices
Kaufland,Ben’s Original Reis XXL,4002359021640,Lebensmittel,3.99,2025-08-01,2026-08-30,open-prices
Kaufland,Bergader Bavaria Blu,4006402020413,dairies,2.0,2026-08-05,2026-08-30,open-prices
Kaufland,Berggold Gelee Bananen,,Angebot · bananen,0.99,2026-08-26,2026-08-30,marktguru-offers
Kaufland,Berliner Donuts,4055509054951,snacks,2.49,2026-08-05,2026-08-30,open-prices
Kaufland,Bertolli Basilico,8712247232770,plant based foods and beverages,2.79,2026-08-24,2026-08-30,open-prices
Kaufland,Bertolli Natives Olivenöl Extra Originale,8002470031944,plant based foods and beverages,7.99,2026-07-13,2026-08-30,open-prices
Kaufland,Bio Eier,4004953006863,farming products,3.99,2026-08-11,2026-08-30,open-prices
Kaufland,Bio kClassic passierte Tomaten,8050327210615,plant based foods and beverages,1.69,2025-08-01,2026-08-30,open-prices
Kaufland,Biscuits NUTELLA B-ready Noisettes et Cacao x6 - 132g,8000500227848,snacks,2.59,2026-08-22,2026-08-30,open-prices
Kaufland,Bitburger Premium Pils,,Angebot · bier,10.99,2026-08-26,2026-08-30,marktguru-offers
Kaufland,Bodylab Creatine Monohydrate,4262410831728,Lebensmittel,12.99,2026-07-14,2026-08-30,open-prices
Kaufland,Bols Grenadine Syrup,4008300004311,beverages and beverages preparations,6.49,2025-08-01,2026-08-30,open-prices
Kaufland,Bonbon Riesen,4014400924008,snacks,1.49,2026-08-22,2026-08-30,open-prices
Kaufland,Bosch Kapselkaffeemaschine Tassimo Style TAS112E,,Angebot · kaffee,29.99,2026-08-26,2026-08-30,marktguru-offers
Kaufland,Braune Seitenbacher Soße,4008391004238,Lebensmittel,3.59,2025-06-18,2026-08-30,open-prices
Kaufland,Brauns-Heitmann Back-To-Black,4052400025127,textilfarbe,5.95,2026-06-13,2026-08-30,open-prices
Kaufland,Bresso Wildkräuter,4045357000934,dairies,2.39,2025-06-28,2026-08-30,open-prices
Kaufland,Brotland Dinkelsandwich,4071800060439,plant based foods and beverages,0.99,2026-06-13,2026-08-30,open-prices
Kaufland,Brotland Weizenbrötchen,4071800054735,plant based foods and beverages,0.95,2026-08-26,2026-08-30,open-prices
Kaufland,Bruno Banani Men Duschgel,,Angebot · bananen,2.29,2026-08-26,2026-08-30,marktguru-offers
Kaufland,Brut Dargent Sekt,,Angebot · wein,5.99,2026-09-02,2026-08-30,marktguru-offers
Kaufland,Bud Power Fagioli alla Bud Spencer,4260456257953,plant based foods and beverages,3.49,2026-03-19,2026-08-30,open-prices
Kaufland,Burger Das Landknäcke Kümmel,4012970011739,plant based foods and beverages,1.69,2026-08-25,2026-08-30,open-prices
Kaufland,Burger Knäcke Knäckebrot,,Angebot · brot,1.0,2026-08-26,2026-08-30,marktguru-offers
Kaufland,CRAZY WOLF ENERGY DRINK waldbeeren,4067776074815,beverages and beverages preparations,0.39,2026-08-05,2026-08-30,open-prices
Kaufland,Canadou Sucre de canne liquide,3012996012001,beverages and beverages preparations,5.49,2025-08-01,2026-08-30,open-prices
Kaufland,Capri Sun Eis,4262518327000,Lebensmittel,2.0,2026-08-22,2026-08-30,open-prices
Kaufland,Cheez-It Cheez It Cheese Sour Cream & Onion,5053990183258,snacks,2.79,2026-08-03,2026-08-30,open-prices
Kaufland,Chio Tortillas Chips,,Angebot · chips,1.0,2026-08-26,2026-08-30,marktguru-offers
Kaufland,Chocolat Kinder Chocofresh fourré lait noisette x5,8000500309469,dairies,2.39,2026-08-26,2026-08-30,open-prices
Kaufland,Clama Wasabi-Paste,4010321310548,plant based foods and beverages,1.29,2026-08-18,2026-08-30,open-prices
Kaufland,Coca-Cola Cola,,Angebot · cola,10.99,2026-08-26,2026-08-30,marktguru-offers
Kaufland,Coca-Cola Original Taste,,Angebot · cola,5.99,2026-08-26,2026-08-30,marktguru-offers
Kaufland,Cola-mix,9015340103572,Lebensmittel,2.99,2026-08-11,2026-08-30,open-prices
Kaufland,Concept+ Vitamin C + Zink Depot,4047036004394,Lebensmittel,1.95,2026-07-13,2026-08-30,open-prices
Kaufland,Concept+ Vitamin D3 1000 I.E.,4260555341522,dietary supplements,2.65,2026-07-13,2026-08-30,open-prices
Kaufland,Concept+ vital Omega-3 1000,4260555341805,dietary supplements,3.15,2026-07-07,2026-08-30,open-prices
Kaufland,Conditorei Coppenrath & Wiese Unsere Goldstücke - Weizen-Brötchen,4008577006315,plant based foods and beverages,2.29,2025-08-01,2026-08-30,open-prices
Kaufland,Conditorei Coppenrath & Wiese Weltmeister-Brötchen,4008577006001,plant based foods and beverages,3.29,2025-08-01,2026-08-30,open-prices
Kaufland,Conditorei Unsere Goldstücke Mehrkornbrötchen,4008577006025,plant based foods and beverages,2.29,2025-08-01,2026-08-30,open-prices
Kaufland,Coppenrath & Wiese Dinkelbrötchen,4008577006186,plant based foods and beverages,3.29,2025-08-01,2026-08-30,open-prices
Kaufland,Coppenrath & Wiese Kaisersemmeln,4008577006346,plant based foods and beverages,2.29,2025-08-01,2026-08-30,open-prices
Kaufland,Coppenrath & Wiese Landbrötchen,4008577006223,plant based foods and beverages,3.29,2025-08-01,2026-08-30,open-prices
Kaufland,Coppenrath Roggen Brötchen,4008577006278,plant based foods and beverages,3.29,2025-08-01,2026-08-30,open-prices
Kaufland,Coral Waschmittel,,Angebot · waschmittel,3.79,2026-08-26,2026-08-30,marktguru-offers
Kaufland,Cranberry Syrup,8716000968005,beverages and beverages preparations,6.49,2025-08-01,2026-08-30,open-prices
Kaufland,Crazy Wolf Energy Drink Tropical Geschmack,4063367353949,beverages and beverages preparations,0.39,2026-08-24,2026-08-30,open-prices
Kaufland,Crazywolf Energy Drink Sugarfree,4063367353864,beverages and beverages preparations,0.39,2026-08-24,2026-08-30,open-prices
Kaufland,Daily Kitchen Hähnchenschnitte Cordon-Bleu,,Angebot · hähnchen,3.0,2026-08-26,2026-08-30,marktguru-offers
Kaufland,DeCesare Senf - Balsamico,9004698601007,condiments,2.29,2026-08-05,2026-08-30,open-prices
Kaufland,DeLonghi Kaffeevollautomat ECAM223.61.GB,,Angebot · kaffee,299.0,2026-08-26,2026-08-30,marktguru-offers
Kaufland,DeLonghi Wasserfilter DLS C002,,Angebot · wasser,8.99,2026-08-26,2026-08-30,marktguru-offers
Kaufland,Demeter Bio-Speisekartoffeln,9003322504639,plant based foods and beverages,2.99,2026-08-25,2026-08-30,open-prices
Kaufland,Der Spanier Schnittkäse,,Angebot · käse,1.79,2026-08-26,2026-08-30,marktguru-offers
Kaufland,Develey Süß-sauer Sauce,4006824000970,condiments,1.79,2025-08-01,2026-08-30,open-prices
Kaufland,Die Thüringer Leberwurst,4019252050516,meats and their products,1.69,2026-08-03,2026-08-30,open-prices
Kaufland,Dieter Hein Chicken Rip-Hacksteak,4000145761428,Lebensmittel,2.79,2026-08-05,2026-08-30,open-prices
Kaufland,Dilek Piments,4036577910288,plant based foods and beverages,2.59,2026-07-31,2026-08-30,open-prices
Kaufland,"Dittmann Artischockenherzen Geschnitten, Mariniert (feinkos...",4002239685009,plant based foods and beverages,4.29,2026-08-18,2026-08-30,open-prices
Kaufland,"Dittmann Pfeffer, Eingelegter Grüner Pfeffer",4002239385008,plant based foods and beverages,1.99,2026-08-05,2026-08-30,open-prices
Kaufland,Doppelherz Omega-3 1400,4009932137606,dietary supplements,5.95,2026-07-07,2026-08-30,open-prices
Kaufland,Doppelherz Omega-3 Seefischöl 1000,4009932003215,fats,6.45,2026-07-07,2026-08-30,open-prices
Kaufland,Dovgan Taschki,4032549010444,plant based foods and beverages,3.99,2026-08-26,2026-08-30,open-prices
Kaufland,Dr. Beckmann Intensiv-Schwarz-Tücher 3in1,4008455064611,Lebensmittel,2.75,2026-06-13,2026-08-30,open-prices
Kaufland,Dr. Oetker Backmischung Marmor Wolke,4000521004842,snacks,2.49,2026-08-11,2026-08-30,open-prices
Kaufland,Dr. Oetker Die Ofenfrische Pizza,,Angebot · pizza,2.0,2026-08-26,2026-08-30,marktguru-offers
Kaufland,Dr. Oetker Ristorante Pizza,4001724039112,frozen foods,2.0,2025-02-01,2026-08-30,open-prices
Kaufland,ECHT VOM FELD Bratkartoffeln mit Speck,4012448397044,plant based foods and beverages,1.79,2026-08-24,2026-08-30,open-prices
Kaufland,EDEKA Harry Harry |1688|Korn an Korn,4071800000824,Pflanzliche lebensmittel und getränke,1.99,2026-08-25,2026-08-30,open-prices
Kaufland,Eatlean Protein Käse,,Angebot · käse,2.39,2026-08-26,2026-08-30,marktguru-offers
Kaufland,Eberswalder Bierschinken,,Angebot · wurst,1.11,2026-09-02,2026-08-30,marktguru-offers
Kaufland,Ebly Sonnenweizen,3487400000019,plant based foods and beverages,2.59,2025-08-01,2026-08-30,open-prices
Kaufland,Echt Vom Feld Kartoffelpüree klassisch,4012448396825,plant based foods and beverages,1.69,2026-08-05,2026-08-30,open-prices
Kaufland,Edeka Chipsfrisch Salt & Vinegar Style,4003586108456,plant based foods and beverages,2.49,2026-08-03,2026-08-30,open-prices
Kaufland,Eduscho Lieblingskaffee,,Angebot · kaffee,5.49,2026-08-30,2026-08-30,marktguru-offers
Kaufland,Ehrmann Almighurt Fruchtjoghurt,,Angebot · joghurt,0.33,2026-08-26,2026-08-30,marktguru-offers
Kaufland,Ehrmann High Protein Vanilla & Topping,4002971247602,dairies,1.0,2026-07-31,2026-08-30,open-prices
Kaufland,Ehrmann High protein double choc,4002971247909,dairies,1.0,2026-07-31,2026-08-30,open-prices
Kaufland,Ehrmann High-Protein-Pudding - Chocolate Flavour,4002971243703,dairies,1.0,2026-07-31,2026-08-30,open-prices
Kaufland,Ehrmann High-Protein-Pudding - Vanilla,4002971243802,dairies,1.0,2026-07-31,2026-08-30,open-prices
Kaufland,Ehrmann Pistachio style pudding,4002971280906,desserts,1.0,2026-08-05,2026-08-30,open-prices
Kaufland,Eifrisch 6 frische Eier,4337185886140,farming products,2.69,2026-08-11,2026-08-30,open-prices
Kaufland,Erasco Feurige Thai-Suppe,4037300107586,canned foods,1.79,2025-08-01,2026-08-30,open-prices
Kaufland,Erasco Gulaschsuppe,4037300115017,Lebensmittel,2.99,2026-08-25,2026-08-30,open-prices
Kaufland,Erasco Hühner Nudel-Topf,4037300103373,canned foods,1.99,2025-08-01,2026-08-30,open-prices
Kaufland,Erasco Hühner Reis-Topf,4037300103328,canned foods,1.99,2025-08-01,2026-08-30,open-prices
Kaufland,Erasco Reistopf mit Fleischklößchen,4037300103267,canned foods,1.99,2025-08-01,2026-08-30,open-prices
Kaufland,Erdinger Brauhaus Weißbier,,Angebot · bier,13.99,2026-08-26,2026-08-30,marktguru-offers
Kaufland,Ergüllü Creme,,Angebot · salat,1.99,2026-08-26,2026-08-30,marktguru-offers
Kaufland,Escal King Prawns,3261082347460,fisch und meeresfruchte,3.43,2025-06-28,2026-08-30,open-prices
Kaufland,Euryza Reis-Fit Express - Griechisch Djuvec-Art,4006237642880,plant based foods and beverages,1.89,2025-08-01,2026-08-30,open-prices
Kaufland,FROSTA Bratkartoffel Hähnchen Pfanne,4008366001484,frozen foods,2.99,2026-08-19,2026-08-30,open-prices
Kaufland,FRoSTA Fettuccine Wildlachs,4008366015511,frozen foods,4.79,2026-08-18,2026-08-30,open-prices
Kaufland,FRoSTA Hähnchen-Geschnetzeltes mit Bandnudeln,4008366001460,frozen foods,4.79,2026-08-18,2026-08-30,open-prices
Kaufland,FRoSTA Rahmgeschnetzeltes mit Hähnchen und Spätzle,4008366010967,meals,2.0,2025-08-01,2026-08-30,open-prices
Kaufland,FRoSTA Tagliatelle Wildlachs,4008366015498,meals,4.79,2026-08-18,2026-08-30,open-prices
Kaufland,FRoSTA Thai Style Hähnchen mit Bandnudeln,4008366013852,meals,2.0,2025-08-01,2026-08-30,open-prices
Kaufland,Fackelmann Türstopper Home,4008033614405,haushalt,2.79,2025-07-01,2026-08-30,open-prices
Kaufland,Fagioli alla Bud Spencer con fagioli neri Tex Mex,4260456257960,plant based foods and beverages,3.49,2026-03-19,2026-08-30,open-prices
Kaufland,Fala Hefe,42230281,food additives,0.25,2025-07-12,2026-08-30,open-prices
Kaufland,"Fanta Exotic 0,33 Dose",5000112514124,beverages and beverages preparations,0.99,2026-07-31,2026-08-30,open-prices
Kaufland,Feinkost Dittmann Grüne Jalapeño Pfefferonen,4002239639705,plant based foods and beverages,2.49,2025-08-01,2026-08-30,open-prices
Kaufland,Ferdi Fuchs Mini Leberwurst,4006639230203,meats and their products,1.0,2026-08-05,2026-08-30,open-prices
Kaufland,Ferrero Duplo - Big Pack,4008400300825,snacks,5.39,2026-08-18,2026-08-30,open-prices
Kaufland,Ferrero Nutella Croissant,,Angebot · brot,2.99,2026-08-26,2026-08-30,marktguru-offers
Kaufland,Ferrero Raffaello,4008400182827,snacks,3.49,2026-08-06,2026-08-30,open-prices
Kaufland,Fertigessen Tagliatelle Kräuterrahm-Champignon,4337185661525,meals,2.99,2025-08-01,2026-08-30,open-prices
Kaufland,Fleischwerke Zimmermann Delikatess-Bierwurstkugel,,Angebot · wurst,3.99,2026-09-02,2026-08-30,marktguru-offers
Kaufland,Fleischwerke Zimmermann Münchner Weißwürste,,Angebot · wurst,1.0,2026-08-26,2026-08-30,marktguru-offers
Kaufland,Freixenet Schaumwein,,Angebot · wein,3.77,2026-08-26,2026-08-30,marktguru-offers
Kaufland,Fresh Fruits Grillmais,4260539471016,Lebensmittel,2.19,2025-08-01,2026-08-30,open-prices
Kaufland,Friweika Kořeněné brambory na grilování,4013222923121,plant based foods and beverages,1.99,2025-08-01,2026-08-30,open-prices
Kaufland,Friweika Mini-Grillkartoffeln (pikant),4013222923138,Lebensmittel,1.99,2025-08-01,2026-08-30,open-prices
Kaufland,Frosta Butter Chicken,4008366003587,frozen foods,4.79,2026-08-18,2026-08-30,open-prices
Kaufland,Frosta Hackbällchen Pfanne,4008366003686,meals,4.79,2026-08-19,2026-08-30,open-prices
Kaufland,Frosta Hähnchen Paella,4008366008704,frozen foods,4.79,2026-08-18,2026-08-30,open-prices
Kaufland,Frosta Hühner Frikassee,4008366008582,frozen foods,4.79,2026-08-18,2026-08-30,open-prices
Kaufland,Frosta Paella,4008366015337,frozen foods,4.79,2026-08-18,2026-08-30,open-prices
Kaufland,Frosta Paprika Sahne Hähnchen mit Bandnudeln,4008366010981,frozen foods,2.0,2025-08-01,2026-08-30,open-prices
Kaufland,Frosta Rotes Curry mit Hähnchen und Reis,4008366017331,meals,2.0,2025-08-01,2026-08-30,open-prices
Kaufland,Frosta Wildlachs in Kräuterrahm,4008366015535,seafood,4.79,2026-08-18,2026-08-30,open-prices
Kaufland,Frusano Bio holunder blütensirup,4260137742556,Lebensmittel,6.79,2025-08-01,2026-08-30,open-prices
Kaufland,Funny Frisch Chipsfrisch,,Angebot · chips,0.99,2026-08-26,2026-08-30,marktguru-offers
Kaufland,Funny Frisch Linsen Chips,,Angebot · chips,1.49,2026-08-26,2026-08-30,marktguru-offers
Kaufland,Funnyfrisch Chipsfrisch Ungarisch,4003586100214,plant based foods and beverages,1.99,2026-08-22,2026-08-30,open-prices
Kaufland,Galbani Mascarpone,,Angebot · käse,3.33,2026-08-26,2026-08-30,marktguru-offers
Kaufland,Gepa Bio Schokolade,,Angebot · schokolade,5.0,2026-08-26,2026-08-30,marktguru-offers
Kaufland,Giovanni Rana Tradizionali,,Angebot · eier,2.0,2026-08-26,2026-08-30,marktguru-offers
Kaufland,Glico Mikado Milch Schokolade,7622300476144,snacks,1.99,2025-02-01,2026-08-30,open-prices
Kaufland,Glückskekse,4050285521970,snacks,1.79,2026-03-19,2026-08-30,open-prices
Kaufland,Goldsteig Protinella,,Angebot · käse,1.29,2026-09-02,2026-08-30,marktguru-offers
Kaufland,Grand Sud Wein,,Angebot · wein,2.99,2026-08-30,2026-08-30,marktguru-offers
Kaufland,Grocholl Bratkartoffeln mit Schinken und Zwiebeln,4007951002707,plant based foods and beverages,1.49,2025-08-01,2026-08-30,open-prices
Kaufland,Grocholl Bratkartoffeln mit Zwiebeln,4007951002721,plant based foods and beverages,1.39,2026-08-24,2026-08-30,open-prices
Kaufland,Grocholl Rösti,4007951002660,plant based foods and beverages,1.49,2025-08-01,2026-08-30,open-prices
Kaufland,Grünländer Schnittkäse,,Angebot · käse,1.0,2026-08-26,2026-08-30,marktguru-offers
Kaufland,Gutes aus der Bäckerei Körner Balance Sandwich,4071800060613,plant based foods and beverages,1.79,2026-06-13,2026-08-30,open-prices
Kaufland,Gutes aus der Mühle Dinkel Sandwich,4071800060217,plant based foods and beverages,1.69,2026-06-13,2026-08-30,open-prices
Kaufland,Gutfried Geflügel -Wiener,4000404122915,meats and their products,3.29,2026-07-25,2026-08-30,open-prices
Kaufland,Gutfried Geflügel-Fleischwurst,,Angebot · wurst,2.79,2026-08-26,2026-08-30,marktguru-offers
Kaufland,HAINICH Blumenkohlsalat,4028286561523,Lebensmittel,2.29,2025-08-01,2026-08-30,open-prices
Kaufland,Hainich Gurken Cornichons,4028286101163,plant based foods and beverages,1.79,2025-08-01,2026-08-30,open-prices
Kaufland,Hainich Letscho,4028286591513,plant based foods and beverages,2.29,2025-08-01,2026-08-30,open-prices
Kaufland,Hainich Rotkohl,4028286431529,plant based foods and beverages,1.59,2025-08-01,2026-08-30,open-prices
Kaufland,Hainich Senfgurken,4028286011516,Lebensmittel,1.99,2025-08-01,2026-08-30,open-prices
Kaufland,Hakle Toilettenpapier Traumweich,,Angebot · toilettenpapier,3.0,2026-08-26,2026-08-30,marktguru-offers
Kaufland,Halloren O's,,Angebot · schokolade,1.11,2026-09-02,2026-08-30,marktguru-offers
Kaufland,Hammer Mühle Mehl-Mix glutenfrei,4015537410426,plant based foods and beverages,3.95,2025-06-25,2026-08-30,open-prices
Kaufland,Haribo Color-Rado,4001686335802,snacks,0.77,2026-07-13,2026-08-30,open-prices
Kaufland,Haribo Jelly Beans,9002975002523,plant based foods and beverages,0.77,2026-07-13,2026-08-30,open-prices
Kaufland,Haribo Konfekt,4001686151105,snacks,0.77,2026-07-13,2026-08-30,open-prices
Kaufland,Haribo Tropifrutti Typ Joghurt,4001686006733,Schaumzuckerware,0.77,2026-07-13,2026-08-30,open-prices
Kaufland,Haribo Weinland,4001686327692,snacks,0.77,2026-07-13,2026-08-30,open-prices
Kaufland,Harry Brot Unser Bäckerfrisches Brot,,Angebot · brot,1.29,2026-08-26,2026-08-30,marktguru-offers
Kaufland,Harry Brot Vital + Fit,4071800001012,plant based foods and beverages,1.49,2026-08-25,2026-08-30,open-prices
Kaufland,Harry Dinkel Sandwich 4071800047812 Dinkelsandwichbrot,4071800047812,Brote,1.45,2026-08-05,2026-08-30,open-prices
Kaufland,Harry Weltmeisterbrötchen,4071800059341,plant based foods and beverages,1.29,2025-08-01,2026-08-30,open-prices
Kaufland,Hasseröder Premium Pils,,Angebot · bier,7.99,2026-08-26,2026-08-30,marktguru-offers
Kaufland,Heimatgut Popcorn süss & salzig,4260350920915,snacks,1.39,2026-07-31,2026-08-30,open-prices
Kaufland,Heineken Premium Lager,,Angebot · bier,4.99,2026-08-26,2026-08-30,marktguru-offers
Kaufland,Heinz Beanz in Tomatensauce ohne Zuckerzusatz,8715700111094,plant based foods and beverages,1.79,2026-08-18,2026-08-30,open-prices
Kaufland,Heinz Bohnen - Tomatensauce,8715700131139,plant based foods and beverages,1.79,2026-08-18,2026-08-30,open-prices
Kaufland,Heinz Sweet & Sour Sauce,8715700122205,condiments,2.29,2026-08-22,2026-08-30,open-prices
Kaufland,Heitmann Färbetücher Ultra-Schwarz 2in1,4062196346924,Lebensmittel,3.55,2026-06-13,2026-08-30,open-prices
Kaufland,Hengstenberg Genießer Rotkohl,4008100173019,plant based foods and beverages,1.99,2025-08-01,2026-08-30,open-prices
Kaufland,Hengstenberg Mildes Sauerkraut,4008100154537,plant based foods and beverages,1.99,2025-08-01,2026-08-30,open-prices
Kaufland,Hengstenberg Mildessa Genießer Rotkohl / Rotkraut,4008100173026,plant based foods and beverages,1.99,2025-08-01,2026-08-30,open-prices
Kaufland,"Hengstenberg Mildessa Genießer Rotkohl, Mit Portwein",4008100173033,plant based foods and beverages,1.99,2025-08-01,2026-08-30,open-prices
Kaufland,Hengstenberg Mildessa Mildes Sauerkraut mit Ananas,4008100154551,plant based foods and beverages,1.99,2025-08-01,2026-08-30,open-prices
Kaufland,Hengstenberg Mildessa Rotkohl,40081953,plant based foods and beverages,2.49,2025-08-01,2026-08-30,open-prices
Kaufland,Hengstenberg Mildessa Weinsauerkraut,4008100152557,plant based foods and beverages,2.19,2025-08-01,2026-08-30,open-prices
Kaufland,Hengstenberg Mildessa Weinsauerkraut mit Riesling aus Deutschland,4008100152489,plant based foods and beverages,2.19,2025-08-01,2026-08-30,open-prices
Kaufland,Hengstenberg Mildessa weinsauerdraut mit räucherspeck,40081939,Lebensmittel,2.19,2025-08-01,2026-08-30,open-prices
Kaufland,Hengstenberg Sauerkraut,40081915,plant based foods and beverages,2.29,2025-08-01,2026-08-30,open-prices
Kaufland,Henkel Spee Color Caps,4015200037325,home garden,3.95,2026-08-03,2026-08-30,open-prices
Kaufland,Herrmann Schnittlauch,4262402138002,Lebensmittel,1.99,2025-06-28,2026-08-30,open-prices
Kaufland,Herta Finesse Aufschnitt,,Angebot · wurst,1.49,2026-09-02,2026-08-30,marktguru-offers
Kaufland,Hohes C Vitamin Water,,Angebot · wasser,1.29,2026-08-26,2026-08-30,marktguru-offers
Kaufland,Holste Kaiser-Natron,4000401300187,food additives,1.95,2025-06-21,2026-08-30,open-prices
Kaufland,Holy Energy Milkshake,,Angebot · milch,3.99,2026-08-26,2026-08-30,marktguru-offers
Kaufland,Houdek Kabanos Klassik,,Angebot · wurst,1.69,2026-09-02,2026-08-30,marktguru-offers
Kaufland,Hähnchenteile,4002823000379,meats and their products,1.29,2025-06-18,2026-08-30,open-prices
Kaufland,Hügli Nahrungsmittel GmbH Gemüsebrühe Kaufland Bio,4337185170270,plant based foods and beverages,1.39,2026-01-02,2026-08-30,open-prices
Kaufland,IBS Brioche Toastbrötchen,4012263030867,plant based foods and beverages,2.19,2026-08-05,2026-08-30,open-prices
Kaufland,Iglo Green Cuisine Gemüsestäbchen,4250241204231,plant based foods and beverages,2.99,2026-08-03,2026-08-30,open-prices
Kaufland,Iglo Hühnerfrikassee mit Champignons,4250241209953,meals,2.99,2026-08-19,2026-08-30,open-prices
Kaufland,Italia Meal Baked Beans,8050444757109,plant based foods and beverages,0.99,2026-06-08,2026-08-30,open-prices
Kaufland,Italpizza la Numero Uno Prosciutto & Funghi,8015673029922,frozen foods,3.49,2026-08-24,2026-08-30,open-prices
Kaufland,Jack Daniel's Old Tennessee Whiskey & Coca Cola,,Angebot · cola,2.0,2026-08-26,2026-08-30,marktguru-offers
Kaufland,Just Spices Tomaten Mozarella Gewürz,4260431678094,plant based foods and beverages,4.99,2026-08-03,2026-08-30,open-prices
Kaufland,K Bio Kartoffeln,4063367056574,plant based foods and beverages,2.49,2026-08-25,2026-08-30,open-prices
Kaufland,K Bio Mango tiefgefroren,4063367200410,Lebensmittel,2.49,2025-06-28,2026-08-30,open-prices
Kaufland,K Bio Roggen Brötchen,4063367385322,plant based foods and beverages,2.29,2025-08-01,2026-08-30,open-prices
Kaufland,K CLASSIC MACCHERONCINI Nudeln mit Tomaten Sahne Sauce,8057093637769,Lebensmittel,1.59,2026-08-25,2026-08-30,open-prices
Kaufland,K Classic Asia Sushi Reis,5902481054471,plant based foods and beverages,1.79,2026-03-19,2026-08-30,open-prices
Kaufland,K Classic Brat kartoffelpfanne,5410355329452,meals,2.99,2025-08-01,2026-08-30,open-prices
Kaufland,K Classic Bunter Rohkostsalat,4051009042412,meals,1.69,2026-05-09,2026-08-30,open-prices
Kaufland,K Classic Geflügelfond,4063367085970,geflügelfond,1.39,2026-08-03,2026-08-30,open-prices
Kaufland,K Classic Gewürzgurken,4063367144721,plant based foods and beverages,1.19,2026-08-05,2026-08-30,open-prices
Kaufland,"K Classic Kaffeesahne, Kondensmilch",4337185465994,dairies,0.89,2026-08-25,2026-08-30,open-prices
Kaufland,K Classic Kidneybohnen,4063367156823,plant based foods and beverages,0.55,2026-03-19,2026-08-30,open-prices
Kaufland,K Classic Nuts royal,4063367507106,plant based foods and beverages,3.39,2026-07-31,2026-08-30,open-prices
Kaufland,K Classic Party Gurken,4337185512575,plant based foods and beverages,0.99,2025-08-01,2026-08-30,open-prices
Kaufland,K Classic Salsiccia Classic Bratwurst,4063367397080,meats and their products,3.49,2026-07-31,2026-08-30,open-prices
Kaufland,K Classic Thunfisch im eigen Saft,4010321003693,seafood,1.29,2025-06-28,2026-08-30,open-prices
Kaufland,K Classic gurkensticks,4260085312009,Lebensmittel,1.49,2025-08-01,2026-08-30,open-prices
Kaufland,K Classic herzhafte Baked Beans,8002920018266,plant based foods and beverages,0.99,2025-02-01,2026-08-30,open-prices
Kaufland,K classic Delikatess Apfelrotkohl,4063367157240,plant based foods and beverages,0.79,2025-08-01,2026-08-30,open-prices
Kaufland,K-Bio Bio Agavendicksaft Vegan,,Angebot · salat,1.88,2026-08-26,2026-08-30,marktguru-offers
Kaufland,K-Bio Bio Basmati Reis,,Angebot · reis,0.99,2026-08-26,2026-08-30,marktguru-offers
Kaufland,K-Bio Bio Leinsamen,,Angebot · reis,0.99,2026-08-26,2026-08-30,marktguru-offers
Kaufland,K-Bio Bio Mini-Romatomaten,,Angebot · tomaten,1.49,2026-08-26,2026-08-30,marktguru-offers
Kaufland,K-Bio Bio Nudeln,,Angebot · nudeln,0.69,2026-08-26,2026-08-30,marktguru-offers
Kaufland,K-Bio Bio Oliven,,Angebot · salat,0.99,2026-08-26,2026-08-30,marktguru-offers
Kaufland,K-Bio Bio-Eier,,Angebot · eier,4.79,2026-08-26,2026-08-30,marktguru-offers
Kaufland,K-Bio Bio-Speisekartoffeln,,Angebot · kartoffeln,1.99,2026-08-26,2026-08-30,marktguru-offers
Kaufland,K-Bio Bio-Wiener Würstchen,,Angebot · wurst,2.39,2026-08-26,2026-08-30,marktguru-offers
Kaufland,K-Bio milchreis,4337185654039,plant based foods and beverages,1.55,2025-08-01,2026-08-30,open-prices
Kaufland,K-CLASSIC Express Reis asiatische Art,3760163670034,meals,1.29,2025-08-01,2026-08-30,open-prices
Kaufland,K-CLASSIC Freilauf Haltung Eier,4337185401336,farming products,2.39,2025-06-28,2026-08-30,open-prices
Kaufland,K-CLASSIC Karottensalat,4063367239106,meals,0.79,2026-08-05,2026-08-30,open-prices
Kaufland,K-Carinura Nasfutter Reich an Geflügel mit Kalb Feine Stückchen in Sauce,4063367531712,tierfutter katzen,0.45,2025-06-22,2026-08-30,open-prices
Kaufland,K-Carinura Nassfutter Fleischgenuss Premium Mit Wild Adult,4063367510533,katzenfutter adult,0.75,2025-07-01,2026-08-30,open-prices
Kaufland,K-Classic American Style Erdnusscreme Creamy,4063367321276,plant based foods and beverages,1.75,2026-03-19,2026-08-30,open-prices
Kaufland,K-Classic American Style Erdnusscreme crunchy,4063367321269,plant based foods and beverages,1.79,2026-02-25,2026-08-30,open-prices
Kaufland,"K-Classic Asia Wasabi-Paste, japanische Art",4316734115993,condiments,1.29,2026-08-18,2026-08-30,open-prices
Kaufland,K-Classic Baguette XXL,,Angebot · brot,1.49,2026-08-26,2026-08-30,marktguru-offers
Kaufland,K-Classic Bami Goreng,4337185611964,meals,3.49,2025-08-01,2026-08-30,open-prices
Kaufland,K-Classic Bami Goreng,5410355332131,meals,3.69,2026-08-19,2026-08-30,open-prices
Kaufland,K-Classic Bihun-Suppe,4337185541070,canned foods,1.29,2026-08-18,2026-08-30,open-prices
Kaufland,K-Classic Blumenkohlsalat,4337185756856,Lebensmittel,1.59,2025-08-01,2026-08-30,open-prices
Kaufland,K-Classic Blütenhonig cremig,4063367182006,breakfasts,2.69,2026-07-14,2026-08-30,open-prices
Kaufland,K-Classic Bratwurst,,Angebot · wurst,2.79,2026-08-26,2026-08-30,marktguru-offers
Kaufland,K-Classic Brotaufstrich,,Angebot · brot,0.99,2026-08-26,2026-08-30,marktguru-offers
Kaufland,K-Classic Cashew Erdnuss Mix Honig & Salz,4063367143113,Nüsse,2.29,2026-07-13,2026-08-30,open-prices
Kaufland,K-Classic Cashew Erdnuss Mix Hot Chili,4063367143120,plant based foods and beverages,2.29,2026-03-20,2026-08-30,open-prices
Kaufland,"K-Classic Cashew Kerne, naturbelassen",4063367507489,plant based foods and beverages,2.89,2026-03-19,2026-08-30,open-prices
Kaufland,K-Classic Chorizo Scharf,8410783141265,meats and their products,3.49,2026-08-03,2026-08-30,open-prices
Kaufland,K-Classic Cornflakes,4005528126269,plant based foods and beverages,1.59,2026-03-19,2026-08-30,open-prices
Kaufland,K-Classic Cremige Curry Sauce,4002442821560,condiments,1.79,2026-03-19,2026-08-30,open-prices
Kaufland,K-Classic Edel Alpen Sahne,4337185467240,snacks,1.79,2025-02-01,2026-08-30,open-prices
Kaufland,K-Classic Edel Rum Traube Nuss Schokolade,4063367379000,Lebensmittel,1.79,2025-02-01,2026-08-30,open-prices
Kaufland,K-Classic Eistee Zitrone Sirup,4012433027314,getranke,2.79,2025-08-01,2026-08-30,open-prices
Kaufland,K-Classic Erdbeeren,4337185827594,plant based foods and beverages,3.29,2026-08-19,2026-08-30,open-prices
Kaufland,K-Classic Erdnüsse Wasabi Style,4063367143175,plant based foods and beverages,1.69,2026-07-13,2026-08-30,open-prices
Kaufland,K-Classic Erdnüsse im Paprika-Knuspermantel,4063367143137,plant based foods and beverages,1.19,2026-07-13,2026-08-30,open-prices
Kaufland,K-Classic Erdnüsse pikant,4063367353499,plant based foods and beverages,0.89,2026-03-19,2026-08-30,open-prices
Kaufland,K-Classic Erntefrische Beerenmischung mit Sauerkirschen tiefgefroren,5901028919839,plant based foods and beverages,3.29,2026-08-19,2026-08-30,open-prices
Kaufland,K-Classic Express Reis mediterrane Art,3760163670010,plant based foods and beverages,1.19,2026-07-03,2026-08-30,open-prices
Kaufland,K-Classic Feine Marzipanrohmasse,4063367335112,snacks,1.79,2024-06-11,2026-08-30,open-prices
Kaufland,K-Classic Feinkostsalat,,Angebot · salat,1.19,2026-08-26,2026-08-30,marktguru-offers
Kaufland,K-Classic Fettarmer Kefir mild,4337185888205,beverages and beverages preparations,0.79,2026-08-25,2026-08-30,open-prices
Kaufland,K-Classic Flippy Instant-Getränkepulver Orange,4300175222457,Lebensmittel,0.69,2025-08-01,2026-08-30,open-prices
Kaufland,K-Classic Frische Vollmilch,4337185455551,dairies,0.95,2026-08-05,2026-08-30,open-prices
Kaufland,K-Classic Gefüllte Croissants,,Angebot · brot,1.19,2026-08-26,2026-08-30,marktguru-offers
Kaufland,K-Classic Getränkesirup Kirschgeschmack,4012433027338,Lebensmittel,2.79,2025-08-01,2026-08-30,open-prices
Kaufland,K-Classic Getränkesirup Orange,4063367317675,syrups,2.79,2025-08-01,2026-08-30,open-prices
Kaufland,K-Classic Gold Edition Griechische Oliven gefüllt mit Paprikapaste,5202429001155,plant based foods and beverages,1.49,2026-08-18,2026-08-30,open-prices
Kaufland,K-Classic Gouda,,Angebot · käse,1.49,2026-09-02,2026-08-30,marktguru-offers
Kaufland,K-Classic Gouda jung,,Angebot · käse,3.0,2026-08-26,2026-08-30,marktguru-offers
Kaufland,K-Classic Gyrosreispfanne,4337185615054,meals,3.69,2026-08-19,2026-08-30,open-prices
Kaufland,K-Classic Herzhafte Minis,,Angebot · käse,0.99,2026-08-26,2026-08-30,marktguru-offers
Kaufland,K-Classic Herzhafte Spätzlepfanne,4337185611995,Lebensmittel,3.49,2025-08-01,2026-08-30,open-prices
Kaufland,K-Classic Honey & Nuts Flakes,4005528126160,plant based foods and beverages,2.79,2026-03-19,2026-08-30,open-prices
Kaufland,K-Classic Hähnchen Knusperdinos,,Angebot · hähnchen,2.69,2026-08-26,2026-08-30,marktguru-offers
Kaufland,K-Classic Hähnchen Tikka Masala,4337185876646,frozen foods,3.69,2026-08-19,2026-08-30,open-prices
Kaufland,K-Classic Jalapenos,4006099673725,plant based foods and beverages,1.39,2025-08-01,2026-08-30,open-prices
Kaufland,K-Classic Jalapènos,4006099673503,plant based foods and beverages,1.29,2026-08-18,2026-08-30,open-prices
Kaufland,K-Classic Jasmin Reis,4337185459887,plant based foods and beverages,2.49,2025-08-01,2026-08-30,open-prices
Kaufland,K-Classic Joghurt,4002334116958,dairies,1.0,2026-07-31,2026-08-30,open-prices
Kaufland,K-Classic Kalifornische Pistazien,4063367507724,plant based foods and beverages,3.49,2026-03-19,2026-08-30,open-prices
Kaufland,K-Classic Kalifornische Pistazien geröstet,4063367507762,plant based foods and beverages,3.49,2026-03-19,2026-08-30,open-prices
Kaufland,"K-Classic Kalifornische Pistazien, geröstet und gesalzen",4063367507748,plant based foods and beverages,4.79,2026-06-08,2026-08-30,open-prices
Kaufland,K-Classic Knusper Müsli Schoko & Nuss,8595564523550,Lebensmittel,2.49,2026-07-13,2026-08-30,open-prices
Kaufland,K-Classic Knusprige Choco Bobbles,8595564524779,plant based foods and beverages,2.79,2026-03-19,2026-08-30,open-prices
Kaufland,K-Classic Knusprige Choco Happs,8595564524793,plant based foods and beverages,2.79,2026-03-19,2026-08-30,open-prices
Kaufland,K-Classic Knusprige Stapelchips Chili Style,4008021000098,Stapelchips,1.49,2026-03-19,2026-08-30,open-prices
Kaufland,K-Classic Knusprige Stapelchips Paprika Style,4008021000074,Stapelchips,1.49,2026-03-19,2026-08-30,open-prices
Kaufland,K-Classic Kochhinterschinken,,Angebot · wurst,1.29,2026-08-26,2026-08-30,marktguru-offers
Kaufland,K-Classic Kondensmilch,,Angebot · milch,0.59,2026-08-26,2026-08-30,marktguru-offers
Kaufland,K-Classic Kräuter Frischkäse,4337185509032,dairies,1.69,2025-06-18,2026-08-30,open-prices
Kaufland,"K-Classic Kultur-Heidelbeeren, tiefgefroren",5901028919891,plant based foods and beverages,4.89,2026-08-19,2026-08-30,open-prices
Kaufland,K-Classic Käse für den Ofen,,Angebot · käse,1.99,2026-09-02,2026-08-30,marktguru-offers
Kaufland,K-Classic Lachsschinken,,Angebot · schinken,0.99,2026-08-26,2026-08-30,marktguru-offers
Kaufland,K-Classic Landmilch frische 3.8% Fett,4067776068180,dairies,1.19,2026-08-22,2026-08-30,open-prices
Kaufland,K-Classic Linsen,,Angebot · reis,1.0,2026-08-26,2026-08-30,marktguru-offers
Kaufland,K-Classic Mango,4337185521447,Lebensmittel,1.99,2025-06-28,2026-08-30,open-prices
Kaufland,K-Classic Marzipanrohmasse,4063367332869,Lebensmittel,1.89,2026-07-13,2026-08-30,open-prices
Kaufland,K-Classic Mini Wonder Zimties,4005528126207,plant based foods and beverages,2.79,2026-03-19,2026-08-30,open-prices
Kaufland,K-Classic Muffins,,Angebot · brot,1.49,2026-08-30,2026-08-30,marktguru-offers
Kaufland,K-Classic Muffins Stracciatella,5709152012354,snacks,1.89,2026-02-25,2026-08-30,open-prices
Kaufland,K-Classic Müsliriegel,,Angebot · müsli,1.29,2026-08-26,2026-08-30,marktguru-offers
Kaufland,K-Classic Nasi Goreng,4337185785498,meals,3.69,2026-08-19,2026-08-30,open-prices
Kaufland,K-Classic Nougat Pockets,4337185593321,plant based foods and beverages,2.79,2026-03-19,2026-08-30,open-prices
Kaufland,K-Classic Nuss-Frucht-Mix mit Cranberries,4103520002489,plant based foods and beverages,2.39,2026-08-25,2026-08-30,open-prices
Kaufland,K-Classic Nuss-Frucht-Mix mit Schokoflakes,4103520002403,snacks,1.91,2026-07-14,2026-08-30,open-prices
Kaufland,K-Classic Party Garnelen,8710319522729,seafood,1.99,2026-08-11,2026-08-30,open-prices
Kaufland,K-Classic Pinto Chili Bohnen,4063367156762,plant based foods and beverages,0.99,2026-06-08,2026-08-30,open-prices
Kaufland,"K-Classic Pistazienkerne ohne Schale, geröstet & gesalzen",4063367584268,plant based foods and beverages,3.99,2026-03-19,2026-08-30,open-prices
Kaufland,K-Classic Protein Brötchen,4009097021239,plant based foods and beverages,1.49,2026-08-05,2026-08-30,open-prices
Kaufland,K-Classic Rostbratwurst,4337185302343,meats and their products,3.79,2026-08-05,2026-08-30,open-prices
Kaufland,K-Classic Schmelzkäsescheiben,,Angebot · käse,1.29,2026-08-26,2026-08-30,marktguru-offers
Kaufland,K-Classic Schokokekse mit 63% Vollmilchschokolade,4001450143732,snacks,1.59,2025-02-01,2026-08-30,open-prices
Kaufland,K-Classic Schokomüsli mit 66% Hafervollkornflocken,4008713713978,Lebensmittel,2.49,2026-07-13,2026-08-30,open-prices
Kaufland,K-Classic Schwarzwälder Schinken,,Angebot · wurst,1.99,2026-08-26,2026-08-30,marktguru-offers
Kaufland,"K-Classic Soft Datteln, getrocknet & entsteint",4337185853616,plant based foods and beverages,1.8,2026-08-18,2026-08-30,open-prices
Kaufland,K-Classic Soft Feigen,3191220051112,plant based foods and beverages,1.8,2026-08-18,2026-08-30,open-prices
Kaufland,K-Classic Sommer Frucht Mix,4009884515699,Gefrohrenes Obst,3.29,2026-08-19,2026-08-30,open-prices
Kaufland,K-Classic Studentenfutter Exotic,4063367507083,plant based foods and beverages,1.83,2026-07-14,2026-08-30,open-prices
Kaufland,K-Classic Studentenfutter mit Erdnüssen,4038934677773,plant based foods and beverages,1.83,2026-07-14,2026-08-30,open-prices
Kaufland,K-Classic Thaisuppe,4337185541094,canned foods,1.29,2026-08-18,2026-08-30,open-prices
Kaufland,K-Classic Thüringer Rostbratwurst,4063367227691,meats and their products,3.79,2026-08-05,2026-08-30,open-prices
Kaufland,K-Classic Toastbrot,,Angebot · brot,0.69,2026-08-30,2026-08-30,marktguru-offers
Kaufland,K-Classic Toilettenpapier Soft 220 sheets,4056524000237,home garden,5.99,2026-08-11,2026-08-30,open-prices
Kaufland,K-Classic Tortellini Formaggi,4006196029623,meals,0.99,2026-08-25,2026-08-30,open-prices
Kaufland,K-Classic Vanille-Pistazie,8713533185565,desserts,1.99,2025-07-01,2026-08-30,open-prices
Kaufland,K-Classic Vanilleschote Bourbon,4063367479694,Lebensmittel,1.49,2026-06-08,2026-08-30,open-prices
Kaufland,K-Classic Vollmilchschokolade Crispies,4337185664168,snacks,0.79,2025-02-01,2026-08-30,open-prices
Kaufland,K-Classic WALNUSS-KERNE,4063367507625,plant based foods and beverages,2.99,2026-03-19,2026-08-30,open-prices
Kaufland,K-Classic XXL Cashewkerne naturbelassenen,4063367507502,plant based foods and beverages,4.79,2026-07-03,2026-08-30,open-prices
Kaufland,K-Classic Ziegenfrischkäse natur,4337185654541,dairies,2.25,2025-06-28,2026-08-30,open-prices
Kaufland,K-Classic Ziegenkäse am Stück,4337185732171,dairies,4.29,2025-06-28,2026-08-30,open-prices
Kaufland,K-Classic Ziegenkäse in Scheiben,4337185732188,dairies,2.49,2025-06-28,2026-08-30,open-prices
Kaufland,K-Classic bohnensalat,4337185755408,Lebensmittel,1.19,2025-08-01,2026-08-30,open-prices
Kaufland,K-Classic cupcakes,5709152020274,Lebensmittel,1.79,2026-08-25,2026-08-30,open-prices
Kaufland,K-Classic il meglio,4337185228445,desserts,1.99,2025-07-01,2026-08-30,open-prices
Kaufland,K-Classic kartoffel Knödel,4012448396740,plant based foods and beverages,0.99,2025-08-01,2026-08-30,open-prices
Kaufland,K-Classic leberwurst schnittlauch,4063367251238,meats and their products,0.99,2026-08-05,2026-08-30,open-prices
Kaufland,K-Classic weiße Riesenbohnen,8002920017993,plant based foods and beverages,0.99,2026-03-19,2026-08-30,open-prices
Kaufland,K-Classuc Penne Bolognese,4006624065513,meals,2.99,2026-08-19,2026-08-30,open-prices
Kaufland,K-Favourites Barbecue Sauce mit Honig,4063367334900,condiments,1.39,2026-06-08,2026-08-30,open-prices
Kaufland,K-Favourites Langkorn-Wildreis-Mischung,4337185738265,plant based foods and beverages,1.99,2025-08-01,2026-08-30,open-prices
Kaufland,K-Favourites Premium Cornichons,4002442819192,plant based foods and beverages,0.99,2025-08-01,2026-08-30,open-prices
Kaufland,K-Purland Grobe Bratwurst,,Angebot · wurst,2.0,2026-08-26,2026-08-30,marktguru-offers
Kaufland,K-Purland Hähnchen-Minutenschnitzel,,Angebot · hähnchen,3.99,2026-08-26,2026-08-30,marktguru-offers
Kaufland,K-Purland Hähnchen-Schenkel,,Angebot · hähnchen,3.99,2026-08-26,2026-08-30,marktguru-offers
Kaufland,K-Purland Puten-Cevapcici XXL,,Angebot · hackfleisch,3.99,2026-08-26,2026-08-30,marktguru-offers
Kaufland,K-Purland Puten-Hackfleisch,4011364586051,meats and their products,2.79,2026-07-31,2026-08-30,open-prices
Kaufland,K-Purland Schinkenschnitzel,,Angebot · schinken,3.99,2026-08-26,2026-08-30,marktguru-offers
Kaufland,K-Purland Schweinehackfleisch,,Angebot · hackfleisch,1.99,2026-08-26,2026-08-30,marktguru-offers
Kaufland,K-Wertschätze Bockwurst,,Angebot · wurst,0.89,2026-09-02,2026-08-30,marktguru-offers
Kaufland,K-Wertschätze Frischwurst-Aufschnitt,,Angebot · wurst,0.79,2026-08-26,2026-08-30,marktguru-offers
Kaufland,K-Wertschätze Hackfleisch Gemischt,,Angebot · hackfleisch,0.99,2026-08-26,2026-08-30,marktguru-offers
Kaufland,K-Wertschätze Krakauer,,Angebot · wurst,1.29,2026-09-02,2026-08-30,marktguru-offers
Kaufland,K-Wertschätze Wacholderschinken,,Angebot · schinken,0.99,2026-08-26,2026-08-30,marktguru-offers
Kaufland,K-Wertschätze Zungenwurst,,Angebot · wurst,0.99,2026-08-26,2026-08-30,marktguru-offers
Kaufland,K-classic Penne Gemüse,4337185852626,plant based foods and beverages,2.99,2025-08-01,2026-08-30,open-prices
Kaufland,K-classic Peperoni mild,4002239856805,Lebensmittel,2.45,2026-08-24,2026-08-30,open-prices
Kaufland,KBio Jasmin-Reis,4063367379505,plant based foods and beverages,1.85,2025-08-01,2026-08-30,open-prices
Kaufland,KCL Getränkesirup Zitrone,4012433027352,beverages and beverages preparations,2.79,2025-08-01,2026-08-30,open-prices
Kaufland,Kaufland Basmati Reis von K-Bio,4063367379475,plant based foods and beverages,1.79,2025-08-01,2026-08-30,open-prices
Kaufland,Kaufland Bio Kokosraspel von K-Bio,4038934516980,Lebensmittel,1.49,2025-06-18,2026-08-30,open-prices
Kaufland,Kaufland Bio Langkorm Weißreis,8719632250906,Lebensmittel,2.55,2025-08-01,2026-08-30,open-prices
Kaufland,"Kaufland Bio Milch, haltbar, 1,5 %, Bio",4063367405020,beverages and beverages preparations,1.25,2026-08-25,2026-08-30,open-prices
Kaufland,Kaufland Bio Risotto Reis,4063367006210,plant based foods and beverages,2.65,2025-08-01,2026-08-30,open-prices
Kaufland,Kaufland Bäckerei Baguette Parisienne,,Angebot · brot,0.99,2026-08-30,2026-08-30,marktguru-offers
Kaufland,Kaufland Bäckerei Doppelbrötchen,,Angebot · brot,0.25,2026-08-30,2026-08-30,marktguru-offers
Kaufland,Kaufland Bäckerei Franzbrötchen,,Angebot · brot,0.55,2026-08-26,2026-08-30,marktguru-offers
Kaufland,Kaufland Bäckerei Muffin Buenissimo,,Angebot · brot,0.99,2026-08-26,2026-08-30,marktguru-offers
Kaufland,Kaufland Bäckerei Pizza Margherita,,Angebot · pizza,0.79,2026-08-30,2026-08-30,marktguru-offers
Kaufland,Kaufland Bäckerei Pizza Salami,,Angebot · brot,0.69,2026-08-26,2026-08-30,marktguru-offers
Kaufland,Kaufland Bäckerei Rosenbrötchen,,Angebot · brot,0.29,2026-08-30,2026-08-30,marktguru-offers
Kaufland,Kaufland Bäckerei Schinken Käse-Croissant,,Angebot · schinken,0.59,2026-08-26,2026-08-30,marktguru-offers
Kaufland,Kaufland Bäckerei Weltmeister-Chia-Krüstchen,,Angebot · brot,0.29,2026-08-26,2026-08-30,marktguru-offers
Kaufland,Kaufland Bäckerei Weltmeisterbrot,,Angebot · brot,1.49,2026-08-26,2026-08-30,marktguru-offers
Kaufland,Kaufland Cashew-Cranberry-Mix,4063367507465,plant based foods and beverages,1.99,2026-08-19,2026-08-30,open-prices
Kaufland,"Kaufland Cashew-Kerne geröstet, ungesalzen",4038934177679,plant based foods and beverages,3.79,2026-08-11,2026-08-30,open-prices
Kaufland,Kaufland Chicken Burger,4045992046571,sandwiches,2.99,2026-08-11,2026-08-30,open-prices
Kaufland,Kaufland Classic Blaubeeren getrocknet & gesüßt,4063367624056,plant based foods and beverages,2.99,2026-08-18,2026-08-30,open-prices
Kaufland,Kaufland Classic Flüssiger Blütenhonig,4028700150104,breakfasts,2.69,2026-08-18,2026-08-30,open-prices
Kaufland,Kaufland Classik Eis Schoko Milch,4003490071235,Lebensmittel,1.39,2026-08-11,2026-08-30,open-prices
Kaufland,Kaufland Cornichons mitChili Note,4002442819208,plant based foods and beverages,0.99,2025-08-01,2026-08-30,open-prices
Kaufland,Kaufland Cranberries getrocknet & gezuckert,4063367507588,Dörrobst,1.99,2026-08-18,2026-08-30,open-prices
Kaufland,Kaufland Datteln entsteint,4063367365027,plant based foods and beverages,1.49,2025-06-28,2026-08-30,open-prices
Kaufland,Kaufland Express Reis Mexikanische Art,3760163670027,plant based foods and beverages,1.19,2026-07-03,2026-08-30,open-prices
Kaufland,Kaufland Favourites Premium Cornishons mit feiner Ktäuternote,4337185469428,Lebensmittel,0.99,2025-08-01,2026-08-30,open-prices
Kaufland,Kaufland Frikadellen-Pfanne,4337185886898,meats and their products,2.99,2026-08-19,2026-08-30,open-prices
Kaufland,Kaufland Früchte Müsli mit Hafervollkornflocken,4008713714005,Lebensmittel,2.49,2026-07-13,2026-08-30,open-prices
Kaufland,Kaufland GOLD EDITION Vorspeise,,Angebot · wurst,3.29,2026-09-02,2026-08-30,marktguru-offers
Kaufland,Kaufland Gewürzgurken Partygurken fein-würzig,4063367386329,Lebensmittel,0.99,2025-08-01,2026-08-30,open-prices
Kaufland,Kaufland Gold Edition Griechische Oliven gefüllt mit Chili,5202429001070,plant based foods and beverages,1.49,2026-08-18,2026-08-30,open-prices
Kaufland,Kaufland Gouda Holland Jung,4063367255533,dairies,3.79,2026-07-31,2026-08-30,open-prices
Kaufland,"Kaufland Griechische Oliven, ohne Stein",5202429001209,plant based foods and beverages,1.49,2026-08-18,2026-08-30,open-prices
Kaufland,Kaufland Gyros reispfanne,4337185075827,Lebensmittel,3.49,2025-08-01,2026-08-30,open-prices
Kaufland,Kaufland K-Classic Erdnüsse mit schwarzem Pfeffer,4063367143151,plant based foods and beverages,0.89,2026-03-19,2026-08-30,open-prices
Kaufland,Kaufland K-Classic Griechische Oliven mit Knoblauch,5202429001117,plant based foods and beverages,1.49,2026-08-18,2026-08-30,open-prices
Kaufland,Kaufland K-classic Macadamia geröstet & gesalzen,4063367409295,plant based foods and beverages,3.49,2026-07-13,2026-08-30,open-prices
Kaufland,Kaufland Kokos geraspelt,4038934506967,plant based foods and beverages,0.99,2025-06-18,2026-08-30,open-prices
Kaufland,Kaufland Krabbenchips Klassik,4063367399954,snacks,2.39,2026-03-19,2026-08-30,open-prices
Kaufland,Kaufland Letscho von K-Classic,4063367234613,Lebensmittel,1.29,2025-08-01,2026-08-30,open-prices
Kaufland,Kaufland Naturjoghurt,4250950121331,Lebensmittel,1.19,2026-08-11,2026-08-30,open-prices
Kaufland,Kaufland Paella,4337185785511,meals,3.69,2026-08-19,2026-08-30,open-prices
Kaufland,Kaufland Paprika Süß-scharf,4337185574368,Lebensmittel,1.59,2025-06-28,2026-08-30,open-prices
Kaufland,Kaufland Selleriescheiben,4337185755378,Lebensmittel,1.59,2025-08-01,2026-08-30,open-prices
Kaufland,Kaufland Steinofenbaguette,4012263032236,Lebensmittel,1.39,2026-08-25,2026-08-30,open-prices
Kaufland,Kaufland Studentenfutter Klassik,4063367507069,plant based foods and beverages,1.83,2026-07-13,2026-08-30,open-prices
Kaufland,Kaufland Tomaten-Cremesuppe,4003082044982,canned foods,1.29,2026-08-18,2026-08-30,open-prices
Kaufland,Kaufland Tortiglioni alle arrabbiata,4337185852602,meals,2.99,2025-08-01,2026-08-30,open-prices
Kaufland,Kaufland Végane Steinoffenpizza Classic,4002084548108,plant based foods and beverages,1.79,2026-07-31,2026-08-30,open-prices
Kaufland,Kaufland bio Kichererbsenwaffeln,4251318160061,Reiswaffeln,1.35,2026-08-25,2026-08-30,open-prices
Kaufland,Kaufland classic Backpapier,4008284999177,Lebensmittel,0.95,2025-06-28,2026-08-30,open-prices
Kaufland,Kaufland classic Hühnerfrikassee,4006624065407,frozen foods,2.69,2026-08-19,2026-08-30,open-prices
Kaufland,Kaufland gegrillte Artischocken,8015559003435,plant based foods and beverages,2.29,2026-08-18,2026-08-30,open-prices
Kaufland,Kaufland kartoffeltaschen,4006034003242,Lebensmittel,1.59,2026-08-22,2026-08-30,open-prices
Kaufland,Kaufland take it veggie Veganer Haferdrink ohne Zucker,4063367412219,beverages and beverages preparations,0.9,2026-08-22,2026-08-30,open-prices
Kaufland,Kerrygold Extra,,Angebot · butter,1.49,2026-08-26,2026-08-30,marktguru-offers
Kaufland,Ketchup nr 2 premium,4400139013760,condiments,2.89,2026-08-24,2026-08-30,open-prices
Kaufland,Keunecke Gehacktespfanne mit Kartoffeln,4012665401135,meals,2.99,2026-08-25,2026-08-30,open-prices
Kaufland,Khao Shong Wasabi Peanuts,8850043324623,plant based foods and beverages,3.99,2026-03-19,2026-08-30,open-prices
Kaufland,Kinder Riegel 18+2er Big Pack,4008400222028,snacks,5.39,2026-08-18,2026-08-30,open-prices
Kaufland,Kinjirushi Wasabi Co. Grated Wasabi-Meerrettich-Paste in der Tube,4967825561023,Lebensmittel,3.19,2026-08-18,2026-08-30,open-prices
Kaufland,Kiri Dippi,,Angebot · käse,2.79,2026-08-26,2026-08-30,marktguru-offers
Kaufland,Kisker Irish Coffee Fertigmischung,4074900021959,beverages and beverages preparations,3.49,2026-06-13,2026-08-30,open-prices
Kaufland,Kisker Russische Schokolade,4074900021966,beverages and beverages preparations,3.49,2026-06-13,2026-08-30,open-prices
Kaufland,Kleinemas Wacholder Bauch,,Angebot · wurst,4.44,2026-09-02,2026-08-30,marktguru-offers
Kaufland,Knack & Back Sonntags-Brötchen,,Angebot · eier,1.69,2026-08-26,2026-08-30,marktguru-offers
Kaufland,Konserve Spreewälder Gewürzgurken,4250262708275,plant based foods and beverages,1.79,2025-08-01,2026-08-30,open-prices
Kaufland,Krini Borettane-Zwiebeln,4002015529817,plant based foods and beverages,3.69,2026-08-25,2026-08-30,open-prices
Kaufland,Krini Grüne Oliven ohne Stein,4002015526229,Lebensmittel,3.19,2026-08-05,2026-08-30,open-prices
Kaufland,Krini Paprikafilets,4002015529114,Lebensmittel,4.79,2025-08-01,2026-08-30,open-prices
Kaufland,Krini Pfefferoni griechisch,4002015000477,Lebensmittel,2.49,2025-08-01,2026-08-30,open-prices
Kaufland,Krini Pfefferoni mild,4002015000095,plant based foods and beverages,3.29,2025-08-01,2026-08-30,open-prices
Kaufland,Krini Weiße Bohnen,4002015003096,plant based foods and beverages,1.89,2025-08-01,2026-08-30,open-prices
Kaufland,Krini Weiße Riesenbohnen,4002015003102,plant based foods and beverages,1.89,2025-08-01,2026-08-30,open-prices
Kaufland,Krüger Family Cappuccino,,Angebot · kaffee,2.49,2026-08-26,2026-08-30,marktguru-offers
Kaufland,KuchenMeister KOALA Milch,4101540714580,snacks,1.49,2026-07-13,2026-08-30,open-prices
Kaufland,KuchenMeister Koala Kakao,4101540714573,snacks,1.49,2026-07-13,2026-08-30,open-prices
Kaufland,KuchenMeister Koala Milch-Nuss,4101540714597,snacks,1.49,2026-07-13,2026-08-30,open-prices
Kaufland,Kuchenmeister Koala Milch,4008210261200,snacks,1.49,2025-02-01,2026-08-30,open-prices
Kaufland,Kuhne Piments verts,40804361,plant based foods and beverages,2.39,2026-08-24,2026-08-30,open-prices
Kaufland,Käse Milkana mit Gouda,4045357010759,dairies,2.69,2026-08-26,2026-08-30,open-prices
Kaufland,Käse Rebellen Bio Rebell,,Angebot · käse,1.99,2026-09-02,2026-08-30,marktguru-offers
Kaufland,Käserei Oberli Schweizer Rote Hexe,,Angebot · käse,2.29,2026-08-26,2026-08-30,marktguru-offers
Kaufland,Kühne Apfel-Rotkohl,4012200463604,plant based foods and beverages,1.99,2025-08-01,2026-08-30,open-prices
Kaufland,Kühne Apfel-Rotkohl 2min,40804453,plant based foods and beverages,1.39,2025-08-01,2026-08-30,open-prices
Kaufland,Kühne Condimento Bianco,40122120,condiments,3.99,2026-07-31,2026-08-30,open-prices
Kaufland,Kühne Dressing,,Angebot · salat,1.99,2026-08-26,2026-08-30,marktguru-offers
Kaufland,Kühne Gewürzgurken,40804651,plant based foods and beverages,2.49,2025-08-01,2026-08-30,open-prices
Kaufland,Kühne Gewürzgurken / Schlemmertöpfchen Chili,4012200417201,plant based foods and beverages,3.49,2025-08-01,2026-08-30,open-prices
Kaufland,Kühne Gurken - Schlemmer Töpfchen chili,4012200417300,plant based foods and beverages,3.49,2025-08-01,2026-08-30,open-prices
Kaufland,Kühne Rote Bete,40804309,plant based foods and beverages,1.69,2026-08-05,2026-08-30,open-prices
Kaufland,Kühne Rotkohl,40122762,plant based foods and beverages,1.59,2025-08-01,2026-08-30,open-prices
Kaufland,Kühne Rotkohl in 2 min fertig,4012200463505,Lebensmittel,1.99,2025-08-01,2026-08-30,open-prices
Kaufland,Kühne Ungarische Gurken,40804958,plant based foods and beverages,2.49,2025-08-01,2026-08-30,open-prices
Kaufland,LEIMER Panko Paniermehl,4000186037919,Paniermehl,1.99,2025-08-01,2026-08-30,open-prices
Kaufland,Lacroix Doppelte Kraftbrühe,4009062348187,broths,3.49,2026-08-25,2026-08-30,open-prices
Kaufland,Lambertz Baumkuchen Edel-Zartbitter-Schokolade,4006894554908,snacks,4.99,2026-07-14,2026-08-30,open-prices
Kaufland,Lambertz Baumkuchen Vollmilch,4006894554403,snacks,4.99,2026-07-14,2026-08-30,open-prices
Kaufland,Lambertz Mandelhörnchen,4006894581607,snacks,2.49,2026-03-19,2026-08-30,open-prices
Kaufland,Lambertz Nussecken 22% Haselnüsse,4006894570700,snacks,2.49,2026-03-19,2026-08-30,open-prices
Kaufland,Landana Gouda Holland Pikant,,Angebot · käse,0.89,2026-08-26,2026-08-30,marktguru-offers
Kaufland,Langnese Bienenhonig,,Angebot · salat,3.49,2026-08-26,2026-08-30,marktguru-offers
Kaufland,Lay's Bugles,,Angebot · chips,0.99,2026-08-26,2026-08-30,marktguru-offers
Kaufland,Lay’s MAX Roasted Onion & Sour Cream,4062139026319,plant based foods and beverages,0.99,2026-07-25,2026-08-30,open-prices
Kaufland,Lenor Wäscheparfüm,,Angebot · waschmittel,3.0,2026-08-26,2026-08-30,marktguru-offers
Kaufland,Lets BBQ Kaufland Feta Käsekrainer,4001896132185,meats and their products,1.14,2026-08-11,2026-08-30,open-prices
Kaufland,Lichtenauer Fresh & FruiTea Grüntee-Limette Geschmack,4013256642876,beverages and beverages preparations,1.29,2026-08-05,2026-08-30,open-prices
Kaufland,Lindt Lindor Schokolade,,Angebot · schokolade,2.79,2026-08-26,2026-08-30,marktguru-offers
Kaufland,Lindt Pralinés,,Angebot · schokolade,7.49,2026-08-26,2026-08-30,marktguru-offers
Kaufland,Linella Kartoffeln,4337185610028,Lebensmittel,2.99,2026-08-25,2026-08-30,open-prices
Kaufland,Listerine Fresh Mint  3574661731056 Tägliche Mundspülung,3574661731056,Lebensmittel,3.95,2026-08-11,2026-08-30,open-prices
Kaufland,Listerine Mouthwash,3574661778310,Lebensmittel,4.95,2026-08-11,2026-08-30,open-prices
Kaufland,Listerine Mundspülung,3574661731100,hygiene,3.95,2026-08-11,2026-08-30,open-prices
Kaufland,Listerine total care,3574661730936,beverages,4.95,2026-08-11,2026-08-30,open-prices
Kaufland,Livavis Kollagen Plus,4260175672495,Lebensmittel,8.94,2026-07-14,2026-08-30,open-prices
Kaufland,Lorenz Knusprige Stapelchips Sourcream & Onion Style,4008021000111,Stapelchips,1.49,2026-03-19,2026-08-30,open-prices
Kaufland,Lutece Champignons,8710609016310,plant based foods and beverages,2.99,2025-08-01,2026-08-30,open-prices
Kaufland,MILKA Lufflee,7622202257520,snacks,1.11,2025-08-01,2026-08-30,open-prices
Kaufland,MM Extra Sekt,,Angebot · wein,3.0,2026-08-26,2026-08-30,marktguru-offers
Kaufland,Maggi Kartoffelknödel,4005500325352,plant based foods and beverages,1.99,2025-08-01,2026-08-30,open-prices
Kaufland,Maggi Reiskugeln Curry,4005500319276,plant based foods and beverages,1.39,2025-08-01,2026-08-30,open-prices
Kaufland,Maggi Reiskugeln Risi-Bisi,4005500319177,plant based foods and beverages,1.39,2025-08-01,2026-08-30,open-prices
Kaufland,Maggi Saucy Noodles Sesame Chicken Taste,7613037683417,plant based foods and beverages,1.04,2026-08-25,2026-08-30,open-prices
Kaufland,Markt Frisch Speisekartoffeln,,Angebot · kartoffeln,2.99,2026-08-26,2026-08-30,marktguru-offers
Kaufland,Markt frisch Kartoffeln festkochend,4300175182942,plant based foods and beverages,3.99,2026-08-25,2026-08-30,open-prices
Kaufland,Mattel Skip-Bo,5011363523704,Lebensmittel,14.99,2025-02-01,2026-08-30,open-prices
Kaufland,Mattel UNO,0746775036744,toys games,9.99,2025-02-01,2026-08-30,open-prices
Kaufland,Maybach Qualitätsweine,,Angebot · wein,3.0,2026-08-26,2026-08-30,marktguru-offers
Kaufland,Meggle Baguette Chili Cheese,4034900032362,snacks,1.89,2025-08-01,2026-08-30,open-prices
Kaufland,Meggle Focaccia Rosmarin & Meersalz,4034900032355,plant based foods and beverages,2.79,2025-08-01,2026-08-30,open-prices
Kaufland,Meica Bio-Saft-Bockwurst,,Angebot · saft,3.49,2026-08-26,2026-08-30,marktguru-offers
Kaufland,Melitta Auslese Klassisch Kaffeepads,,Angebot · kaffee,1.99,2026-08-26,2026-08-30,marktguru-offers
Kaufland,Meßmer Earl Grey Teebeutel,4001257218404,beverages and beverages preparations,2.35,2026-08-25,2026-08-30,open-prices
Kaufland,Milka Bunte Kakaolinsen,7622210055439,snacks,1.11,2025-08-01,2026-08-30,open-prices
Kaufland,Milka Happy Cow,7622400005190,snacks,1.11,2025-08-01,2026-08-30,open-prices
Kaufland,Milka Haselnusscreme,,Angebot · salat,3.0,2026-08-26,2026-08-30,marktguru-offers
Kaufland,Milka Party Mix Pralinen,,Angebot · schokolade,2.79,2026-09-02,2026-08-30,marktguru-offers
Kaufland,Milkana Schmelzkäse Cremig leicht,4045357010841,dairies,2.69,2026-07-31,2026-08-30,open-prices
Kaufland,Milkana Tolle Rolle,,Angebot · käse,2.0,2026-08-26,2026-08-30,marktguru-offers
Kaufland,Milram Müritzer,,Angebot · käse,0.99,2026-09-02,2026-08-30,marktguru-offers
Kaufland,Milram Schnittkäse,,Angebot · käse,1.29,2026-08-26,2026-08-30,marktguru-offers
Kaufland,Milsy Villa Ben Käsezöpfe,,Angebot · käse,1.59,2026-08-26,2026-08-30,marktguru-offers
Kaufland,Mivolis Pferdesalbe,4067796148893,medizinprodukt,4.25,2025-06-21,2026-08-30,open-prices
Kaufland,Mlekovita Twarog tlusty,5900512501659,Lebensmittel,1.89,2026-08-11,2026-08-30,open-prices
Kaufland,Mondamin Mehlschwitze dunkel,4046800110132,Mehlschwitze,1.0,2025-08-01,2026-08-30,open-prices
Kaufland,Mondamin Mehlschwitze hell,4046800110125,cooking helpers,1.0,2025-08-01,2026-08-30,open-prices
Kaufland,Mondamin Soßenbinder hell,4046800110903,food additives,1.0,2025-08-01,2026-08-30,open-prices
Kaufland,Monster Energy Assault,5060335635235,beverages and beverages preparations,1.49,2026-08-24,2026-08-30,open-prices
Kaufland,Monster Energy Juiced Aussie Lemonade Style,5060947541986,beverages and beverages preparations,1.49,2026-07-31,2026-08-30,open-prices
Kaufland,Montebelo Brasil Stille Limo - Zitrone + Limette,4009491015742,beverages and beverages preparations,1.59,2026-08-26,2026-08-30,open-prices
Kaufland,Montorsi Salami,,Angebot · wurst,2.0,2026-08-26,2026-08-30,marktguru-offers
Kaufland,Morliny Schlesische Wurst Extra,,Angebot · wurst,5.55,2026-08-26,2026-08-30,marktguru-offers
Kaufland,Muller kokos Pistazie,42448839,beverages and beverages preparations,0.69,2026-07-31,2026-08-30,open-prices
Kaufland,Mövenpick Caffè Crema,,Angebot · kaffee,13.99,2026-08-26,2026-08-30,marktguru-offers
Kaufland,Mühlhäuser Thüringer Pflaumenmus,,Angebot · salat,1.69,2026-08-30,2026-08-30,marktguru-offers
Kaufland,"Müller Triple Karamell - Schokomousse, Schokopudding, Karamellsauce",4025500305772,desserts,1.19,2026-07-25,2026-08-30,open-prices
Kaufland,Müller's Feinkost Manufaktur Heidefrühstück,,Angebot · wurst,0.79,2026-08-26,2026-08-30,marktguru-offers
Kaufland,Müller's Mühle Bowl-Mix,4000286005047,plant based foods and beverages,1.89,2025-08-01,2026-08-30,open-prices
Kaufland,Müller's Mühle Griechische Art,4000286005023,plant based foods and beverages,1.89,2025-08-01,2026-08-30,open-prices
Kaufland,Müller's Mühle Jasmin Reis,4000286004743,Lebensmittel,2.19,2025-08-01,2026-08-30,open-prices
Kaufland,Müller's Mühle Langkorn-Reis,4000286004668,plant based foods and beverages,1.99,2025-08-01,2026-08-30,open-prices
Kaufland,Müller's Mühle Langkornreis,4000286004682,plant based foods and beverages,1.99,2025-08-01,2026-08-30,open-prices
Kaufland,Müllermilch High Protein Pistazienwaffel,42488903,beverages and beverages preparations,1.49,2026-07-31,2026-08-30,open-prices
Kaufland,Müllermilch Vanille,42454250,beverages and beverages preparations,0.69,2026-07-31,2026-08-30,open-prices
Kaufland,Müllers Mühle Basmati Reis,4000286004620,plant based foods and beverages,2.99,2025-08-01,2026-08-30,open-prices
Kaufland,Müllers Mühle Basmatireis,4000286004644,plant based foods and beverages,1.99,2025-08-01,2026-08-30,open-prices
Kaufland,Müllers Mühle Langkorn Reis,4000286004989,Lebensmittel,1.89,2025-08-01,2026-08-30,open-prices
Kaufland,Müllers Mühle Milchreis,4000286004705,plant based foods and beverages,1.99,2025-08-01,2026-08-30,open-prices
Kaufland,Müllers Mühle Risotto Reis,4000286004729,plant based foods and beverages,2.29,2025-08-01,2026-08-30,open-prices
Kaufland,Müller’s Mühle Mediterran (rice),4000286005009,Lebensmittel,1.89,2025-08-01,2026-08-30,open-prices
Kaufland,Natrue Drinks Barista,,Angebot · milch,1.99,2026-08-26,2026-08-30,marktguru-offers
Kaufland,Nawarra Marshmallocreme,4018356004005,snacks,1.79,2026-03-19,2026-08-30,open-prices
Kaufland,Nestlé After Eight Hauchdünne Täfelchen,,Angebot · schokolade,2.0,2026-08-26,2026-08-30,marktguru-offers
Kaufland,Nestlé KitKat Mini Schokoriegel,,Angebot · schokolade,2.49,2026-09-02,2026-08-30,marktguru-offers
Kaufland,Nestlé KitKat Schokoriegel,,Angebot · schokolade,1.99,2026-08-26,2026-08-30,marktguru-offers
Kaufland,Nestlé Kondensmilch gezuckert,4005500081128,dairies,2.75,2026-08-25,2026-08-30,open-prices
Kaufland,Nestlé Nescafé Gold Typ Cappuccino,,Angebot · kaffee,3.69,2026-08-30,2026-08-30,marktguru-offers
Kaufland,Neukircher Zwieback butter,4015405000148,plant based foods and beverages,1.19,2026-08-25,2026-08-30,open-prices
Kaufland,"Nierstaler Schafmilch 1,5% Fett",4041071002049,dairies,3.29,2025-06-28,2026-08-30,open-prices
Kaufland,Nothwang Delikatess-Schinkenspeck,,Angebot · wurst,1.49,2026-08-26,2026-08-30,marktguru-offers
Kaufland,Nucao Crunchy Strawberries,,Angebot · schokolade,2.29,2026-08-26,2026-08-30,marktguru-offers
Kaufland,Nudeln,4001762030553,Lebensmittel,3.49,2026-08-24,2026-08-30,open-prices
Kaufland,Nudossi ohne Palmöl,4018087009331,breakfasts,3.49,2026-03-19,2026-08-30,open-prices
Kaufland,Oberdorfer Helles Helles,,Angebot · bier,14.99,2026-08-26,2026-08-30,marktguru-offers
Kaufland,Old Amsterdam pikant & cremig,8710243909962,dairies,3.49,2026-07-31,2026-08-30,open-prices
Kaufland,Original Wagner Piccolinis,,Angebot · pizza,1.79,2026-08-26,2026-08-30,marktguru-offers
Kaufland,P&G Getränke Cay Teegenuss,9006900284701,beverages and beverages preparations,0.99,2026-08-05,2026-08-30,open-prices
Kaufland,PICO Food Madeleines mit Rosinen,4004363000413,snacks,2.49,2026-08-25,2026-08-30,open-prices
Kaufland,Pascal Ernst Original Belgische Waffeln,4011574186324,snacks,2.49,2026-07-14,2026-08-30,open-prices
Kaufland,Paulaner Münchner Hell alkoholfrei 4066600301011 alkoholfreies Bier,4066600301011,beverages and beverages preparations,1.19,2026-07-31,2026-08-30,open-prices
Kaufland,Pawełek E. Wedel Milk Chocolate Bar with Toffee Flavour Filling,59011194,snacks,0.79,2024-12-20,2026-08-30,open-prices
Kaufland,Pepsi Cherry Zero Zucker,4062139025367,beverages and beverages preparations,3.96,2026-08-11,2026-08-30,open-prices
Kaufland,Pepsi Zero Cherry,4062139025350,beverages and beverages preparations,0.66,2026-08-11,2026-08-30,open-prices
Kaufland,PepsiCo Peach,4062139026210,beverages and beverages preparations,1.49,2026-08-26,2026-08-30,open-prices
Kaufland,Pfanner Saft BCE,9006900017545,beverages and beverages preparations,1.0,2026-08-05,2026-08-30,open-prices
Kaufland,Pfanni Kartoffel Klöße mit rohen Kartoffeln,4000400130655,plant based foods and beverages,1.99,2025-08-01,2026-08-30,open-prices
Kaufland,Pfanni Klösse Teig,4000400130792,plant based foods and beverages,2.79,2025-08-01,2026-08-30,open-prices
Kaufland,Pfanni Klöße roh,4000400130822,Lebensmittel,2.79,2025-08-01,2026-08-30,open-prices
Kaufland,Pfanni Knödel - Semmelknödel,4032600004337,meals,1.99,2025-08-01,2026-08-30,open-prices
Kaufland,Pfanni Knödel Halb,4000400130570,meals,1.99,2025-08-01,2026-08-30,open-prices
Kaufland,Pfanni Semmel Knödel mit Röstzwiebeln,4032600134324,dried products,1.99,2025-08-01,2026-08-30,open-prices
Kaufland,Pfanni Teig für Kartoffelknödel,4000400130815,plant based foods and beverages,2.79,2025-08-01,2026-08-30,open-prices
Kaufland,Philadelphia Frischkäsezubereitung,,Angebot · käse,1.0,2026-08-26,2026-08-30,marktguru-offers
Kaufland,Pick Original Ungarische Salami,,Angebot · wurst,5.99,2026-09-02,2026-08-30,marktguru-offers
Kaufland,Pick Original ungarische Salami,5998003106919,meats and their products,5.49,2026-08-03,2026-08-30,open-prices
Kaufland,Pick up! Schoko & Milch 5er-Pack,4017100254819,snacks,3.29,2026-08-18,2026-08-30,open-prices
Kaufland,Popp Brotaufstrich Farmersalat,4045800402346,meals,1.89,2026-08-05,2026-08-30,open-prices
Kaufland,Popp Fleischsalat,,Angebot · salat,1.29,2026-08-26,2026-08-30,marktguru-offers
Kaufland,Pringles Pizza Flavour,5053990167609,plant based foods and beverages,2.79,2026-08-05,2026-08-30,open-prices
Kaufland,Promez Mici Hackfleischzubereitung,,Angebot · hackfleisch,6.99,2026-08-26,2026-08-30,marktguru-offers
Kaufland,Pumpkin Organics Bio Erdbeere Fruchtchips,4260526594698,plant based foods and beverages,0.79,2026-08-26,2026-08-30,open-prices
Kaufland,PurLand Händchenbrustfiletteilstück,4337185634543,meats and their products,5.29,2025-06-26,2026-08-30,open-prices
Kaufland,Purland Hähnchen Brust in Puszta-Marinade,4337185890048,meats and their products,4.4,2026-08-11,2026-08-30,open-prices
Kaufland,Purland Rinder-Hackfleisch,4306528309400,meats and their products,6.15,2025-07-01,2026-08-30,open-prices
Kaufland,Quarki Kefir,,Angebot · joghurt,1.49,2026-08-26,2026-08-30,marktguru-offers
Kaufland,Quarki Quark Frischkäse,,Angebot · käse,1.59,2026-08-26,2026-08-30,marktguru-offers
Kaufland,Radeberger Fleischwaren Räucherling,,Angebot · wurst,1.99,2026-09-02,2026-08-30,marktguru-offers
Kaufland,Rana Indian Style Butter Chicken,8001665730518,Hühnchengericht,4.99,2026-08-26,2026-08-30,open-prices
Kaufland,Red Bull Sugarfree,90162480,beverages and beverages preparations,0.85,2026-08-05,2026-08-30,open-prices
Kaufland,Reinert Schinken-Nuggetz,,Angebot · wurst,2.0,2026-08-26,2026-08-30,marktguru-offers
Kaufland,Reis fit Express Mediterran-Reis,4006237642644,plant based foods and beverages,1.89,2025-08-01,2026-08-30,open-prices
Kaufland,Reis-Fit Express Parboiled Reis Gedämpfter Spitzen-Langkorn-Reis 4006237642125 Gedämpfter Spitzen-Langkorn-Reis,4006237642125,plant based foods and beverages,1.89,2025-08-01,2026-08-30,open-prices
Kaufland,Reis-Fit Expressreis,,Angebot · reis,1.29,2026-08-26,2026-08-30,marktguru-offers
Kaufland,Reis-Fit Risbellis - Reiscracker Apfel-Zimt,4006237091039,plant based foods and beverages,1.39,2026-08-05,2026-08-30,open-prices
Kaufland,Ritter Sport Alpenmilch,4000417601810,snacks,1.89,2025-02-01,2026-08-30,open-prices
Kaufland,Roh Hähnchenleber,4002823001284,fish and meat and eggs,1.99,2025-06-18,2026-08-30,open-prices
Kaufland,Rosie & Jim Southern fried Hähnchenstreifen,5391312003489,Lebensmittel,5.29,2025-06-28,2026-08-30,open-prices
Kaufland,Rosie u Jim Panierte Hähnchenbrustfilet glutenfrei,5391312003465,Lebensmittel,5.29,2025-06-28,2026-08-30,open-prices
Kaufland,Rotkäppchen Fruchtsecco,,Angebot · wein,3.0,2026-08-26,2026-08-30,marktguru-offers
Kaufland,Rubik's Cube,0778988419571,Spielzeug für unterwegs,9.99,2026-07-03,2026-08-30,open-prices
Kaufland,RÜCKER Grill und Pfannenkäse,4008960221868,dairies,2.49,2026-08-03,2026-08-30,open-prices
Kaufland,RÜCKER Grill- & Pfannenkäse Kräuter,4008960221912,dairies,2.49,2026-08-03,2026-08-30,open-prices
Kaufland,Sagrotan Badreiniger 2 in 1,4251758404459,Lebensmittel,3.75,2026-06-13,2026-08-30,open-prices
Kaufland,San Lucar Erdbeer-Zauber,8430631506749,Obst,2.49,2026-05-15,2026-08-30,open-prices
Kaufland,Schulte Sportler Salami,,Angebot · wurst,1.49,2026-09-02,2026-08-30,marktguru-offers
Kaufland,Schwarzkopf Brillance Farb-Glanzbehandlung Glossing Neutral,4015100816563,haare,1.95,2025-06-21,2026-08-30,open-prices
Kaufland,Schwarzwaldmilch Frische Protein Milch,4046700026304,dairies,0.9,2026-08-11,2026-08-30,open-prices
Kaufland,Schär PAIN CAMPAGNARD AUX GRAINES - Grandes tranches aux graines,8008698022214,plant based foods and beverages,2.95,2025-06-28,2026-08-30,open-prices
Kaufland,Schöfferhofer Grapefruit Weizen-Mix,,Angebot · bier,3.99,2026-08-26,2026-08-30,marktguru-offers
Kaufland,Seeberger Cranberries,4008258296004,plant based foods and beverages,2.89,2026-08-25,2026-08-30,open-prices
Kaufland,Seeberger Geröstete Cashews ohne Salz,4008258109007,plant based foods and beverages,4.38,2026-08-25,2026-08-30,open-prices
Kaufland,Seeberger Mangue,4008258276020,plant based foods and beverages,11.99,2026-07-31,2026-08-30,open-prices
Kaufland,Seitenbacher Klare Suppe,4008391004214,meals,3.49,2025-06-18,2026-08-30,open-prices
Kaufland,Sierra Tequila Blanco,4062400422307,beverages and beverages preparations,14.99,2026-06-13,2026-08-30,open-prices
Kaufland,Sierra Tequila Reposado,4062400422505,beverages and beverages preparations,14.99,2026-06-13,2026-08-30,open-prices
Kaufland,Sierra Tropical Chilli,4062400156301,beverages and beverages preparations,14.99,2026-06-13,2026-08-30,open-prices
Kaufland,Simplicil Textilfarbe schwarz,4052400018181,Lebensmittel,7.95,2026-06-13,2026-08-30,open-prices
Kaufland,Snack Master Mikrowellen Pommes,,Angebot · kartoffeln,0.99,2026-08-26,2026-08-30,marktguru-offers
Kaufland,Sonnen Bassermann Brokkoli-Cremesuppe,4002473832450,canned foods,1.99,2026-08-25,2026-08-30,open-prices
Kaufland,Soßenbinder Mondamin dunkel,4046800110927,plant based foods and beverages,1.0,2025-08-01,2026-08-30,open-prices
Kaufland,Spaten Münchner Hell,,Angebot · bier,14.99,2026-08-26,2026-08-30,marktguru-offers
Kaufland,Spreewald Feldmann Delikatess Gurken mit Honig,4250262708633,Lebensmittel,1.99,2025-08-01,2026-08-30,open-prices
Kaufland,Spreewald Feldmann Gurken eingelegt/Glas,4250262708459,plant based foods and beverages,1.79,2025-08-01,2026-08-30,open-prices
Kaufland,Spreewald Feldmann Letscho,4250262708282,letscho,2.29,2025-08-01,2026-08-30,open-prices
Kaufland,Spreewald Feldmann Original Spreewälder Senfgurken,4250262708657,plant based foods and beverages,1.79,2025-08-01,2026-08-30,open-prices
Kaufland,Spreewald Feldmann Tomaten Paprika Streifen,4250262708893,Lebensmittel,1.29,2025-08-01,2026-08-30,open-prices
Kaufland,Spreewald Gürkchen,4250262708503,plant based foods and beverages,2.89,2025-08-01,2026-08-30,open-prices
Kaufland,Spreewald Prinzessin Cornichons,4250262709494,Lebensmittel,2.29,2025-08-01,2026-08-30,open-prices
Kaufland,Spreewald Prinzessin Gurkentopf,4250262709432,Lebensmittel,3.49,2025-08-01,2026-08-30,open-prices
Kaufland,Spreewaldhof Dill-Schnitten,4012712001875,plant based foods and beverages,2.39,2025-08-01,2026-08-30,open-prices
Kaufland,Spreewaldhof kürbis süß Sauer,4012712002186,plant based foods and beverages,2.29,2025-08-01,2026-08-30,open-prices
Kaufland,Starbucks Kaffeekapseln,,Angebot · kaffee,3.0,2026-08-26,2026-08-30,marktguru-offers
Kaufland,Stephans Bräu Hefe-Weißbier,4337185402210,Lebensmittel,0.65,2026-08-22,2026-08-30,open-prices
Kaufland,Stilfser Südtiroler Käse,,Angebot · käse,1.79,2026-09-02,2026-08-30,marktguru-offers
Kaufland,Storck Knoppers Riegel,,Angebot · schokolade,1.49,2026-08-26,2026-08-30,marktguru-offers
Kaufland,Sunil Vollwaschmittel,,Angebot · waschmittel,7.99,2026-08-26,2026-08-30,marktguru-offers
Kaufland,Tannenhof Backschinken,,Angebot · wurst,1.79,2026-09-02,2026-08-30,marktguru-offers
Kaufland,Tante Fanny Frischer Blech-Pizzateig,,Angebot · pizza,1.99,2026-08-26,2026-08-30,marktguru-offers
Kaufland,Tarczyński Original Polnische Krakauer,,Angebot · schinken,2.99,2026-08-26,2026-08-30,marktguru-offers
Kaufland,Tarczyński Polnischer Kesselschinken,,Angebot · wurst,1.49,2026-08-26,2026-08-30,marktguru-offers
Kaufland,Teekanne Heißer Hugo,4009300011934,beverages and beverages preparations,2.49,2026-07-31,2026-08-30,open-prices
Kaufland,Teekanne Teebeutel Immun Aktiv - mit Vitamin c und Zink,4009300020905,beverages and beverages preparations,2.99,2026-08-25,2026-08-30,open-prices
Kaufland,Teekanne Teegenuss,,Angebot · tee,1.59,2026-08-26,2026-08-30,marktguru-offers
Kaufland,Thoms Die Natürlich Leichte,42448150,C,1.99,2026-08-05,2026-08-30,open-prices
Kaufland,Thomy Sauce Hollandaise,40057705,condiments,1.69,2026-08-25,2026-08-30,open-prices
Kaufland,Thüringer Land Schlagsahne,4099936000778,dairies,2.99,2026-08-05,2026-08-30,open-prices
Kaufland,Thüringer Waldquell Vita Cola Original,4013595055177,beverages and beverages preparations,0.79,2026-08-22,2026-08-30,open-prices
Kaufland,Toast-Brötchen Roggenmisch von K-Bio,4335896332536,plant based foods and beverages,0.95,2026-08-05,2026-08-30,open-prices
Kaufland,Toblerone Schokolade,,Angebot · schokolade,1.0,2026-08-26,2026-08-30,marktguru-offers
Kaufland,Tomaten,4300175426251,plant based foods and beverages,0.99,2026-08-05,2026-08-30,open-prices
Kaufland,Tony's Chocolonely Chocolonely Salted Caramel,8717677338054,snacks,2.99,2026-08-18,2026-08-30,open-prices
Kaufland,Tony's Chocolonely Chocolonely Vollmilch,8717677337996,snacks,2.99,2026-08-18,2026-08-30,open-prices
Kaufland,Tony's Chocolonely Vollmilch Chocolate Chip Cookie,8720701144293,snacks,2.99,2026-08-18,2026-08-30,open-prices
Kaufland,Toscana Buonissima Pancetta,8004225017449,Lebensmittel,7.99,2026-08-03,2026-08-30,open-prices
Kaufland,Trolli Play Mouse,4000512463733,snacks,0.81,2026-08-22,2026-08-30,open-prices
Kaufland,Truly Indian Butter chicken sauce,8901552021760,condiments,3.29,2026-03-19,2026-08-30,open-prices
Kaufland,Truly Indian Tikka masala sauce,8901552021708,condiments,3.29,2026-03-19,2026-08-30,open-prices
Kaufland,Tulip Bacon,,Angebot · wurst,1.49,2026-08-26,2026-08-30,marktguru-offers
Kaufland,Tymbark Frucht- Mischsaft,,Angebot · saft,1.49,2026-08-26,2026-08-30,marktguru-offers
Kaufland,Tête de Moine Schnittkäse,,Angebot · käse,11.99,2026-08-26,2026-08-30,marktguru-offers
Kaufland,Uncle Ben's Natur-Reis,4006237090193,plant based foods and beverages,1.99,2025-06-28,2026-08-30,open-prices
Kaufland,Untouched-Water Mineralwasser,,Angebot · wasser,0.39,2026-08-26,2026-08-30,marktguru-offers
Kaufland,Vanela Bulgarischer Schafskäse,,Angebot · käse,1.99,2026-08-26,2026-08-30,marktguru-offers
Kaufland,Vanish Oxi Action,,Angebot · waschmittel,7.99,2026-08-26,2026-08-30,marktguru-offers
Kaufland,Vantastic Foods Bio Tofu Natur,4260119119550,plant based foods and beverages,2.29,2026-08-06,2026-08-30,open-prices
Kaufland,Vernel Weichspüler,,Angebot · waschmittel,2.0,2026-08-26,2026-08-30,marktguru-offers
Kaufland,Vita Cola Energy Drink,,Angebot · cola,0.89,2026-08-26,2026-08-30,marktguru-offers
Kaufland,VitaRice Mais Waffeln Käsegeschmacj,8720097015689,Lebensmittel,1.99,2026-08-25,2026-08-30,open-prices
Kaufland,Vitacola,4013595318104,beverages and beverages preparations,1.19,2026-08-22,2026-08-30,open-prices
Kaufland,Voelkel Bio Sirup Holunderblüte,4015533014147,beverages and beverages preparations,5.99,2025-08-01,2026-08-30,open-prices
Kaufland,Voelkel Fairer Eistee Himbeere Hibiskus,4015533027734,beverages,1.99,2026-08-05,2026-08-30,open-prices
Kaufland,"Voelkel Rhabarberschorle, mit natürlichem Mineralw...",4015533022838,beverages and beverages preparations,1.99,2026-08-05,2026-08-30,open-prices
Kaufland,Vogtlandweide haltbare Vollmilch,4012850353157,dairies,0.55,2026-08-22,2026-08-30,open-prices
Kaufland,Vollkorn Basmati Reis,8719632250883,plant based foods and beverages,2.45,2025-08-01,2026-08-30,open-prices
Kaufland,Vollmilchschokolade,4001743761407,Lebensmittel,0.69,2025-02-01,2026-08-30,open-prices
Kaufland,"Volvic Bio Tee Hibiskus 0,75L EW",3057640518058,beverages and beverages preparations,1.69,2026-08-26,2026-08-30,open-prices
Kaufland,WC Frisch Kraft aktiv,4015000969833,haushaltschemie,5.95,2026-06-13,2026-08-30,open-prices
Kaufland,WCFrisch WC Stein Kraft aktiv Lemon,4015000969468,Lebensmittel,1.95,2026-06-13,2026-08-30,open-prices
Kaufland,WZG Möglingen Süß & Fruchtig,,Angebot · wein,3.49,2026-08-26,2026-08-30,marktguru-offers
Kaufland,"Wacholder Bauch, Schweinebauch Nitritpökelsalz",4104690811451,Lebensmittel,5.49,2026-08-03,2026-08-30,open-prices
Kaufland,Wagner Steinofen-Pizza - Mozzarella,4009233003952,frozen foods,1.49,2026-08-22,2026-08-30,open-prices
Kaufland,Walkers Pure Butter Shortbread,0039047001138,snacks,3.19,2025-02-01,2026-08-30,open-prices
Kaufland,Wartburger Doppelbrötchen,4044564746000,Lebensmittel,1.99,2025-08-01,2026-08-30,open-prices
Kaufland,Weihenstephan Frische Milch,,Angebot · milch,0.99,2026-08-26,2026-08-30,marktguru-offers
Kaufland,"Weihenstephan H-Milch 3,5%",4008452027602,beverages and beverages preparations,0.95,2025-06-18,2026-08-30,open-prices
Kaufland,"Weihenstephan Milch-H-Milch 3,5% Fett",4008452033986,beverages and beverages preparations,1.05,2026-08-25,2026-08-30,open-prices
Kaufland,Werder Curryketchup Delikat,4400139018949,plant based foods and beverages,1.29,2026-08-11,2026-08-30,open-prices
Kaufland,Werder Hot Chili Ketchup,4400139000876,plant based foods and beverages,2.29,2026-08-22,2026-08-30,open-prices
Kaufland,Werder Tomatenketchup gelb,4400139000067,plant based foods and beverages,1.29,2026-08-11,2026-08-30,open-prices
Kaufland,Wiesbauer Frühstücks Aufschnitt,,Angebot · wurst,1.79,2026-08-26,2026-08-30,marktguru-offers
Kaufland,Wiltmann Bio Fleischkäse,,Angebot · wurst,1.69,2026-08-26,2026-08-30,marktguru-offers
Kaufland,WoW Hundefutter,9120063681594,Lebensmittel,3.29,2026-08-03,2026-08-30,open-prices
Kaufland,Wurzener Basmatireis,4013138007748,Lebensmittel,2.99,2025-08-01,2026-08-30,open-prices
Kaufland,Wurzener Milchreis,4013138004013,plant based foods and beverages,2.05,2025-08-01,2026-08-30,open-prices
Kaufland,Wurzener Paraboild Reis Spitzenlangkornreis,4013138005676,plant based foods and beverages,1.99,2025-08-01,2026-08-30,open-prices
Kaufland,XOX Snack Apfel Chips,4031446863719,plant based foods and beverages,2.99,2026-07-03,2026-08-30,open-prices
Kaufland,YO Erdbeere Fruchtsirup,4048517720970,Lebensmittel,2.0,2025-08-01,2026-08-30,open-prices
Kaufland,YO Himbeer-Zitrone Sirup ohne Zucker,4048517767166,beverages and beverages preparations,2.0,2025-08-01,2026-08-30,open-prices
Kaufland,YO Sirup - Himbeer,4048517720949,beverages and beverages preparations,2.0,2025-08-01,2026-08-30,open-prices
Kaufland,YO Sirup Holunderblüte,4048517767005,beverages and beverages preparations,2.0,2025-08-01,2026-08-30,open-prices
Kaufland,Yo Sirup - Holunderblüte,4048517720918,beverages and beverages preparations,2.0,2025-08-01,2026-08-30,open-prices
Kaufland,Yo Sirup - Pfirsich-Maracuja ohne Zucker,9001400108229,beverages and beverages preparations,2.0,2025-08-01,2026-08-30,open-prices
Kaufland,Yum Yum Duck flavour,8852018101031,plant based foods and beverages,0.69,2026-03-19,2026-08-30,open-prices
Kaufland,Yum Yum Shrimp Flavour,8852018101055,plant based foods and beverages,0.69,2026-03-19,2026-08-30,open-prices
Kaufland,YumYum Vegetable Flavour,8852018101062,plant based foods and beverages,0.69,2026-03-19,2026-08-30,open-prices
Kaufland,Zentis Fruchtaufstrich,,Angebot · salat,1.0,2026-08-26,2026-08-30,marktguru-offers
Kaufland,Zimmermann Original bayrische Bierkugel,4006153100501,meats and their products,5.49,2026-08-03,2026-08-30,open-prices
Kaufland,Zottarella Rolle Classic,,Angebot · käse,1.99,2026-08-26,2026-08-30,marktguru-offers
Kaufland,Zwiebeln rot,4300175331203,plant based foods and beverages,0.99,2026-08-25,2026-08-30,open-prices
Kaufland,bevola Naturals Buchen Zahnbürste Mittel,4022551351338,Lebensmittel,2.45,2025-06-18,2026-08-30,open-prices
Kaufland,dmBio Kakao Nibs,4067796041019,snacks,0.95,2025-06-28,2026-08-30,open-prices
Kaufland,ebelin PROFESSIONAL Frisierkamm (Stylingkamm Carbon),4066447129090,haarbürsten kämme,3.25,2025-06-21,2026-08-30,open-prices
Kaufland,effect Bubble Gum,4025127087396,beverages and beverages preparations,1.09,2026-08-05,2026-08-30,open-prices
Kaufland,extra Kaugummi,4009900584357,Lebensmittel,2.95,2026-08-22,2026-08-30,open-prices
Kaufland,gurkenwürfel,4250262708787,Lebensmittel,1.79,2025-08-01,2026-08-30,open-prices
Kaufland,iglo Tagliatelle Pilz-Pfanne,4250241206778,plant based foods and beverages,2.99,2026-08-19,2026-08-30,open-prices
Kaufland,innocent Orange ohne Fruchtfleisch,5038862435178,beverages and beverages preparations,4.79,2026-08-26,2026-08-30,open-prices
Kaufland,k Bio Zitronen,4300175342575,plant based foods and beverages,1.69,2025-06-28,2026-08-30,open-prices
Kaufland,k classic Langkornreis Beutel,5902481050145,plant based foods and beverages,0.99,2025-08-01,2026-08-30,open-prices
Kaufland,k classic Püre O e auch ge sch ty www. vote Dodate 200 www.c,4012448397235,plant based foods and beverages,1.17,2026-08-11,2026-08-30,open-prices
Kaufland,k-bio Rote Beete Bio/ Kcl,4063367396182,plant based foods and beverages,1.09,2025-08-01,2026-08-30,open-prices
Kaufland,kaufland Grüne Oliven,5907517811462,Lebensmittel,2.79,2026-08-22,2026-08-30,open-prices
Kaufland,müller High Protein,42454113,beverages and beverages preparations,1.59,2026-07-31,2026-08-30,open-prices
Kaufland,popp Feiner Coleslaw-Salat,4045800475197,snacks,2.49,2026-08-05,2026-08-30,open-prices
Kaufland,reis-fit Express Basmati-Reis gedämpft,4006237642118,plant based foods and beverages,1.89,2025-08-01,2026-08-30,open-prices
Kaufland,sNIckers,5900951310560,plant based foods and beverages,3.59,2026-08-22,2026-08-30,open-prices
Kaufland,swirl Pure Air A 08,4006508179343,haushalt,9.99,2026-02-25,2026-08-30,open-prices
Kaufland,tahedl Feinkostsoße Braten pflanzlich,4002646020530,instant brühen soßen,4.99,2025-06-18,2026-08-30,open-prices
Kaufland,tahedl Soße zu Braten cholestarinfrei,4002646020134,instant brühen soßen,4.99,2025-06-18,2026-08-30,open-prices
Kaufland,thisisnobrand123 Antipasti Creme,,Angebot · salat,0.99,2026-08-26,2026-08-30,marktguru-offers
Kaufland,thisisnobrand123 Buschbohnen,,Angebot · reis,1.99,2026-08-26,2026-08-30,marktguru-offers
Kaufland,thisisnobrand123 Garnelensalat Kokos-Paprika,,Angebot · salat,2.49,2026-08-26,2026-08-30,marktguru-offers
Kaufland,thisisnobrand123 Grüne Peperoni,,Angebot · salat,0.99,2026-09-02,2026-08-30,marktguru-offers
Kaufland,thisisnobrand123 Machelle Tropical,,Angebot · käse,1.69,2026-08-26,2026-08-30,marktguru-offers
Kaufland,thisisnobrand123 Miniroma-Tomaten,,Angebot · tomaten,1.49,2026-08-26,2026-08-30,marktguru-offers
Kaufland,thisisnobrand123 Norwegische Lachsfiletseite,,Angebot · lachs,13.49,2026-08-26,2026-08-30,marktguru-offers
Kaufland,thisisnobrand123 Oliven-Mix,,Angebot · salat,0.99,2026-09-02,2026-08-30,marktguru-offers
Kaufland,thisisnobrand123 Schinkenknacker,,Angebot · wurst,0.89,2026-09-02,2026-08-30,marktguru-offers
Kaufland,thisisnobrand123 Sennenkäse,,Angebot · käse,1.69,2026-09-02,2026-08-30,marktguru-offers
Kaufland,thisisnobrand123 Tafelapfel,,Angebot · äpfel,1.79,2026-08-26,2026-08-30,marktguru-offers
Kaufland,thisisnobrand123 Wassermelone,,Angebot · wasser,4.99,2026-08-26,2026-08-30,marktguru-offers
Kaufland,thisisnobrand123 Zuckermais,,Angebot · zucker,1.79,2026-08-26,2026-08-30,marktguru-offers
Kaufland,unbekannt Spannungsprüfer& Schraubendreher im Set,4009017452594,werkzeug,2.0,2025-06-30,2026-08-30,open-prices
Kaufland,Ültje Swavy Salted Caramel,,Angebot · schokolade,1.99,2026-08-26,2026-08-30,marktguru-offers
Lidl,1001 Delights Baklava-Sortiment,,Angebot · brot,3.99,2026-09-09,2026-08-30,marktguru-offers
Lidl,1001 Delights Dönerbrot vegan,,Angebot · brot,1.39,2026-09-09,2026-08-30,marktguru-offers
Lidl,1001 Delights Hummus Classic XXL,,Angebot · salat,0.99,2026-09-09,2026-08-30,marktguru-offers
Lidl,1001 Delights Hähnchen Geschnetzeltes,,Angebot · hähnchen,5.99,2026-09-09,2026-08-30,marktguru-offers
Lidl,1001 Delights Hähnchen-Kebab,,Angebot · hähnchen,3.99,2026-09-09,2026-08-30,marktguru-offers
Lidl,1001 Delights Sahnejoghurt,,Angebot · milch,2.19,2026-09-09,2026-08-30,marktguru-offers
Lidl,1001 Delights Sonnenblumenöl,,Angebot · öl,7.99,2026-09-09,2026-08-30,marktguru-offers
Lidl,1001 Delights Steinofen-pizza Döner-Art,,Angebot · pizza,2.49,2026-09-09,2026-08-30,marktguru-offers
Lidl,1001 Delights Sucuk,,Angebot · wurst,3.59,2026-09-09,2026-08-30,marktguru-offers
Lidl,1001 Delights Ziegenkäse,,Angebot · milch,5.99,2026-09-09,2026-08-30,marktguru-offers
Lidl,1001 Delights Zupfkäse,,Angebot · milch,4.99,2026-09-09,2026-08-30,marktguru-offers
Lidl,7 Days Croissants,,Angebot · brot,1.79,2026-09-06,2026-08-30,marktguru-offers
Lidl,A. Dohrn & A. Timm Bio Apfelsaft Naturtrüb,4056489027201,beverages and beverages preparations,1.65,2025-04-17,2026-08-30,open-prices
Lidl,Aachener Zucker und Backwaren Paul Schaeffer Bio Hafer Cookies 25% Vollmilchschokolade 30% Haferflocken,4335619045651,snacks,2.19,2025-04-19,2026-08-30,open-prices
Lidl,Alesto Anacardo/Castanha-de-caju natural,20267605,plant based foods and beverages,1.79,2025-04-19,2026-08-30,open-prices
Lidl,Alesto Cashewkerne geröstet & gesalzen,20051013,plant based foods and beverages,2.25,2026-07-31,2026-08-30,open-prices
Lidl,Alesto Cashews gewürzt,20524838,plant based foods and beverages,2.25,2026-07-31,2026-08-30,open-prices
Lidl,Alesto Erdnüsse geröstet und gesalzen,20005689,plant based foods and beverages,0.99,2026-07-31,2026-08-30,open-prices
Lidl,Alesto Erdnüsse – geröstet & gesalzen,20089955,plant based foods and beverages,2.29,2025-06-27,2026-08-30,open-prices
Lidl,"Alesto Erdnüsse, pikant gewürzt",20005672,plant based foods and beverages,0.89,2025-10-17,2026-08-30,open-prices
Lidl,Alesto Mandeln Honig & Salz,4056489018995,plant based foods and beverages,1.69,2025-11-15,2026-08-30,open-prices
Lidl,Alesto Nussmix,20047238,plant based foods and beverages,2.99,2025-04-22,2026-08-30,open-prices
Lidl,Alesto Selection Cashew Nuts XXL,40893532,plant based foods and beverages,5.79,2026-04-04,2026-08-30,open-prices
Lidl,Almondy Daim Schokoladen Torte,,Angebot · schokolade,4.44,2026-08-30,2026-08-30,marktguru-offers
Lidl,Alpenhain Camembert Creme,,Angebot · käse,1.49,2026-08-30,2026-08-30,marktguru-offers
Lidl,Alpenhain Obazda klassisch,4003751002848,dairies,1.49,2026-04-04,2026-08-30,open-prices
Lidl,Aoste Salami,,Angebot · wurst,3.99,2026-09-02,2026-08-30,marktguru-offers
Lidl,Apfel süss-sauerlich,4056489447672,plant based foods and beverages,2.49,2025-06-03,2026-08-30,open-prices
Lidl,Appel Brathering,4020500920802,seafood,1.89,2026-07-08,2026-08-30,open-prices
Lidl,Appel Zarte Filets vom Hering,4020500922073,seafood,0.99,2025-04-17,2026-08-30,open-prices
Lidl,Appel Zarte Filets vom Hering,4020500922011,seafood,0.99,2025-04-17,2026-08-30,open-prices
Lidl,Apple cider,4056489905301,beverages and beverages preparations,0.79,2025-11-15,2026-08-30,open-prices
Lidl,ArcticFish lachs,4057295250289,Lebensmittel,3.29,2025-10-25,2026-08-30,open-prices
Lidl,Ariel Waschmittel,,Angebot · waschmittel,21.99,2026-08-30,2026-08-30,marktguru-offers
Lidl,Arla Buko - Gartenkräuter,5711953103797,dairies,0.99,2026-04-04,2026-08-30,open-prices
Lidl,Arla Buko - Typ India,5760466848510,dairies,0.99,2026-04-04,2026-08-30,open-prices
Lidl,Arla Buko Der Sahnige,5711953103766,dairies,0.99,2026-04-04,2026-08-30,open-prices
Lidl,Arla Buko Frischkäse,,Angebot · milch,0.99,2026-09-09,2026-08-30,marktguru-offers
Lidl,Arla Finello XXL,,Angebot · milch,1.99,2026-09-06,2026-08-30,marktguru-offers
Lidl,Arla Kaergarden Butter,,Angebot · milch,1.39,2026-09-02,2026-08-30,marktguru-offers
Lidl,Asolo Dolce Cantuccini mit Mandeln,4056489267119,snacks,1.99,2024-10-28,2026-08-30,open-prices
Lidl,Aubona High Protein Quarkriegel Schoko,4056489838210,snacks,0.49,2025-01-09,2026-08-30,open-prices
Lidl,Backländer Dinkelschnitten mit Sonnenblumenkernen,4056489096337,plant based foods and beverages,1.29,2024-09-07,2026-08-30,open-prices
Lidl,Backländer GmbH Mehrkorn-Schnitten,4056489096320,plant based foods and beverages,1.19,2025-11-08,2026-08-30,open-prices
Lidl,Baresa Bio-Tomaten gehackt -  Zwiebel & Knoblauch,20884253,plant based foods and beverages,0.75,2025-12-22,2026-08-30,open-prices
Lidl,Baresa Chopped Tomatoes,20004132,plant based foods and beverages,0.5,2025-04-22,2026-08-30,open-prices
Lidl,Baresa Gehackte Tomaten,,Angebot · tomaten,0.65,2026-09-06,2026-08-30,marktguru-offers
Lidl,Baresa Grüne Oliven mit Mandeln,4056489965879,plant based foods and beverages,1.99,2026-07-31,2026-08-30,open-prices
Lidl,Baresa Grüne Oliven ohne Stein,20443375,plant based foods and beverages,1.29,2026-07-31,2026-08-30,open-prices
Lidl,Baresa Pesto alla Calabrese,4056489129677,condiments,1.29,2024-09-07,2026-08-30,open-prices
Lidl,"Baresa Tomaten gehackt, Basilikum",20884222,plant based foods and beverages,0.75,2025-12-22,2026-08-30,open-prices
Lidl,Barilla Capellini Nr. 1,8076800195019,plant based foods and beverages,0.99,2025-11-08,2026-08-30,open-prices
Lidl,Barilla PESTO Basilico,8076809572569,condiments,3.49,2024-12-04,2026-08-30,open-prices
Lidl,Barilla Pasta,,Angebot · nudeln,1.29,2026-09-02,2026-08-30,marktguru-offers
Lidl,Barilla Pesto Basilico con Rucula,8076809545396,condiments,1.79,2026-03-05,2026-08-30,open-prices
Lidl,Barilla Pesto alla Calabrese 190g,8076809517751,condiments,1.88,2026-04-04,2026-08-30,open-prices
Lidl,Barilla Sauce pesto avec fromage ricotta et noix 190g,8076809517881,condiments,1.79,2026-03-05,2026-08-30,open-prices
Lidl,Bauer Aprikosenjoghurt weniger Zucker,4002334116224,dairies,0.44,2025-07-08,2026-08-30,open-prices
Lidl,Bauer Frucht-Joghurt,,Angebot · joghurt,0.49,2026-09-02,2026-08-30,marktguru-offers
Lidl,Bauer Joghurt Kirsch-Banane,4002334114626,dairies,0.44,2025-07-08,2026-08-30,open-prices
Lidl,Bauer Joghurt Pfirsich Maracuja,4002334116200,dairies,0.44,2025-07-08,2026-08-30,open-prices
Lidl,Bayern Bio Bio Fettarmer Joghurt mild,4056489014003,dairies,1.15,2024-09-07,2026-08-30,open-prices
Lidl,Bayernkrone Butter,,Angebot · milch,0.99,2026-09-09,2026-08-30,marktguru-offers
Lidl,Ben's Original Express Reis,,Angebot · reis,1.49,2026-09-02,2026-08-30,marktguru-offers
Lidl,Berliner Kindl - Jubiläums Pilsener,4053400257754,beverages and beverages preparations,0.89,2025-04-26,2026-08-30,open-prices
Lidl,Berliner Pilsner Brauerei Berliner Pilsner,4053400257624,beverages and beverages preparations,0.89,2025-09-17,2026-08-30,open-prices
Lidl,BiO Organic Courgettes bio,20240066,plant based foods and beverages,1.25,2025-04-19,2026-08-30,open-prices
Lidl,BiancoForno Blätterteigherzen,20305185,snacks,1.99,2026-07-31,2026-08-30,open-prices
Lidl,BiancoForno Blätterteigherzen Kakao,4335619023383,snacks,1.99,2026-07-31,2026-08-30,open-prices
Lidl,Billie Green Grobe Bratwurst Käse,4099498000391,meat alternatives,2.49,2025-04-24,2026-08-30,open-prices
Lidl,Billie green Bratwurst Krakauer Style,4099498000209,vegan products,2.49,2025-04-24,2026-08-30,open-prices
Lidl,Bio Eier aus Brandenburg,4056489885542,farming products,2.29,2025-11-08,2026-08-30,open-prices
Lidl,Bio Organic Organic Vine Tomatoes,20240059,plant based foods and beverages,2.15,2025-04-17,2026-08-30,open-prices
Lidl,Bio+ Bio Eier,4056489292456,eggs and their products,3.39,2025-12-06,2026-08-30,open-prices
Lidl,Bioland Bio Speisequark Magerstufe,4056489013082,dairies,0.99,2026-02-24,2026-08-30,open-prices
Lidl,Bitburger Premium Pils,,Angebot · bier,0.79,2026-09-06,2026-08-30,marktguru-offers
Lidl,Bon Gelati Eis Mandel 8x XXL,4335619343818,desserts,3.45,2026-07-28,2026-08-30,open-prices
Lidl,Bonot Pére & Fils Chardonnay,,Angebot · wein,6.99,2026-08-29,2026-08-30,marktguru-offers
Lidl,Bonot Pére & Fils Pinot Noir Tradition,,Angebot · wein,7.99,2026-08-22,2026-08-30,marktguru-offers
Lidl,Brunch Brotaufstrich,,Angebot · brot,1.29,2026-09-02,2026-08-30,marktguru-offers
Lidl,Büsumer Feinkost Premium Lachssortiment,,Angebot · lachs,3.29,2026-09-02,2026-08-30,marktguru-offers
Lidl,CARREFOUR Mandarinen,20241742,plant based foods and beverages,2.19,2025-12-27,2026-08-30,open-prices
Lidl,CROWNFIELD High Protein Porridge - Karamell Butterkeks,4056489917700,plant based foods and beverages,2.99,2024-09-07,2026-08-30,open-prices
Lidl,Capri Sun Säfte,,Angebot · saft,2.99,2026-09-06,2026-08-30,marktguru-offers
Lidl,Ceralia Getreideprodukte Dinkel Hafer Müsli - Schoko,4335619012035,plant based foods and beverages,2.75,2025-01-09,2026-08-30,open-prices
Lidl,Ceralia Getreideprodukte Dinkel Hafer Müsli Früchte-Feige,4335619012028,plant based foods and beverages,2.75,2025-01-09,2026-08-30,open-prices
Lidl,Cheestrings Mozzarella Original,,Angebot · milch,1.6,2026-08-30,2026-08-30,marktguru-offers
Lidl,Chef Select Bio Hummus Vegan,,Angebot · salat,1.49,2026-09-06,2026-08-30,marktguru-offers
Lidl,Chef Select CHANA MASALA,4335619382169,Lebensmittel,3.49,2026-02-24,2026-08-30,open-prices
Lidl,Chef Select Ei-Bacon Brotaufstrich,4056489627449,spreads,1.39,2026-04-09,2026-08-30,open-prices
Lidl,Chef Select Gelbes Curry mit Hähnchen,4056489242260,plant based foods and beverages,3.29,2025-01-09,2026-08-30,open-prices
Lidl,Chef Select HIGH PROTEIN BOWL NACH BBQ ART,4335619382176,Lebensmittel,3.49,2026-02-24,2026-08-30,open-prices
Lidl,Chef Select Jägerhackbraten,,Angebot · wurst,2.49,2026-09-06,2026-08-30,marktguru-offers
Lidl,Chef Select Vegane Bowl Gartengemüse Gnocchi,4335619036468,Lebensmittel,2.29,2025-12-13,2026-08-30,open-prices
Lidl,Chef select Vegane Bowl Dinkelweizen Champignons,4335619030671,frozen foods,2.29,2025-10-25,2026-08-30,open-prices
Lidl,Chio Chips,,Angebot · chips,0.99,2026-08-30,2026-08-30,marktguru-offers
Lidl,Château Dauzac Margaux 5éme Grand Cru Classé,,Angebot · wein,39.99,2026-08-22,2026-08-30,marktguru-offers
Lidl,Cien Клечки за уши,4056489988854,cotton buds,0.89,2025-06-03,2026-08-30,open-prices
Lidl,Cinzano Vermouth Bianco,,Angebot · wein,6.99,2026-08-30,2026-08-30,marktguru-offers
Lidl,Claudel Käsespezialitäten,,Angebot · milch,2.99,2026-09-02,2026-08-30,marktguru-offers
Lidl,"Coca-Cola 0,33 Dose",5000112602029,beverages and beverages preparations,0.99,2025-12-06,2026-08-30,open-prices
Lidl,Coca-Cola Cola,,Angebot · cola,8.49,2026-09-09,2026-08-30,marktguru-offers
Lidl,Coca-Cola Limonade,,Angebot · cola,1.19,2026-08-30,2026-08-30,marktguru-offers
Lidl,Combino Bio Dinkel Nudeln Penne,4056489291060,plant based foods and beverages,1.45,2026-01-08,2026-08-30,open-prices
Lidl,Combino Green pea penne,4056489290674,plant based foods and beverages,1.39,2026-01-08,2026-08-30,open-prices
Lidl,Combino Spaghetti,,Angebot · nudeln,0.59,2026-09-06,2026-08-30,marktguru-offers
Lidl,Comte de Senneval Brut Millésime,,Angebot · wein,21.99,2026-08-29,2026-08-30,marktguru-offers
Lidl,Conditorei Coppenrath & Wiese Brötchen,4008577006391,plant based foods and beverages,1.11,2025-04-19,2026-08-30,open-prices
Lidl,Conditorei Coppenrath & Wiese Unsere Goldstücke - Weizen-Brötchen,4008577006315,plant based foods and beverages,2.29,2025-12-27,2026-08-30,open-prices
Lidl,Confiserie Firenze Muffins aux pepites de chocolat noir,20996147,snacks,1.99,2024-11-23,2026-08-30,open-prices
Lidl,Coppenrath & Wiese Blaubeer-Cheesecake,4008577006902,snacks,4.99,2025-04-17,2026-08-30,open-prices
Lidl,Corny Schoko,4011800521219,snacks,1.79,2025-11-08,2026-08-30,open-prices
Lidl,Corte Alle Mura Vernaccia di San Gimignano,,Angebot · wein,29.99,2026-08-29,2026-08-30,marktguru-offers
Lidl,Costières de Nîmes Vegan Roséwein,,Angebot · wein,4.99,2026-08-22,2026-08-30,marktguru-offers
Lidl,Crownfield Bio Dinkel Hafer Müsli Frücht,,Angebot · müsli,3.29,2026-09-06,2026-08-30,marktguru-offers
Lidl,Crownfield Bio Haferflocken zart,4056489665519,plant based foods and beverages,0.85,2025-12-13,2026-08-30,open-prices
Lidl,Crownfield Haferflocken Bio Haferflocken kernig,4056489558101,plant based foods and beverages,0.85,2024-09-07,2026-08-30,open-prices
Lidl,Crownfield Knusper Haselnuss Hafer-Müsli Choviva,4335619148413,plant based foods and beverages,2.59,2025-11-15,2026-08-30,open-prices
Lidl,Crownfield Knusprige Haferpops,4056489762782,plant based foods and beverages,2.19,2024-08-05,2026-08-30,open-prices
Lidl,Crownfield Muesli - Granada y bayas de goji,4056489036760,plant based foods and beverages,3.29,2025-09-19,2026-08-30,open-prices
Lidl,Crownfield Müsliriegel Schokolade,4056489204060,snacks,1.29,2025-04-09,2026-08-30,open-prices
Lidl,Crownfield Peanut-Choco Bits,4335619104464,plant based foods and beverages,2.49,2025-10-01,2026-08-30,open-prices
Lidl,Crownfield Schoko Hafer-Müsli,20774998,plant based foods and beverages,2.49,2026-07-31,2026-08-30,open-prices
Lidl,Crownfield Schoko Müsli,4056489255499,plant based foods and beverages,2.49,2026-07-31,2026-08-30,open-prices
Lidl,Crownfield Superfood Müsli Quinoa-Granatapfel-Heidelbeere,4056489036753,plant based foods and beverages,3.29,2025-10-30,2026-08-30,open-prices
Lidl,Crownfield Zarte Haferflocken XXL,,Angebot · reis,1.19,2026-08-30,2026-08-30,marktguru-offers
Lidl,Cup Noodles Nudeln (instant) - Soba Chili mit Yakisoba-Sauce,5997523313135,plant based foods and beverages,1.79,2025-10-30,2026-08-30,open-prices
Lidl,Côté Marché Gemüse Kartoffeln Pommes de terre,40878263,aliments et boissons a base de vegetaux ,1.29,2025-12-06,2026-08-30,open-prices
Lidl,Dallmayr Crema d'Oro,,Angebot · kaffee,13.99,2026-08-30,2026-08-30,marktguru-offers
Lidl,Dallmayr Prodomo Kaffee,,Angebot · kaffee,6.49,2026-09-10,2026-08-30,marktguru-offers
Lidl,Danone Actimel XXL,,Angebot · milch,3.33,2026-09-09,2026-08-30,marktguru-offers
Lidl,"Deluxe (Lidl) Hausgemachter Ajvar, scharf",4056489926467,plant based foods and beverages,4.99,2026-04-04,2026-08-30,open-prices
Lidl,Deluxe Belgische Pralinen Klassich,4335619198982,snacks,4.99,2025-11-15,2026-08-30,open-prices
Lidl,Deluxe Cantuccini mit Pistazien,20203450,snacks,2.49,2026-07-31,2026-08-30,open-prices
Lidl,Deluxe Green Beans Wrapped In Bacon,4056489883135,Lebensmittel,3.99,2025-12-13,2026-08-30,open-prices
Lidl,Deluxe Lidl Cashew Nuts Caramel,4335619239814,plant based foods and beverages,2.49,2025-12-10,2026-08-30,open-prices
Lidl,Deluxe Mini Gnocchi tricolore,20301965,Lebensmittel,2.29,2025-12-13,2026-08-30,open-prices
Lidl,Deluxe Olivenöl,4056489798552,plant based foods and beverages,6.99,2026-07-31,2026-08-30,open-prices
Lidl,Deluxe Pistaziencreme,4056489721413,breakfasts,3.15,2026-07-31,2026-08-30,open-prices
Lidl,Deluxe Torrone chocolat noir,20569686,snacks,1.99,2026-07-31,2026-08-30,open-prices
Lidl,Deluxe Törtchen,,Angebot · brot,4.99,2026-09-09,2026-08-30,marktguru-offers
Lidl,Dentalux Zahnbürste,20055929,Lebensmittel,1.45,2025-06-03,2026-08-30,open-prices
Lidl,Der Große Bauer - Lemon Cheesecake,4002334118303,Lebensmittel,0.44,2025-07-08,2026-08-30,open-prices
Lidl,Diamant Rübenzucker,4008381141004,sweeteners,0.99,2025-12-06,2026-08-30,open-prices
Lidl,Dilek Teigblätter,,Angebot · brot,1.99,2026-09-09,2026-08-30,marktguru-offers
Lidl,Doritos Sweet-Chili-Pepper Geschmack,4062139006052,snacks,0.99,2025-06-24,2026-08-30,open-prices
Lidl,Dovgan Family Körniger Frischkäse XXL,,Angebot · milch,2.69,2026-09-06,2026-08-30,marktguru-offers
Lidl,Dovgan Vareneki,4032549022683,plant based foods and beverages,6.99,2025-12-06,2026-08-30,open-prices
Lidl,Dr. Oetker Backpulver - Backin,4000521103019,food additives,1.29,2025-11-08,2026-08-30,open-prices
Lidl,Dr. Oetker Die Ofenfrische Pizza,,Angebot · pizza,1.79,2026-08-30,2026-08-30,marktguru-offers
Lidl,Dr. Oetker Intermezzo,,Angebot · pizza,1.79,2026-09-02,2026-08-30,marktguru-offers
Lidl,Dr. Oetker Ristorante Pizza Tonno,4001724039891,frozen foods,3.79,2025-06-18,2026-08-30,open-prices
Lidl,Dr. Oetker Vitalis Knusper Müsli PLUS Nussmischung,4000521021894,plant based foods and beverages,1.99,2025-04-24,2026-08-30,open-prices
Lidl,Dr. Oetker Vitalis Knusper Schoko Müsli,4000521040680,plant based foods and beverages,1.99,2025-04-24,2026-08-30,open-prices
Lidl,Dr. Oetker Vitalis Knusper müsli Honeys,4000521661304,plant based foods and beverages,2.49,2025-09-17,2026-08-30,open-prices
Lidl,Dr. Oetker schokomüsli klassisch,4000521042103,plant based foods and beverages,5.99,2025-11-08,2026-08-30,open-prices
Lidl,Duc De Coeur 12 Macarons,,Angebot · brot,3.49,2026-09-02,2026-08-30,marktguru-offers
Lidl,Duc De Coeur Brioche Brötchen,,Angebot · brot,2.49,2026-09-02,2026-08-30,marktguru-offers
Lidl,Duc De Coeur Brioche Chinois,,Angebot · brot,2.19,2026-09-02,2026-08-30,marktguru-offers
Lidl,Duc De Coeur Briochezopf,,Angebot · brot,2.99,2026-09-02,2026-08-30,marktguru-offers
Lidl,Duc De Coeur Butterkekse,,Angebot · butter,3.99,2026-09-02,2026-08-30,marktguru-offers
Lidl,Duc De Coeur Camembert le Caractère,,Angebot · käse,2.49,2026-09-02,2026-08-30,marktguru-offers
Lidl,Duc De Coeur Coulommiers de Caractere,,Angebot · käse,3.79,2026-09-02,2026-08-30,marktguru-offers
Lidl,Duc De Coeur Crêpes,,Angebot · brot,1.99,2026-09-02,2026-08-30,marktguru-offers
Lidl,Duc De Coeur Duo Twists,,Angebot · brot,1.39,2026-09-02,2026-08-30,marktguru-offers
Lidl,Duc De Coeur Fisch Teigtaschen,,Angebot · eier,2.99,2026-09-02,2026-08-30,marktguru-offers
Lidl,Duc De Coeur Mini Brioche,,Angebot · brot,1.39,2026-09-02,2026-08-30,marktguru-offers
Lidl,Duc De Coeur Mini-Hefeschnecken,,Angebot · brot,2.49,2026-09-02,2026-08-30,marktguru-offers
Lidl,Duc De Coeur Schneckenkuchen,,Angebot · brot,2.49,2026-09-02,2026-08-30,marktguru-offers
Lidl,Duc De Coeur Tartelettes,,Angebot · brot,1.49,2026-09-02,2026-08-30,marktguru-offers
Lidl,Duc De Coeur Ziegenrolle,,Angebot · käse,1.99,2026-09-02,2026-08-30,marktguru-offers
Lidl,Dulano Bierschinken,,Angebot · wurst,1.19,2026-08-30,2026-08-30,marktguru-offers
Lidl,Dulano Bockwurst,,Angebot · wurst,6.49,2026-08-30,2026-08-30,marktguru-offers
Lidl,Dulano Delikatess Filetroulade Hähnchen,4335619020658,meats and their products,2.29,2025-10-30,2026-08-30,open-prices
Lidl,Dulano Delikatess Pfeffer-Schinkenbraten,4056489600473,Auf Fleisch basierende Lebensmittel,1.59,2026-03-05,2026-08-30,open-prices
Lidl,Dulano Delikatess Schinkenwürfel,,Angebot · wurst,2.29,2026-08-30,2026-08-30,marktguru-offers
Lidl,Dulano Hähnchenbrust mit Curry,4335619318618,Gepökelt aus Hähnchenbrustfilet Fleischs,1.59,2025-10-25,2026-08-30,open-prices
Lidl,Dulano Leberwurst,,Angebot · wurst,1.39,2026-08-30,2026-08-30,marktguru-offers
Lidl,Dulano Selection Jamón Serrano Rohschinken,,Angebot · wurst,1.89,2026-08-30,2026-08-30,marktguru-offers
Lidl,"Dulano Tiroler Speck g.g.A., Karreespeck",4335619441002,Lebensmittel,1.99,2026-07-08,2026-08-30,open-prices
Lidl,Dulano Tyrolini scharf,4335619016439,meats and their products,1.99,2026-07-31,2026-08-30,open-prices
Lidl,ERIDANOUS Grüne Oliven mit Mandeln gefüllt,20293710,plant based foods and beverages,1.99,2026-07-31,2026-08-30,open-prices
Lidl,Eatlean Lean Cheese,5028482101690,dairies,2.49,2026-02-24,2026-08-30,open-prices
Lidl,Ehrmann Almighurt,,Angebot · milch,0.39,2026-09-06,2026-08-30,marktguru-offers
Lidl,Ehrmann High-Protein-Pudding - Caramel Style,4002971243901,dairies,1.49,2024-08-05,2026-08-30,open-prices
Lidl,Ehrmann Skyr Natural 450g.,4002971296709,dairies,1.49,2026-03-25,2026-08-30,open-prices
Lidl,Ehrmann Skyr Vanille,4002971296808,dairies,1.49,2026-03-25,2026-08-30,open-prices
Lidl,Eier,4056489386308,Lebensmittel,2.69,2026-02-24,2026-08-30,open-prices
Lidl,Ein gutes Stück Bayern Haltbare Bio Vollmilch,4056489379850,beverages and beverages preparations,1.25,2025-12-27,2026-08-30,open-prices
Lidl,Eradinous Halva mit Pistazien,4056489906063,snacks,1.99,2026-07-31,2026-08-30,open-prices
Lidl,Erdbär Freche Freunde Bio Fruchtchips Banane & Erdbeere,,Angebot · bananen,2.99,2026-08-30,2026-08-30,marktguru-offers
Lidl,Eredanous Grüne Oliven Glas,20111724,plant based foods and beverages,5.99,2026-03-05,2026-08-30,open-prices
Lidl,Eridanous Bohnen weiß eingelegt in Tomatensoße,20026394,plant based foods and beverages,1.79,2026-03-05,2026-08-30,open-prices
Lidl,Eridanous Grüne Peperoncini,20532864,plant based foods and beverages,1.99,2026-07-31,2026-08-30,open-prices
Lidl,Eridanous Grüne Pfefferonen gefüllt mit Frischkäsezubereitung,20532888,plant based foods and beverages,1.99,2026-07-31,2026-08-30,open-prices
Lidl,Eridanous Guindilla Roja y queso Malagueta,20532871,plant based foods and beverages,1.99,2026-07-31,2026-08-30,open-prices
Lidl,Eridanous Halva Kakao,20233662,snacks,1.99,2026-07-31,2026-08-30,open-prices
Lidl,Eridanous Halva Vanille,20233655,snacks,1.99,2026-07-31,2026-08-30,open-prices
Lidl,Eridanous Kritharaki,20872717,plant based foods and beverages,0.89,2025-03-13,2026-08-30,open-prices
Lidl,Eridanous Soft Nougat Riegel,4056489609230,snacks,1.49,2026-07-31,2026-08-30,open-prices
Lidl,Eridanous Soft Nougat Riegel Cranberry,4056489609223,snacks,1.49,2026-07-31,2026-08-30,open-prices
Lidl,Eridanous Soft Nougat mit Erdnüssen und Orangen,4056489609216,snacks,1.49,2026-07-31,2026-08-30,open-prices
Lidl,"Eridanous Tahini, Sesammus mit Honig",4056489541806,plant based foods and beverages,2.29,2025-03-13,2026-08-30,open-prices
Lidl,Exquisa Frischkäse XXL,,Angebot · milch,1.59,2026-08-30,2026-08-30,marktguru-offers
Lidl,FIN CARRE Melk Lait,20005825,snacks,0.79,2026-07-31,2026-08-30,open-prices
Lidl,"Fanta Exotic 0,33 Dose",5000112514124,beverages and beverages preparations,0.99,2025-12-06,2026-08-30,open-prices
Lidl,Fanta orange,5000112604726,beverages and beverages preparations,0.99,2025-09-17,2026-08-30,open-prices
Lidl,Favorina Dominos dark chocolate,20036232,snacks,3.49,2025-11-15,2026-08-30,open-prices
Lidl,Favorina Feinste Baumkuchenspitzen Orengenlikör Vollmilch,20224912,snacks,2.99,2025-10-03,2026-08-30,open-prices
Lidl,Favorina Gewürz-Spekulatius,4056489704010,snacks,1.69,2025-11-15,2026-08-30,open-prices
Lidl,Favorina Torrone (fruit),20569662,snacks,1.99,2026-07-31,2026-08-30,open-prices
Lidl,Ferrero Kinder Bueno,,Angebot · schokolade,4.59,2026-09-09,2026-08-30,marktguru-offers
Lidl,Ferrero Kinder Cards,,Angebot · schokolade,2.29,2026-08-30,2026-08-30,marktguru-offers
Lidl,Ferrero Kinder Country,,Angebot · schokolade,4.89,2026-09-09,2026-08-30,marktguru-offers
Lidl,Ferrero Kinder Happy Hippo,,Angebot · schokolade,1.99,2026-08-30,2026-08-30,marktguru-offers
Lidl,Ferrero Kinder Maxi King,,Angebot · schokolade,1.59,2026-08-30,2026-08-30,marktguru-offers
Lidl,Ferrero Kinder Riegel,,Angebot · schokolade,5.39,2026-09-09,2026-08-30,marktguru-offers
Lidl,Ferrero Kinder Schoko-Bons,,Angebot · schokolade,3.99,2026-09-09,2026-08-30,marktguru-offers
Lidl,Ferrero Kinder Schoko-Bons XXL,,Angebot · schokolade,6.99,2026-08-30,2026-08-30,marktguru-offers
Lidl,Ferrero Kinder Überraschung,,Angebot · schokolade,0.99,2026-09-06,2026-08-30,marktguru-offers
Lidl,Ferrero Mon Chéri,,Angebot · schokolade,6.99,2026-09-02,2026-08-30,marktguru-offers
Lidl,Ferrero Nutella Nuss-Nugat Creme XXL,,Angebot · salat,7.49,2026-08-30,2026-08-30,marktguru-offers
Lidl,Ferrero Nutella kleiner Gruß,,Angebot · salat,2.29,2026-09-09,2026-08-30,marktguru-offers
Lidl,Ferrero Yogurette,,Angebot · schokolade,1.29,2026-08-30,2026-08-30,marktguru-offers
Lidl,Fin Carre Tafelschokolade,,Angebot · schokolade,0.99,2026-09-02,2026-08-30,marktguru-offers
Lidl,Fin Carre Whole Nut Milk Chocolate with Roasted Hazelnuts,20005771,snacks,1.29,2026-07-31,2026-08-30,open-prices
Lidl,Fin Carré Cashew-Kracher Salz Alpenvollmilch,4335619100947,snacks,1.19,2026-07-31,2026-08-30,open-prices
Lidl,Fin Carré Noisette Zartschmelzende Schokolade,4056489304692,snacks,0.89,2026-07-31,2026-08-30,open-prices
Lidl,Fin Carré Whole Nuts White Chocolate,20303037,snacks,1.29,2026-07-31,2026-08-30,open-prices
Lidl,Fischerstolz Goldlocken,2816360001933,seafood,4.24,2025-10-25,2026-08-30,open-prices
Lidl,Fischerstolz Kabeljau Rückenfiletportionen Ohne Haut,4335619191921,seafood,5.49,2025-12-06,2026-08-30,open-prices
Lidl,Fischerstolz Norwegische Lachsfiletportion,,Angebot · lachs,4.79,2026-08-30,2026-08-30,marktguru-offers
Lidl,Fischerstolz Norwegische Lachsfiletportionen,,Angebot · lachs,15.99,2026-09-06,2026-08-30,marktguru-offers
Lidl,Fleisch Nürnberger Rostbratwürste,4018703048102,meats and their products,3.29,2025-12-22,2026-08-30,open-prices
Lidl,"Floralis Taschentücher, Einweg",4056489110880,Lebensmittel,2.85,2026-01-28,2026-08-30,open-prices
Lidl,Floralys Toilettenpapier XXL,,Angebot · toilettenpapier,7.49,2026-09-06,2026-08-30,marktguru-offers
Lidl,Flämische Keksfabrik Jaffa cakes orange,20816384,snacks,2.49,2024-09-07,2026-08-30,open-prices
Lidl,Flämische Keksfabrik Schoko-Keks Sticks Zartbitterschokolade,4056489570301,snacks,1.49,2026-07-31,2026-08-30,open-prices
Lidl,Fol Epi Schnittkäse,,Angebot · milch,2.99,2026-09-02,2026-08-30,marktguru-offers
Lidl,Formil Vollwaschmittel,,Angebot · waschmittel,3.99,2026-09-03,2026-08-30,marktguru-offers
Lidl,Fossa Eugenia B.V. Minze,20699369,plant based foods and beverages,0.99,2025-03-28,2026-08-30,open-prices
Lidl,Fossa Eugenia Basilikum,4056489006992,plant based foods and beverages,1.99,2025-03-13,2026-08-30,open-prices
Lidl,Freeway Cola,,Angebot · cola,0.29,2026-09-06,2026-08-30,marktguru-offers
Lidl,"Freeway Grapefruit Zero Sugar, 8% Fruchtgehalt",42178231,beverages and beverages preparations,0.79,2024-09-07,2026-08-30,open-prices
Lidl,Freeway Hydrate¹⁰,4335619069053,beverages and beverages preparations,0.99,2025-10-01,2026-08-30,open-prices
Lidl,"Freeway MixxMax Zero, Cola & Orange",42256694,beverages and beverages preparations,0.65,2024-09-07,2026-08-30,open-prices
Lidl,French Style Baguette Buffet,,Angebot · wurst,2.99,2026-09-02,2026-08-30,marktguru-offers
Lidl,French Style Flammkuchenschnecken,,Angebot · brot,1.99,2026-09-02,2026-08-30,marktguru-offers
Lidl,French Style Mini-Salamis,,Angebot · wurst,2.49,2026-09-02,2026-08-30,marktguru-offers
Lidl,French Style Ringsalami,,Angebot · wurst,2.99,2026-09-02,2026-08-30,marktguru-offers
Lidl,French Style Salami,,Angebot · wurst,4.99,2026-09-02,2026-08-30,marktguru-offers
Lidl,French Style Schinken,,Angebot · wurst,2.29,2026-09-02,2026-08-30,marktguru-offers
Lidl,French Style Walnuss Salami,,Angebot · wurst,2.99,2026-09-02,2026-08-30,marktguru-offers
Lidl,Freshona Feinste passierte Tomaten Bio,20884260,plant based foods and beverages,0.69,2025-04-19,2026-08-30,open-prices
Lidl,Freshona Festtagsgemüse,20486099,plant based foods and beverages,1.99,2025-12-13,2026-08-30,open-prices
Lidl,Freshona Italienische Tomaten gehackt Oregano,20319281,plant based foods and beverages,0.75,2025-12-22,2026-08-30,open-prices
Lidl,Freshona Pois chiches,4056489999669,plant based foods and beverages,0.59,2025-12-06,2026-08-30,open-prices
Lidl,Freshona Sauerkirschen,20149819,plant based foods and beverages,1.99,2025-07-05,2026-08-30,open-prices
Lidl,Frosta Nudel-Hähnchen-Pfanne XXL,4008366008742,meals,4.79,2025-10-25,2026-08-30,open-prices
Lidl,Fude + Serrahn Minis Edelschimmel,20197353,dairies,1.19,2025-10-30,2026-08-30,open-prices
Lidl,Funny Frisch Ofen Chips,,Angebot · chips,1.11,2026-09-09,2026-08-30,marktguru-offers
Lidl,Funny frisch Chipsfrisch ungarisch,4003586101310,plant based foods and beverages,1.99,2025-04-17,2026-08-30,open-prices
Lidl,GAZI Grill- und Pfannenkäse,4002566010703,dairies,1.99,2025-06-24,2026-08-30,open-prices
Lidl,GAZİ Grill- & Pfannenkäse 4in1 Mix,4002566010901,dairies,3.79,2025-04-28,2026-08-30,open-prices
Lidl,GRAFSCHAFTER Pure Kornkraft Haferbrot,4056489183631,plant based foods and beverages,1.75,2026-07-08,2026-08-30,open-prices
Lidl,GRÄFSCHAFTER Bio Das Pure,4335619202740,plant based foods and beverages,1.75,2026-01-08,2026-08-30,open-prices
Lidl,GRÄFSCHAFTER Eiweißreiches Weizenvollkornbrot,4056489206026,plant based foods and beverages,1.99,2026-02-24,2026-08-30,open-prices
Lidl,GUSTAVO GUSTO Pizza Prosciutto e Funghi,4260414150456,meals,3.33,2025-04-05,2026-08-30,open-prices
Lidl,Galbani Mozzarella Tris,,Angebot · milch,3.33,2026-08-30,2026-08-30,marktguru-offers
Lidl,Gazi Feta,,Angebot · milch,4.99,2026-08-30,2026-08-30,marktguru-offers
Lidl,Gazi Grill- und Pfannenkäse,,Angebot · milch,1.99,2026-09-09,2026-08-30,marktguru-offers
Lidl,Gazi Grill- und Pfannenkäse Natur,4002566010710,dairies,1.99,2025-06-24,2026-08-30,open-prices
Lidl,Gazi Kasar Peyniri Schnittkäse,,Angebot · milch,3.99,2026-09-09,2026-08-30,marktguru-offers
Lidl,Gazi Schafkäse,,Angebot · milch,1.0,2026-09-09,2026-08-30,marktguru-offers
Lidl,Gazi Tulum Nomadenkäse,,Angebot · milch,4.49,2026-09-09,2026-08-30,marktguru-offers
Lidl,Gerolsteiner Mineralwasser Medium,,Angebot · wasser,0.89,2026-09-06,2026-08-30,marktguru-offers
Lidl,Gerstengraf BiO DAS PURE,4335619202757,plant based foods and beverages,1.85,2025-10-30,2026-08-30,open-prices
Lidl,Giovanni Ferrari Grana Padano,8001230001180,dairies,3.49,2025-07-08,2026-08-30,open-prices
Lidl,Giovanni Rana Ricotta und Spinat,8001665727624,plant based foods and beverages,3.49,2025-04-09,2026-08-30,open-prices
Lidl,Glico Mikado Milch Schokolade,7622300476144,snacks,2.19,2026-07-31,2026-08-30,open-prices
Lidl,Glico Mikado Zartherbe Schokolade,7622300479008,snacks,2.19,2026-07-31,2026-08-30,open-prices
Lidl,Golden Sun Bio Basmati Reis,4056489095736,plant based foods and beverages,1.61,2025-03-26,2026-08-30,open-prices
Lidl,Golden Sun Bio Rote Linsen,,Angebot · reis,1.45,2026-09-06,2026-08-30,marktguru-offers
Lidl,Golden Sun Reis - Basmati Reis,20364625,plant based foods and beverages,1.91,2025-06-18,2026-08-30,open-prices
Lidl,Grafschafter Houstičky,4056489157335,plant based foods and beverages,1.19,2025-04-01,2026-08-30,open-prices
Lidl,Greenforce Pflanzliche Mini-Frika,4260322211348,plant based foods and beverages,2.22,2025-12-13,2026-08-30,open-prices
Lidl,Grillmeister Bratwurst Merguez XXL,,Angebot · wurst,7.49,2026-09-03,2026-08-30,marktguru-offers
Lidl,Grillmeister Cevapcici XXL,,Angebot · hackfleisch,6.49,2026-09-09,2026-08-30,marktguru-offers
Lidl,Grillmeister Geflügel-Bratwurst XXL,,Angebot · wurst,5.59,2026-09-06,2026-08-30,marktguru-offers
Lidl,Grillmeister Grillhähnchen,,Angebot · hähnchen,6.49,2026-09-02,2026-08-30,marktguru-offers
Lidl,Grillmeister Hähnchen-Minutenschnitzel,,Angebot · hähnchen,3.99,2026-08-30,2026-08-30,marktguru-offers
Lidl,Gros Manseng Côtes de Gascogne,,Angebot · wein,4.99,2026-08-22,2026-08-30,marktguru-offers
Lidl,Gustavo Gusto Flammkuchen Steinhofen Pizza,4260414154751,meals,3.33,2025-04-01,2026-08-30,open-prices
Lidl,Gustavo Gusto Vier Käse für ein Halleluja - Pizza Quattro Formaggi,4260414150531,frozen foods,3.33,2025-04-05,2026-08-30,open-prices
Lidl,Géramont Weichkäse,,Angebot · milch,2.29,2026-09-06,2026-08-30,marktguru-offers
Lidl,Halloren Конфеты с шоколадно-ванильной начинкой,4014303141212,snacks,2.79,2026-01-08,2026-08-30,open-prices
Lidl,Heidsieck & Co Monopole Blue Top Champagner Brut,,Angebot · wein,27.99,2026-08-22,2026-08-30,marktguru-offers
Lidl,"Hengstenberg Tomaten, stückig",40081236,plant based foods and beverages,1.99,2026-07-31,2026-08-30,open-prices
Lidl,Herta Finesse,,Angebot · wurst,1.39,2026-08-30,2026-08-30,marktguru-offers
Lidl,Herta Schinken,,Angebot · wurst,1.49,2026-09-09,2026-08-30,marktguru-offers
Lidl,Hilcona Feinkost Teigwaren XXL,,Angebot · eier,3.29,2026-09-06,2026-08-30,marktguru-offers
Lidl,Hohes C Super Shots Antiox,4048517689888,beverages and beverages preparations,1.99,2025-04-28,2026-08-30,open-prices
Lidl,Hosta Mr. Tom Vegan Riegel,,Angebot · müsli,1.29,2026-09-09,2026-08-30,marktguru-offers
Lidl,Iglo Green Cuisine Gemüsestäbchen,4250241204231,plant based foods and beverages,2.99,2026-02-24,2026-08-30,open-prices
Lidl,Inter Biscuits Choco Wafer Röllchen Vollmilch,20005535,snacks,1.79,2026-07-31,2026-08-30,open-prices
Lidl,"Inter Biscuits Schoko Waffeln, 48% Vollmilchschokolade",20068820,snacks,2.59,2026-07-31,2026-08-30,open-prices
Lidl,Iron maxx Clear Whey isolate Zero Drink,4260648135885,Lebensmittel,1.99,2024-08-05,2026-08-30,open-prices
Lidl,Italiamo Crema da pistacchio,20633257,plant based foods and beverages,2.49,2026-07-31,2026-08-30,open-prices
Lidl,Jacobs Kaffee Kapseln,,Angebot · kaffee,7.49,2026-08-30,2026-08-30,marktguru-offers
Lidl,Jacobs Kaffeesticks 3-in-1,,Angebot · kaffee,1.99,2026-08-30,2026-08-30,marktguru-offers
Lidl,Just Spices Kartoffel Allrounder,4260431673297,plant based foods and beverages,2.99,2025-06-03,2026-08-30,open-prices
Lidl,K-Classic High Protein Quark Dessert Raspberry,4056489216223,dairies,0.89,2024-12-04,2026-08-30,open-prices
Lidl,Kania Crispy Fried Onions,20173074,plant based foods and beverages,1.19,2026-07-31,2026-08-30,open-prices
Lidl,Kania Gebratene Nudeln Szechuan Style,4056489869986,plant based foods and beverages,1.19,2025-10-30,2026-08-30,open-prices
Lidl,Kania Gebratene Nudeln Süss-Sauer,4056489869993,Lebensmittel,1.19,2024-12-04,2026-08-30,open-prices
Lidl,Kania Kit Ramen Curry,4335619133990,plant based foods and beverages,1.99,2025-12-13,2026-08-30,open-prices
Lidl,Kania Paprikapulver,20000295,plant based foods and beverages,0.85,2025-12-22,2026-08-30,open-prices
Lidl,Katjas Vitaminis,4037400346137,Lebensmittel,1.39,2026-01-08,2026-08-30,open-prices
Lidl,Katjes Yoghurt-Gums,4037400344737,snacks,1.19,2025-11-15,2026-08-30,open-prices
Lidl,Kellerei Kaltern Sauvignon Alto Adige,,Angebot · wein,9.99,2026-08-22,2026-08-30,marktguru-offers
Lidl,Kerrygold Extra XXL,,Angebot · milch,2.66,2026-09-06,2026-08-30,marktguru-offers
Lidl,Kerrygold Käsescheiben,,Angebot · milch,1.49,2026-09-09,2026-08-30,marktguru-offers
Lidl,"Krombacher GT-Mobility - Tankstelle , KFZ-Service , Abschlepp- & Bergedienst",4008287050134,beverages and beverages preparations,0.95,2025-04-26,2026-08-30,open-prices
Lidl,Krups Kaffeevollautomat LattEspress EA8298,,Angebot · kaffee,369.0,2026-08-30,2026-08-30,marktguru-offers
Lidl,Krups Kaffeevollautomat Sensation EA910A10,,Angebot · kaffee,333.0,2026-09-06,2026-08-30,marktguru-offers
Lidl,LIDL Früchte Hafer-Müsli,20071943,plant based foods and beverages,2.49,2026-07-31,2026-08-30,open-prices
Lidl,LIDL Giovanni Rana GOURMET Cappeletti Prosciutto di Parma 500g 3.49€ 1kg 6.98€,8001665727648,plant based foods and beverages,3.99,2025-06-03,2026-08-30,open-prices
Lidl,Laiterie de le Montagne Tomme de Montagne,,Angebot · käse,3.99,2026-09-02,2026-08-30,marktguru-offers
Lidl,Landliebe Haltbare Landmilch,,Angebot · milch,0.95,2026-09-06,2026-08-30,marktguru-offers
Lidl,Landliebe Joghurt,,Angebot · milch,1.11,2026-09-09,2026-08-30,marktguru-offers
Lidl,Lay's Chili und Lime Chips,4062139026333,plant based foods and beverages,1.11,2026-07-31,2026-08-30,open-prices
Lidl,Lay's Chips,,Angebot · chips,0.99,2026-09-10,2026-08-30,marktguru-offers
Lidl,Lay's aus dem Ofen Geröstete Paprika,4062139005536,plant based foods and beverages,0.99,2025-09-17,2026-08-30,open-prices
Lidl,Leerdammer® Feine Scheiben zart-würzig,8721800401553,dairies,1.69,2024-08-05,2026-08-30,open-prices
Lidl,Lenor Wäscheparfüm,,Angebot · waschmittel,5.99,2026-08-30,2026-08-30,marktguru-offers
Lidl,Lidl Ajvar jemný,4056489317197,plant based foods and beverages,4.99,2026-01-28,2026-08-30,open-prices
Lidl,Lidl Backshop Apfel Berliner,,Angebot · brot,3.99,2026-08-30,2026-08-30,marktguru-offers
Lidl,Lidl Backshop Apfeltasche,,Angebot · brot,1.38,2026-09-06,2026-08-30,marktguru-offers
Lidl,Lidl Backshop Bio Vollkorn-Körner­-Krusti,,Angebot · brot,0.98,2026-09-06,2026-08-30,marktguru-offers
Lidl,Lidl Backshop Buttercroissant,,Angebot · butter,0.98,2026-09-06,2026-08-30,marktguru-offers
Lidl,Lidl Backshop Krustenbrot,,Angebot · brot,1.35,2026-08-30,2026-08-30,marktguru-offers
Lidl,Lidl Backshop Käselaugenstange,,Angebot · brot,1.18,2026-08-30,2026-08-30,marktguru-offers
Lidl,Lidl Backshop Laugeneck,,Angebot · brot,1.7,2026-09-06,2026-08-30,marktguru-offers
Lidl,Lidl Backshop Nuss Nougat Berliner,,Angebot · brot,0.59,2026-09-06,2026-08-30,marktguru-offers
Lidl,Lidl Backshop Nuss-Nougat-Croissant,,Angebot · brot,1.38,2026-08-30,2026-08-30,marktguru-offers
Lidl,Lidl Backshop Pizza Donut Margherita,,Angebot · pizza,0.99,2026-09-06,2026-08-30,marktguru-offers
Lidl,Lidl Backshop Weltmeisterbrötchen,,Angebot · brot,0.78,2026-09-06,2026-08-30,marktguru-offers
Lidl,Lidl Bio Hafermilch,4056489983477,beverages and beverages preparations,0.9,2025-12-27,2026-08-30,open-prices
Lidl,Lidl Bowl Toskana,4056489920496,Lebensmittel,2.99,2025-10-25,2026-08-30,open-prices
Lidl,Lidl Buddha Bowl Mit Soja Dressing,8711393000974,meals,3.69,2025-10-01,2026-08-30,open-prices
Lidl,Lidl Champignons Bio,20979508,plant based foods and beverages,2.19,2025-04-09,2026-08-30,open-prices
Lidl,Lidl Cocktailstrauchtomaten,20891985,plant based foods and beverages,1.49,2025-04-09,2026-08-30,open-prices
Lidl,Lidl Dattelcherrytomaten,20316488,plant based foods and beverages,2.49,2025-08-21,2026-08-30,open-prices
Lidl,Lidl Deluxe Cantuccini mit Haselnüssen 20203467 Kekse mit Haselnüssen,20203467,snacks,2.49,2026-07-31,2026-08-30,open-prices
Lidl,Lidl Deluxe Weiche Torrone,20569679,snacks,1.99,2026-07-31,2026-08-30,open-prices
Lidl,Lidl Edel Lachs,4056489028918,seafood,8.49,2025-04-17,2026-08-30,open-prices
Lidl,Lidl Erdbeeren,20241971,plant based foods and beverages,0.99,2026-04-09,2026-08-30,open-prices
Lidl,Lidl Fischstäbchen,20155087,seafood,2.49,2025-07-05,2026-08-30,open-prices
Lidl,Lidl Fleischwurst,4056489578925,meats and their products,2.99,2025-03-13,2026-08-30,open-prices
Lidl,Lidl Frische Bio Eier,4056489292463,Lebensmittel,3.29,2024-08-05,2026-08-30,open-prices
Lidl,Lidl Halloween Wednesday Zungenfärber Bonbons,4056489531340,snacks,1.27,2025-10-30,2026-08-30,open-prices
Lidl,Lidl Harzer Käse,20198268,dairies,1.89,2026-01-08,2026-08-30,open-prices
Lidl,"Lidl High Protein Grießpudding, Pur",4335619009394,dairies,1.69,2025-12-13,2026-08-30,open-prices
Lidl,Lidl High Protein Schoko Grießpudding,4335619009417,dairies,1.69,2026-01-08,2026-08-30,open-prices
Lidl,Lidl Kartoffeln festkochend,20399689,plant based foods and beverages,1.69,2025-03-28,2026-08-30,open-prices
Lidl,Lidl Milbona Bio Fruchtjoghurt mild Himbeere-Holunderbeere,4056489014096,dairies,1.19,2024-09-07,2026-08-30,open-prices
Lidl,Lidl Radler naturtrüb alkoholfrei,42413912,beverages and beverages preparations,0.49,2024-12-04,2026-08-30,open-prices
Lidl,Lidl Red onions,20250416,plant based foods and beverages,1.29,2025-04-22,2026-08-30,open-prices
Lidl,Lidl Rocha Birnen,4056489616146,plant based foods and beverages,2.29,2025-11-08,2026-08-30,open-prices
Lidl,Lidl Romaine Hearts,20379735,Sałat,0.85,2025-12-22,2026-08-30,open-prices
Lidl,Lidl Soft baked cookies Weiße Schokolade & Zitrone,20301804,snacks,1.59,2024-09-07,2026-08-30,open-prices
Lidl,Lidl Superfood Müsli Haselnuss-Feige,4056489036746,plant based foods and beverages,3.29,2025-12-13,2026-08-30,open-prices
Lidl,Lidl Thunfisch Filets in Sonnenblumenöl,4056489254676,seafood,1.29,2026-04-04,2026-08-30,open-prices
Lidl,Lidl Weißer Knoblauch,20194987,plant based foods and beverages,1.49,2025-04-19,2026-08-30,open-prices
Lidl,Lidl rajčica mini grappolo,20242145,plant based foods and beverages,1.99,2025-12-06,2026-08-30,open-prices
Lidl,Lidl veganes Schnitzel paniert,4056489790457,meat alternatives,1.99,2025-04-19,2026-08-30,open-prices
Lidl,Lillet Blanc,,Angebot · wein,10.99,2026-09-02,2026-08-30,marktguru-offers
Lidl,Livarno Duschtuch,4052916785065,Lebensmittel,3.59,2026-03-05,2026-08-30,open-prices
Lidl,Lord Nelson Bio Tee,,Angebot · tee,1.39,2026-08-30,2026-08-30,marktguru-offers
Lidl,"Lorenz Salziges, Saltletts VollkornSticks",4018077683015,snacks,1.19,2025-04-28,2026-08-30,open-prices
Lidl,Lübzer Pils,42140863,beverages and beverages preparations,0.65,2025-04-17,2026-08-30,open-prices
Lidl,MM Extra Sekt,,Angebot · wein,2.99,2026-09-02,2026-08-30,marktguru-offers
Lidl,Magnum CAW 8x 100ml,8711327621176,desserts,3.49,2026-07-08,2026-08-30,open-prices
Lidl,Maltesers Maxi-Pack,,Angebot · schokolade,3.99,2026-09-09,2026-08-30,marktguru-offers
Lidl,Maribel Bio Erdnussmus,4335619036994,plant based foods and beverages,1.85,2025-10-30,2026-08-30,open-prices
Lidl,Maribel Bio Erdnussmus Crunchy,4335619037007,plant based foods and beverages,1.85,2026-02-24,2026-08-30,open-prices
Lidl,Maribel Deutscher Blüten Honig,4260096392168,breakfasts,3.99,2025-11-15,2026-08-30,open-prices
Lidl,Mars Celebrations,,Angebot · schokolade,3.49,2026-09-09,2026-08-30,marktguru-offers
Lidl,Mars extra Professional White Himbeere Granatapfel,4009900544177,snacks,3.45,2024-12-04,2026-08-30,open-prices
Lidl,Maybach Grauer Burgunder,,Angebot · wein,11.99,2026-08-30,2026-08-30,marktguru-offers
Lidl,McEnnedy American Style Chicken strips with Curry Dip,20143077,meats and their products,3.99,2025-10-25,2026-08-30,open-prices
Lidl,McEnnedy Peanut Butter Smooth,4335619091610,plant based foods and beverages,2.79,2026-07-31,2026-08-30,open-prices
Lidl,Meggle Baguette Kräuter Butter,4034900032652,Lebensmittel,1.99,2025-04-28,2026-08-30,open-prices
Lidl,Meggle Knoblauchbrot XXL,4034900032256,plant based foods and beverages,1.79,2025-04-28,2026-08-30,open-prices
Lidl,Melitta Barista,,Angebot · kaffee,11.99,2026-09-09,2026-08-30,marktguru-offers
Lidl,Metzgerfrisch Bio Traditions Wiener Würstchen,,Angebot · wurst,2.99,2026-09-06,2026-08-30,marktguru-offers
Lidl,Metzgerfrisch Bio Traditions Wurstaufschnitt,,Angebot · wurst,1.79,2026-09-06,2026-08-30,marktguru-offers
Lidl,Metzgerfrisch Bio Traditions-Fleischwurst,,Angebot · wurst,2.79,2026-09-06,2026-08-30,marktguru-offers
Lidl,Metzgerfrisch Bio Traditions-Rostbratwurst,,Angebot · wurst,3.99,2026-09-06,2026-08-30,marktguru-offers
Lidl,Metzgerfrisch Bio-Salami,,Angebot · wurst,2.49,2026-09-06,2026-08-30,marktguru-offers
Lidl,Metzgerfrisch Hähnchen Oberkeulen-Minutensteaks,,Angebot · hähnchen,3.33,2026-09-02,2026-08-30,marktguru-offers
Lidl,Metzgerfrisch Hähnchen Schenkel XXL,,Angebot · hähnchen,8.69,2026-08-30,2026-08-30,marktguru-offers
Lidl,Metzgerfrisch Hähnchen-Brustfilet,,Angebot · hähnchen,5.19,2026-09-06,2026-08-30,marktguru-offers
Lidl,Metzgerfrisch Hähnchen-Geschnetzeltes,,Angebot · hähnchen,3.79,2026-08-30,2026-08-30,marktguru-offers
Lidl,Metzgerfrisch Hähnchen-Hackfleisch XXL,,Angebot · hähnchen,4.99,2026-09-09,2026-08-30,marktguru-offers
Lidl,Metzgerfrisch Hähnchenflügel XXL,,Angebot · hähnchen,6.99,2026-09-09,2026-08-30,marktguru-offers
Lidl,Metzgerfrisch Schweine-Hackfleisch XXL,,Angebot · hackfleisch,3.99,2026-09-06,2026-08-30,marktguru-offers
Lidl,Meßmer Tee,,Angebot · tee,1.49,2026-08-30,2026-08-30,marktguru-offers
Lidl,Milbona BIO Organic COTTAGE CHEESE,4056489187813,dairies,1.15,2025-12-13,2026-08-30,open-prices
Lidl,Milbona Bio Cremiger Joghurt,,Angebot · milch,1.79,2026-09-06,2026-08-30,marktguru-offers
Lidl,Milbona Bio Feta,4056489844334,dairies,2.12,2026-03-05,2026-08-30,open-prices
Lidl,Milbona Bio Joghurt mit Knuspermüsli,,Angebot · milch,0.95,2026-09-06,2026-08-30,marktguru-offers
Lidl,Milbona Bio-Käsescheiben,,Angebot · milch,1.79,2026-08-30,2026-08-30,marktguru-offers
Lidl,Milbona Butterkäse,,Angebot · milch,1.99,2026-08-30,2026-08-30,marktguru-offers
Lidl,Milbona Butterschmalz,4056489108184,dairies,5.39,2026-03-05,2026-08-30,open-prices
Lidl,Milbona Café latte Espresso,20036911,beverages and beverages preparations,0.75,2026-07-28,2026-08-30,open-prices
Lidl,Milbona Cheddar,,Angebot · milch,1.79,2026-08-30,2026-08-30,marktguru-offers
Lidl,Milbona Creme Fraiche,20816544,dairies,0.99,2025-06-18,2026-08-30,open-prices
Lidl,Milbona Fettarmer Kefir mild,4335619223653,beverages and beverages preparations,0.99,2025-10-25,2026-08-30,open-prices
Lidl,Milbona Fettarmer Kefir mild,4056489109570,beverages and beverages preparations,0.79,2025-12-27,2026-08-30,open-prices
Lidl,Milbona Frischkäsebecher,,Angebot · milch,1.19,2026-08-30,2026-08-30,marktguru-offers
Lidl,Milbona Fruchtjoghurt,,Angebot · milch,0.59,2026-09-06,2026-08-30,marktguru-offers
Lidl,Milbona Gouda Holland,,Angebot · milch,2.99,2026-08-30,2026-08-30,marktguru-offers
Lidl,Milbona Gouda Scheiben,4056489691334,dairies,2.29,2025-01-09,2026-08-30,open-prices
Lidl,Milbona Haltbare Fettarme Milch,,Angebot · milch,8.5,2026-08-30,2026-08-30,marktguru-offers
Lidl,Milbona Hartkäse Grana padano,4056489616436,dairies,4.85,2025-04-10,2026-08-30,open-prices
Lidl,Milbona High Protein Banane Joghurterzeugnis,4056489751076,dairies,0.79,2024-08-05,2026-08-30,open-prices
Lidl,Milbona High Protein Chocolate Flavour Pudding,4056489216162,dairies,0.99,2024-08-05,2026-08-30,open-prices
Lidl,Milbona High Protein Pudding Haselnut Flavour,4056489472261,desserts,0.99,2025-12-13,2026-08-30,open-prices
Lidl,Milbona High Protein Pudding Pistaziengeschmack,4056489618911,desserts,0.89,2026-03-25,2026-08-30,open-prices
Lidl,Milbona High Protein Quark Creme Vanille,4335619151185,dairies,1.79,2025-11-15,2026-08-30,open-prices
Lidl,Milbona High Protein Quark-Creme Erdbeere,4335619151208,dairies,1.79,2025-10-30,2026-08-30,open-prices
Lidl,Milbona High Protein Rice Pudding Choco-banana,4056489857365,desserts,0.79,2024-12-04,2026-08-30,open-prices
Lidl,Milbona High protein vanilla pudding,4056489920069,dairies,1.59,2025-10-30,2026-08-30,open-prices
Lidl,Milbona Käse,,Angebot · milch,1.39,2026-08-30,2026-08-30,marktguru-offers
Lidl,Milbona Mascarpone,,Angebot · milch,1.49,2026-08-30,2026-08-30,marktguru-offers
Lidl,Milbona Milch Laktosefrei,4056489939481,beverages and beverages preparations,1.29,2025-06-24,2026-08-30,open-prices
Lidl,Milbona Parmigiano Reggiano,,Angebot · milch,2.79,2026-08-30,2026-08-30,marktguru-offers
Lidl,Milbona Peach-Passion Fruit Quark-Based,4056489216247,dairies,0.89,2024-12-04,2026-08-30,open-prices
Lidl,Milbona Protein Quark Creme Vanille,4056489601616,dairies,1.99,2025-10-25,2026-08-30,open-prices
Lidl,Milbona Saure Sahne,20816568,dairies,0.69,2025-09-15,2026-08-30,open-prices
Lidl,Milbona Schlagsahne,,Angebot · milch,1.19,2026-09-06,2026-08-30,marktguru-offers
Lidl,Milbona Schmelzkäsezubereitung,,Angebot · milch,1.69,2026-08-30,2026-08-30,marktguru-offers
Lidl,Milbona Skyr,4056489012788,dairies,1.49,2024-12-04,2026-08-30,open-prices
Lidl,Milbona Skyr Erdbeere,4056489118206,dairies,1.39,2025-01-09,2026-08-30,open-prices
Lidl,Milbona Skyr Heidelbeere,4056489118213,dairies,1.69,2024-08-05,2026-08-30,open-prices
Lidl,Milbona Skyr Vanille,4056489118190,dairies,1.39,2025-01-09,2026-08-30,open-prices
Lidl,Milbona Speisequark,,Angebot · milch,0.99,2026-09-06,2026-08-30,marktguru-offers
Lidl,Milbona Süßrahmbutter,,Angebot · milch,2.69,2026-09-06,2026-08-30,marktguru-offers
Lidl,Milbona Yogur High Protein Coco,4056489685937,dairies,0.79,2026-03-25,2026-08-30,open-prices
Lidl,"Milbona haltbare Vollmilch 3,5% Fett",4056489848950,dairies,1.09,2025-11-08,2026-08-30,open-prices
Lidl,Milka Pralines Milchcreme,7622210598080,snacks,1.99,2025-04-17,2026-08-30,open-prices
Lidl,Milka Pralinés,,Angebot · schokolade,1.99,2026-09-02,2026-08-30,marktguru-offers
Lidl,Milka Riegel,,Angebot · schokolade,1.99,2026-09-09,2026-08-30,marktguru-offers
Lidl,Milka Schokolade,,Angebot · schokolade,2.99,2026-09-06,2026-08-30,marktguru-offers
Lidl,Milka chocolate Hazelnuts,4025700001023,snacks,1.49,2024-10-28,2026-08-30,open-prices
Lidl,Milram Buttermilch-Drink,,Angebot · milch,1.29,2026-09-06,2026-08-30,marktguru-offers
Lidl,Milram Frühlings Quark,,Angebot · käse,1.99,2026-08-30,2026-08-30,marktguru-offers
Lidl,Milram XXL Käsescheiben,,Angebot · käse,2.89,2026-08-30,2026-08-30,marktguru-offers
Lidl,Milram Zaziki,40466323,condiments,1.99,2026-04-09,2026-08-30,open-prices
Lidl,Mionetto Prosecco Treviso Brut,,Angebot · wein,6.49,2026-08-30,2026-08-30,marktguru-offers
Lidl,Mister Choc Duo Schoko Creme XXL,,Angebot · salat,3.39,2026-08-30,2026-08-30,marktguru-offers
Lidl,Mister Choc Schoko-Bananen,,Angebot · bananen,1.99,2026-09-06,2026-08-30,marktguru-offers
Lidl,Monster Energy Original,5060335635228,beverages and beverages preparations,0.99,2025-04-24,2026-08-30,open-prices
Lidl,Moët & Chandon Rosé Impérial Champagner,,Angebot · wein,49.99,2026-08-22,2026-08-30,marktguru-offers
Lidl,Mumm & Co. Dry Jahrgangssekt,,Angebot · wein,3.69,2026-09-10,2026-08-30,marktguru-offers
Lidl,Mövenpick Kaffee Der Himmlische,,Angebot · kaffee,6.49,2026-09-02,2026-08-30,marktguru-offers
Lidl,Müller Joghurt mit der Ecke,,Angebot · milch,0.44,2026-09-02,2026-08-30,marktguru-offers
Lidl,Müller Joghurt mit der Ecke Erdbeere + Mascarpone,42334293,dairies,0.44,2025-07-08,2026-08-30,open-prices
Lidl,Müller Joghurt mit der Ecke Kirsche + Mascarpone,42334309,dairies,0.44,2025-07-08,2026-08-30,open-prices
Lidl,Müller Joghurt mit der Ecke Mango + Mascarpone,42333890,dairies,0.44,2025-07-08,2026-08-30,open-prices
Lidl,Müller Milchreis XXL,,Angebot · reis,0.59,2026-08-30,2026-08-30,marktguru-offers
Lidl,Müller Protein Mousse Schoko,4025500272999,dairies,1.11,2026-01-08,2026-08-30,open-prices
Lidl,Müllermilch,,Angebot · milch,0.79,2026-08-30,2026-08-30,marktguru-offers
Lidl,NISSIN SOBA Classic,5997523313111,plant based foods and beverages,1.79,2025-10-30,2026-08-30,open-prices
Lidl,Nadler Sahne Heringfilets XXL,,Angebot · salat,2.79,2026-08-30,2026-08-30,marktguru-offers
Lidl,Nestlé After Eight,,Angebot · schokolade,1.99,2026-09-09,2026-08-30,marktguru-offers
Lidl,Nestlé Flammkuchen,4009233003686,meals,3.39,2025-06-24,2026-08-30,open-prices
Lidl,Nestlé Minis,,Angebot · schokolade,2.49,2026-09-06,2026-08-30,marktguru-offers
Lidl,Nissin Soba Cup Noodles Teriyaki,5997523313159,plant based foods and beverages,1.79,2025-10-30,2026-08-30,open-prices
Lidl,Nissin Soba Yakitori Chicken,5997523313234,plant based foods and beverages,1.79,2024-09-07,2026-08-30,open-prices
Lidl,Nixe Heringsfilet in Tomatencreme,4056489147121,seafood,1.29,2025-06-18,2026-08-30,open-prices
Lidl,Nixe Thon aux legumes  couscous,20261580,seafood,1.36,2026-01-08,2026-08-30,open-prices
Lidl,Nixe Thunfischfilets in eigenem Saft,4056489254683,seafood,1.29,2026-01-08,2026-08-30,open-prices
Lidl,Nosibe Marseille Speisefrühkartoffeln,20242220,plant based foods and beverages,1.99,2025-04-22,2026-08-30,open-prices
Lidl,Ocean Sea Lachsfilet Bio Lidl,4056489997948,seafood,6.99,2026-02-24,2026-08-30,open-prices
Lidl,Original Wagner Pizza Mozzarella,4009233000630,frozen foods,3.33,2025-04-01,2026-08-30,open-prices
Lidl,Original Wagner Steinofen-Pizza,,Angebot · pizza,3.49,2026-09-06,2026-08-30,marktguru-offers
Lidl,Papiertragetasche 30l,4335619326620,Lebensmittel,0.25,2026-03-05,2026-08-30,open-prices
Lidl,Paulaner Münchner Hell,4066600301110,beverages and beverages preparations,1.09,2025-06-24,2026-08-30,open-prices
Lidl,Paulaner Spezi,4066600300458,beverages and beverages preparations,1.25,2026-07-08,2026-08-30,open-prices
Lidl,Peperoncino Frantumato Kania,40884783,plant based foods and beverages,0.85,2025-12-22,2026-08-30,open-prices
Lidl,Perfect Delights Soft-Datteln,8697433164748,plant based foods and beverages,1.69,2026-07-31,2026-08-30,open-prices
Lidl,Perlenbacher Lagerbier Hell,42426110,beverages and beverages preparations,0.55,2026-08-01,2026-08-30,open-prices
Lidl,Perlenbacher Premium Pils Bier,42372387,beverages and beverages preparations,0.39,2025-07-08,2026-08-30,open-prices
Lidl,Perwoll Waschmittel,,Angebot · waschmittel,9.35,2026-09-02,2026-08-30,marktguru-offers
Lidl,Pickenpack Apfel süß-säuerlich,4056489186397,plant based foods and beverages,2.65,2025-04-07,2026-08-30,open-prices
Lidl,Pink Lady Äpfel,,Angebot · äpfel,2.49,2026-08-30,2026-08-30,marktguru-offers
Lidl,Primadonna Natives Bio-Olivenöl extra,4056489334002,plant based foods and beverages,5.56,2026-03-05,2026-08-30,open-prices
Lidl,Primadonna Natives Olivenöl,20814847,plant based foods and beverages,9.99,2026-03-05,2026-08-30,open-prices
Lidl,Privatmolkerei Bauer Der Große Bauer - Mango,4002334116859,dairies,0.44,2025-07-08,2026-08-30,open-prices
Lidl,RITTER SPORT Haselnuss,4000417622211,snacks,0.95,2025-04-07,2026-08-30,open-prices
Lidl,Rama mit Butter XXL,,Angebot · milch,1.99,2026-08-30,2026-08-30,marktguru-offers
Lidl,Reis-Fit Risbellis Reis-Cracker,,Angebot · reis,1.19,2026-08-30,2026-08-30,marktguru-offers
Lidl,Rheinhessen Wine Lovers Traumpaar Weissburgunder & Grauburgunder,,Angebot · wein,3.99,2026-08-30,2026-08-30,marktguru-offers
Lidl,Ritter Sport Alpenmilch,4000417601810,snacks,1.49,2024-10-28,2026-08-30,open-prices
Lidl,Ritter Sport Edel-Vollmilch,4000417602114,snacks,1.49,2024-10-28,2026-08-30,open-prices
Lidl,Ritter Sport Schokolade Halbbitter,4000417602015,snacks,0.95,2025-04-07,2026-08-30,open-prices
Lidl,Rougette Ofenkäse,,Angebot · käse,3.99,2026-08-30,2026-08-30,marktguru-offers
Lidl,SPORTYFEEL CLEAR WHEY DRINK Pfirsich Eistee Geschmack,4335619129856,Lebensmittel,1.95,2026-02-24,2026-08-30,open-prices
Lidl,SPORTYFEEL High Protein Porridge - Schoko Brownie Style,4056489917717,plant based foods and beverages,2.99,2024-09-07,2026-08-30,open-prices
Lidl,Sagrotan Desinfektion Wäsche-Hygienespüler,,Angebot · waschmittel,5.99,2026-09-02,2026-08-30,marktguru-offers
Lidl,Salakis Schafskäse,3023260033424,dairies,2.19,2026-03-05,2026-08-30,open-prices
Lidl,Salumeo Tyrolini saporiti,4335619016422,meats and their products,1.99,2026-07-31,2026-08-30,open-prices
Lidl,Sansibar Deluxe Cuvée Prestige Crémant de Bourgogne,,Angebot · wein,9.99,2026-08-22,2026-08-30,marktguru-offers
Lidl,Sansibar Deluxe Pinot Grigio delle Venezie,,Angebot · wein,6.99,2026-08-29,2026-08-30,marktguru-offers
Lidl,Schwartau Flockenfänger Beerenpunsch Konfitüre,4011800806415,plant based foods and beverages,1.99,2024-12-04,2026-08-30,open-prices
Lidl,Schwartau Rodelkönig Marmelade Pflaume Apfel Zimt,4011800806156,plant based foods and beverages,1.99,2024-12-04,2026-08-30,open-prices
Lidl,Sea Gold Fischstäbchen,4316268643160,seafood,2.49,2025-07-05,2026-08-30,open-prices
Lidl,Select&go Oriental soul,8711393001056,meals,3.99,2025-10-30,2026-08-30,open-prices
Lidl,Settele Dampfnudeln,,Angebot · eier,1.49,2026-09-06,2026-08-30,marktguru-offers
Lidl,Settele Maultaschen,,Angebot · eier,1.79,2026-09-06,2026-08-30,marktguru-offers
Lidl,Sileni Estates Cellar Selection Sauvignon Blanc,,Angebot · wein,9.99,2026-08-22,2026-08-30,marktguru-offers
Lidl,SilverCrest Gusseisen-Brotbackform,,Angebot · brot,19.99,2026-09-09,2026-08-30,marktguru-offers
Lidl,SilverCrest Gusseisen-Pizzaplatte,,Angebot · pizza,12.99,2026-09-09,2026-08-30,marktguru-offers
Lidl,Snack Day Tortilla-Chips XXL,,Angebot · chips,1.49,2026-08-30,2026-08-30,marktguru-offers
Lidl,Snacks Day Kettle cooked chips smoky barbecue,4056489644828,plant based foods and beverages,1.49,2025-11-15,2026-08-30,open-prices
Lidl,Somersby Cider - Blackberry,42400905,beverages and beverages preparations,1.49,2025-11-15,2026-08-30,open-prices
Lidl,Somersby Zero Apple Cider,,Angebot · wein,1.11,2026-09-06,2026-08-30,marktguru-offers
Lidl,Sondey Choco Sticks Milchschokolade,4056489570295,snacks,1.49,2026-07-31,2026-08-30,open-prices
Lidl,Sondey Gaufres Liégeoises aux perles de sucre,20061166,snacks,2.49,2026-07-31,2026-08-30,open-prices
Lidl,Sondey High Protein Linsenwaffeln,4056489580515,Linsen Waffeln mit Reismehl,0.79,2026-02-24,2026-08-30,open-prices
Lidl,Sondey High Protein Linsenwaffeln mit Maismehl,4056489580522,plant based foods and beverages,0.79,2026-02-24,2026-08-30,open-prices
Lidl,"Sondey Knuspriges Vital Gebäck Erdnüsse, Korinthen & Sonnenblumenkerne",4056489379522,knuspriges gebäck,2.49,2024-09-07,2026-08-30,open-prices
Lidl,Sondey Löffelbiskuits Savoiardi,4056489166696,snacks,1.99,2026-07-31,2026-08-30,open-prices
Lidl,Sondey Lütticher Zuckerwaffeln mit Kakaohaltiger Fettglasur,4335619199323,snacks,2.49,2026-07-31,2026-08-30,open-prices
Lidl,Sondey Prinzen Rolle - Doppelkekse,4335619082960,snacks,1.79,2026-07-31,2026-08-30,open-prices
Lidl,Spülung Aloe Vera,4056489671848,Lebensmittel,1.35,2026-02-24,2026-08-30,open-prices
Lidl,Staropramen Pils,,Angebot · bier,0.89,2026-09-09,2026-08-30,marktguru-offers
Lidl,Suntat Tel Peyniri Zupfkäse,,Angebot · milch,3.49,2026-09-09,2026-08-30,marktguru-offers
Lidl,Suntat Tosun Pastirma,,Angebot · wurst,3.29,2026-09-09,2026-08-30,marktguru-offers
Lidl,Suntat Çıtır Sosis Geflügelwiener,,Angebot · wurst,5.55,2026-09-09,2026-08-30,marktguru-offers
Lidl,Sweet Corner Fruchtgummi,4335619021280,snacks,4.29,2024-09-07,2026-08-30,open-prices
Lidl,TRATTORIA Alfredo Stonebaked pizza Mozzarella,4056489450924,frozen foods,3.59,2025-04-05,2026-08-30,open-prices
Lidl,TUC Original,5410041030006,snacks,2.99,2025-06-27,2026-08-30,open-prices
Lidl,Taittinger Réserve Champagner,,Angebot · wein,42.99,2026-08-29,2026-08-30,marktguru-offers
Lidl,Tanay Thé noir,4032489010108,beverages and beverages preparations,3.29,2024-11-23,2026-08-30,open-prices
Lidl,Taschki Pelmeni,4032549039292,meals,6.99,2025-06-18,2026-08-30,open-prices
Lidl,Taste of Lidl Easy Cook Long Grain Rice,20112745,plant based foods and beverages,1.59,2025-12-22,2026-08-30,open-prices
Lidl,"Tronic Lade-/Datenkabel USB-2.0-Stecker Typ A auf Typ C, ca. 1,8 m",4052916202562,Lebensmittel,1.49,2026-03-05,2026-08-30,open-prices
Lidl,Tuc Mini BAKE ROLLS SOUR CREAM & ONION,5201360660575,brotchips,1.49,2026-07-31,2026-08-30,open-prices
Lidl,VEMONDO Vegane Snack Frikadellen,4335619362833,meat alternatives,1.99,2026-02-24,2026-08-30,open-prices
Lidl,Valensina Kids Saft,,Angebot · saft,0.88,2026-09-06,2026-08-30,marktguru-offers
Lidl,Vemondo Barista Hafer,4056489989363,beverages and beverages preparations,1.25,2025-08-21,2026-08-30,open-prices
Lidl,Vemondo Bio-Haferfrink ohne Zuckerzusatz,4056489989356,beverages and beverages preparations,0.95,2024-09-07,2026-08-30,open-prices
Lidl,Vemondo Boisson au cacao et à l'avoine,4056489687610,beverages and beverages preparations,1.15,2025-12-27,2026-08-30,open-prices
Lidl,Vemondo Falafel XXL,4335619295070,plant based foods and beverages,1.79,2026-01-08,2026-08-30,open-prices
Lidl,Vemondo High Protein Plant Powered Heidelbeere,4335619201569,Lebensmittel,0.99,2025-09-19,2026-08-30,open-prices
Lidl,Vemondo High Protein Pudding Caramel Flavour,4335619149540,plant based foods and beverages,0.99,2025-10-01,2026-08-30,open-prices
Lidl,Vemondo High Protein Pudding Hazelnut-Chocolste Flavour,4335619149557,plant based foods and beverages,0.99,2025-10-01,2026-08-30,open-prices
Lidl,Vemondo High Protein Pudding Schoko,4335619149564,plant based foods and beverages,0.99,2025-10-01,2026-08-30,open-prices
Lidl,Vemondo Milch Mandel ohne Zucker,4056489687641,beverages and beverages preparations,1.21,2025-06-24,2026-08-30,open-prices
Lidl,"Vemondo No Milk Hafer 1,8% Fett",4056489708988,beverages and beverages preparations,0.85,2026-02-24,2026-08-30,open-prices
Lidl,"Vemondo No Milk Hafer 3,5% Fett",4056489708995,beverages and beverages preparations,1.09,2025-09-19,2026-08-30,open-prices
Lidl,Vemondo Pesto Basilika,4056489441281,condiments,1.29,2025-01-09,2026-08-30,open-prices
Lidl,Vemondo Vegan pizza Verdura,4056489451044,frozen foods,1.79,2025-11-15,2026-08-30,open-prices
Lidl,Vemondo Vegane Caramel & Sea Salt,4335619130838,snacks,0.85,2025-11-14,2026-08-30,open-prices
Lidl,Vemondo Vegane Muffins,4056489436485,plant based foods and beverages,1.99,2024-11-23,2026-08-30,open-prices
Lidl,Vemondo Vegane Rostbratwürstel,4056489862970,meat alternatives,1.79,2025-12-06,2026-08-30,open-prices
Lidl,Vemondo Veganer Aufschnitt Mortadella-Art,4335619063006,meat alternatives,1.29,2024-09-07,2026-08-30,open-prices
Lidl,Vemondo Veganes Cordon Bleu,4056489790440,meat alternatives,1.99,2025-04-19,2026-08-30,open-prices
Lidl,Vermondo High Protein Plant Power Vanille,4335619201552,yaourt proteine vegan vanille,0.99,2025-09-19,2026-08-30,open-prices
Lidl,Vita D'or Bio Natives Kokosnussöl Vegan,,Angebot · öl,4.39,2026-09-06,2026-08-30,marktguru-offers
Lidl,Vita d'Or Pflanzen-Magarine,4056489208884,plant based foods and beverages,1.39,2025-04-10,2026-08-30,open-prices
Lidl,Vita d'Or Sunflower Oil,4056489135524,plant based foods and beverages,1.35,2025-04-19,2026-08-30,open-prices
Lidl,Vitalis Dr Oetker Schoko Müsli klassisch,4000521041991,plant based foods and beverages,2.49,2025-09-17,2026-08-30,open-prices
Lidl,Vitasia Glass Noodles,20441951,plant based foods and beverages,0.39,2026-01-28,2026-08-30,open-prices
Lidl,"Volvic Tee Sugarfree ZERO Pfirsich 1,5 L EW",3057640574658,beverages and beverages preparations,0.89,2024-08-05,2026-08-30,open-prices
Lidl,Weingut Rainer Bauer Riesling Weißburgunder,,Angebot · wein,6.29,2026-09-06,2026-08-30,marktguru-offers
Lidl,Weißer Riese Waschmittelgel,,Angebot · waschmittel,11.99,2026-09-09,2026-08-30,marktguru-offers
Lidl,Wiesbauer Fleischwurstaufschnitt,,Angebot · wurst,1.49,2026-09-09,2026-08-30,marktguru-offers
Lidl,Wiltmann Salami Teller XXL,,Angebot · wurst,2.99,2026-09-06,2026-08-30,marktguru-offers
Lidl,Wolf Thüringer Knackwurst,,Angebot · wurst,2.29,2026-09-06,2026-08-30,marktguru-offers
Lidl,YOUCOOK Indian Style Butter Chicken mit Huhn,4260334165158,meals,4.79,2026-07-31,2026-08-30,open-prices
Lidl,Youcook Indian Style Mango Chicken,4260334166162,meals,4.79,2026-07-31,2026-08-30,open-prices
Lidl,Yum Yum Chicken Flavour,8852018101024,plant based foods and beverages,0.69,2025-12-13,2026-08-30,open-prices
Lidl,Zott Sahnejoghurt,,Angebot · milch,0.39,2026-08-30,2026-08-30,marktguru-offers
Lidl,fin CARRE Dark chocolate 50% Cocoa,20005832,snacks,0.89,2026-07-31,2026-08-30,open-prices
Lidl,fin CARRE Hazelnut Milk Chocolate,20029838,snacks,0.79,2024-11-23,2026-08-30,open-prices
Lidl,fin CARRE Honig-Salz-Mandel,20884604,snacks,2.39,2026-03-20,2026-08-30,open-prices
Lidl,fin CARRE Weiße Schokolade,20368197,snacks,0.89,2026-07-31,2026-08-30,open-prices
Lidl,fin Carré Mandelkracher Ganze Mandel,4056489321453,snacks,1.19,2026-07-31,2026-08-30,open-prices
Lidl,floraly Klopapier,20007362,Lebensmittel,3.77,2025-04-11,2026-08-30,open-prices
Lidl,funny-frisch Ofen Chips Sour Cream,4003586102089,plant based foods and beverages,1.49,2025-04-28,2026-08-30,open-prices
Lidl,"head & shoulders Anti-Schuppen Shampoo, Classic Clean",8700216652896,Lebensmittel,9.99,2025-10-01,2026-08-30,open-prices
Lidl,maribel Marmelade erdbeer,4056489856214,plant based foods and beverages,1.35,2025-12-13,2026-08-30,open-prices
Lidl,müller Mousse High Protein,4025500300319,dairies,1.29,2026-01-08,2026-08-30,open-prices
Lidl,nautica Garnelen - Party-Garnelen,20169268,seafood,1.99,2026-07-31,2026-08-30,open-prices
Lidl,sondey Biscuits au muesli,20816759,plant based foods and beverages,2.79,2025-04-19,2026-08-30,open-prices
Lidl,thisisnobrand123 BACARDI Carta Blanca & COCA-COLA,,Angebot · cola,10.99,2026-09-06,2026-08-30,marktguru-offers
Lidl,thisisnobrand123 Bananen,,Angebot · bananen,1.29,2026-09-06,2026-08-30,marktguru-offers
Lidl,thisisnobrand123 Bio-Speisekartoffeln,,Angebot · kartoffeln,2.19,2026-08-30,2026-08-30,marktguru-offers
Lidl,thisisnobrand123 Candy Floss Zuckerwatte,,Angebot · zucker,1.99,2026-09-06,2026-08-30,marktguru-offers
Lidl,thisisnobrand123 Identità Primitivo di Manduria,,Angebot · wein,39.99,2026-08-29,2026-08-30,marktguru-offers
Lidl,thisisnobrand123 Kopfsalat,,Angebot · salat,1.39,2026-09-06,2026-08-30,marktguru-offers
Lidl,thisisnobrand123 Monalie Cotes de Provence,,Angebot · wein,5.99,2026-09-02,2026-08-30,marktguru-offers
Lidl,thisisnobrand123 River Terrace Sauvignon Blanc Reserve Blush,,Angebot · wein,7.99,2026-08-29,2026-08-30,marktguru-offers
Lidl,thisisnobrand123 Sauvignon Blanc Weißburgunder,,Angebot · wein,4.99,2026-08-22,2026-08-30,marktguru-offers
Lidl,thisisnobrand123 Terres du Midi,,Angebot · wein,2.49,2026-09-02,2026-08-30,marktguru-offers
Lidl,van Volxem & Friends Handverlesen Riesling,,Angebot · wein,6.99,2026-09-09,2026-08-30,marktguru-offers
Lidl,Ömür Hirtenkäse,,Angebot · milch,6.49,2026-09-09,2026-08-30,marktguru-offers
Lidl,Özyörem Käse-Grillwurst,,Angebot · wurst,5.99,2026-09-09,2026-08-30,marktguru-offers
Nahkauf,Aleo Aloe vera,4250239101825,beverages and beverages preparations,1.69,2024-11-26,2026-08-30,open-prices
Nahkauf,BULLIT Energy Drink Fruity Taste Berry Mix,4337256386791,beverages and beverages preparations,0.79,2024-11-15,2026-08-30,open-prices
Nahkauf,Coca Cola Vanilla,4260231223128,beverages and beverages preparations,1.59,2024-12-09,2026-08-30,open-prices
Nahkauf,"Coca-Cola 0,33 Dose",5000112602029,beverages and beverages preparations,0.95,2025-07-11,2026-08-30,open-prices
Nahkauf,Dessert Schokoladengeschmack von Alpro,5411188128137,plant based foods and beverages,2.29,2025-06-03,2026-08-30,open-prices
Nahkauf,Dessert Vanillegeschmack von Alpro,5411188128113,plant based foods and beverages,2.29,2025-06-03,2026-08-30,open-prices
Nahkauf,Ehrmann High Protein Heidelbeere Joghurt-Erzeugnis,4002971453201,dairies,1.49,2024-12-09,2026-08-30,open-prices
Nahkauf,Fanta Strawberry & Kiwi,5000112517163,beverages and beverages preparations,1.05,2024-12-02,2026-08-30,open-prices
Nahkauf,Fresh'n FruiTea Mate Mango,4013256642999,beverages and beverages preparations,1.45,2024-12-05,2026-08-30,open-prices
Nahkauf,Fresh'n veggie,4013256647161,Lebensmittel,1.45,2024-12-02,2026-08-30,open-prices
Nahkauf,Gessner Cola,4019298000148,beverages and beverages preparations,0.69,2024-11-22,2026-08-30,open-prices
Nahkauf,Giovanni Ferrari Ferrari Grana Padano Gerieben,8001230001494,dairies,1.9,2024-11-04,2026-08-30,open-prices
Nahkauf,"Hella Wasser Birne, still",4102380031998,beverages and beverages preparations,0.85,2024-11-26,2026-08-30,open-prices
Nahkauf,Hemme Milch Joghurt mild mit Heidelbeeren,4260055881016,dairies,0.5,2024-10-28,2026-08-30,open-prices
Nahkauf,Hohes C Plus Sonnenvitamin D,4048517746161,beverages and beverages preparations,1.49,2024-11-13,2026-08-30,open-prices
Nahkauf,Ja! Brie,4337256596411,Lebensmittel,1.99,2024-10-29,2026-08-30,open-prices
Nahkauf,Ja! Chicken Bombay Stlye Wrap,4337256295208,sandwiches,1.99,2024-11-15,2026-08-30,open-prices
Nahkauf,Ja! Pflanzen Margarine,4337256727051,plant based foods and beverages,1.49,2024-12-05,2026-08-30,open-prices
Nahkauf,Karls Kola,0764137500009,beverages and beverages preparations,1.29,2024-12-09,2026-08-30,open-prices
Nahkauf,LEVL UP Hydration drink Galaxy,4260636582585,beverages and beverages preparations,1.89,2024-11-27,2026-08-30,open-prices
Nahkauf,Lichtenauer Himbeerbrause,4013256012464,beverages,0.85,2024-12-02,2026-08-30,open-prices
Nahkauf,Lichtenauer Orange Maracuja,4013256012280,beverages,0.99,2024-11-01,2026-08-30,open-prices
Nahkauf,Lichtenauer Vitamin Quelle,4013256647000,beverages and beverages preparations,1.45,2024-12-09,2026-08-30,open-prices
Nahkauf,Mars extra Professional White Himbeere Granatapfel,4009900544177,snacks,3.55,2024-11-15,2026-08-30,open-prices
Nahkauf,Mio Mio Cola Original,4002846034306,beverages and beverages preparations,1.05,2024-11-19,2026-08-30,open-prices
Nahkauf,Omami Kichererbsen sweet chili tofu,4262451180069,plant based foods and beverages,2.99,2024-12-12,2026-08-30,open-prices
Nahkauf,Prima Menü Vertriebs GmbH &Co. KG Makkaroni Auflauf,4337256176484,frozen foods,1.99,2024-11-19,2026-08-30,open-prices
Nahkauf,REWE Beste Wahl Hähnchen-Pfanne m. Farfalle 4337256103503,4337256103503,Lebensmittel,3.79,2024-11-19,2026-08-30,open-prices
Nahkauf,REWE to go Quarkcreme Mandarine Dessert,42259831,dairies,1.8,2025-07-11,2026-08-30,open-prices
Nahkauf,RUF Götterspeise Kirsche,40352312,desserts,0.8,2024-11-11,2026-08-30,open-prices
Nahkauf,Rewe Bio Joghurt Erdbeer-Himbeer,4337256387415,dairies,0.4,2024-11-14,2026-08-30,open-prices
Nahkauf,Rewe Himbeere Getränkesirup,4337256092135,beverages and beverages preparations,1.89,2024-10-28,2026-08-30,open-prices
Nahkauf,Rewe Lasagne Bolognese,4337256197373,meals,1.89,2024-10-28,2026-08-30,open-prices
Nahkauf,Rewe Mineralwasser,4388810057657,beverages and beverages preparations,0.29,2024-10-28,2026-08-30,open-prices
Nahkauf,Zuivelhoeve Duo high protein pudding vanille schoko,8711399022031,dairies,0.8,2024-11-01,2026-08-30,open-prices
Nahkauf,fritz-kola,4260107222262,beverages and beverages preparations,1.69,2024-11-04,2026-08-30,open-prices
Nahkauf,hohes C Mildes Frühstück,4048517743009,beverages and beverages preparations,1.49,2024-11-11,2026-08-30,open-prices
Nahkauf,ja! Zarte Haferflocken,4337256415965,plant based foods and beverages,0.79,2024-11-19,2026-08-30,open-prices
Nahkauf,true fruits Vitamin B Shot,4260122393183,beverages and beverages preparations,2.0,2025-07-11,2026-08-30,open-prices
Netto,3 Glocken Nudeln Weizen Spiralen,4002966004067,plant based foods and beverages,1.0,2026-07-25,2026-08-30,open-prices
Netto,7 Days Mini-Croissants Double,,Angebot · brot,2.0,2026-09-02,2026-08-30,marktguru-offers
Netto,ALDI Rauch Limettensaft 250ml Flasche 0.89€ 1l 3.56€,90169298,beverages and beverages preparations,0.89,2024-08-22,2026-08-30,open-prices
Netto,ALDI SURIG Essigessenz,4003387001314,condiments,1.49,2026-07-10,2026-08-30,open-prices
Netto,APOSTELS Zaziki,4000832203057,dairies,1.99,2026-06-01,2026-08-30,open-prices
Netto,ASIA Krupuk,4031446820453,snacks,1.69,2024-08-22,2026-08-30,open-prices
Netto,Abtei A-Z Komplett Langzeit-Multivitamine,4250752203990,dietary supplements,6.79,2026-07-15,2026-08-30,open-prices
Netto,"Aceitunas Guadalquivir Grüne Oliven, gefüllt mit Paprikapaste",4250696433118,plant based foods and beverages,1.29,2026-08-27,2026-08-30,open-prices
Netto,"Aceitunas Guadalquivir Spanische Schwarze Oliven, entsteint",4250696433132,plant based foods and beverages,1.29,2026-08-27,2026-08-30,open-prices
Netto,Agram Beerenmix,4027016997410,Lebensmittel,4.49,2026-08-10,2026-08-30,open-prices
Netto,"Agram Heidelbeeren, tiefgekühlt",4027016997397,plant based foods and beverages,4.49,2026-08-10,2026-08-30,open-prices
Netto,Agrifood Medjoul Datteln mit Stein,7290017999609,plant based foods and beverages,2.99,2026-08-12,2026-08-30,open-prices
Netto,Agrodolores Paprika rot,8437018036738,plant based foods and beverages,2.39,2026-01-13,2026-08-30,open-prices
Netto,Albhof Buchstabennudeln,4316268681308,plant based foods and beverages,0.5,2026-08-12,2026-08-30,open-prices
Netto,Albtei B-Komplex,4250752205154,dietary supplements,3.99,2026-07-15,2026-08-30,open-prices
Netto,Allgäuer Brauhaus Büble Edelbräu,,Angebot · bier,14.99,2026-08-30,2026-08-30,marktguru-offers
Netto,Alnatura Bio Kaffee Sahne,,Angebot · kaffee,0.88,2026-08-30,2026-08-30,marktguru-offers
Netto,Alnatura Cornflakes,4104420139640,plant based foods and beverages,1.99,2026-08-12,2026-08-30,open-prices
Netto,Alnatura Feine Bitter 70%,4104420262560,snacks,2.29,2026-08-29,2026-08-30,open-prices
Netto,Alnatura Ganze Nuss Schokolade,4104420246546,snacks,2.29,2026-08-29,2026-08-30,open-prices
Netto,Alnatura Vollmilch Schokolade,4104420222441,snacks,2.29,2026-08-29,2026-08-30,open-prices
Netto,Alpenhain Obazda klassisch,4003751002848,dairies,1.49,2026-04-11,2026-08-30,open-prices
Netto,Alpenhain Obazda m. Röstzwiebel,4003751019785,dairies,1.49,2026-04-11,2026-08-30,open-prices
Netto,Alpia Alpen Vollmilch Schokolade,4001743760189,snacks,1.29,2026-08-12,2026-08-30,open-prices
Netto,Alpia Feine Zartbitter Schokolade,4001743760196,snacks,1.29,2026-08-12,2026-08-30,open-prices
Netto,Alpia Knackige Haselnuss Vollmilch,4001743760202,snacks,1.29,2026-08-12,2026-08-30,open-prices
Netto,Altenburger Worcester Sauce,4015087728606,condiments,1.49,2025-11-01,2026-08-30,open-prices
Netto,American Style Barbecue-Marshmallows,4316268630733,snacks,1.69,2026-08-15,2026-08-30,open-prices
Netto,American Style Butter - Erdnuss Creme Crunchy,4316268597791,plant based foods and beverages,1.89,2025-12-16,2026-08-30,open-prices
Netto,American Style Chicken Burger Patties,4316268676410,Lebensmittel,3.49,2026-01-22,2026-08-30,open-prices
Netto,American Style Chocolate Chips Cookies,4316268715058,Lebensmittel,1.17,2026-07-27,2026-08-30,open-prices
Netto,American Style Dicke Fritte,,Angebot · kartoffeln,1.29,2026-09-02,2026-08-30,marktguru-offers
Netto,American Style Erdnuss Creme,4316268597784,plant based foods and beverages,1.89,2025-12-16,2026-08-30,open-prices
Netto,American Style Erdnuss Creme Creamy,4316268722452,plant based foods and beverages,1.7,2026-08-21,2026-08-30,open-prices
Netto,American Style Erdnuss Creme Crunchy,4316268722469,plant based foods and beverages,1.7,2026-08-21,2026-08-30,open-prices
Netto,American Style Hamburger Buns,4316268611565,plant based foods and beverages,0.99,2025-10-02,2026-08-30,open-prices
Netto,American Style Hamburger Patties King Size XXL,4316268682732,frozen foods,6.99,2026-01-22,2026-08-30,open-prices
Netto,American Style Hamburger Rindfleisch Patties,4316268688154,frozen foods,6.99,2026-01-22,2026-08-30,open-prices
Netto,American Style Sandwich Scheiben Vollkorn,4316268572392,plant based foods and beverages,1.19,2026-07-24,2026-08-30,open-prices
Netto,"American Style Sandwichscheiben, Weizen",4316268572361,plant based foods and beverages,1.19,2026-07-25,2026-08-30,open-prices
Netto,American Style XXL Hamburger Buns,4316268546379,plant based foods and beverages,0.99,2025-10-02,2026-08-30,open-prices
Netto,Andechser Natur Bio Frische Weidemilch,,Angebot · milch,3.33,2026-08-30,2026-08-30,marktguru-offers
Netto,Andechser Natur Bio Skyr,,Angebot · joghurt,1.69,2026-09-02,2026-08-30,marktguru-offers
Netto,Apfel Rot,5903240836666,Lebensmittel,1.29,2026-08-29,2026-08-30,open-prices
Netto,Aquasale Grobes Meersalz,4001475112638,condiments,1.99,2026-08-10,2026-08-30,open-prices
Netto,Argenta Feiner Nougat Tüten,4260030890101,snacks,3.59,2026-08-29,2026-08-30,open-prices
Netto,Argenta KiBa-Tüten,4260050950465,Lebensmittel,2.39,2026-08-29,2026-08-30,open-prices
Netto,Argenta Kokosschnitten,4260050950441,Lebensmittel,2.39,2026-08-29,2026-08-30,open-prices
Netto,Argeta Poulet piquant halal,3838471045940,spreads,1.0,2026-08-12,2026-08-30,open-prices
Netto,Arnold Holste Kaiser-Natron,4000401300101,food additives,0.79,2026-04-18,2026-08-30,open-prices
Netto,Augustiner-Bräu Lagerbier Hell,4105250022003,beverages and beverages preparations,1.05,2026-06-11,2026-08-30,open-prices
Netto,BARILLA Basilico,8076809513722,plant based foods and beverages,1.99,2026-06-29,2026-08-30,open-prices
Netto,BELL'S zarte Haferflocken,5712876252951,plant based foods and beverages,0.59,2026-07-27,2026-08-30,open-prices
Netto,BEN’S ORIGINAL Express-Reis Express-Reis Basmati,3487400006325,plant based foods and beverages,1.49,2026-07-27,2026-08-30,open-prices
Netto,BURGER Vegane Maultaschen mit feinem Gemüse,4075600058177,meals,2.29,2026-04-18,2026-08-30,open-prices
Netto,Backfee BLOCK Schokolade,4316268371858,snacks,2.99,2025-12-10,2026-08-30,open-prices
Netto,Backfee Bourbon-Vanilleschoten,4316268670722,plant based foods and beverages,1.79,2026-06-01,2026-08-30,open-prices
Netto,Backfee Marzipanrohmasse,4316268642996,snacks,1.89,2026-04-18,2026-08-30,open-prices
Netto,Backfee Trocken-Backhefe,42260912,food additives,0.79,2025-12-10,2026-08-30,open-prices
Netto,Backfee Vanillepaste,42436195,plant based foods and beverages,2.79,2026-06-01,2026-08-30,open-prices
Netto,Backfee Vollmilch Kuvertüre,4316268651646,snacks,2.29,2025-12-10,2026-08-30,open-prices
Netto,Bad Liebenwerda Medium - mit wenig Kohlensäure,4013143011525,beverages and beverages preparations,0.75,2024-09-21,2026-08-30,open-prices
Netto,Bahlsen Schoko Waffeln,4316268339544,snacks,2.59,2026-04-25,2026-08-30,open-prices
Netto,Bakerfield Milchbrötchen,5712873993581,plant based foods and beverages,1.99,2026-06-22,2026-08-30,open-prices
Netto,Bakersfield Kaiserbrötchen,5712873704743,plant based foods and beverages,0.59,2026-08-27,2026-08-30,open-prices
Netto,Balconi Rollino Hazelnut,8001585001309,snacks,1.49,2026-04-18,2026-08-30,open-prices
Netto,Balconi Tiramisu,,Angebot · brot,2.29,2026-08-30,2026-08-30,marktguru-offers
Netto,Banken Polska Sp. Z o.o. Kulturchampignons weiß,5711044014346,plant based foods and beverages,2.69,2024-03-20,2026-08-30,open-prices
Netto,Barbeque Hähnchen-Minutensteaks,,Angebot · hähnchen,3.99,2026-08-30,2026-08-30,marktguru-offers
Netto,Barilla Arrabbiata,8076809513388,plant based foods and beverages,1.99,2026-06-29,2026-08-30,open-prices
Netto,Barilla Napoletana,8076809513692,plant based foods and beverages,1.99,2026-06-29,2026-08-30,open-prices
Netto,Basmati Reis SATORI,4316268368841,plant based foods and beverages,2.69,2026-07-28,2026-08-30,open-prices
Netto,Bautz'ner Essig Bautzner Tafel Essig,4012860007231,condiments,0.99,2026-07-28,2026-08-30,open-prices
Netto,Bautz'ner Fix Bolognese Nudelsauce,4012860006074,condiments,1.59,2026-07-16,2026-08-30,open-prices
Netto,Bautz'ner Senf,4012860003141,condiments,1.49,2026-07-30,2026-08-30,open-prices
Netto,Bautz'ner fix Tomatensoße,4012860003424,plant based foods and beverages,1.59,2026-07-16,2026-08-30,open-prices
Netto,Bautz’ner Senf scharf,4012860003219,condiments,0.55,2024-08-22,2026-08-30,open-prices
Netto,Bayreuther Brauhaus Hell,,Angebot · bier,14.99,2026-08-30,2026-08-30,marktguru-offers
Netto,Bell's Schokomüsli,5712878359474,plant based foods and beverages,2.69,2026-08-17,2026-08-30,open-prices
Netto,Ben's Original Bens griechischer Djuvec Reis,3487400006370,plant based foods and beverages,1.49,2026-07-27,2026-08-30,open-prices
Netto,Ben's Original Mediterran Reis,3487400006332,plant based foods and beverages,1.49,2026-07-27,2026-08-30,open-prices
Netto,Ben's Original Original Reisgerichte,,Angebot · reis,2.22,2026-08-30,2026-08-30,marktguru-offers
Netto,Ben's Original Reis mit Mascarpone,3487400006363,meals,1.49,2026-07-27,2026-08-30,open-prices
Netto,Ben's Original Süss-Sauer-Sauce,4002359015229,condiments,2.79,2026-04-25,2026-08-30,open-prices
Netto,Ben's Original Süß-Sauer pikant Soße,4002359015250,condiments,2.79,2026-04-25,2026-08-30,open-prices
Netto,Ben's Original Süß-Sauer-Sauce - Extra Gemüse,4002359015267,condiments,2.79,2026-04-25,2026-08-30,open-prices
Netto,Ben's Original Uncle Bens REIS Langkorn-Reis,3487400006318,plant based foods and beverages,1.49,2026-07-27,2026-08-30,open-prices
Netto,Berchtesgadener Land Bergbauern Milch,4101530003175,dairies,1.49,2026-06-16,2026-08-30,open-prices
Netto,"Bergader Bergbauern Käse, würzig-nussig",4006402049193,dairies,1.69,2026-03-30,2026-08-30,open-prices
Netto,Bergader Heumilch Käse herzhaft,4006402101228,dairies,1.69,2026-07-29,2026-08-30,open-prices
Netto,Berger-Schinken Pfeffer-Schinken,9001455032968,Lebensmittel,1.69,2026-07-18,2026-08-30,open-prices
Netto,Berliner Kindl Jubiläums Pilsener,4100080000931,beverages and beverages preparations,0.89,2026-08-05,2026-08-30,open-prices
Netto,Berliner Pilsner Pils,,Angebot · bier,9.99,2026-08-30,2026-08-30,marktguru-offers
Netto,Bertolli Olivenöl Cucina neutral,8002470031920,plant based foods and beverages,5.99,2026-06-22,2026-08-30,open-prices
Netto,Beste Ernte Ananas in Stücken,4316268684699,plant based foods and beverages,1.79,2026-07-29,2026-08-30,open-prices
Netto,Beste Ernte Brechbohnen,4316268518093,plant based foods and beverages,0.99,2026-08-29,2026-08-30,open-prices
Netto,Beste Ernte Champignons  2. Wahl,4316268522915,plant based foods and beverages,1.49,2026-08-17,2026-08-30,open-prices
Netto,Beste Ernte Chillibeans,4316268713634,plant based foods and beverages,0.99,2026-04-18,2026-08-30,open-prices
Netto,Beste Ernte Eingelegte Knoblauchzehen mit Kräutern in Rapsöl,42457305,plant based foods and beverages,1.79,2026-07-31,2026-08-30,open-prices
Netto,Beste Ernte Kapern in salzig-saurer Lake,42381709,plant based foods and beverages,0.99,2025-11-01,2026-08-30,open-prices
Netto,Beste Ernte Linsen mit Suppengrün,4316268456944,plant based foods and beverages,1.0,2026-08-29,2026-08-30,open-prices
Netto,Beste Ernte Passierte Tomaten,,Angebot · tomaten,3.0,2026-09-02,2026-08-30,marktguru-offers
Netto,Beste Ernte Weiße Bohnen mit Suppengrün 4316268456951 Weiße Bohnen mit Suppengrün,4316268456951,plant based foods and beverages,1.0,2026-08-29,2026-08-30,open-prices
Netto,"Bienenwirtschaft Meissen Honig; Lindenblüte, flüssig/Meißen",4028712300368,breakfasts,5.49,2026-08-29,2026-08-30,open-prices
Netto,Bienenwirtschaft Meissen Raps-& Frühlingsblüte,4028712300405,plant based foods and beverages,5.49,2026-08-29,2026-08-30,open-prices
Netto,Bihophar Blüten-Honig,40555683,breakfasts,7.99,2026-08-15,2026-08-30,open-prices
Netto,Bihophar Imker-Honig,40555294,breakfasts,7.99,2026-08-15,2026-08-30,open-prices
Netto,Bihophar Linden-Honig,40555126,breakfasts,4.49,2026-08-15,2026-08-30,open-prices
Netto,Bihophar Raps-Honig,4055500011151,Lebensmittel,7.99,2026-08-15,2026-08-30,open-prices
Netto,Bihophar Sonnenblumenhonig,4055500012240,breakfasts,4.49,2026-08-15,2026-08-30,open-prices
Netto,Bihophar Wald-Honig Naturkost,40555157,breakfasts,4.49,2026-08-15,2026-08-30,open-prices
Netto,Bille Geflügesalami mit Pflanzenfett - Pfeffer,4002784014309,meats and their products,1.49,2025-11-05,2026-08-30,open-prices
Netto,Bio Bio Butterkäse,4316268689991,Lebensmittel,1.61,2026-07-18,2026-08-30,open-prices
Netto,BioBio 10 deutsche Bio-Eier,4316268651332,farming products,3.59,2026-07-18,2026-08-30,open-prices
Netto,BioBio Allgäuer Emmentaler in Scheiben,4316268689977,dairies,1.97,2026-07-18,2026-08-30,open-prices
Netto,BioBio Aprikosen Konfitüre extra,42400103,plant based foods and beverages,1.69,2026-07-18,2026-08-30,open-prices
Netto,"BioBio Bergkäse in Scheiben, 45 % Fett i. Tr.",4316268691741,dairies,1.97,2026-08-12,2026-08-30,open-prices
Netto,BioBio Bio-Räucherlachs,4316268665230,seafood,3.59,2026-07-18,2026-08-30,open-prices
Netto,BioBio Bio-Weine,,Angebot · wein,11.0,2026-08-30,2026-08-30,marktguru-offers
Netto,"BioBio Frische Vollmilch, 3,8 % Fett",4316268694254,dairies,1.21,2026-07-14,2026-08-30,open-prices
Netto,BioBio Geflügel Wiener,4316268694629,Lebensmittel,3.99,2026-08-12,2026-08-30,open-prices
Netto,"BioBio Gemüsemais, natursüß",4316268656887,plant based foods and beverages,0.99,2026-08-15,2026-08-30,open-prices
Netto,BioBio Haferdrink Naturell,4316268718011,beverages and beverages preparations,0.9,2026-08-12,2026-08-30,open-prices
Netto,BioBio Italienische Tomaten mit Kräutern,4316268642880,plant based foods and beverages,0.75,2026-01-13,2026-08-30,open-prices
Netto,BioBio Kalamata Oliven,4316268673273,plant based foods and beverages,1.99,2025-11-01,2026-08-30,open-prices
Netto,"BioBio Leinsamen, geschrotet",4316268727044,Lebensmittel,1.55,2026-06-16,2026-08-30,open-prices
Netto,BioBio Rote Bete,4316268547598,plant based foods and beverages,1.49,2026-08-29,2026-08-30,open-prices
Netto,BioBio Thüringer Rostbratwurst,4316268724531,meats and their products,4.04,2026-08-12,2026-08-30,open-prices
Netto,BioBio Tomaten/Tetrapack passierte,4316268706490,plant based foods and beverages,0.69,2026-07-25,2026-08-30,open-prices
Netto,BioBio Zucchini,42457435,plant based foods and beverages,1.29,2025-09-02,2026-08-30,open-prices
Netto,Biscoteria Butter Brioche,4316268599474,snacks,1.89,2025-12-16,2026-08-30,open-prices
Netto,Biscoteria Butterkekse Vollmilch,4316268503464,snacks,2.89,2026-01-13,2026-08-30,open-prices
Netto,Biscoteria Frischei Waffeln,4316268392570,Gebäck,1.59,2026-08-12,2026-08-30,open-prices
Netto,Biscoteria Haselnussschnitte 8er-Pack,4316268494373,snacks,1.39,2026-04-18,2026-08-30,open-prices
Netto,Biscoteria Marmor Kuchen,4316268720335,snacks,1.69,2026-08-12,2026-08-30,open-prices
Netto,Biscoteria Milchbrötchen,4316268718219,snacks,1.89,2025-12-16,2026-08-30,open-prices
Netto,Biscoteria Schoko Waffeln,4316268391801,snacks,2.59,2026-04-25,2026-08-30,open-prices
Netto,Biscoteria Schokowaffelröllchen Vollmilch,4316268707237,snacks,1.79,2026-08-12,2026-08-30,open-prices
Netto,Biscoteria Stracciatella Kuchen,4316268720342,snacks,1.69,2026-08-12,2026-08-30,open-prices
Netto,Biscoteria Zitronen Waffeln,4316268643504,snacks,1.39,2025-09-02,2026-08-30,open-prices
Netto,Biscuiterie Thijs Eierwaffeln gefüllt,5712877690356,Eierwaffeln,1.99,2026-08-10,2026-08-30,open-prices
Netto,Bitter Lemon,8722200961852,Lebensmittel,0.79,2026-08-12,2026-08-30,open-prices
Netto,Botato Bratkartoffeln,4316268488709,plant based foods and beverages,1.49,2026-04-01,2026-08-30,open-prices
Netto,Botato Kartoffelwedges,4316268453998,plant based foods and beverages,1.59,2026-05-15,2026-08-30,open-prices
Netto,Botato Kroketten,4316268395670,plant based foods and beverages,1.59,2025-11-08,2026-08-30,open-prices
Netto,Botato Pommes Frites,4316268445382,chips and fries,1.49,2025-09-02,2026-08-30,open-prices
Netto,Brunch Paprika,4045357012357,dairies,1.29,2025-11-05,2026-08-30,open-prices
Netto,BÜRGER Maultaschen traditionell schwäbisch,4075600055039,plant based foods and beverages,1.79,2026-07-30,2026-08-30,open-prices
Netto,Bäcker Brötchen,4008577006087,plant based foods and beverages,2.29,2024-05-21,2026-08-30,open-prices
Netto,Bärenmarke Die Frische Milch,,Angebot · milch,0.88,2026-09-04,2026-08-30,marktguru-offers
Netto,Bürger Gemüse-Maultaschen,4075600058634,meals,2.29,2026-04-18,2026-08-30,open-prices
Netto,Bürger Rindfleisch-Maultaschen,4075600057118,meals,2.29,2026-04-18,2026-08-30,open-prices
Netto,Bürger hähnchen-Maultaschen,4075600111834,meals,2.29,2026-04-18,2026-08-30,open-prices
Netto,CORNY Schokoladenriegel Schoko Banane,4011800523213,snacks,1.79,2026-08-15,2026-08-30,open-prices
Netto,COSTA Pacific Prawns - Original,4008467003196,seafood,9.99,2025-09-02,2026-08-30,open-prices
Netto,Cafèt Latte Espresso,42413677,beverages and beverages preparations,0.75,2026-07-18,2026-08-30,open-prices
Netto,Camembert Le Rustique,3153126826003,dairies,2.99,2026-06-29,2026-08-30,open-prices
Netto,Camposeven Paprika Mix,8437013472609,plant based foods and beverages,1.35,2026-07-10,2026-08-30,open-prices
Netto,Capri Sun Säfte,,Angebot · saft,2.22,2026-09-03,2026-08-30,marktguru-offers
Netto,Captains Tea Brennnesseltee-Mischung mit Zitronengeschmack,4316268217026,plant based foods and beverages,1.19,2026-03-28,2026-08-30,open-prices
Netto,Captains Tea Ingwertee-Mischung Ingwer Kurkuma,4316268685641,Lebensmittel,1.19,2026-08-29,2026-08-30,open-prices
Netto,Carat Backerbsen,4316268428927,knabbergebäck,0.89,2026-07-14,2026-08-30,open-prices
Netto,Carat Röstzwiebeln,4316268689649,plant based foods and beverages,1.29,2026-04-25,2026-08-30,open-prices
Netto,"Chai Gewürztee mit Ingwer, Zimt & Süßholzwurzel",4316268688413,beverages and beverages preparations,0.95,2026-07-18,2026-08-30,open-prices
Netto,Chicken Burger,4316268653213,Lebensmittel,2.79,2026-08-12,2026-08-30,open-prices
Netto,Chocolat Kinder Chocofresh fourré lait noisette x5,8000500309469,dairies,1.79,2026-08-12,2026-08-30,open-prices
Netto,"Clarky's Trockenpflaumen, sonnengereift",4316268722414,plant based foods and beverages,1.83,2026-08-15,2026-08-30,open-prices
Netto,Clarkys Cashew Kerne,4316268715997,plant based foods and beverages,2.89,2026-07-29,2026-08-30,open-prices
Netto,Clarkys Cashews & Erdnüsse Honig & Salz,4316268698160,plant based foods and beverages,1.99,2026-08-12,2026-08-30,open-prices
Netto,Clarkys Cashews & Erdnüsse Hot Chili,4316268698177,plant based foods and beverages,1.99,2026-08-12,2026-08-30,open-prices
Netto,Clarkys Cashews Sour Creme & Onion,4316268671224,plant based foods and beverages,2.25,2026-06-01,2026-08-30,open-prices
Netto,Clarkys Cashews geroestet ungesalzen,4316268546638,plant based foods and beverages,2.25,2026-06-01,2026-08-30,open-prices
Netto,Clarkys Cashews geröstet und gesalzen,4316268460569,plant based foods and beverages,2.25,2026-06-01,2026-08-30,open-prices
Netto,Clarkys Cashews pikant,4316268460576,plant based foods and beverages,2.25,2026-06-01,2026-08-30,open-prices
Netto,Clarkys Cracker gesalzen,4316268636148,snacks,1.49,2026-08-12,2026-08-30,open-prices
Netto,Clarkys Erdnüsse im Teigmantel Paprika,4316268360364,plant based foods and beverages,1.19,2026-06-11,2026-08-30,open-prices
Netto,Clarkys Erdnüsse im Teigmantel Wasabi,4316268460590,plant based foods and beverages,1.19,2026-08-21,2026-08-30,open-prices
Netto,Clarkys Erdnüsse pikant,4316268429351,plant based foods and beverages,0.89,2025-09-02,2026-08-30,open-prices
Netto,Clarkys Kartoffel Chips Gesalzen,4316268629003,plant based foods and beverages,0.99,2026-08-12,2026-08-30,open-prices
Netto,Clarkys Kartoffelchips Paprika,4316268392181,plant based foods and beverages,1.19,2025-11-05,2026-08-30,open-prices
Netto,Clarkys Knabber-Nüsse ungesalzen,4316268562072,plant based foods and beverages,2.99,2026-08-21,2026-08-30,open-prices
Netto,Clarkys Knabbernüsse - geröstet & gesalzen,4316268449397,plant based foods and beverages,2.99,2026-08-21,2026-08-30,open-prices
Netto,Clarkys Macadamia,4316268347730,plant based foods and beverages,2.99,2026-08-29,2026-08-30,open-prices
Netto,"Clarkys Mix To Go - Mandeln, Haselnuss- & Walnuss-Kerne, Rosinen",4316268713498,plant based foods and beverages,1.49,2026-06-01,2026-08-30,open-prices
Netto,Clarkys Mix To Go Cashew,4316268713481,Lebensmittel,1.49,2026-06-01,2026-08-30,open-prices
Netto,Clarkys Nuss Frucht Mix mit Cranberries,4316268503518,plant based foods and beverages,2.39,2026-06-01,2026-08-30,open-prices
Netto,Clarkys Nuss-Frucht-Mix Schokoflakes,4316268503525,plant based foods and beverages,2.39,2026-08-12,2026-08-30,open-prices
Netto,Clarkys Spicy Kartoffelchips Pepperoni,4316268669399,plant based foods and beverages,1.09,2025-09-02,2026-08-30,open-prices
Netto,Clarkys Stapelchips Original,4316268723367,Stapelchips,1.49,2026-07-15,2026-08-30,open-prices
Netto,Clarkys Studentenfutter mit Cranberries,4316268449434,plant based foods and beverages,2.99,2026-08-21,2026-08-30,open-prices
Netto,Clarkys Studentenfutter mit Rosinen,4316268449410,plant based foods and beverages,3.59,2026-06-01,2026-08-30,open-prices
Netto,Clarkys Walnusskerne,4316268675017,plant based foods and beverages,2.49,2026-08-29,2026-08-30,open-prices
Netto,Coburger Bayerischer Weichkäse Jalapeno-Paprika,4003655032668,dairies,1.49,2026-08-27,2026-08-30,open-prices
Netto,Coburger Bayerischer Weichkäse cremig mild,4003655032637,dairies,1.49,2026-08-27,2026-08-30,open-prices
Netto,Coburger Bayrischer Weichkäse würzig,4003655032644,dairies,1.49,2026-08-27,2026-08-30,open-prices
Netto,Coca-Cola Cola,,Angebot · cola,1.49,2026-08-30,2026-08-30,marktguru-offers
Netto,Conditorei Coppenrath & Wiese Unsere Goldstücke - Weizen-Brötchen,4008577006315,plant based foods and beverages,1.49,2024-09-21,2026-08-30,open-prices
Netto,Conditorei Coppenrath & Wiese Usere Goldstücke - Fußballbrötchen,4008577006322,plant based foods and beverages,2.29,2024-07-09,2026-08-30,open-prices
Netto,Coppenrath & Wiese Brötchen,,Angebot · brot,1.49,2026-08-30,2026-08-30,marktguru-offers
Netto,Coppenrath Cookies Zuckerfreies Gebäck,,Angebot · zucker,1.99,2026-09-02,2026-08-30,marktguru-offers
Netto,Coral Waschmittel,,Angebot · waschmittel,3.99,2026-08-30,2026-08-30,marktguru-offers
Netto,Corny Free Schoko,4011800571214,snacks,1.79,2026-08-15,2026-08-30,open-prices
Netto,Corny Milch Classic,4011800562212,snacks,1.79,2026-08-15,2026-08-30,open-prices
Netto,Corny Schoko,4011800521219,snacks,1.79,2026-08-15,2026-08-30,open-prices
Netto,Corny free Schoko-Banane,4011800002848,Lebensmittel,2.29,2025-11-05,2026-08-30,open-prices
Netto,Costa Tintenfisch-Ringe,4008467007767,seafood,5.99,2025-09-02,2026-08-30,open-prices
Netto,DMK Deutsches Milchkontor Speisequark Magerstufe,5712873717866,dairies,1.19,2026-08-10,2026-08-30,open-prices
Netto,Dallmayr Capsa Kaffeekapseln,,Angebot · kaffee,8.99,2026-09-02,2026-08-30,marktguru-offers
Netto,Dallmayr Prodomo Kaffee,4008167103714,beverages and beverages preparations,6.49,2026-08-12,2026-08-30,open-prices
Netto,Dan Cake Mini Cakes Typ Vanille,5709152018011,snacks,1.79,2025-12-16,2026-08-30,open-prices
Netto,"Dan Cake Mini Cakes, Schoko",5709152018004,snacks,1.79,2025-12-16,2026-08-30,open-prices
Netto,Danone Fruchtzwerge,4009700035783,dairies,2.39,2026-04-25,2026-08-30,open-prices
Netto,De Beukelaer Prinzenrolle Schoko,4001518117316,snacks,2.59,2026-07-11,2026-08-30,open-prices
Netto,Delverde Nudeln - Farfalle,8000270011319,plant based foods and beverages,1.6,2026-08-12,2026-08-30,open-prices
Netto,Delverde Pasta,,Angebot · nudeln,5.0,2026-08-30,2026-08-30,marktguru-offers
Netto,Desert Farmers Medjoul Dates,8720892464644,plant based foods and beverages,3.14,2026-04-18,2026-08-30,open-prices
Netto,Design Collection Herren Motiv Socken,4000917542071,herrensocken,4.99,2024-09-21,2026-08-30,open-prices
Netto,Dilek Weisse Bohnen in Tomatensauce,4036577905079,plant based foods and beverages,2.79,2026-07-29,2026-08-30,open-prices
Netto,"Dilek Weiße Bohnen, gekocht",4036577906090,plant based foods and beverages,1.99,2026-08-07,2026-08-30,open-prices
Netto,Distinet Aprikosen,5711044204402,plant based foods and beverages,1.39,2024-07-29,2026-08-30,open-prices
Netto,"Distinet Plattpfirsische, weißfleischig",5711044220174,plant based foods and beverages,1.59,2024-08-22,2026-08-30,open-prices
Netto,Don Limón Limetten,4260263620810,plant based foods and beverages,1.29,2024-07-09,2026-08-30,open-prices
Netto,Doritos Nacho Cheese,4062139006038,snacks,1.99,2026-08-12,2026-08-30,open-prices
Netto,Dovgan Gezuckerte Kondensmilch,,Angebot · milch,0.89,2026-09-03,2026-08-30,marktguru-offers
Netto,Dr. Jones premium Zahnbürste medium,4022551339442,zahnbürsten,1.49,2024-08-30,2026-08-30,open-prices
Netto,Dr. Oetker Die Ofenfrische Schinken-Ananas,4001724041139,frozen foods,2.95,2025-12-10,2026-08-30,open-prices
Netto,Dr. Oetker Die Ofenfrische Speciale,4001724011057,frozen foods,2.22,2026-07-15,2026-08-30,open-prices
Netto,Dr. Oetker Die Ofenfrische Thunfisch,4001724036739,frozen foods,2.95,2025-12-10,2026-08-30,open-prices
Netto,Dr. Oetker Kleine Kuchen Mohn,4000521045586,snacks,1.99,2026-06-22,2026-08-30,open-prices
Netto,Eberswalde Saftfleisch,4012371271404,meats and their products,1.99,2026-08-12,2026-08-30,open-prices
Netto,Eberswalder Edelsalami,4012371280307,edelsalami,1.99,2026-01-13,2026-08-30,open-prices
Netto,Eberswalder Krusten-Kasseler,4012371570200,kasseler,1.99,2026-08-12,2026-08-30,open-prices
Netto,Eberswalder Pfeffersamami,4012371280208,meats and their products,1.99,2026-08-12,2026-08-30,open-prices
Netto,Eden Fruits Datteln getrocknet & entsteint,4311532438268,plant based foods and beverages,2.49,2026-04-18,2026-08-30,open-prices
Netto,"Eduscho Filterkaffee klassisch, vollmundig & ausgewogen",4061445227007,beverages and beverages preparations,5.79,2026-07-30,2026-08-30,open-prices
Netto,Eduscho Lieblingskaffee,4061445293514,beverages and beverages preparations,5.99,2026-05-21,2026-08-30,open-prices
Netto,Ehrmann Almighurt Joghurt,,Angebot · joghurt,0.29,2026-08-30,2026-08-30,marktguru-offers
Netto,"Ein Herz für Erzeuger 10 frische Eier aus Bodenhaltung, Güteklasse A",4316268658287,eggs and their products,2.59,2026-08-17,2026-08-30,open-prices
Netto,"Ein Herz für Erzeuger Tafeläpfel, Sorte Elstar, Kl. II",4316268599672,plant based foods and beverages,2.49,2026-07-14,2026-08-30,open-prices
Netto,Erasco Erbseneintopf,4037300108248,canned foods,3.29,2026-04-25,2026-08-30,open-prices
Netto,Erasco Hühner Nudel-Topf,4037300104370,canned foods,3.29,2026-04-25,2026-08-30,open-prices
Netto,Ergüllü Aioli knobi creme,4260160790135,condiments,1.99,2026-07-16,2026-08-30,open-prices
Netto,Ergüllü Mediterrane Cremes,,Angebot · salat,1.99,2026-08-30,2026-08-30,marktguru-offers
Netto,Ergüllü Scharfer Grieche,4260160790128,dairies,1.99,2026-07-16,2026-08-30,open-prices
Netto,Ergüllü Sweet Chili Creme,4042874011122,dairies,1.99,2026-07-16,2026-08-30,open-prices
Netto,Ergüllü Weißer Grieche,4260160790104,dairies,1.99,2026-07-16,2026-08-30,open-prices
Netto,FERRERO Hanuta,8000500272442,snacks,2.49,2026-08-29,2026-08-30,open-prices
Netto,FRoSTA Rahmgeschnetzeltes mit Hähnchen und Spätzle,4008366010967,meals,3.59,2026-06-29,2026-08-30,open-prices
Netto,Familie Wein Schwarzwälder Schinken,,Angebot · schinken,1.99,2026-08-30,2026-08-30,marktguru-offers
Netto,Farmer's Snack Aprikosen Naturbelassen,4010442408353,plant based foods and beverages,2.49,2024-02-15,2026-08-30,open-prices
Netto,"Farmer's Snack geröstete Mandel, ungesalzen",4010442418994,plant based foods and beverages,3.79,2024-03-20,2026-08-30,open-prices
Netto,Farmländer Delikatess Hinterkochschinken,4047435521256,meats and their products,1.59,2024-03-20,2026-08-30,open-prices
Netto,Farmländer Echte ungarische Salami,5998002077005,Lebensmittel,3.99,2026-08-15,2026-08-30,open-prices
Netto,Farmländer Kochschinken mit Würzlake,4101820279860,meats and their products,1.49,2026-08-27,2026-08-30,open-prices
Netto,Farmländer Prosciutto Cotto,4101820356646,meats and their products,1.99,2026-08-15,2026-08-30,open-prices
Netto,"Farmländer Prosciutto Cotto, Kochhinterschinken nach italienischer Art",4047435606755,kochhinterschinken,2.49,2024-09-21,2026-08-30,open-prices
Netto,Farmländer Salami Sticks Classic,4000246096863,meats and their products,1.69,2026-06-29,2026-08-30,open-prices
Netto,Farmländer Salami Sticks Pikant,4000246096870,Lebensmittel,1.69,2026-06-29,2026-08-30,open-prices
Netto,"Farmländer Schinkenbraten, hauchfein",4101820279877,meats and their products,1.49,2026-08-27,2026-08-30,open-prices
Netto,"Favora Recycling-Toilettenpapier, 3-lagig",4311596021789,Lebensmittel,2.65,2026-07-14,2026-08-30,open-prices
Netto,Favora Toilettenpapier 3lg.,4311596661152,Lebensmittel,3.25,2026-04-01,2026-08-30,open-prices
Netto,Ferrero Duplo,4008400301327,snacks,2.29,2025-10-27,2026-08-30,open-prices
Netto,Ferrero Duplo Riegel 10er-Pack,4008400301020,snacks,2.29,2025-10-27,2026-08-30,open-prices
Netto,Ferrero Duplo White,8000500276679,snacks,3.99,2026-07-15,2026-08-30,open-prices
Netto,Ferrero Kinder Riegel,,Angebot · schokolade,4.44,2026-08-30,2026-08-30,marktguru-offers
Netto,Ferrero Kinder Überraschungsei,,Angebot · schokolade,2.0,2026-09-02,2026-08-30,marktguru-offers
Netto,Ferrero Nutella Nuss-Nugat Creme,,Angebot · salat,4.44,2026-08-30,2026-08-30,marktguru-offers
Netto,Ferrero Raffaello,4008400182827,snacks,4.39,2025-11-05,2026-08-30,open-prices
Netto,Filmer Fahrrad Multitool 26-tlg.,4010126450173,fahrradreparatursets,4.99,2024-07-17,2026-08-30,open-prices
Netto,Filmer Speichenreflektoren,4010126012067,speichenreflektoren,2.99,2024-09-21,2026-08-30,open-prices
Netto,Finton's Chocolate Chip Cookies,5712873475957,snacks,1.29,2026-07-20,2026-08-30,open-prices
Netto,Finton's Kokosmakronen mit Zartbitterschokolade,4007802398409,snacks,1.59,2026-07-06,2026-08-30,open-prices
Netto,Finton's Kokostörtchen mit Aprikosen-Kirsch-Füllung,4007802398508,snacks,1.59,2026-07-06,2026-08-30,open-prices
Netto,Finton's Kuchenröllchen Milch & Schoko,5712876809346,snacks,2.29,2026-08-10,2026-08-30,open-prices
Netto,Finton's Softwaffeln,4101540786501,snacks,1.19,2026-07-06,2026-08-30,open-prices
Netto,Finton’s Bakery Rainbow Cookies,5712877600379,snacks,1.29,2026-07-20,2026-08-30,open-prices
Netto,Flying Goose Brand Sriracha Sauce,8853662056012,condiments,4.49,2026-04-25,2026-08-30,open-prices
Netto,Fonteneau Laugen Brioche Rolls,3279840006993,snacks,1.69,2026-06-22,2026-08-30,open-prices
Netto,"Franziskaner Weissbier Alkoholfrei 0,5 L",4072700802525,beverages and beverages preparations,1.19,2026-05-27,2026-08-30,open-prices
Netto,Frießinger Mühle Pizza Mehl,4006363109554,plant based foods and beverages,0.99,2026-07-30,2026-08-30,open-prices
Netto,Friki Döbelner Geflügel-Wiener,4014153117160,meats and their products,2.49,2024-09-21,2026-08-30,open-prices
Netto,Frischli Leckermäulchen Milch-Quark,4045500023803,dairies,2.15,2026-04-25,2026-08-30,open-prices
Netto,Frischli Leckermäulchen Milchquark - Erdbeer,4045500023810,dairies,2.15,2026-04-25,2026-08-30,open-prices
Netto,Frischli Milchquark - Stracciatella,40455440,dairies,0.99,2026-04-25,2026-08-30,open-prices
Netto,Fritoper Surf Chips - Sour Cream & Onion,8436546052470,plant based foods and beverages,1.99,2025-11-05,2026-08-30,open-prices
Netto,Fritoper Surf Chips Original,8436546052456,plant based foods and beverages,1.99,2025-11-05,2026-08-30,open-prices
Netto,Frosta Paprika Sahne Hähnchen mit Bandnudeln,4008366010981,frozen foods,3.59,2026-06-29,2026-08-30,open-prices
Netto,Frosta Rotes Curry mit Hähnchen und Reis,4008366017331,meals,3.59,2026-06-29,2026-08-30,open-prices
Netto,Frucht Stern Bananen-Nektar,4316268654081,beverages and beverages preparations,1.49,2026-07-27,2026-08-30,open-prices
Netto,Frutas Damals de Elche Paprika,8438001300119,plant based foods and beverages,1.35,2026-07-25,2026-08-30,open-prices
Netto,Funny frisch Chipsfrisch ungarisch,4003586101310,plant based foods and beverages,1.29,2025-09-02,2026-08-30,open-prices
Netto,GAZi Grillkäse Honey-BBQ,4002566010765,dairies,1.49,2025-11-05,2026-08-30,open-prices
Netto,GENUSS WELT Bulgursalat mit Petersilie,4316268670210,meals,0.99,2026-04-07,2026-08-30,open-prices
Netto,GO BIO Blütenhonig cremig,5712876002396,Lebensmittel,3.99,2026-08-15,2026-08-30,open-prices
Netto,GO BIO HaferDrink,9020200031841,beverages and beverages preparations,0.95,2026-08-10,2026-08-30,open-prices
Netto,GO BIO Karottensaft,5712872491804,beverages and beverages preparations,1.7,2024-09-12,2026-08-30,open-prices
Netto,GO Regio Chinakohl Klasse I,5712874928421,plant based foods and beverages,0.99,2024-09-21,2026-08-30,open-prices
Netto,GUTES Land Sahne Joghurt Pur nach griechischer Art,4316268730082,dairies,1.89,2026-07-10,2026-08-30,open-prices
Netto,GUTES Land Skyr Heidelbeer-Holunder,4316268691970,frischkäsezubereitung,1.49,2026-08-12,2026-08-30,open-prices
Netto,Genuss Welt Hummus Natur,42515371,plant based foods and beverages,0.99,2026-05-15,2026-08-30,open-prices
Netto,Genuss pur Nasi Goreng,4027016460419,meals,3.69,2026-06-22,2026-08-30,open-prices
Netto,Genuss pur Paella Pfanne,4027016994921,meals,3.69,2026-06-22,2026-08-30,open-prices
Netto,Genuss pur Pfannengemüse Feinschmecker Art,4027016994877,plant based foods and beverages,3.49,2026-07-11,2026-08-30,open-prices
Netto,Genusswelt Pfannengemüse französische Art,4316268661515,plant based foods and beverages,1.99,2026-07-28,2026-08-30,open-prices
Netto,Gerolsteiner Mineralwasser,,Angebot · wasser,4.69,2026-08-30,2026-08-30,marktguru-offers
Netto,Glico Mikado Milch Schokolade,7622300476144,snacks,1.99,2026-07-11,2026-08-30,open-prices
Netto,Go Bio Basmati Reis,5712873216475,plant based foods and beverages,3.49,2026-08-15,2026-08-30,open-prices
Netto,Go Bio Bio Gurke,5712873132935,plant based foods and beverages,1.19,2024-04-15,2026-08-30,open-prices
Netto,Go Bio Blütenhonig flüssig,5712876002372,breakfasts,3.99,2026-08-15,2026-08-30,open-prices
Netto,Go Bio Eier,4027767064454,farming products,3.29,2024-09-12,2026-08-30,open-prices
Netto,Go Bio Paprika rot Bio,5712873146321,plant based foods and beverages,2.29,2024-07-09,2026-08-30,open-prices
Netto,Go Bio Pumpernickel,4007933457419,plant based foods and beverages,1.59,2024-07-29,2026-08-30,open-prices
Netto,Go Bio Schokolade 70%,5712874726232,Lebensmittel,1.29,2024-03-20,2026-08-30,open-prices
Netto,Go Bio Zitronen,5712872553700,plant based foods and beverages,2.29,2024-08-22,2026-08-30,open-prices
Netto,Go Regio Broccoli,5712874928179,plant based foods and beverages,1.69,2024-09-21,2026-08-30,open-prices
Netto,Go Regio Cherry-Rispentomaten,5712874924188,plant based foods and beverages,1.39,2026-07-20,2026-08-30,open-prices
Netto,Go Regio Rote Speisezwiebeln,5712874928438,plant based foods and beverages,2.39,2024-08-22,2026-08-30,open-prices
Netto,Go Regio Speisekartoffeln,5712874928193,plant based foods and beverages,1.99,2024-09-21,2026-08-30,open-prices
Netto,Go Regio Speisezwiebeln gelb,5712874928445,plant based foods and beverages,1.69,2024-08-22,2026-08-30,open-prices
Netto,Go Regio Tomaten,5712874924430,plant based foods and beverages,1.69,2024-08-22,2026-08-30,open-prices
Netto,GoBio Beerenmischung tiefgefroren,4027016995652,plant based foods and beverages,3.79,2026-08-10,2026-08-30,open-prices
Netto,"GoBio Kulturheidelbeeren, tiefgefroren",4027016996802,Lebensmittel,3.79,2026-08-10,2026-08-30,open-prices
Netto,Golden Toast Buttertoast,4009249019916,plant based foods and beverages,1.99,2026-07-28,2026-08-30,open-prices
Netto,Golden Toast Vollkorntoast,4009249019923,plant based foods and beverages,1.99,2026-08-12,2026-08-30,open-prices
Netto,Gourmetmaxx Glas-Wasserkocher,,Angebot · wasser,19.99,2026-08-30,2026-08-30,marktguru-offers
Netto,"Grandiso Milchreis, Schoko",42508854,desserts,0.39,2026-07-30,2026-08-30,open-prices
Netto,Greifen-Fleisch Pommersche Leberwurst grob,4018227018285,meats and their products,1.99,2024-09-21,2026-08-30,open-prices
Netto,Griesson Soft Cake Cherry,4001518117910,snacks,2.49,2026-07-30,2026-08-30,open-prices
Netto,Griesson soft cake Orange,4001518117866,snacks,1.99,2026-08-12,2026-08-30,open-prices
Netto,Gustavo Gusto Pizza Margherita,4260414150449,frozen foods,4.69,2024-09-12,2026-08-30,open-prices
Netto,Gustavo Gusto Pizza Mozzarella,,Angebot · pizza,3.49,2026-08-30,2026-08-30,marktguru-offers
Netto,Gut Ponholz Gemischt-Hackfleisch,,Angebot · hackfleisch,5.49,2026-08-30,2026-08-30,marktguru-offers
Netto,Gut Ponholz Hackfleisch Gemischt,4015051097882,meats and their products,4.99,2025-11-08,2026-08-30,open-prices
Netto,Gut Ponholz Hähnchen-Brustfilet XXL,,Angebot · hähnchen,7.99,2026-08-30,2026-08-30,marktguru-offers
Netto,Gut Ponholz Hähnchen-Innenfilets,,Angebot · hähnchen,3.99,2026-08-30,2026-08-30,marktguru-offers
Netto,Gut Ponholz Hähnchen-Schenkel XXL,,Angebot · hähnchen,6.79,2026-09-02,2026-08-30,marktguru-offers
Netto,Gut Ponholz Schinken-Gulasch,,Angebot · schinken,2.99,2026-08-30,2026-08-30,marktguru-offers
Netto,Gut Ponholz Schweine Minutensteaks,4043362500913,meats and their products,2.99,2026-08-18,2026-08-30,open-prices
Netto,Gut Schwechow Eisbergsalat,4037185707994,plant based foods and beverages,1.11,2026-08-17,2026-08-30,open-prices
Netto,Gutes Land Back Camembert mot Wildpreiselbeer Dip,4316268476119,dairies,2.99,2026-05-15,2026-08-30,open-prices
Netto,Gutes Land Butter,,Angebot · butter,1.99,2026-08-30,2026-08-30,marktguru-offers
Netto,Gutes Land Butterkäse,4316268604932,dairies,2.45,2026-07-28,2026-08-30,open-prices
Netto,Gutes Land Buttermilch Dessert Zitrone Limette,4316268701327,dairies,0.59,2026-05-08,2026-08-30,open-prices
Netto,Gutes Land Buttermilchdessert Rhabarber,4316268701358,buttermilchdessert,0.59,2026-05-15,2026-08-30,open-prices
Netto,Gutes Land Cremiger Joghurt,4316268636926,dairies,2.49,2026-05-15,2026-08-30,open-prices
Netto,Gutes Land Cremiger Joghurt Pfirsich-Maracuja,4316268636919,dairies,2.49,2026-05-15,2026-08-30,open-prices
Netto,"Gutes Land Cremiger Weichkäse, würzig",42506836,dairies,1.69,2026-07-18,2026-08-30,open-prices
Netto,Gutes Land Deutsche Markenbutter,4316268557948,dairies,1.05,2026-07-18,2026-08-30,open-prices
Netto,Gutes Land Edamer mild-zart,4316268604918,dairies,2.49,2025-11-05,2026-08-30,open-prices
Netto,Gutes Land Emmentaler,4316268693318,dairies,2.75,2026-07-30,2026-08-30,open-prices
Netto,Gutes Land Emmentaler am Stück,4316268716499,dairies,3.49,2026-07-30,2026-08-30,open-prices
Netto,Gutes Land Emmentaler in Scheiben cremig-mild XXL,4316268741125,dairies,4.44,2026-08-21,2026-08-30,open-prices
Netto,Gutes Land Fettarmer Joghurt mild,4316268592901,dairies,0.79,2026-08-29,2026-08-30,open-prices
Netto,Gutes Land Frische Vollmilch,4316268698849,dairies,0.95,2026-08-29,2026-08-30,open-prices
Netto,Gutes Land Frische Weidemilch,4316268663977,dairies,0.95,2026-07-27,2026-08-30,open-prices
Netto,"Gutes Land Frische Weidemilch 1,5%",4316268663960,dairies,0.85,2026-08-05,2026-08-30,open-prices
Netto,Gutes Land Frischkäse Balance 30% weniger fett,4316268671200,dairies,1.59,2026-07-10,2026-08-30,open-prices
Netto,Gutes Land Frischkäse Kräuter,4316268733656,dairies,1.59,2026-07-10,2026-08-30,open-prices
Netto,Gutes Land Frischkäse pur,42356752,dairies,1.59,2026-07-18,2026-08-30,open-prices
Netto,Gutes Land Fruchtjoghurt,,Angebot · joghurt,0.59,2026-08-30,2026-08-30,marktguru-offers
Netto,Gutes Land Handkäse mit Edelschimmel,42317135,dairies,1.99,2026-08-12,2026-08-30,open-prices
Netto,Gutes Land Harzer Roller Minis mit Edelschimmel,42012986,dairies,1.29,2026-08-12,2026-08-30,open-prices
Netto,Gutes Land Harzer Roller Minis mit Kümmel,42012979,harzer roller,1.29,2026-07-31,2026-08-30,open-prices
Netto,Gutes Land Irische Markenbutter,4316268486576,dairies,2.29,2025-10-02,2026-08-30,open-prices
Netto,Gutes Land Joghurt,,Angebot · joghurt,0.89,2026-08-30,2026-08-30,marktguru-offers
Netto,Gutes Land Joghurt Drink,,Angebot · joghurt,1.99,2026-08-30,2026-08-30,marktguru-offers
Netto,Gutes Land Joghurt mild Pfirsich Maracuja,4316268713023,dairies,2.49,2026-01-13,2026-08-30,open-prices
Netto,Gutes Land Joghurt mild Stracciatella,4316268713030,dairies,2.49,2026-04-18,2026-08-30,open-prices
Netto,Gutes Land Knoblauchbutter,42436263,kräuterbutter,0.99,2026-05-19,2026-08-30,open-prices
Netto,Gutes Land Kräuterbutter,42436270,dairies,0.99,2026-05-19,2026-08-30,open-prices
Netto,Gutes Land Maasdamer 45% Fett i.Tr.,4316268714747,dairies,2.39,2025-11-05,2026-08-30,open-prices
Netto,Gutes Land Pizzakäse gerieben,,Angebot · pizza,1.79,2026-08-30,2026-08-30,marktguru-offers
Netto,"Gutes Land Quark, 40 % Fett",42489832,Lebensmittel,0.52,2026-04-25,2026-08-30,open-prices
Netto,Gutes Land Reine Buttermilch,,Angebot · milch,0.59,2026-08-30,2026-08-30,marktguru-offers
Netto,Gutes Land Sahne Joghurt,,Angebot · joghurt,0.39,2026-08-30,2026-08-30,marktguru-offers
Netto,Gutes Land Sahne Kefir,,Angebot · joghurt,0.59,2026-08-30,2026-08-30,marktguru-offers
Netto,Gutes Land Schlagsahne,4316268552363,dairies,0.89,2026-07-28,2026-08-30,open-prices
Netto,Gutes Land Speisequark,,Angebot · quark,0.69,2026-08-30,2026-08-30,marktguru-offers
Netto,Géramont Camembert Cremig-Würzig,3047670000692,dairies,2.49,2026-08-15,2026-08-30,open-prices
Netto,Géramont Camembert mit Joghurt,3161716740011,dairies,2.29,2025-11-05,2026-08-30,open-prices
Netto,Géramont Geramont Cremig-leicht,3161710001309,dairies,2.49,2026-08-15,2026-08-30,open-prices
Netto,Géramont Tomate & feine Kräuter,3161712985492,dairies,2.49,2026-08-15,2026-08-30,open-prices
Netto,Géramont cremig-zarte Scheiben,3090291116044,dairies,3.49,2025-11-05,2026-08-30,open-prices
Netto,Géramont mit gerösteten Kürbiskernen,3161711001551,dairies,2.49,2026-08-15,2026-08-30,open-prices
Netto,Gösser Natur-Radler Alkoholfrei,9028800638590,beverages and beverages preparations,1.09,2026-05-08,2026-08-30,open-prices
Netto,Gösser NaturRadler,90288104,beverages and beverages preparations,1.14,2026-01-13,2026-08-30,open-prices
Netto,HOFMAIER Prosciutto Cotto,4316268695589,meats and their products,1.79,2026-07-10,2026-08-30,open-prices
Netto,Haeberlein-Metzger Elisen Lebkuchen,4035472366404,plant based foods and beverages,3.39,2026-01-08,2026-08-30,open-prices
Netto,Haeberlein-Metzger Nürnberger Elisen-Lebkuchen,4035472381704,plant based foods and beverages,5.49,2025-10-30,2026-08-30,open-prices
Netto,Hagen Bauern Frikadellen,4016826522592,Lebensmittel,4.69,2024-01-26,2026-08-30,open-prices
Netto,Hagen Feinkost Jägerschnitzel,4016826251294,meats and their products,2.49,2026-07-29,2026-08-30,open-prices
Netto,Hairwell 7-Kräuter-Shampoo,4311596019427,hair,0.95,2026-08-29,2026-08-30,open-prices
Netto,Hairwell Frucht & Vitamin Shampoo,4311596019397,hair,0.95,2026-08-29,2026-08-30,open-prices
Netto,Haleon Odol Med 3,5054563191519,Lebensmittel,1.79,2026-05-21,2026-08-30,open-prices
Netto,Hanina Butterstreusel,4260249411692,snacks,2.79,2026-07-06,2026-08-30,open-prices
Netto,Hanina Käsekuchen,4260249411647,snacks,2.49,2026-08-12,2026-08-30,open-prices
Netto,Hans Glück Clementinen,5712876438195,plant based foods and beverages,2.29,2024-02-15,2026-08-30,open-prices
Netto,Haribo Lakritz Parade,4001686327784,snacks,0.89,2026-06-29,2026-08-30,open-prices
Netto,Harry 1688 Unser Mildes,4071800000879,plant based foods and beverages,1.29,2026-07-20,2026-08-30,open-prices
Netto,Harva International Minipflaumen Rispentomaten,5711044049195,plant based foods and beverages,1.39,2024-04-15,2026-08-30,open-prices
Netto,Harvest Best Ananas,5712873177929,plant based foods and beverages,1.59,2026-07-06,2026-08-30,open-prices
Netto,Harvest Best Ananasstücke in Ananassaft,5712872952909,plant based foods and beverages,1.59,2026-07-06,2026-08-30,open-prices
Netto,Harvest Best Champignons Ganze Köpfe 1. Wahl,5712876651419,plant based foods and beverages,1.19,2026-08-27,2026-08-30,open-prices
Netto,Harvest Best Champignons in Scheiben 1. Wahl,5712876651396,plant based foods and beverages,0.95,2026-08-27,2026-08-30,open-prices
Netto,Harvest Best Champions 3. wahl,5712876651372,plant based foods and beverages,0.79,2026-08-27,2026-08-30,open-prices
Netto,Harvest Best Mandarin Orangen,5712873313228,plant based foods and beverages,0.89,2026-07-06,2026-08-30,open-prices
Netto,Harvest Best Sauerkirschen,5712873575374,plant based foods and beverages,3.29,2026-08-15,2026-08-30,open-prices
Netto,Harvest House Cocktail-Rispentomaten,5712877732179,plant based foods and beverages,1.49,2026-08-24,2026-08-30,open-prices
Netto,Harvest House Cocktail-Rispentomaten,5711044049218,plant based foods and beverages,1.29,2024-09-21,2026-08-30,open-prices
Netto,Heimat Speisekartoffeln XXL,,Angebot · kartoffeln,4.49,2026-08-30,2026-08-30,marktguru-offers
Netto,Heimat Äpfel,,Angebot · äpfel,1.49,2026-08-30,2026-08-30,marktguru-offers
Netto,Heineken Premium Beer,,Angebot · bier,14.99,2026-08-30,2026-08-30,marktguru-offers
Netto,Heiploeg Party Garnelen,8710319508068,seafood,1.45,2024-09-12,2026-08-30,open-prices
Netto,Heitmann Reine Zitronensäure flüssig,4062196082884,Lebensmittel,3.29,2025-10-02,2026-08-30,open-prices
Netto,Hela Gewürz Ketchup Curry Delikat 30% weniger Zucker,4027400148244,plant based foods and beverages,1.99,2026-07-16,2026-08-30,open-prices
Netto,Hela gewürz Ketchup,4027400148039,plant based foods and beverages,1.99,2026-07-16,2026-08-30,open-prices
Netto,Hello Kitty Socks,4038189339440,apparel accessories,2.99,2026-07-25,2026-08-30,open-prices
Netto,Henglein Frische Teigwaren XXL,,Angebot · nudeln,2.99,2026-08-30,2026-08-30,marktguru-offers
Netto,Henglein Frischer Pizzateig,,Angebot · pizza,1.99,2026-08-30,2026-08-30,marktguru-offers
Netto,Hengstenberg Oro di Parma Tomatenmark,,Angebot · tomaten,1.29,2026-08-30,2026-08-30,marktguru-offers
Netto,Herrman Blattpetersilie,4260046988014,plant based foods and beverages,0.99,2026-07-25,2026-08-30,open-prices
Netto,Herzoglich Bayerisches Brauhaus Tegernsee Tegernseer Hell,4022396000026,beverages and beverages preparations,1.09,2026-05-08,2026-08-30,open-prices
Netto,Hitchcock Ingwer Shots - Grapefruit-Limette,4009491088159,beverages and beverages preparations,3.99,2025-10-02,2026-08-30,open-prices
Netto,Hofmaier Bauchspeck,,Angebot · schinken,2.29,2026-09-02,2026-08-30,marktguru-offers
Netto,Hofmaier Berner Würstchen,4316268645065,meats and their products,2.59,2026-05-19,2026-08-30,open-prices
Netto,Hofmaier Frikadellen,4316268690621,meats and their products,1.49,2026-08-12,2026-08-30,open-prices
Netto,Hofmaier Hähnchen-Brustfilet im Currymantel,4316268494151,meats and their products,1.59,2025-11-05,2026-08-30,open-prices
Netto,Hofmaier Hähnchenbrust Klassik,4316268588522,meats and their products,1.99,2026-04-25,2026-08-30,open-prices
Netto,Hofmaier Hähnchenbrustfiletroulade,,Angebot · hähnchen,1.79,2026-08-30,2026-08-30,marktguru-offers
Netto,Hofmaier Hähnchenfleisch in eigenem Saft,4316268708289,Lebensmittel,3.29,2026-08-12,2026-08-30,open-prices
Netto,Hofmaier Kochhinterschinken,,Angebot · schinken,1.29,2026-08-30,2026-08-30,marktguru-offers
Netto,Hofmaier Leberwurst fein,42356387,meats and their products,1.29,2026-03-30,2026-08-30,open-prices
Netto,Hofmaier Mini Berner Würstel,4316268464727,meats and their products,2.59,2026-05-19,2026-08-30,open-prices
Netto,Hofmaier Putenbrustfilet in Paprikamantel,4316268644327,Lebensmittel,1.59,2025-12-16,2026-08-30,open-prices
Netto,Hofmaier Salami im Pfeffermantel mild geräuchert,4316268718509,meats and their products,1.49,2026-01-13,2026-08-30,open-prices
Netto,Hofmaier Schweine-Fleisch im eigenen Saft,4316268708302,Lebensmittel,2.99,2026-08-12,2026-08-30,open-prices
Netto,Hofmaier leberpastete,4316268541626,meats and their products,1.49,2026-08-12,2026-08-30,open-prices
Netto,Holsten Pilsener,,Angebot · bier,0.59,2026-08-30,2026-08-30,marktguru-offers
Netto,Hähnchenschnitzel,4250642322633,Lebensmittel,4.99,2024-01-26,2026-08-30,open-prices
Netto,Händlmaier bayerischer süßer Senf -30% Zucker,4104720022697,condiments,1.49,2026-08-21,2026-08-30,open-prices
Netto,IBIS Schokobrötchen,4012263013617,plant based foods and beverages,2.49,2026-07-27,2026-08-30,open-prices
Netto,IGLO Fischstäbchen,4250241203524,seafood,4.88,2026-05-15,2026-08-30,open-prices
Netto,Ice Fantasy Sunny Ice Erdbeere,4316268683913,Lebensmittel,1.99,2026-08-15,2026-08-30,open-prices
Netto,Ilmenauer Original Thüringen Rostbratwurst,4017267055168,meats and their products,4.29,2024-09-12,2026-08-30,open-prices
Netto,"In der Heimat Heimische Tafeläpfel, Klasse II",4316268657044,Tafeläpfel,2.99,2026-08-12,2026-08-30,open-prices
Netto,In der Heimat Suppengemüse,42415084,plant based foods and beverages,1.0,2026-04-25,2026-08-30,open-prices
Netto,InnLandMais Zuckermais gekocht,9120011090010,plant based foods and beverages,1.99,2026-01-13,2026-08-30,open-prices
Netto,Italien Ruccola (Salat),8056684131211,plant based foods and beverages,0.88,2026-06-10,2026-08-30,open-prices
Netto,Jacobs Espresso Concentrate,,Angebot · kaffee,4.99,2026-08-30,2026-08-30,marktguru-offers
Netto,Jacobs Filterkaffee Krönung Balance,8711000708712,beverages and beverages preparations,9.99,2026-08-12,2026-08-30,open-prices
Netto,Jacobs Gold Löslicher Kaffee,,Angebot · kaffee,6.66,2026-09-04,2026-08-30,marktguru-offers
Netto,Jacobs Krönung Signature,,Angebot · kaffee,5.99,2026-08-30,2026-08-30,marktguru-offers
Netto,Jacobs Meister Röstung Kaffee gemahlen,8711000670026,beverages and beverages preparations,8.49,2026-08-12,2026-08-30,open-prices
Netto,Jütro Chili con Carne mit Reis,4027016505967,meats and their products,2.69,2026-07-27,2026-08-30,open-prices
Netto,Jütro Hähnchen Mediterraneo,4027016506063,meals,2.69,2026-07-27,2026-08-30,open-prices
Netto,"Jütro Hähnchen Süß-Sauer, tiefgefroren",4027016505769,frozen foods,2.69,2026-07-27,2026-08-30,open-prices
Netto,Jütro Wildlachs Hegoländer Art,4027016508760,seafood,2.69,2026-07-27,2026-08-30,open-prices
Netto,Kanzi Power of Great Taste Äpfel,8008757001891,plant based foods and beverages,1.99,2026-06-29,2026-08-30,open-prices
Netto,Karina Feine Weiße Crisp Schokolade,4001743019232,snacks,1.79,2024-09-21,2026-08-30,open-prices
Netto,Karina Feine Weiße Schokolade,4001743016170,snacks,0.99,2024-09-21,2026-08-30,open-prices
Netto,"Karli Kugelblitz Früchtespaß - Banane, Erdbeere, Aprikose",4316268551755,dairies,1.79,2026-04-25,2026-08-30,open-prices
Netto,Kathi Weizenmehl Typ 405,4012367012608,plant based foods and beverages,1.39,2026-08-12,2026-08-30,open-prices
Netto,Kerrygold Original irische Butter,4001954161010,dairies,1.79,2026-08-27,2026-08-30,open-prices
Netto,Kerrygold extra Butter & Rapsöl - ungesalzen,4001954165018,plant based foods and beverages,1.79,2026-08-27,2026-08-30,open-prices
Netto,Kikkoman Sojasauce,6375844662818,condiments,6.99,2025-11-01,2026-08-30,open-prices
Netto,Kinder Country,4008400260921,snacks,3.29,2026-08-12,2026-08-30,open-prices
Netto,Kinder Maxi King 3er-Pack,4008400551920,snacks,1.79,2026-07-06,2026-08-30,open-prices
Netto,Kinder Milchschnitte 10er-Pack,4008400191423,Imbiss,2.96,2026-07-06,2026-08-30,open-prices
Netto,Kinder Pinguin,4008400290829,snacks,2.39,2026-08-10,2026-08-30,open-prices
Netto,Kingsway Exotic-Direktsaft,5712873733316,beverages and beverages preparations,2.19,2024-04-15,2026-08-30,open-prices
Netto,Kitchen Club Pizza-Backset,4311536033032,haushalt,7.99,2025-12-16,2026-08-30,open-prices
Netto,Klosterfrau Eisen+Folsäure+Vitamin C,4008617040293,dietary supplements,3.25,2026-07-15,2026-08-30,open-prices
Netto,"Klosterfrau Vitamin D3, 2500 I.E.",4008617032168,dietary supplements,3.59,2026-07-15,2026-08-30,open-prices
Netto,Knoppers Joghurt 8er-Pack,4014400933833,snacks,1.69,2026-06-22,2026-08-30,open-prices
Netto,Knoppers Waffel Black & White 8er-Packung,4014400933857,snacks,1.69,2026-06-22,2026-08-30,open-prices
Netto,Knorr Fix- Hackbraten,8717163861783,condiments,0.39,2026-08-12,2026-08-30,open-prices
Netto,Korn Mühle Cerealien,,Angebot · müsli,2.79,2026-08-30,2026-08-30,marktguru-offers
Netto,Korn Mühle Knäckebrot Sesam,4316268712521,plant based foods and beverages,1.29,2026-08-29,2026-08-30,open-prices
Netto,Korn Mühle Mehrkorntoasties,4316268650748,brote,0.99,2026-03-30,2026-08-30,open-prices
Netto,Korn Mühle Obstriegel Cranberry & Kirsche,4316268602587,snacks,1.49,2025-11-05,2026-08-30,open-prices
Netto,Korn Mühle Schoko Müsli 30% weniger zucker,4316268684729,plant based foods and beverages,2.49,2026-08-12,2026-08-30,open-prices
Netto,Korn Mühle Weizenmehl Type 405,4316268485142,plant based foods and beverages,0.59,2025-12-10,2026-08-30,open-prices
Netto,Korn Mühle Weizentoastbrötchen,4316268650731,Lebensmittel,0.99,2026-03-30,2026-08-30,open-prices
Netto,Korn Mühle wraps tortilla,4316268693370,Lebensmittel,1.79,2025-10-02,2026-08-30,open-prices
Netto,KornMühle Haferflocken extra zart,4316268724791,plant based foods and beverages,1.19,2026-07-29,2026-08-30,open-prices
Netto,Kornmühle Brot,4316268687096,plant based foods and beverages,1.19,2026-05-15,2026-08-30,open-prices
Netto,Kornmühle Choco Chips,4316268726054,plant based foods and beverages,2.49,2025-11-05,2026-08-30,open-prices
Netto,Kornmühle Cornflakes,4316268702706,plant based foods and beverages,1.59,2026-07-30,2026-08-30,open-prices
Netto,Kornmühle Haferbrot,4316268723909,plant based foods and beverages,1.75,2026-08-29,2026-08-30,open-prices
Netto,Kornmühle Roggenkern Roggenmischbrot geschnitten,4316268553131,plant based foods and beverages,0.99,2026-08-18,2026-08-30,open-prices
Netto,Kornmühle Rustikales Dinkelbrot,4316268728300,plant based foods and beverages,1.89,2026-04-25,2026-08-30,open-prices
Netto,Kornmühle Schoko-Müsli,4316268499569,plant based foods and beverages,2.49,2026-08-12,2026-08-30,open-prices
Netto,Kornmühle Tortilla Wraps,4316268703772,plant based foods and beverages,1.29,2025-10-02,2026-08-30,open-prices
Netto,Krombacher Pils,,Angebot · bier,5.99,2026-09-04,2026-08-30,marktguru-offers
Netto,Krüger Chai Latte,,Angebot · tee,2.29,2026-09-02,2026-08-30,marktguru-offers
Netto,KuchenMeister Koala Kakao,4101540714573,snacks,1.79,2026-07-11,2026-08-30,open-prices
Netto,Käserei Champignon Mein Ofenkäse fein-würzig,4000504171622,dairies,3.69,2026-08-12,2026-08-30,open-prices
Netto,Kölln Früchte Hafer-Müsli,4000540001341,plant based foods and beverages,3.79,2025-11-05,2026-08-30,open-prices
Netto,Kölln Schoko & Kekse Müsli,4000540083224,plant based foods and beverages,3.49,2026-07-29,2026-08-30,open-prices
Netto,Kölln Schoko Hafer-Müsli,4000540063868,plant based foods and beverages,3.79,2025-12-16,2026-08-30,open-prices
Netto,La Campagna Hummus Natur,5712876572080,plant based foods and beverages,0.89,2026-07-06,2026-08-30,open-prices
Netto,La Fournée Dorée Laugen Brioche Rolls,3587220005734,snacks,1.99,2025-10-02,2026-08-30,open-prices
Netto,La Fournée Dorée Laugen Burger Buns,3587220006007,plant based foods and beverages,1.69,2026-08-12,2026-08-30,open-prices
Netto,Lambertz Mandelhörnchen,4006894581607,snacks,2.49,2024-01-26,2026-08-30,open-prices
Netto,Landbäckerei 2 Baguettes mit Kräuterbutter,4260133506916,plant based foods and beverages,2.15,2026-08-15,2026-08-30,open-prices
Netto,Landliebe Saure Sahne,4316268595520,dairies,0.59,2026-08-12,2026-08-30,open-prices
Netto,"Las Cuarenta Getrocknete Tomaten in Rapsöl, mariniert",4316268534154,plant based foods and beverages,1.49,2025-11-01,2026-08-30,open-prices
Netto,Las Cuarenta Oliven gef.Paprika grün,4316268555142,plant based foods and beverages,1.99,2025-11-01,2026-08-30,open-prices
Netto,Las Cuarenta Spanische Oliven mit Paprikapaste,4316268618144,plant based foods and beverages,1.29,2026-07-30,2026-08-30,open-prices
Netto,"Las Cuarenta Spanische Oliven, entsteint, geschwärzt",4316268618151,plant based foods and beverages,1.29,2026-07-30,2026-08-30,open-prices
Netto,Las Cuarenta grüne Oliven entsteint,4316268618168,plant based foods and beverages,1.29,2026-07-30,2026-08-30,open-prices
Netto,Lavazza Caffe Crema Kaffeebohnen,,Angebot · kaffee,12.99,2026-09-02,2026-08-30,marktguru-offers
Netto,Leberwurst mit Geflügelfleisch,4006639062309,meats and their products,1.29,2026-08-12,2026-08-30,open-prices
Netto,Leckermäulchen Milch Quark Straccitella,4045500023827,dairies,2.15,2026-04-25,2026-08-30,open-prices
Netto,Leckermäulchen Milchquark - Maracuja-Pfirsichgeschmack,4045500021076,dairies,0.99,2026-04-25,2026-08-30,open-prices
Netto,Leicht&Cross Knusperbrot,,Angebot · brot,0.99,2026-09-02,2026-08-30,marktguru-offers
Netto,Lichtenauer Mineralwasser,,Angebot · wasser,4.49,2026-09-02,2026-08-30,marktguru-offers
Netto,Lieblings Bourbon-Vanille-Waffeln,4316268629041,snacks,1.79,2026-08-12,2026-08-30,open-prices
Netto,Lieblings Chocoluv Macadamia meets Sea Salt,4316268740227,snacks,2.99,2026-08-29,2026-08-30,open-prices
Netto,Lieblings Chocoluv Peanut Loves Caramel,4316268740289,snacks,2.99,2026-08-29,2026-08-30,open-prices
Netto,Lieblings Crunchy Premium Müsli Honig-Nuss,4316268690683,plant based foods and beverages,2.59,2025-11-05,2026-08-30,open-prices
Netto,Lieblings Konditorquark,42507109,dairies,1.29,2026-08-21,2026-08-30,open-prices
Netto,Lieblings Milch Haselnuss Creme,42470816,breakfasts,3.29,2026-08-21,2026-08-30,open-prices
Netto,Lieblings Pistaziencreme,42489726,breakfasts,3.99,2026-08-21,2026-08-30,open-prices
Netto,Lieblings Premium Brioche Burger Buns vorgeschnitten,4316268643368,plant based foods and beverages,1.49,2025-12-10,2026-08-30,open-prices
Netto,Lieblings Rosenbrötchen,4316268683531,plant based foods and beverages,1.59,2026-05-19,2026-08-30,open-prices
Netto,Lieblings Steinofenbaguette,4316268659338,plant based foods and beverages,0.99,2026-07-30,2026-08-30,open-prices
Netto,Lieblings Säfte,,Angebot · saft,1.89,2026-08-30,2026-08-30,marktguru-offers
Netto,Lieblings Wildreis,4316268656818,plant based foods and beverages,1.99,2026-08-12,2026-08-30,open-prices
Netto,"Lieblingswurst Lyoner mit Paprika, Ei & Pistazien",4013832345870,meats and their products,1.49,2026-06-10,2026-08-30,open-prices
Netto,Listerine Fresh Mint  3574661731056 Tägliche Mundspülung,3574661731056,Lebensmittel,3.99,2026-08-07,2026-08-30,open-prices
Netto,Listerine Mundspülung,3574661731100,hygiene,3.99,2026-08-07,2026-08-30,open-prices
Netto,Lorenz Crunchips Paprika,4018077004377,plant based foods and beverages,0.99,2026-08-17,2026-08-30,open-prices
Netto,Lorenz Crunchips Stackers Paprika,4018077011887,plant based foods and beverages,1.99,2026-04-18,2026-08-30,open-prices
Netto,Lorenz Crunchips Stackers Sour Cream,4018077011825,plant based foods and beverages,1.49,2026-07-15,2026-08-30,open-prices
Netto,Lorenz Crunchips Stackers Western Style,4018077011788,plant based foods and beverages,2.29,2025-11-05,2026-08-30,open-prices
Netto,Lorenz Crunchips Western Style,4018077004117,plant based foods and beverages,0.99,2026-08-17,2026-08-30,open-prices
Netto,Lorenz NicNacs,4018077004896,plant based foods and beverages,1.0,2026-08-29,2026-08-30,open-prices
Netto,Lorenz NicNacs BBQ,4018077764011,plant based foods and beverages,1.0,2026-08-29,2026-08-30,open-prices
Netto,Lorenz Pommels Original,4018077619458,plant based foods and beverages,1.79,2025-09-02,2026-08-30,open-prices
Netto,Lorenz Snack-Hits,4018077010316,snacks,2.49,2026-07-06,2026-08-30,open-prices
Netto,MAGGI Fix für Geschnetzeltes Züricher Art,7613287238603,meats and their products,1.09,2026-08-12,2026-08-30,open-prices
Netto,MEGGLE Kräuterbutter,40349343,dairies,2.29,2026-08-15,2026-08-30,open-prices
Netto,MILRAM Frühlingsquark Family-Pack,40466033,dairies,1.99,2026-08-27,2026-08-30,open-prices
Netto,Maggi 5 Minuten Gulasch Topf (ungarischer Art),7613035587427,plant based foods and beverages,1.49,2026-08-12,2026-08-30,open-prices
Netto,Maggi Ravioli  in pikanter Sauce1,4005500339205,canned foods,2.99,2026-04-25,2026-08-30,open-prices
Netto,Mamone Jumbo Rosinen Rodzynki Jumbo,5712871447581,plant based foods and beverages,1.99,2024-09-12,2026-08-30,open-prices
Netto,Mamone Walnusskerne,5712873216239,plant based foods and beverages,2.49,2024-09-12,2026-08-30,open-prices
Netto,Mang Original Allgäuer Limburger,4101430004104,dairies,1.99,2026-05-22,2026-08-30,open-prices
Netto,Manner Original Neapolitaner,9000331607917,snacks,3.99,2026-04-25,2026-08-30,open-prices
Netto,Manner Zitrone 9000331607207 Knusprige Waffeln mit Zitronencremefüllung,9000331607207,snacks,3.99,2026-04-25,2026-08-30,open-prices
Netto,Marabou Daim XL cookies,7622300721459,snacks,2.99,2026-08-12,2026-08-30,open-prices
Netto,Maretti Brotchips,,Angebot · brot,1.49,2026-08-30,2026-08-30,marktguru-offers
Netto,Markt Tag Champignons,4311527955848,plant based foods and beverages,1.79,2026-07-30,2026-08-30,open-prices
Netto,Markt Tag Erdnüsse ungeschält,4316268597883,plant based foods and beverages,2.22,2026-04-18,2026-08-30,open-prices
Netto,Markt Tag Paprika Mix,4311527908974,plant based foods and beverages,1.35,2026-07-31,2026-08-30,open-prices
Netto,"Markt Tag Tafeltrauben, dunkel, kernlos",4311532306949,plant based foods and beverages,1.89,2026-07-30,2026-08-30,open-prices
Netto,Markt Tag zitronen,4311527896264,plant based foods and beverages,1.49,2026-08-22,2026-08-30,open-prices
Netto,Markttag Aprikosen,4311527911066,plant based foods and beverages,2.22,2026-07-30,2026-08-30,open-prices
Netto,"Markttag Birnen aus Belgien, Sorte Conference, Klasse I, Kal. 55-65 mm",4311527902644,plant based foods and beverages,1.69,2026-01-13,2026-08-30,open-prices
Netto,Markttag Cocktail Rispentomaten aus den Niederlanden,4311527925490,plant based foods and beverages,2.39,2026-08-12,2026-08-30,open-prices
Netto,Markttag Kulturchampignons,4311532681886,kulturchampignons,1.0,2026-04-25,2026-08-30,open-prices
Netto,Markttag Kulturchampinons aus Polen,4311532374276,plant based foods and beverages,1.79,2026-07-24,2026-08-30,open-prices
Netto,Markttag Nektarinen,4311527920426,plant based foods and beverages,1.79,2026-08-29,2026-08-30,open-prices
Netto,Markttag Paprika rot,4311527911943,plant based foods and beverages,1.45,2026-06-10,2026-08-30,open-prices
Netto,Markttag Rote Paprika,4311527925452,plant based foods and beverages,1.35,2026-08-20,2026-08-30,open-prices
Netto,"Markttag Rote Zwiebeln, Kl. II",4316268697132,plant based foods and beverages,1.0,2026-05-26,2026-08-30,open-prices
Netto,Markttag Tafeltrauben hell,4311532295175,plant based foods and beverages,1.69,2026-07-30,2026-08-30,open-prices
Netto,Markttag Tafeläpfel aus Italien,4316268575645,plant based foods and beverages,1.5,2026-05-08,2026-08-30,open-prices
Netto,Markttag Zitronen,4311527967735,Lebensmittel,1.39,2026-01-13,2026-08-30,open-prices
Netto,Mars m&m's chocolate,5000159471725,snacks,2.99,2026-07-29,2026-08-30,open-prices
Netto,"Maryland Bananenchips, geröstet, gezuckert",4008088035859,plant based foods and beverages,2.39,2026-08-12,2026-08-30,open-prices
Netto,Maryland Snack Nüsse Honig & Salz,4008088184458,plant based foods and beverages,3.89,2026-08-17,2026-08-30,open-prices
Netto,Maryland Snack Nüsse Oriental Style,4008088184373,plant based foods and beverages,2.99,2025-11-05,2026-08-30,open-prices
Netto,Maryland Snack Nüsse Salz & Pfeffer,4008088888745,plant based foods and beverages,2.99,2026-06-22,2026-08-30,open-prices
Netto,Maryland Snack Nüsse Ungarisch Style,4008088184298,plant based foods and beverages,2.99,2026-06-22,2026-08-30,open-prices
Netto,Max Balance Proteinriegel,,Angebot · müsli,1.03,2026-08-30,2026-08-30,marktguru-offers
Netto,Max Balance Vitaminwasser,,Angebot · wasser,0.79,2026-08-30,2026-08-30,marktguru-offers
Netto,Mazzoni Plattpfirsiche,8023666002005,Lebensmittel,2.25,2026-07-14,2026-08-30,open-prices
Netto,McIlhenny Tabasco Brand Pepper Sauce,0011210002173,beverages and beverages preparations,3.49,2026-08-12,2026-08-30,open-prices
Netto,Meggle Baguette Kräuterbutter,4034900032409,plant based foods and beverages,1.29,2026-07-06,2026-08-30,open-prices
Netto,Meggle Streichzart gesalzen - Vorteilspack,4034900008220,spreads,1.99,2026-07-06,2026-08-30,open-prices
Netto,Mein Beerenglück Erdbeeren,5216000004817,Lebensmittel,1.49,2026-04-07,2026-08-30,open-prices
Netto,Melitta Auslese Klassisch,4002720002124,plant based foods and beverages,4.69,2024-08-22,2026-08-30,open-prices
Netto,Meßmer Kamille - Fach 1 o2,4001257154009,beverages and beverages preparations,2.35,2026-08-12,2026-08-30,open-prices
Netto,Meßmer Ländertee,,Angebot · tee,1.99,2026-09-02,2026-08-30,marktguru-offers
Netto,Milka Pralines,7622210598011,snacks,3.49,2026-07-29,2026-08-30,open-prices
Netto,Milkana Schmelzkäse Allgäuer Milch,4045357010605,dairies,2.79,2026-08-10,2026-08-30,open-prices
Netto,Milkana Schmelzkäse Kräuter,4045357010636,dairies,2.79,2026-08-10,2026-08-30,open-prices
Netto,Milkana Schmelzkäse mit Emmentaler & Allgäuer Milch,4045357010902,dairies,2.79,2026-08-10,2026-08-30,open-prices
Netto,Milkana Schmelzkäseecken Sahne,4045357011947,dairies,2.79,2026-08-10,2026-08-30,open-prices
Netto,Milram 3-Zwiebel-Quark,40466101,dairies,1.0,2026-04-11,2026-08-30,open-prices
Netto,Milram Frühlingsquark Original,40466002,dairies,1.0,2026-04-11,2026-08-30,open-prices
Netto,Milram Zaziki,40466323,condiments,1.99,2026-08-27,2026-08-30,open-prices
Netto,Mini Romanasalat,4316268656337,Lebensmittel,0.65,2026-07-14,2026-08-30,open-prices
Netto,Mirácoli Miracoli Klassiker - Spaghetti,4002359018671,meals,4.49,2026-06-29,2026-08-30,open-prices
Netto,Molkerei Gropper Götterspeise Himbeergeschmack,5712877690240,desserts,0.28,2026-07-20,2026-08-30,open-prices
Netto,Molkerei Gropper Götterspeise Waldmeistergeschmack,5712877690257,Lebensmittel,0.28,2026-07-20,2026-08-30,open-prices
Netto,Mondelez Golden (4x 4 Stück),7622210755506,snacks,1.99,2026-07-11,2026-08-30,open-prices
Netto,Mondo Italiana Spaghettini,4316268711968,plant based foods and beverages,1.39,2026-04-25,2026-08-30,open-prices
Netto,Mondo Italiano Glückspilze Funghi,4316268648554,frozen foods,3.49,2025-09-02,2026-08-30,open-prices
Netto,Mondo Italiano Grana Padano 16 Monate,4316268701709,dairies,4.29,2025-10-27,2026-08-30,open-prices
Netto,Mondo Italiano Mozzarella Shredded,4316268712354,dairies,1.79,2025-11-01,2026-08-30,open-prices
Netto,Mondo Italiano Mozzarella gerieben,4316268649575,dairies,1.79,2026-07-30,2026-08-30,open-prices
Netto,Mondo Italiano Mozzarella schnittfest gerieben,4316268717861,dairies,1.59,2026-07-30,2026-08-30,open-prices
Netto,Mondo Italiano Nudelsauce Basilikum,4316268711678,plant based foods and beverages,1.45,2025-12-16,2026-08-30,open-prices
Netto,Mondo Italiano Nudelsauce Kräuter All'italiana,4316268711685,plant based foods and beverages,1.45,2025-12-16,2026-08-30,open-prices
Netto,Mondo Italiano Nudelsauce Napoli,4316268635738,condiments,1.45,2025-12-16,2026-08-30,open-prices
Netto,Mondo Italiano Orecchio Blätterteiggebäck,4316268705707,snacks,1.99,2026-07-30,2026-08-30,open-prices
Netto,Mondo Italiano Parmigiano Reggiano 24 Monate,4316268701693,dairies,4.99,2025-09-16,2026-08-30,open-prices
Netto,Mondo Italiano Spaghetti mit Tomatensauce mit pikanter Würzmischung,4316268452915,plant based foods and beverages,1.69,2026-04-25,2026-08-30,open-prices
Netto,Mondo Italiano Steinofen Pizza Margherita,4316268618526,frozen foods,2.99,2026-08-29,2026-08-30,open-prices
Netto,Mondo Italiano Steinofenpizza 4-Käse,4316268625036,frozen foods,3.49,2025-09-02,2026-08-30,open-prices
Netto,Mondo Italiano Steinofenpizza Hawaii,4316268625005,frozen foods,3.49,2025-09-02,2026-08-30,open-prices
Netto,Mondo Italiano Steinofenpizza Thunfisch,4316268540643,frozen foods,3.49,2025-09-02,2026-08-30,open-prices
Netto,Monster Energy Lando Norris,5056784907269,beverages and beverages preparations,0.77,2026-07-30,2026-08-30,open-prices
Netto,Monster Energy Original,5060335635228,beverages and beverages preparations,0.77,2026-07-30,2026-08-30,open-prices
Netto,Monster Energy Ultra,5060337500401,beverages and beverages preparations,0.77,2026-07-30,2026-08-30,open-prices
Netto,Monster Juiced,5060517888510,beverages and beverages preparations,0.77,2026-07-30,2026-08-30,open-prices
Netto,Monster Ultra Fiesta Mango Flavour,5060751212249,beverages and beverages preparations,0.77,2026-07-30,2026-08-30,open-prices
Netto,Montalbo Trauben hell kernlos,5712871042533,plant based foods and beverages,1.75,2024-09-12,2026-08-30,open-prices
Netto,Mövenpick Joghurt Klein & Fein,,Angebot · joghurt,1.99,2026-09-02,2026-08-30,marktguru-offers
Netto,Müller Grießpudding Erdbeere,42263708,dairies,0.99,2026-08-12,2026-08-30,open-prices
Netto,Müllermilch,,Angebot · milch,0.69,2026-09-02,2026-08-30,marktguru-offers
Netto,NETTO Frosttüte,5701012022572,sporting goods,0.99,2026-08-15,2026-08-30,open-prices
Netto,NUTS Nuts Multipack,8593893769687,Candybars,3.19,2025-10-27,2026-08-30,open-prices
Netto,Naturalis Getränke - Mineralwasser - Classic,42287995,beverages and beverages preparations,0.29,2026-05-29,2026-08-30,open-prices
Netto,Naturalis Mineralwasser Medium,42287988,beverages and beverages preparations,0.29,2026-07-30,2026-08-30,open-prices
Netto,Naturalis Wasser mit Geschmack,,Angebot · wasser,0.55,2026-08-30,2026-08-30,marktguru-offers
Netto,Navito Forellenfilets Natur,4260046749165,seafood,2.79,2024-09-21,2026-08-30,open-prices
Netto,Navito White Tiger Garnelen,5712877680401,seafood,3.49,2026-08-10,2026-08-30,open-prices
Netto,Nescafé Latte,,Angebot · kaffee,1.11,2026-08-30,2026-08-30,marktguru-offers
Netto,Nestlé Bum Bum,7613035050655,desserts,3.99,2026-08-15,2026-08-30,open-prices
Netto,Nestlé Cini Minis,,Angebot · müsli,3.79,2026-08-30,2026-08-30,marktguru-offers
Netto,Nestlé KitKat Chunky 4-pack,3800020411957,snacks,3.19,2025-11-05,2026-08-30,open-prices
Netto,Nestlé Lion Snack Size,7613287109514,snacks,3.19,2025-11-05,2026-08-30,open-prices
Netto,Nestlé Lion White,7613287109552,Batoniki,3.19,2025-11-05,2026-08-30,open-prices
Netto,Nestlé Pirulo - Wassermeloneneis,8606018617098,desserts,3.99,2026-08-15,2026-08-30,open-prices
Netto,Netto Backstube Körnerglück,,Angebot · brot,0.49,2026-08-30,2026-08-30,marktguru-offers
Netto,Netto Backstube Laugenstange mit Käse,,Angebot · brot,0.49,2026-08-30,2026-08-30,marktguru-offers
Netto,Netto Backstube Nuss-Nougat-Croissant,,Angebot · brot,0.59,2026-08-30,2026-08-30,marktguru-offers
Netto,Netto Backstube Peperoni Baguette,,Angebot · brot,1.19,2026-08-30,2026-08-30,marktguru-offers
Netto,Netto Backstube Vanillestange,,Angebot · brot,0.29,2026-08-30,2026-08-30,marktguru-offers
Netto,Netto Backstube Weltmeisterbrot,,Angebot · brot,1.49,2026-08-30,2026-08-30,marktguru-offers
Netto,Netto Backstube Weltmeisterbrötchen,,Angebot · brot,1.0,2026-08-30,2026-08-30,marktguru-offers
Netto,Netto Bag,4316268738446,Bags,1.99,2026-07-28,2026-08-30,open-prices
Netto,Netto Heimische Speisemöhren,4316268671484,plant based foods and beverages,1.69,2026-08-20,2026-08-30,open-prices
Netto,Netto Jamón Serrano “Gran Reserva”,5712870309125,meats and their products,2.19,2024-09-12,2026-08-30,open-prices
Netto,Netto MD Edel-Bitter Schokolade 74%,4316268721776,snacks,1.89,2026-07-07,2026-08-30,open-prices
Netto,Netto MD Schweizer Edel-Zartbitter Schokolade,4316268666763,snacks,1.89,2026-08-29,2026-08-30,open-prices
Netto,Netto Marken Schokoliebe (Netto) Choco Nuts,4316268629836,snacks,2.49,2026-05-13,2026-08-30,open-prices
Netto,"Netto Marken-Discount Frische Eier aus Bodenhaltung, Güteklasse A",4316268652551,eggs and their products,2.49,2026-08-16,2026-08-30,open-prices
Netto,Netto Marken-Discount Frische Eier aus Freilandhaltung,4316268651486,eggs and their products,2.99,2026-08-17,2026-08-30,open-prices
Netto,Netto Marken-Discount Instant China Mie Nudeln,4316268660099,plant based foods and beverages,0.99,2026-08-05,2026-08-30,open-prices
Netto,"Netto Marken-Discount Kokosnussmilch cremig, Satori",4316268627290,beverages and beverages preparations,1.19,2026-03-30,2026-08-30,open-prices
Netto,Netto Marken-Discount Pistazien geröstet & gesalzen,4316268683692,plant based foods and beverages,2.69,2025-11-05,2026-08-30,open-prices
Netto,Netto Marken-Discount Schlemmerfilet à la Italia,4316268443791,seafood,2.49,2026-05-15,2026-08-30,open-prices
Netto,"Netto No Milk pflanzlich 3,5% Fett",4316268709453,beverages and beverages preparations,0.95,2026-08-12,2026-08-30,open-prices
Netto,Netto Sauerkirschen,4316268565288,obstkonserven,3.69,2026-08-15,2026-08-30,open-prices
Netto,Netto Ungeschälte Erdnüsse aus Ägypten,4316268674614,plant based foods and beverages,2.49,2026-08-22,2026-08-30,open-prices
Netto,"Nordzucker Zucker, Feiner",4008671033002,sweeteners,1.49,2024-07-29,2026-08-30,open-prices
Netto,Nussetti Nuss-Nougat-Creme,4316268389792,breakfasts,1.99,2026-04-13,2026-08-30,open-prices
Netto,Nutella B-ready,8000500217078,snacks,3.59,2026-07-27,2026-08-30,open-prices
Netto,ODW Frischprodukte Joghurt nach griechischer Art Honig,5712878061698,dairies,1.59,2026-07-20,2026-08-30,open-prices
Netto,ODW Frischprodukte Joghurt nach griechischer Art Kirsche,5712878064705,dairies,1.59,2026-07-20,2026-08-30,open-prices
Netto,ODW Frischprodukte Joghurt nach griechischer Art Kokos,5712878068413,dairies,1.59,2026-07-20,2026-08-30,open-prices
Netto,OLYMPUS Schafskäse Leicht,5202178003356,dairies,2.22,2026-07-30,2026-08-30,open-prices
Netto,Ohio Cream Cookies,4316268711753,snacks,0.99,2026-07-11,2026-08-30,open-prices
Netto,Old Amsterdam pikant & cremig,8710243909962,dairies,1.99,2025-11-05,2026-08-30,open-prices
Netto,Olympus Original griechischer Schafskäse,5202178006005,dairies,2.22,2026-07-30,2026-08-30,open-prices
Netto,Oreo original box,8410000810004,snacks,1.99,2026-07-11,2026-08-30,open-prices
Netto,Original Radeberger Wiener Würstchen,4047329139208,meats and their products,3.69,2024-03-20,2026-08-30,open-prices
Netto,Original Wagner Flammkuchen Bauernart,4009233003112,frozen foods,3.49,2026-08-18,2026-08-30,open-prices
Netto,Original Wagner Steinofen Pizza Champignon,4009233003693,frozen foods,3.49,2026-08-19,2026-08-30,open-prices
Netto,Original Wagner Steinofen Pizza Speciale,4009233003587,frozen foods,3.49,2026-08-18,2026-08-30,open-prices
Netto,Original Wagner Steinofen-Pizza Käsequartett,4009233003464,frozen foods,3.49,2026-08-19,2026-08-30,open-prices
Netto,Original Wagner Steinofen-Pizza — Thunfisch,4009233003921,frozen foods,1.99,2026-04-02,2026-08-30,open-prices
Netto,Original Zörbiger Überrübe Rübensirup,4013034730061,breakfasts,1.79,2026-08-15,2026-08-30,open-prices
Netto,Original leerdammer,8721800401317,dairies,2.99,2024-07-17,2026-08-30,open-prices
Netto,Ostmann Italienische Kräuter,4002674072808,plant based foods and beverages,2.59,2025-11-08,2026-08-30,open-prices
Netto,Otto Cosmetic Cremedusche Honig und Milch,4311596017874,Duschbad,0.69,2026-07-10,2026-08-30,open-prices
Netto,PAPA JOE's BBQ,4311596021536,condiments,2.29,2026-07-28,2026-08-30,open-prices
Netto,PATROS Grill & Ofen Kräuter & Knoblauch,4002671146953,dairies,1.99,2026-07-06,2026-08-30,open-prices
Netto,PICO Food Madeleines mit Rosinen,4004363000413,snacks,2.29,2026-08-10,2026-08-30,open-prices
Netto,PICO Food Shortbread Fingers,4004363061056,snacks,1.99,2026-06-29,2026-08-30,open-prices
Netto,Paliria Weinblätter gefüllt mit Reis,,Angebot · reis,1.99,2026-09-02,2026-08-30,marktguru-offers
Netto,Paprika,8437011140197,Lebensmittel,1.59,2026-07-24,2026-08-30,open-prices
Netto,Pasta Rey Penne No. 79,8001740722568,plant based foods and beverages,1.89,2026-04-25,2026-08-30,open-prices
Netto,Pasta Rey Rey Fusili,8001740722421,plant based foods and beverages,1.89,2026-04-25,2026-08-30,open-prices
Netto,Pasta Rey Spaghetti No. 5,8001740722056,plant based foods and beverages,1.89,2026-04-25,2026-08-30,open-prices
Netto,Patros Grill & Ofen Tomaten & Basilikum,4002671149138,dairies,1.99,2026-07-06,2026-08-30,open-prices
Netto,Paulaner Münchner Hell Alkoholfrei,4066600231011,beverages and beverages preparations,1.15,2026-07-30,2026-08-30,open-prices
Netto,Pepsi Cola Zero Zucker,4062139025114,beverages and beverages preparations,0.69,2026-07-29,2026-08-30,open-prices
Netto,Perla Table Foods Hummus pikant,5712876572097,plant based foods and beverages,0.89,2026-07-06,2026-08-30,open-prices
Netto,Persil XXL Waschmittel,,Angebot · waschmittel,16.99,2026-08-30,2026-08-30,marktguru-offers
Netto,Pfanni Kartoffeln mehlig kochend,4260038365700,Lebensmittel,2.22,2026-04-08,2026-08-30,open-prices
Netto,Philips Kaffeevollautomat EP2225/10 2200,,Angebot · kaffee,269.99,2026-08-30,2026-08-30,marktguru-offers
Netto,Pick Ungarische Salami,5998003163844,meats and their products,4.99,2026-05-05,2026-08-30,open-prices
Netto,Pierre Schmidt Croissants gefüllt mit Schinken & Emmentaler,3234510068077,snacks,2.99,2026-07-30,2026-08-30,open-prices
Netto,Ponnath Hausmacher Kräuter Griebenschmalz,4000930013213,fats,2.19,2026-08-12,2026-08-30,open-prices
Netto,Popp Brotaufstrich Ei-Bacon,4045800503265,spreads,1.89,2026-03-30,2026-08-30,open-prices
Netto,"Premier Wildlachs kalt geräuchert, in Scheiben",4260046746058,seafood,2.99,2024-07-17,2026-08-30,open-prices
Netto,Premieur Chocolate bar  Dark 85%,5712875672514,snacks,1.29,2024-01-26,2026-08-30,open-prices
Netto,Premieur Natives Olivenöl Extra,5712871447246,plant based foods and beverages,6.99,2024-05-21,2026-08-30,open-prices
Netto,Premieur Pfirsiche,5712872992592,plant based foods and beverages,2.39,2024-09-21,2026-08-30,open-prices
Netto,Premieur Ravioli Ricotta & Spinat,5712872064916,plant based foods and beverages,2.79,2024-07-17,2026-08-30,open-prices
Netto,Pringles Chips,,Angebot · chips,1.69,2026-09-02,2026-08-30,marktguru-offers
Netto,Pringles Original,5053990167807,plant based foods and beverages,2.79,2026-08-12,2026-08-30,open-prices
Netto,Pringles Sour Cream & Onion,5053990167845,plant based foods and beverages,2.79,2026-08-12,2026-08-30,open-prices
Netto,Priva Anti Kalk Tabs,4311596014880,entkalker,3.25,2026-04-18,2026-08-30,open-prices
Netto,Priva Klarspüler,4311596012695,Lebensmittel,0.85,2026-07-14,2026-08-30,open-prices
Netto,"Priva Waschpulver, Color, 80WL",4311596028955,Lebensmittel,9.95,2026-07-14,2026-08-30,open-prices
Netto,ProLife Multivitamin + Mineralstoffe,4316268448871,dietary supplements,0.75,2025-11-05,2026-08-30,open-prices
Netto,ProLife Omega-3-Kapseln,4316268710817,dietary supplements,4.99,2026-08-12,2026-08-30,open-prices
Netto,ProLife Omega-3-Kapseln,4316268708654,Lebensmittel,4.99,2026-07-15,2026-08-30,open-prices
Netto,ProLife Vitamin B12 Kur,4316268698542,Lebensmittel,4.99,2026-07-15,2026-08-30,open-prices
Netto,"ProLife Vitamin C + Zink, Selen, Vitamin D3",4316268448895,dietary supplements,0.75,2025-11-05,2026-08-30,open-prices
Netto,Pure & Basic Cremeseife Milch & Honig,4316268687874,Seife,0.55,2026-08-29,2026-08-30,open-prices
Netto,Pure & Basic Cremeseife Milch & Honig,4311596011384,Lebensmittel,0.79,2026-04-11,2026-08-30,open-prices
Netto,Pure & Basic Flüssigseife Sanft & Sensitiv Nachfüllbeutel,0346209304236,hygiene,0.99,2026-04-18,2026-08-30,open-prices
Netto,Pure & Basic Flüssigseife sanft & sensitive Nachfüllbeutel,4316268704236,hygiene,0.99,2026-08-29,2026-08-30,open-prices
Netto,Pure Basic Cremeseife Meeresbrise,4316268687881,Lebensmittel,0.55,2026-04-01,2026-08-30,open-prices
Netto,Pure Basic Flüssigseife Meerestraum Nachfüllbeutel,4311596011353,Lebensmittel,0.99,2026-04-18,2026-08-30,open-prices
Netto,Quarki Quark nach russischer Art,4260071790057,dairies,1.39,2025-11-05,2026-08-30,open-prices
Netto,RITTER SPORT Weisse Spekulatius,4000417629012,snacks,2.29,2026-01-22,2026-08-30,open-prices
Netto,ROUGETTE Ofenkäse cremig-mild,4000504176627,dairies,3.99,2025-10-27,2026-08-30,open-prices
Netto,RUF Kartoffel Mehl,4002809001307,plant based foods and beverages,1.49,2024-08-30,2026-08-30,open-prices
Netto,RUF Tassencremepudding Vanille,4002809018862,Lebensmittel,0.59,2026-07-06,2026-08-30,open-prices
Netto,Rama mit Butter XXL,,Angebot · butter,2.19,2026-09-02,2026-08-30,marktguru-offers
Netto,Rauch 100% Zitrone,0590008657998,beverages and beverages preparations,0.89,2024-08-22,2026-08-30,open-prices
Netto,Rauch Happy-Day Fruchtsäfte,,Angebot · saft,1.99,2026-08-30,2026-08-30,marktguru-offers
Netto,RedStar Dattelcherrytomaten,8714258008900,plant based foods and beverages,1.69,2024-08-22,2026-08-30,open-prices
Netto,Reeva Instantnudeln Huhngeschmack,4820179253313,plant based foods and beverages,1.29,2026-04-18,2026-08-30,open-prices
Netto,Rice Market Basmati Reis,5712876256195,plant based foods and beverages,2.69,2026-08-15,2026-08-30,open-prices
Netto,Rice Market Express-Reis Langkornreis,5712874286309,plant based foods and beverages,0.99,2026-06-29,2026-08-30,open-prices
Netto,Rice Market Express-Reis Mediterrane Art,5712874286316,Lebensmittel,0.99,2026-06-29,2026-08-30,open-prices
Netto,Rice Market Jasmin Reis,5712874986926,plant based foods and beverages,2.29,2026-08-15,2026-08-30,open-prices
Netto,Rice Market Parboiled Reis,5712874986940,plant based foods and beverages,1.59,2026-08-15,2026-08-30,open-prices
Netto,Riel Fruchthandel Single Bulb Garlic!,8016563035146,plant based foods and beverages,2.99,2024-09-21,2026-08-30,open-prices
Netto,Ritter Sport Cashew,4000417670717,snacks,2.29,2026-01-29,2026-08-30,open-prices
Netto,Ritter Sport Chill out creamy Milk,4000417628312,snacks,2.29,2026-01-22,2026-08-30,open-prices
Netto,Ritter Sport Groovy ritter,4000417628411,snacks,2.29,2026-01-22,2026-08-30,open-prices
Netto,Ritter Sport Honig Salz Mandel,4000417670410,snacks,2.29,2026-01-22,2026-08-30,open-prices
Netto,Ritter Sport Kakao-Klasse Die Kräftige 74%,4000417693310,snacks,2.29,2026-01-22,2026-08-30,open-prices
Netto,Ritter Sport Nussklasse Ganze Mandel,4000417670311,snacks,2.29,2026-01-22,2026-08-30,open-prices
Netto,Ritter Sport Nussklasse Voll-Nuss,4000417670014,snacks,2.29,2026-01-22,2026-08-30,open-prices
Netto,Ritter Sport Schokolade,,Angebot · schokolade,2.22,2026-08-30,2026-08-30,marktguru-offers
Netto,Ritter Sport Schokolade Dunkle Voll-Nuss,4000417670212,snacks,2.29,2026-01-22,2026-08-30,open-prices
Netto,Ritter Sport Weiße Nuss,4000417670113,snacks,2.29,2026-01-22,2026-08-30,open-prices
Netto,Roshen Multi Cake Coconut Cream,4823077645976,snacks,1.39,2026-08-10,2026-08-30,open-prices
Netto,Rotkäppchen Sekt halbtrocken,4400066903547,beverages and beverages preparations,0.99,2024-08-22,2026-08-30,open-prices
Netto,Rougette Ofenkäse Gartenkräuter,4000504177525,dairies,3.99,2025-10-27,2026-08-30,open-prices
Netto,Rougette Ofenkäse Pizza,4000504177730,dairies,3.99,2025-10-27,2026-08-30,open-prices
Netto,Ruf Tassenpudding Haselnuss,4002809018985,Lebensmittel,0.59,2026-07-06,2026-08-30,open-prices
Netto,Ruf Tassenpudding Schoko,4002809018879,Lebensmittel,0.59,2026-07-06,2026-08-30,open-prices
Netto,SPREEWALDHOF Spreelinge Gewürzgurken,4012712001547,plant based foods and beverages,2.59,2026-08-24,2026-08-30,open-prices
Netto,SUSHI&FOODFACTOR Yamato Sushi,5903896154060,meals,2.99,2026-08-05,2026-08-30,open-prices
Netto,Sachsenmilch Buttermilch Dessert,,Angebot · milch,0.49,2026-08-30,2026-08-30,marktguru-offers
Netto,Sachsenmilch Unsere Butter streichfein,4400034393509,dairies,1.99,2025-11-05,2026-08-30,open-prices
Netto,Sagrotan Wäsche-Hygienespüler,,Angebot · waschmittel,2.99,2026-08-30,2026-08-30,marktguru-offers
Netto,"Sahnejoghurt Pur griech. Art, Gutes Land, Netto",4316268712996,dairies,2.19,2026-01-13,2026-08-30,open-prices
Netto,Samelle Toilettenpapier super soft,5712872579526,toilettenpapier,3.59,2024-09-21,2026-08-30,open-prices
Netto,Sana,4039400229717,plant based foods and beverages,0.99,2026-08-15,2026-08-30,open-prices
Netto,Santa Claus in Town Runde Braune Lebkuchen,4316268373388,snacks,1.89,2025-10-27,2026-08-30,open-prices
Netto,Sara Ital. Tafeltrauben kernlos,5700383414443,plant based foods and beverages,1.79,2024-09-21,2026-08-30,open-prices
Netto,Satori Basmati Reis,,Angebot · reis,4.0,2026-09-02,2026-08-30,marktguru-offers
Netto,Satori Bihun-Suppe,4316268423472,canned foods,1.29,2026-07-15,2026-08-30,open-prices
Netto,Satori Sauce  Sweet Chilli Sauce,4316268623810,condiments,1.99,2026-04-25,2026-08-30,open-prices
Netto,Satori Thai Suppe exotisch scharf mit Hühnerfleisch,4316268414517,meals,1.29,2026-07-15,2026-08-30,open-prices
Netto,Schloss Alkoholfrei Biere,,Angebot · bier,2.69,2026-08-30,2026-08-30,marktguru-offers
Netto,Schloss Biere,,Angebot · bier,0.55,2026-08-30,2026-08-30,marktguru-offers
Netto,Schloss Export,,Angebot · bier,0.55,2026-08-30,2026-08-30,marktguru-offers
Netto,Schloss Malzgetränk,,Angebot · bier,2.49,2026-08-30,2026-08-30,marktguru-offers
Netto,Schloss Pilsener,,Angebot · bier,2.79,2026-08-30,2026-08-30,marktguru-offers
Netto,Schloss Radler,,Angebot · bier,0.49,2026-08-30,2026-08-30,marktguru-offers
Netto,Schloss Radler naturtrüb,,Angebot · bier,2.69,2026-08-30,2026-08-30,marktguru-offers
Netto,Schluckwerder Marzipan Coated in Dark Chocolate,4023800062104,snacks,1.0,2024-09-12,2026-08-30,open-prices
Netto,Schokoliebe Alpenmilch Nuss,4316268743365,snacks,0.79,2026-08-21,2026-08-30,open-prices
Netto,Schokoliebe Alpenvollmilch,4316268743341,snacks,0.79,2026-08-21,2026-08-30,open-prices
Netto,Schokoliebe Candy Star Minis,4316268595728,Lebensmittel,3.49,2025-11-05,2026-08-30,open-prices
Netto,Schokoliebe Choco Crisp,4316268689625,snacks,2.55,2025-11-05,2026-08-30,open-prices
Netto,Schokoliebe Erfrischungs Stäbchen Orangen & Zitronengeschmac,4316268570121,snacks,1.09,2026-08-29,2026-08-30,open-prices
Netto,Schokoliebe Rafiore,4316268716628,snacks,1.99,2026-04-18,2026-08-30,open-prices
Netto,Schulte Mandel Hörnchen,4008728009325,Feingebäck,2.29,2026-08-12,2026-08-30,open-prices
Netto,Schulte Schweinsöhrchen zartbitter,4008728034563,snacks,2.29,2026-08-12,2026-08-30,open-prices
Netto,Schwartau Corny Haferkraft,,Angebot · müsli,1.99,2026-09-02,2026-08-30,marktguru-offers
Netto,Sea Gold Backstäbchen,4316268610612,seafood,2.49,2026-05-15,2026-08-30,open-prices
Netto,"Sea Gold Fischstäbchen, paniert",4316268451529,seafood,2.49,2026-05-15,2026-08-30,open-prices
Netto,Sea Gold Ofen Backfisch,4316268714150,seafood,1.79,2026-05-15,2026-08-30,open-prices
Netto,Sea Gold Party Garnelen,42261001,Fisch und Meeresfrüchte,1.99,2026-03-30,2026-08-30,open-prices
Netto,"Sea Gold Regenbogenforellenfilets, heiß geräuchert, ohne Haut",4316268741286,Lebensmittel,2.49,2026-04-25,2026-08-30,open-prices
Netto,Sea Gold Schlemmerfilet Champignon,4316268443807,seafood,2.49,2026-05-15,2026-08-30,open-prices
Netto,Sea Gold Thunfish Filet,42493938,Lebensmittel,1.29,2026-08-12,2026-08-30,open-prices
Netto,SeaGold Marinierte Garnelen - Knoblauch & Kräuter,42394495,seafood,1.99,2026-04-11,2026-08-30,open-prices
Netto,"SeaGold Marinierte Garnelen, Zitrone & Pfeffer",42394518,seafood,1.99,2026-07-31,2026-08-30,open-prices
Netto,SeaGold Party Garnelen,42515357,seafood,2.49,2026-07-30,2026-08-30,open-prices
Netto,Seagold Skagensalat,,Angebot · salat,3.29,2026-09-02,2026-08-30,marktguru-offers
Netto,Sereno Cashew Nuts,5712876089809,plant based foods and beverages,2.89,2026-07-11,2026-08-30,open-prices
Netto,Sereno Mixed Nuts Natural,5712871447208,plant based foods and beverages,3.29,2024-09-21,2026-08-30,open-prices
Netto,Sereno Salted Cashews,5712872855064,plant based foods and beverages,2.19,2024-01-26,2026-08-30,open-prices
Netto,Sereno Salty Pistachios Roasted,5712871142585,plant based foods and beverages,3.79,2024-09-21,2026-08-30,open-prices
Netto,Shine Müllbeutel mit Griff,4014100524218,home garden,0.65,2024-08-22,2026-08-30,open-prices
Netto,Simply Fruit Gefriergetrocknete Erdbeeren in Scheiben,4260075592442,Lebensmittel,8.99,2026-08-12,2026-08-30,open-prices
Netto,Sinnack bio Landbrötchen Weizen,4009097037018,plant based foods and beverages,1.29,2026-05-19,2026-08-30,open-prices
Netto,Skyr Natur,4016241050090,dairies,1.29,2026-08-10,2026-08-30,open-prices
Netto,Snaxters Salted Potato Chips,5712870583259,plant based foods and beverages,1.39,2024-09-12,2026-08-30,open-prices
Netto,Snaxters Salted Pretzels,5712870523590,Lebensmittel,0.89,2026-07-11,2026-08-30,open-prices
Netto,Softlan Weichspüler,,Angebot · waschmittel,1.29,2026-08-30,2026-08-30,marktguru-offers
Netto,Sonja,4039400226716,plant based foods and beverages,0.99,2026-08-15,2026-08-30,open-prices
Netto,"Spargel, grün, Kl. I",5999509051789,plant based foods and beverages,3.33,2026-05-05,2026-08-30,open-prices
Netto,Spaten Münchner Oktoberfestbier,,Angebot · bier,5.99,2026-08-30,2026-08-30,marktguru-offers
Netto,Spreegold Gewürzgurken Gurkentopf frisch eingemacht,4007415029943,plant based foods and beverages,2.59,2026-08-17,2026-08-30,open-prices
Netto,St. Clemens Danablu 50+,5701377101516,dairies,2.99,2024-08-22,2026-08-30,open-prices
Netto,Starbucks Caffè Latte,4100290025533,beverages and beverages preparations,2.99,2026-07-30,2026-08-30,open-prices
Netto,Stardrink Zitrone 0% Zucker,42200864,beverages and beverages preparations,0.65,2026-05-13,2026-08-30,open-prices
Netto,Steinofen Baguette Zwiebel,4009097020133,Lebensmittel,1.19,2026-06-29,2026-08-30,open-prices
Netto,Stern Säfte,,Angebot · saft,2.69,2026-08-30,2026-08-30,marktguru-offers
Netto,Stiratini Grissini,0078548293024,plant based foods and beverages,1.69,2026-07-27,2026-08-30,open-prices
Netto,Stockmeyer Hähnchen-Salami mit Putenfleisch & Palmfett,4006639128708,meats and their products,1.79,2026-07-29,2026-08-30,open-prices
Netto,Stockmeyer Mortadella-Traum mit Tomate & Basilikum,4006639221706,meats and their products,0.99,2026-07-27,2026-08-30,open-prices
Netto,Sweet Point Spitzpaprika Mix,8714258000065,plant based foods and beverages,2.29,2024-01-26,2026-08-30,open-prices
Netto,TEAM DEUTSCHLAND Das Pure - Gemüse-Kichererbsen,4311596024469,plant based foods and beverages,1.99,2026-03-28,2026-08-30,open-prices
Netto,TUC Original,5410041030006,snacks,2.99,2026-08-12,2026-08-30,open-prices
Netto,Tante Fanny Quiche-  & Tarteteig Erwin,9120003411632,meals,1.11,2025-11-05,2026-08-30,open-prices
Netto,Taxofit Zink 15 Histidin Vitamin C Selen,4008617011668,dietary supplements,3.95,2026-07-15,2026-08-30,open-prices
Netto,Tchibo Feine Milde Kaffee,,Angebot · kaffee,14.99,2026-08-30,2026-08-30,marktguru-offers
Netto,Thüringer Land Schmand,4099936001058,dairies,1.29,2026-07-29,2026-08-30,open-prices
Netto,Thüringer Pflaumenmus Mühlhäuser,4026701011110,plant based foods and beverages,2.49,2026-08-21,2026-08-30,open-prices
Netto,Tillman's Half & Half Burger,4043362447638,meats and their products,4.49,2026-08-17,2026-08-30,open-prices
Netto,Trauben-Mix,8033003662090,plant based foods and beverages,2.69,2026-07-30,2026-08-30,open-prices
Netto,Tyskie Pils,,Angebot · bier,11.11,2026-09-03,2026-08-30,marktguru-offers
Netto,Uludag Gazoz,4262505160009,beverages and beverages preparations,0.99,2026-08-12,2026-08-30,open-prices
Netto,Vanish Oxi Action,,Angebot · waschmittel,4.99,2026-08-30,2026-08-30,marktguru-offers
Netto,Varta Longlife Power AA 8 + 4,4008496659234,electronics,4.99,2024-07-29,2026-08-30,open-prices
Netto,Varta Longlife Power AAA 8 + 4,4008496659203,electronics,4.99,2024-07-29,2026-08-30,open-prices
Netto,Vegola Natives Olivenöl Extra,,Angebot · öl,4.99,2026-09-02,2026-08-30,marktguru-offers
Netto,Veltins Pilsener,,Angebot · bier,6.99,2026-08-30,2026-08-30,marktguru-offers
Netto,Viba Nougat Classic,44000271,snacks,2.69,2024-01-26,2026-08-30,open-prices
Netto,Viking Blue Note,5711953097430,dairies,2.69,2024-07-17,2026-08-30,open-prices
Netto,Wagner Steinofen Pizza Salami,7613035925489,Salamipizza,3.49,2026-08-18,2026-08-30,open-prices
Netto,Wagner Steinofen-Pizza - Diavolo,4009233003655,frozen foods,3.49,2026-08-18,2026-08-30,open-prices
Netto,Wasa Knäckebrot,,Angebot · brot,1.79,2026-09-02,2026-08-30,marktguru-offers
Netto,Weihenstepham Cremig & Quarkig - Himbeere,4008452044135,Lebensmittel,1.99,2026-06-01,2026-08-30,open-prices
Netto,Weihenstephan Butter,4008452010222,dairies,1.11,2026-04-25,2026-08-30,open-prices
Netto,Weihenstephan Cremig & Quarkig - Erdbeere,4008452044111,dairies,1.99,2026-06-01,2026-08-30,open-prices
Netto,Weihenstephan Cremig & Quarkig Bourbon Vanille,4008452044241,dairies,1.99,2026-06-01,2026-08-30,open-prices
Netto,"Weihenstephan Joghurt Natur 3,5 % Fett",4008452011007,dairies,0.99,2026-06-01,2026-08-30,open-prices
Netto,"Weihenstephan Joghurt mild 1,5% Fett",4008452031067,dairies,0.99,2026-06-01,2026-08-30,open-prices
Netto,Weiss Nürnberger Oblaten-Lebkuchen,4003160216409,plant based foods and beverages,2.49,2025-10-27,2026-08-30,open-prices
Netto,Werder Curryketchup Delikat,4400139018949,plant based foods and beverages,1.49,2026-08-27,2026-08-30,open-prices
Netto,Werder Gelber Ketchup,4400139019830,plant based foods and beverages,1.49,2026-07-20,2026-08-30,open-prices
Netto,Werder Hot Chili Ketchup,4400139000876,plant based foods and beverages,1.49,2026-08-27,2026-08-30,open-prices
Netto,Werder Tomatenketchup Ohne Zuckerzusatz,4400139006045,plant based foods and beverages,1.49,2026-08-27,2026-08-30,open-prices
Netto,Werder Tomatenketchup gelb,4400139000067,plant based foods and beverages,2.29,2026-08-12,2026-08-30,open-prices
Netto,Wolf Champignon Schinkenwurst,4013832334478,meats and their products,1.29,2025-12-16,2026-08-30,open-prices
Netto,Wolf Original Thüringer Rostbratwurst,4016623487414,auf fleisch basierende lebensmittel,3.79,2026-05-19,2026-08-30,open-prices
Netto,Wolf Paprika Lyoner,4013832344279,meats and their products,1.49,2026-07-18,2026-08-30,open-prices
Netto,Wonder Cream Salat-Mayonnaise,4316268719858,condiments,1.69,2026-08-12,2026-08-30,open-prices
Netto,"Würzgut Essig-Essenz, 24,9 % Säure",4017881005006,condiments,0.79,2026-07-30,2026-08-30,open-prices
Netto,Yogos 2% Joghurt Pur Gutes Land,4316268713009,dairies,2.19,2026-01-13,2026-08-30,open-prices
Netto,Youcook Indian Style Chicken Tikka,4260334165042,meals,3.99,2026-06-22,2026-08-30,open-prices
Netto,Yum Yum Beef Flavour,8852018101017,plant based foods and beverages,0.69,2026-04-25,2026-08-30,open-prices
Netto,Yum Yum Chicken Flavour,8852018101024,plant based foods and beverages,0.69,2026-04-25,2026-08-30,open-prices
Netto,Yum Yum Duck flavour,8852018101031,plant based foods and beverages,0.69,2026-04-25,2026-08-30,open-prices
Netto,Yum Yum Vegetable flavour,8852018101215,plant based foods and beverages,0.69,2026-04-25,2026-08-30,open-prices
Netto,Zetti Edel-Bitter 85% Kakao,4012362024514,snacks,1.49,2024-09-21,2026-08-30,open-prices
Netto,Zeus Grüne Oliven mit Knoblauch,4316268592307,plant based foods and beverages,1.99,2025-11-01,2026-08-30,open-prices
Netto,Zott Monte Monte MAXI,4014500036830,dairies,2.99,2026-04-25,2026-08-30,open-prices
Netto,Zott Sahnejoghurt,,Angebot · joghurt,0.99,2026-08-30,2026-08-30,marktguru-offers
Netto,bunte gekochte eier,4316268652315,farming products,2.99,2026-03-30,2026-08-30,open-prices
Netto,diadent Total Clean X-Cross,4311596661329,Lebensmittel,2.99,2026-06-01,2026-08-30,open-prices
Netto,eisbergsalad,42414742,Lebensmittel,0.79,2026-05-27,2026-08-30,open-prices
Netto,"espax Pfirsiche, gelbfleischig",5711044204365,plant based foods and beverages,2.79,2024-09-21,2026-08-30,open-prices
Netto,"frija 10 frische Eier aus Freilandhaltung, Güteklasse A",4027767061323,farming products,2.29,2024-03-20,2026-08-30,open-prices
Netto,frija Butterschmalz,5712877247697,Butterschmalz,5.49,2026-08-15,2026-08-30,open-prices
Netto,frija Deutsche Markenbutter,5712876839596,dairies,1.05,2026-07-16,2026-08-30,open-prices
Netto,frija Esrom Schnittkäse,5712874962616,dairies,2.29,2024-08-22,2026-08-30,open-prices
Netto,frija Frucht Minis,5712877508095,dairies,1.59,2026-07-27,2026-08-30,open-prices
Netto,frija Irische Butter,4250365909241,dairies,1.89,2026-07-16,2026-08-30,open-prices
Netto,frija Joghurt mild,4002334113193,dairies,0.89,2026-08-10,2026-08-30,open-prices
Netto,frija Joghurt nach griechischer Art,5712877290969,dairies,1.11,2026-07-16,2026-08-30,open-prices
Netto,frija Kräuterbutter,4260079141653,dairies,0.99,2026-08-15,2026-08-30,open-prices
Netto,frija Maasdamer,4400087054990,dairies,2.49,2024-08-22,2026-08-30,open-prices
Netto,frija Maasdamer 9 Scheiben,5712877210264,dairies,2.39,2026-07-21,2026-08-30,open-prices
Netto,"frija fettarme H-Milch 1,5%",5712878519946,dairies,0.69,2026-08-27,2026-08-30,open-prices
Netto,frutal Paprika,4260164810013,plant based foods and beverages,1.69,2026-08-10,2026-08-30,open-prices
Netto,frutree Caramel Seasalt Mix,8585047315260,Lebensmittel,3.29,2026-08-12,2026-08-30,open-prices
Netto,funny-frisch Chipsfrisch Oriental,4003586100399,plant based foods and beverages,1.29,2026-07-06,2026-08-30,open-prices
Netto,funny-frisch Chipsfrisch Peperoni,4003586100306,plant based foods and beverages,1.29,2026-07-06,2026-08-30,open-prices
Netto,funny-frisch EDEKA funnyfrisch Chipsfrisch gesalzen,4003586101389,plant based foods and beverages,1.29,2026-07-06,2026-08-30,open-prices
Netto,funny-frisch Kessel Chips Cross Cut - Spicy BBQ,4003586100795,plant based foods and beverages,1.49,2026-07-29,2026-08-30,open-prices
Netto,funny-frisch Pom-Bär Ketchup Style,4000522105227,plant based foods and beverages,1.79,2026-08-12,2026-08-30,open-prices
Netto,jaus Megaburger Buns with sesame seeds,4058077763157,plant based foods and beverages,0.99,2026-08-17,2026-08-30,open-prices
Netto,jolea Cremeseife Ocean fresh,4311596038886,Lebensmittel,0.55,2026-08-29,2026-08-30,open-prices
Netto,la campagna Casa Romantica Grana Padano Italienischer Hartkäse,4028855005588,dairies,2.59,2024-09-21,2026-08-30,open-prices
Netto,"la campagna Spanische Grüne Oliven, entsteint",4250696433125,plant based foods and beverages,1.29,2026-08-27,2026-08-30,open-prices
Netto,la campagna Tortelloni Käse,4009337104883,plant based foods and beverages,1.89,2024-05-21,2026-08-30,open-prices
Netto,la campagna Ventaglini,5712870914251,snacks,1.69,2026-07-27,2026-08-30,open-prices
Netto,la campagna gehackte Tomaten mit Knoblauch,5712873706181,plant based foods and beverages,0.59,2026-07-27,2026-08-30,open-prices
Netto,netto GUTES Land Skyr,4316268727143,dairies,0.99,2026-08-07,2026-08-30,open-prices
Netto,pure & Basic Kokos und Milch Duschgel,4311596017898,Lebensmittel,0.69,2026-07-10,2026-08-30,open-prices
Netto,thisisnobrand123 Apfelbaum,,Angebot · äpfel,7.99,2026-08-30,2026-08-30,marktguru-offers
Netto,thisisnobrand123 Hähnchen Gyros,,Angebot · hähnchen,5.99,2026-08-30,2026-08-30,marktguru-offers
Netto,thisisnobrand123 Kasseler Minutensteaks,,Angebot · schinken,3.29,2026-08-30,2026-08-30,marktguru-offers
Netto,thisisnobrand123 Mais-Hähnchen,,Angebot · hähnchen,3.99,2026-09-04,2026-08-30,marktguru-offers
Netto,thisisnobrand123 Minipflaumen Tomaten XXL,,Angebot · tomaten,3.99,2026-08-30,2026-08-30,marktguru-offers
Netto,thisisnobrand123 Norwegisches Lachsfilet,,Angebot · lachs,1.49,2026-08-30,2026-08-30,marktguru-offers
Netto,thisisnobrand123 Prager Schinken,,Angebot · schinken,5.99,2026-09-02,2026-08-30,marktguru-offers
Netto,thisisnobrand123 Rispentomaten,,Angebot · tomaten,2.29,2026-08-30,2026-08-30,marktguru-offers
Netto,vehappy Sojajogurt ungesüßt,4316268725941,plant based foods and beverages,0.99,2026-04-11,2026-08-30,open-prices
Netto,wasa Wholegrain Biscuits - Cranberry & Oat Flakes,7300400482523,snacks,2.0,2026-08-12,2026-08-30,open-prices
Netto,youcook Rotes Thai Curry mit Huhn,4260334165028,meals,3.99,2026-06-22,2026-08-30,open-prices
Netto,znatury Salat Caesar Style,5902666649966,meals,2.49,2025-10-02,2026-08-30,open-prices
Netto,Äpfel Pink Lady,3700476611133,plant based foods and beverages,2.22,2026-04-25,2026-08-30,open-prices
Netto,Äpfel Wellant,5712875958359,plant based foods and beverages,2.99,2024-05-21,2026-08-30,open-prices
Netto,ültje Erdnüsse geröstet & gesalzen,4004980401907,plant based foods and beverages,1.69,2026-07-20,2026-08-30,open-prices
Netto,ültje Erdnüsse geröstet & ungesalzen,4004980404007,plant based foods and beverages,1.69,2026-07-20,2026-08-30,open-prices
Netto,ültje Erdnüsse pikant gewürzt,4004980514003,plant based foods and beverages,1.69,2026-07-20,2026-08-30,open-prices
Opti Wohnwelt,thisisnobrand123 Tee-Set 3-tlg,,Angebot · tee,34.99,2026-08-26,2026-08-30,marktguru-offers
PENNY,Argeta Aufstrich,,Angebot · salat,0.99,2026-09-02,2026-08-30,marktguru-offers
PENNY,Arla Kaergarden,,Angebot · butter,1.29,2026-08-30,2026-08-30,marktguru-offers
PENNY,Barilla Pasta,,Angebot · nudeln,0.88,2026-08-30,2026-08-30,marktguru-offers
PENNY,Berchtesgadener Land Haltbare Bergbauern Milch,,Angebot · milch,1.11,2026-08-30,2026-08-30,marktguru-offers
PENNY,Berliner Kindl Jubiläums Pilsener,,Angebot · bier,0.69,2026-09-02,2026-08-30,marktguru-offers
PENNY,Berliner Pilsner Bier,,Angebot · bier,10.49,2026-08-30,2026-08-30,marktguru-offers
PENNY,Biobackhaus Knackfrische,,Angebot · brot,1.99,2026-08-30,2026-08-30,marktguru-offers
PENNY,Bonne Maman Konfitüre,,Angebot · salat,2.49,2026-09-02,2026-08-30,marktguru-offers
PENNY,Bresso Frischkäse,,Angebot · käse,1.29,2026-08-30,2026-08-30,marktguru-offers
PENNY,Bäckerkrönung Buttercroissant,,Angebot · butter,1.0,2026-08-30,2026-08-30,marktguru-offers
PENNY,Bäckerkrönung Doppelbrötchen,,Angebot · brot,0.55,2026-08-30,2026-08-30,marktguru-offers
PENNY,Dallmayr Prodomo Kaffee,,Angebot · kaffee,6.99,2026-08-30,2026-08-30,marktguru-offers
PENNY,Danone Activia XXL,,Angebot · joghurt,2.88,2026-08-30,2026-08-30,marktguru-offers
PENNY,Dohrn & Timm Scharfe Säfte,,Angebot · saft,0.88,2026-08-30,2026-08-30,marktguru-offers
PENNY,Feldschlößchen Festbier,,Angebot · bier,4.49,2026-08-30,2026-08-30,marktguru-offers
PENNY,Ferdi Fuchs Cocktailwürstchen,,Angebot · wurst,1.19,2026-08-30,2026-08-30,marktguru-offers
PENNY,Ferrero Kinder Überraschungsei,,Angebot · schokolade,0.77,2026-08-31,2026-08-30,marktguru-offers
PENNY,Ferrero Mon Chéri,,Angebot · schokolade,5.55,2026-08-30,2026-08-30,marktguru-offers
PENNY,Ferrero Nutella Nuss-Nugat Creme,,Angebot · salat,2.22,2026-08-30,2026-08-30,marktguru-offers
PENNY,Ferrero Yogurette,,Angebot · schokolade,4.99,2026-08-30,2026-08-30,marktguru-offers
PENNY,Gazi Grill- und Pfannenkäse,,Angebot · käse,1.99,2026-08-30,2026-08-30,marktguru-offers
PENNY,Gerolsteiner Mineralwasser,,Angebot · wasser,0.89,2026-09-03,2026-08-30,marktguru-offers
PENNY,Gerstacker Nürnberger Deutscher Federweißer,,Angebot · wein,2.69,2026-08-30,2026-08-30,marktguru-offers
PENNY,Gustavo Gusto Pizza Amore Napoli Mozzarella,,Angebot · pizza,2.99,2026-08-30,2026-08-30,marktguru-offers
PENNY,Gutfried Geflügel-Fleischwurst,,Angebot · wurst,2.49,2026-09-02,2026-08-30,marktguru-offers
PENNY,Géramont Cremig-Zarte Scheiben Sahnig-Mild,,Angebot · käse,2.22,2026-08-30,2026-08-30,marktguru-offers
PENNY,Happy End Toilettenpapier,,Angebot · toilettenpapier,2.55,2026-08-30,2026-08-30,marktguru-offers
PENNY,Hemme Milch Erdbeermilch,,Angebot · milch,1.19,2026-08-30,2026-08-30,marktguru-offers
PENNY,Hengstenberg Bulgur Salat,,Angebot · salat,1.99,2026-09-02,2026-08-30,marktguru-offers
PENNY,Hengstenberg Oro di Parma Tomatenmark,,Angebot · tomaten,1.29,2026-09-02,2026-08-30,marktguru-offers
PENNY,Jacobs Barista-Editions,,Angebot · kaffee,12.99,2026-08-30,2026-08-30,marktguru-offers
PENNY,Just Spices Hähnchen Allrounder,,Angebot · hähnchen,2.99,2026-09-02,2026-08-30,marktguru-offers
PENNY,Keunecke Knackige Bockwurst,,Angebot · wurst,3.99,2026-08-30,2026-08-30,marktguru-offers
PENNY,Keunecke Thüringer Leberkäs,,Angebot · wurst,1.99,2026-08-30,2026-08-30,marktguru-offers
PENNY,Krüger Family Cappuccino,,Angebot · kaffee,2.79,2026-08-30,2026-08-30,marktguru-offers
PENNY,Lindt Pralinés,,Angebot · schokolade,3.99,2026-08-30,2026-08-30,marktguru-offers
PENNY,Löwendorfer Eier,,Angebot · eier,2.69,2026-08-30,2026-08-30,marktguru-offers
PENNY,Maggi Magic Asia Gebratene Nudeln,,Angebot · nudeln,0.99,2026-08-30,2026-08-30,marktguru-offers
PENNY,Marktliebe Mediterraner Pflücksalat,,Angebot · salat,1.0,2026-08-30,2026-08-30,marktguru-offers
PENNY,Mars Maltesers,,Angebot · schokolade,1.79,2026-08-30,2026-08-30,marktguru-offers
PENNY,Mazola Öl,,Angebot · öl,3.49,2026-08-30,2026-08-30,marktguru-offers
PENNY,Meemken Jagdwurst,,Angebot · wurst,3.33,2026-08-30,2026-08-30,marktguru-offers
PENNY,Melitta Bella Crema La Crema Kaffeepads,,Angebot · kaffee,3.49,2026-08-30,2026-08-30,marktguru-offers
PENNY,Meßmer Holunder-Kirsche,,Angebot · tee,1.59,2026-09-02,2026-08-30,marktguru-offers
PENNY,Mike Mitchell's Ahornsirup,,Angebot · salat,3.39,2026-09-02,2026-08-30,marktguru-offers
PENNY,Mike Mitchell's American Diner,,Angebot · chips,3.99,2026-09-02,2026-08-30,marktguru-offers
PENNY,Mike Mitchell's Amerikaner,,Angebot · brot,1.99,2026-09-02,2026-08-30,marktguru-offers
PENNY,Mike Mitchell's Bacon,,Angebot · schinken,2.49,2026-09-02,2026-08-30,marktguru-offers
PENNY,Mike Mitchell's Bagels,,Angebot · brot,1.69,2026-09-02,2026-08-30,marktguru-offers
PENNY,Mike Mitchell's Brioche Hot Dog Rolls,,Angebot · brot,1.89,2026-09-02,2026-08-30,marktguru-offers
PENNY,Mike Mitchell's Coleslaw Weißkrautsalat mit Karotten,,Angebot · salat,1.59,2026-09-02,2026-08-30,marktguru-offers
PENNY,Mike Mitchell's Cookie Cream,,Angebot · salat,2.99,2026-09-02,2026-08-30,marktguru-offers
PENNY,Mike Mitchell's Jumbo Flips,,Angebot · chips,1.79,2026-09-02,2026-08-30,marktguru-offers
PENNY,Mike Mitchell's Knoblauchpizzabrot,,Angebot · brot,1.59,2026-09-02,2026-08-30,marktguru-offers
PENNY,Mike Mitchell's Mini Donut Cake,,Angebot · brot,1.79,2026-09-02,2026-08-30,marktguru-offers
PENNY,Mike Mitchell's New York Roll Blaubeere,,Angebot · brot,1.29,2026-09-02,2026-08-30,marktguru-offers
PENNY,Mike Mitchell's XXL Tortilla Wraps,,Angebot · brot,1.99,2026-09-02,2026-08-30,marktguru-offers
PENNY,Milka Schokolade,,Angebot · schokolade,0.88,2026-09-02,2026-08-30,marktguru-offers
PENNY,Milprima Skyr Natur XXL,,Angebot · joghurt,1.99,2026-08-30,2026-08-30,marktguru-offers
PENNY,Milram Reibekäse Pizza-Liebe,,Angebot · pizza,1.59,2026-08-30,2026-08-30,marktguru-offers
PENNY,Mischau Currywurst,,Angebot · wurst,3.99,2026-08-30,2026-08-30,marktguru-offers
PENNY,Mischau Schinkenknacker,,Angebot · wurst,2.99,2026-08-30,2026-08-30,marktguru-offers
PENNY,Mühlenhof Bayerischer Leberkäse XXL,,Angebot · wurst,3.99,2026-08-30,2026-08-30,marktguru-offers
PENNY,Mühlenhof Delikatess Hähnchen Wiener XXL,,Angebot · wurst,3.99,2026-08-30,2026-08-30,marktguru-offers
PENNY,Mühlenhof Delikatess Schinkenfleischwurst XXL,,Angebot · wurst,3.29,2026-08-30,2026-08-30,marktguru-offers
PENNY,Mühlenhof Hähnchen Schenkel XXL,,Angebot · hähnchen,6.66,2026-08-30,2026-08-30,marktguru-offers
PENNY,Mühlenhof Hähnchen-Geschnetzeltes XXL,,Angebot · hähnchen,6.99,2026-09-02,2026-08-30,marktguru-offers
PENNY,Mühlenhof Puten-Hackfleisch,,Angebot · hackfleisch,4.79,2026-08-30,2026-08-30,marktguru-offers
PENNY,Mühlenhof Rinder-Hackfleisch,,Angebot · hackfleisch,4.79,2026-09-03,2026-08-30,marktguru-offers
PENNY,Mühlenhof Rostbratwurst,,Angebot · wurst,2.99,2026-08-30,2026-08-30,marktguru-offers
PENNY,Müller Reine Buttermilch,,Angebot · milch,0.59,2026-08-30,2026-08-30,marktguru-offers
PENNY,Naturgut Bio Chiasamen,,Angebot · müsli,1.49,2026-08-30,2026-08-30,marktguru-offers
PENNY,Naturgut Bio Haferriegel,,Angebot · schokolade,1.29,2026-08-30,2026-08-30,marktguru-offers
PENNY,Naturgut Bio Hartweizen Couscous,,Angebot · reis,1.39,2026-08-30,2026-08-30,marktguru-offers
PENNY,Naturgut Bio Hähnchensalami,,Angebot · hähnchen,1.69,2026-08-30,2026-08-30,marktguru-offers
PENNY,Naturgut Bio Käsestücke,,Angebot · käse,2.29,2026-08-30,2026-08-30,marktguru-offers
PENNY,Naturgut Bio Lachsfilet,,Angebot · lachs,5.99,2026-08-30,2026-08-30,marktguru-offers
PENNY,Naturgut Bio Leinsamen,,Angebot · reis,1.29,2026-08-30,2026-08-30,marktguru-offers
PENNY,Naturgut Bio Naturjoghurt,,Angebot · joghurt,0.45,2026-08-30,2026-08-30,marktguru-offers
PENNY,Naturgut Bio Reibekäse,,Angebot · käse,1.29,2026-08-30,2026-08-30,marktguru-offers
PENNY,Naturgut Bio-Blütenhonig,,Angebot · salat,3.99,2026-08-30,2026-08-30,marktguru-offers
PENNY,Naturgut Getrocknete Bio Tomaten,,Angebot · tomaten,1.99,2026-08-30,2026-08-30,marktguru-offers
PENNY,Nescafé Farmers Origins Kaffeekapseln,,Angebot · kaffee,2.49,2026-09-02,2026-08-30,marktguru-offers
PENNY,Paradiso Fruchtsaft Orangensaft,,Angebot · saft,1.39,2026-08-30,2026-08-30,marktguru-offers
PENNY,Penny Ready Bubble Tea,,Angebot · tee,2.99,2026-08-30,2026-08-30,marktguru-offers
PENNY,Penny Zukunftsbauer Fruchtjoghurt,,Angebot · joghurt,0.99,2026-08-30,2026-08-30,marktguru-offers
PENNY,Persil Color Pulver,,Angebot · waschmittel,17.99,2026-08-30,2026-08-30,marktguru-offers
PENNY,Philips Senseo Kaffeepadmaschine,,Angebot · kaffee,54.99,2026-09-02,2026-08-30,marktguru-offers
PENNY,Pringles Chips,,Angebot · chips,1.69,2026-09-03,2026-08-30,marktguru-offers
PENNY,Radeberger Pilsner Bier,,Angebot · bier,10.99,2026-08-30,2026-08-30,marktguru-offers
PENNY,Ritter Sport Bunte Vielfalt,,Angebot · schokolade,1.11,2026-08-30,2026-08-30,marktguru-offers
PENNY,Rotkäppchen Qualitätsweine,,Angebot · wein,2.99,2026-09-02,2026-08-30,marktguru-offers
PENNY,Rügenwalder Mühle Pommersche Leberwurst,,Angebot · wurst,1.49,2026-08-30,2026-08-30,marktguru-offers
PENNY,Sachsenland Kefir,,Angebot · joghurt,0.69,2026-08-30,2026-08-30,marktguru-offers
PENNY,San Fabio Scamorza,,Angebot · käse,3.49,2026-09-02,2026-08-30,marktguru-offers
PENNY,Scharfes Luder Mexikaner Tomatenschnaps,,Angebot · tomaten,12.99,2026-08-30,2026-08-30,marktguru-offers
PENNY,Schwartau Corny Müsliriegel,,Angebot · müsli,1.79,2026-08-30,2026-08-30,marktguru-offers
PENNY,Stockmeyer Gebackene Hähnchenbrust,,Angebot · hähnchen,1.49,2026-08-30,2026-08-30,marktguru-offers
PENNY,Storck Knoppers Goodies,,Angebot · schokolade,1.99,2026-09-03,2026-08-30,marktguru-offers
PENNY,Storck Merci Finest Selection,,Angebot · schokolade,6.49,2026-09-02,2026-08-30,marktguru-offers
PENNY,Storck Riesen,,Angebot · schokolade,1.49,2026-08-30,2026-08-30,marktguru-offers
PENNY,Storck Toffifee,,Angebot · schokolade,3.99,2026-08-30,2026-08-30,marktguru-offers
PENNY,Taste of Asia Express Basmati Reis,,Angebot · reis,1.19,2026-08-30,2026-08-30,marktguru-offers
PENNY,Taste of Asia Glasnudeln,,Angebot · nudeln,0.59,2026-08-30,2026-08-30,marktguru-offers
PENNY,Taste of Asia Jasmin Reis,,Angebot · reis,1.99,2026-08-30,2026-08-30,marktguru-offers
PENNY,Taste of Asia Kokosmilch,,Angebot · milch,1.19,2026-08-30,2026-08-30,marktguru-offers
PENNY,Taste of Asia Mie Nudeln,,Angebot · nudeln,0.69,2026-08-30,2026-08-30,marktguru-offers
PENNY,Taste of Asia Reispapier,,Angebot · reis,0.69,2026-08-30,2026-08-30,marktguru-offers
PENNY,Veltins Pilsener,,Angebot · bier,0.79,2026-09-02,2026-08-30,marktguru-offers
PENNY,Zott Sahnejoghurt,,Angebot · joghurt,0.44,2026-08-30,2026-08-30,marktguru-offers
PENNY,Zottarella Minis,,Angebot · käse,1.79,2026-09-02,2026-08-30,marktguru-offers
PENNY,thisisnobrand123 Bananen,,Angebot · bananen,1.0,2026-08-30,2026-08-30,marktguru-offers
PENNY,thisisnobrand123 Cherry-Romatomaten,,Angebot · tomaten,0.75,2026-08-30,2026-08-30,marktguru-offers
PENNY,thisisnobrand123 Granatapfel,,Angebot · äpfel,1.0,2026-08-30,2026-08-30,marktguru-offers
PENNY,thisisnobrand123 Hähnchen-Ecken Nacho-Style,,Angebot · hähnchen,4.99,2026-08-30,2026-08-30,marktguru-offers
REWE,2742 RG Waddinxveen Birnen,4251291113702,plant based foods and beverages,1.89,2026-07-22,2026-08-30,open-prices
REWE,AF Deutschland Streichgut,4337256896528,plant based foods and beverages,2.59,2026-08-21,2026-08-30,open-prices
REWE,APOSTELS Zaziki,4000832203057,dairies,2.69,2026-06-20,2026-08-30,open-prices
REWE,Afri Cola,4009228250477,beverages and beverages preparations,1.29,2026-08-15,2026-08-30,open-prices
REWE,Aldente Gefüllte Eier-Waffeln,4044808150587,snacks,1.99,2025-06-13,2026-08-30,open-prices
REWE,Almighurt - Apfel-Birne,4002971013207,dairies,0.33,2025-06-02,2026-08-30,open-prices
REWE,Alpenswiss Berghof Säntis Barrique,,Angebot · milch,1.89,2026-08-30,2026-08-30,marktguru-offers
REWE,Alpenswiss Berghof Toggenburger Sonntagskäse,,Angebot · milch,1.59,2026-08-30,2026-08-30,marktguru-offers
REWE,Ariel All in 1 Pods,,Angebot · waschmittel,4.99,2026-08-30,2026-08-30,marktguru-offers
REWE,Arla Bio Frische Weidemilch,,Angebot · milch,1.29,2026-08-30,2026-08-30,marktguru-offers
REWE,Arla Kaergarden,,Angebot · milch,1.29,2026-08-30,2026-08-30,marktguru-offers
REWE,Arla Kaergarden Gesalzen,4100290068608,plant based foods and beverages,1.79,2025-04-22,2026-08-30,open-prices
REWE,Augustiner-Bräu Lagerbier Hell,4105250022003,beverages and beverages preparations,1.29,2026-07-22,2026-08-30,open-prices
REWE,Aurora Weizenmehl  Type 405,4000406072317,plant based foods and beverages,3.29,2025-11-08,2026-08-30,open-prices
REWE,BARILLA COLLEZIONE Fusilli,8076802085981,plant based foods and beverages,0.77,2025-06-02,2026-08-30,open-prices
REWE,BARILLA Pesto Basilico e Peperoncino 195g,8076809578264,condiments,1.89,2025-06-07,2026-08-30,open-prices
REWE,BARILLA Pâtes spaghettoni n°7 500g,8076808150072,plant based foods and beverages,0.77,2025-06-07,2026-08-30,open-prices
REWE,BIO ZENTRALE Leinsamen geschrotet,4005009106797,plant based foods and beverages,2.49,2026-04-28,2026-08-30,open-prices
REWE,BRLO IPA,4260402632186,beverages and beverages preparations,2.19,2025-06-19,2026-08-30,open-prices
REWE,Baldauf Käse Senner Alpenfeuer,,Angebot · milch,2.59,2026-08-30,2026-08-30,marktguru-offers
REWE,Banilla Pesto Basilico Limone,8076809582643,condiments,3.49,2025-05-26,2026-08-30,open-prices
REWE,Barebells Barre proteinée salty peanut,7340001804430,snacks,2.79,2025-11-24,2026-08-30,open-prices
REWE,Barebells Peanut Butter Protein Bar,7340001807141,plant based foods and beverages,2.79,2025-11-24,2026-08-30,open-prices
REWE,Barilla Girandole Torsades Nº34,8076809512268,plant based foods and beverages,0.77,2025-06-07,2026-08-30,open-prices
REWE,Barilla Mini Penne Rigate,8076809521628,plant based foods and beverages,0.99,2025-03-25,2026-08-30,open-prices
REWE,Barilla Pasta Classic,,Angebot · nudeln,0.88,2026-08-30,2026-08-30,marktguru-offers
REWE,Barilla Pasta La Collezione,,Angebot · nudeln,1.49,2026-08-30,2026-08-30,marktguru-offers
REWE,Barilla Pasta Spezialitäten Collezione,,Angebot · nudeln,1.49,2026-08-30,2026-08-30,marktguru-offers
REWE,Barilla Pastasauce Bolognese,8076809513678,canned foods,1.89,2025-06-07,2026-08-30,open-prices
REWE,Barilla Penne Rigate Nº73,8076802085738,plant based foods and beverages,0.77,2025-06-07,2026-08-30,open-prices
REWE,Barilla Pesto alla Calabrese 190g,8076809517751,condiments,3.49,2025-05-26,2026-08-30,open-prices
REWE,Barilla Pesto alla Genovese,8076809513746,condiments,1.89,2025-06-07,2026-08-30,open-prices
REWE,Barilla Pesto avec tomates séchées,8076809541091,condiments,1.89,2025-06-07,2026-08-30,open-prices
REWE,Barilla Spaghetti Nº5,8076800195057,plant based foods and beverages,0.77,2025-06-07,2026-08-30,open-prices
REWE,Barilla Verdure mediterranee 400g eu cross,8076809583749,plant based foods and beverages,1.89,2025-06-07,2026-08-30,open-prices
REWE,Bauer Fruchtjoghurt Kirsche,4002334113032,dairies,0.49,2025-06-14,2026-08-30,open-prices
REWE,Becel Gold,,Angebot · milch,1.39,2026-08-30,2026-08-30,marktguru-offers
REWE,Beck's Pils,,Angebot · bier,10.99,2026-08-30,2026-08-30,marktguru-offers
REWE,Beelitzer Frischei Frische Eier,4022834110836,farming products,3.19,2025-04-04,2026-08-30,open-prices
REWE,Bensdorp Kakao,4001743754539,beverages and beverages preparations,2.79,2026-08-29,2026-08-30,open-prices
REWE,Bergader Almzeit (cremig-würzig),4006402071538,dairies,1.99,2026-04-28,2026-08-30,open-prices
REWE,"Bergader Bergbauern Käse, würzig-nussig",4006402049193,dairies,2.69,2026-08-21,2026-08-30,open-prices
REWE,Bergader Bergbauern mild nussig Käse,4006402046192,dairies,2.89,2025-06-23,2026-08-30,open-prices
REWE,Berliner Kindl Jubiläums Pilsener,4100080000931,beverages and beverages preparations,0.95,2025-07-04,2026-08-30,open-prices
REWE,Berliner Kindl Pilsener,,Angebot · bier,10.49,2026-08-30,2026-08-30,marktguru-offers
REWE,Bibigo Gyoza Kimchi & Chciken,4016337911212,meals,2.99,2025-06-14,2026-08-30,open-prices
REWE,Billa Basic Küchenrolle,4000735359653,hygiene,1.99,2025-07-09,2026-08-30,open-prices
REWE,Bio Naturland Vollkorn,2746112002195,plant based foods and beverages,2.19,2025-11-24,2026-08-30,open-prices
REWE,Bionade Blutorange,4014472280132,beverages and beverages preparations,1.05,2026-07-21,2026-08-30,open-prices
REWE,Bitburger Pils,,Angebot · bier,11.99,2026-08-30,2026-08-30,marktguru-offers
REWE,Bonduelle Kopfsalat,,Angebot · salat,1.79,2026-08-30,2026-08-30,marktguru-offers
REWE,Bonne Maman Konfitüre Weniger Zucker,,Angebot · zucker,2.49,2026-08-30,2026-08-30,marktguru-offers
REWE,Borchers Maca Pulver Bio,4260175671016,macapulver,4.99,2026-01-14,2026-08-30,open-prices
REWE,Borchers Spirulina Pulver,4260175671030,dietary supplements,4.99,2026-07-21,2026-08-30,open-prices
REWE,Bowl Dressing,4008934151276,Lebensmittel,3.29,2026-04-28,2026-08-30,open-prices
REWE,Brandt Zwieback Lactosefrei,4013752019141,plant based foods and beverages,1.99,2026-07-22,2026-08-30,open-prices
REWE,Brat Olivenöl von Bertolli,8002470031616,plant based foods and beverages,6.99,2026-04-28,2026-08-30,open-prices
REWE,Bree Chardonnay,,Angebot · wein,2.99,2026-08-30,2026-08-30,marktguru-offers
REWE,Bruno Banani Duschgel,,Angebot · bananen,2.29,2026-08-30,2026-08-30,marktguru-offers
REWE,Buss Fertiggerichte GmbH Erbseneintopf,4337256995788,plant based foods and beverages,2.89,2026-07-22,2026-08-30,open-prices
REWE,Butcher's Burger Burger Buns Sesam,21169779,plant based foods and beverages,1.19,2024-03-15,2026-08-30,open-prices
REWE,Butcher's Burger Rindfleisch Burger Patties,4337256302302,meats and their products,2.79,2024-09-18,2026-08-30,open-prices
REWE,Butchers Angus XXL Irish Beef Burger Patties,4337256823449,meats and their products,8.88,2024-09-14,2026-08-30,open-prices
REWE,Butchers Barbecue BBQ Spare Ribs Greek Style,4337256737074,schälrippchen,8.99,2025-05-09,2026-08-30,open-prices
REWE,Butcher’s Barbecue Hähnchen-Minuten Schnitzel,,Angebot · hähnchen,11.99,2026-08-30,2026-08-30,marktguru-offers
REWE,Butcher’s Barbecue Merguez Rinder-Bratwurst,,Angebot · wurst,3.29,2026-08-30,2026-08-30,marktguru-offers
REWE,Butcher’s Barbecue Schinken-Bratwurst,,Angebot · wurst,1.99,2026-08-30,2026-08-30,marktguru-offers
REWE,Böhmer Rote Äpfel,4051682001027,plant based foods and beverages,2.29,2025-03-29,2026-08-30,open-prices
REWE,Cantine Bertoldi Merlot Veneto Barrique,,Angebot · wein,4.99,2026-08-30,2026-08-30,marktguru-offers
REWE,Caseifici Geänderte Spa Parmegiano Reggiano,8010721978139,dairies,4.99,2025-10-18,2026-08-30,open-prices
REWE,Cavit I Mastri Vernacoli Pinot Grigio,,Angebot · wein,4.99,2026-08-30,2026-08-30,marktguru-offers
REWE,Chalet du Papillon Merlot Rosé,,Angebot · wein,2.49,2026-08-30,2026-08-30,marktguru-offers
REWE,Chaumes Weichkäse,,Angebot · milch,1.79,2026-08-30,2026-08-30,marktguru-offers
REWE,Chio Popcorn Süß,4001242003626,snacks,1.89,2024-07-27,2026-08-30,open-prices
REWE,Chiquita Bananen,,Angebot · bananen,1.99,2026-08-30,2026-08-30,marktguru-offers
REWE,Choviva Bunt dragierte Erdnüsse,4070308103877,Lebensmittel,1.89,2026-07-01,2026-08-30,open-prices
REWE,Citterio Prosciutto di Parma,,Angebot · wurst,2.69,2026-08-30,2026-08-30,marktguru-offers
REWE,Club Mate Club-Mate Original,4029764001807,beverages and beverages preparations,0.89,2025-10-13,2026-08-30,open-prices
REWE,Coca-Cola Coke Zero,54493438,beverages and beverages preparations,0.75,2026-07-21,2026-08-30,open-prices
REWE,Conditorei Coppenrath & Wiese Brötchen,4008577006391,plant based foods and beverages,2.29,2025-06-14,2026-08-30,open-prices
REWE,Conditorei Coppenrath & Wiese Unsere Goldstücke - Weizen-Brötchen,4008577006315,plant based foods and beverages,1.49,2025-04-11,2026-08-30,open-prices
REWE,Corny Erdnuss süß & salzig,4011800571719,snacks,1.59,2025-10-13,2026-08-30,open-prices
REWE,Corny Schoko,4011800521219,snacks,1.59,2025-10-13,2026-08-30,open-prices
REWE,Corovita Olivenöl bio,4260039350002,plant based foods and beverages,8.99,2026-04-28,2026-08-30,open-prices
REWE,Corte Parma Apéritiv‘O Spezialitäten,,Angebot · salat,9.99,2026-08-30,2026-08-30,marktguru-offers
REWE,Costafruit Erdbeeren,4061458265669,plant based foods and beverages,1.99,2025-05-09,2026-08-30,open-prices
REWE,Cremissimo - Haselnuss Vanilla Schokolade,8711327668836,desserts,1.79,2025-05-19,2026-08-30,open-prices
REWE,Công ty TNHH MTV The Fruit Republic Cần Thơ Limetten,4388844272163,plant based foods and beverages,1.49,2026-06-27,2026-08-30,open-prices
REWE,DE-VAU-GE Knusper Müsli Weniger süß,4337256371520,plant based foods and beverages,2.49,2024-12-23,2026-08-30,open-prices
REWE,Dallmayr Capsa,,Angebot · kaffee,2.69,2026-08-30,2026-08-30,marktguru-offers
REWE,Dallmayr Capsa Lungo,,Angebot · kaffee,2.69,2026-08-30,2026-08-30,marktguru-offers
REWE,Dallmayr decaffeinato espresso,4008167010807,plant based foods and beverages,2.69,2026-07-14,2026-08-30,open-prices
REWE,Davert Dinkel Pops,4019339291122,plant based foods and beverages,2.99,2025-12-23,2026-08-30,open-prices
REWE,De Cecco Olio extra vergine di oliva - Classico,8001250220011,plant based foods and beverages,11.99,2026-08-17,2026-08-30,open-prices
REWE,Deliscious Salattrio,8718868869128,Lebensmittel,1.29,2026-08-21,2026-08-30,open-prices
REWE,Der Große Bauer,,Angebot · milch,0.49,2026-08-30,2026-08-30,marktguru-offers
REWE,Der große Bauer Joghurt Banane Schokobälle,4002334116064,dairies,0.49,2025-06-14,2026-08-30,open-prices
REWE,"Deutsche Äpfel, Jonagold, Kl. I, 80-90 mm",4021747731893,plant based foods and beverages,2.79,2025-07-04,2026-08-30,open-prices
REWE,Deutsches Weintor Exklusiv Qualitätswein,,Angebot · wein,3.99,2026-08-30,2026-08-30,marktguru-offers
REWE,"Dittmann Spanische Oliven grün, gefüllt mit Paprikapaste",4002239431507,plant based foods and beverages,2.79,2026-04-03,2026-08-30,open-prices
REWE,Don Enrico Mexicano Corn Wrap Tortillas,4013200780234,plant based foods and beverages,1.99,2026-08-21,2026-08-30,open-prices
REWE,Donauherbst Wein,,Angebot · wein,2.49,2026-08-30,2026-08-30,marktguru-offers
REWE,Doppio Passo Wein,,Angebot · wein,4.99,2026-08-30,2026-08-30,marktguru-offers
REWE,Dr Oetker Quarkbällchen,4000521043889,snacks,3.79,2026-08-29,2026-08-30,open-prices
REWE,Dr. Oetker Griess Pudding Natur,4000521593704,dairies,1.99,2026-01-13,2026-08-30,open-prices
REWE,Dr. Oetker Hefe,4000521110314,food additives,1.29,2026-04-02,2026-08-30,open-prices
REWE,Dr. Oetker Müsli Schoko weniger süss,4000521041977,plant based foods and beverages,2.49,2025-04-22,2026-08-30,open-prices
REWE,Dr. Oetker Natron,4000521761516,cooking helpers,0.89,2026-04-02,2026-08-30,open-prices
REWE,Dr. Oetker Paradies Creme Nougat,4000521002930,dairies,1.29,2026-04-28,2026-08-30,open-prices
REWE,Dr. Oetker Paradies Creme Sahne-Karamell,4000521466404,desserts,1.29,2026-04-28,2026-08-30,open-prices
REWE,Dr. Oetker Paradies Creme Schoko,4000521465407,desserts,1.29,2026-04-28,2026-08-30,open-prices
REWE,Dr. Oetker Paradies Creme Stracciatella,4000521466503,desserts,1.29,2026-04-28,2026-08-30,open-prices
REWE,Dr. Oetker Paradies Creme Vanille,4000521464400,desserts,1.29,2026-04-28,2026-08-30,open-prices
REWE,Dr. Oetker Pizza Suprema Tonno,4001724055235,meals,5.49,2026-08-29,2026-08-30,open-prices
REWE,Dr. Oetker Ristorante Pizza Salame,,Angebot · pizza,1.79,2026-08-30,2026-08-30,marktguru-offers
REWE,Dr. Oetker Seelenwärmer,4000521023881,desserts,1.29,2026-04-28,2026-08-30,open-prices
REWE,Dr. Oetker Seelenwärmer Grieß,4000521038830,dairies,1.29,2026-04-28,2026-08-30,open-prices
REWE,Dr. Oetker Suprema Calabrese & Nduja Tipo,,Angebot · pizza,3.99,2026-08-30,2026-08-30,marktguru-offers
REWE,Dr. Oetker Suprema Margherita,4001724049913,meals,3.99,2025-04-11,2026-08-30,open-prices
REWE,Dr. Oetker Suprema Pizza Calabrese & ‘Nduja,4001724049906,frozen foods,3.99,2025-04-11,2026-08-30,open-prices
REWE,Dr. Oetker Vitalis Vitalis Knuspermüsli Weniger Süß Knusper pur ohne Rosinen,4000521662103,plant based foods and beverages,3.99,2024-12-23,2026-08-30,open-prices
REWE,Dr. Oetker Vitalis Vitalis Weniger süß Knusper Himbeere,4000521010423,plant based foods and beverages,2.49,2025-04-22,2026-08-30,open-prices
REWE,"ELINAS Leichter Joghurt, Natur",4003490332787,dairies,2.15,2026-08-21,2026-08-30,open-prices
REWE,ESN Designer Bar Lebkuchen,4250519668796,dietary supplements,2.29,2025-11-24,2026-08-30,open-prices
REWE,ESN Goat Bar Protein Oat Bar Berries Flavor,4250519679877,snacks,2.79,2026-07-28,2026-08-30,open-prices
REWE,ESN Ultrapure Creatine,4250519669632,dietary supplements,16.99,2026-06-03,2026-08-30,open-prices
REWE,EZG Borthener Obst Nicoter/Kanzi,4021747661480,plant based foods and beverages,2.99,2025-03-29,2026-08-30,open-prices
REWE,Eberswalder Vegetarios Würstchen,4012371620103,plant based foods and beverages,2.75,2025-12-27,2026-08-30,open-prices
REWE,Eberswalder Vegetarische Bratwurst,4012371620905,meat alternatives,2.49,2025-06-14,2026-08-30,open-prices
REWE,Eckes-Granini Hohes C Multivitamin,4048517701955,beverages and beverages preparations,1.79,2025-05-19,2026-08-30,open-prices
REWE,Ehrmann Almighurt - Erdbeere,4002971010107,dairies,0.79,2024-11-02,2026-08-30,open-prices
REWE,Ehrmann Almighurt - Kirsche,4002971010206,dairies,0.33,2025-06-02,2026-08-30,open-prices
REWE,Ehrmann Almighurt - Obstsalat,4002971045000,dairies,0.33,2025-06-02,2026-08-30,open-prices
REWE,Ehrmann Almighurt - Waldbeeren,4002971012408,dairies,0.33,2025-06-02,2026-08-30,open-prices
REWE,Ehrmann Zitronen Joghurt,4002971013801,dairies,0.33,2025-06-02,2026-08-30,open-prices
REWE,Eifrisch Frische Bio Eier,4004953005514,eggs and their products,3.99,2026-08-21,2026-08-30,open-prices
REWE,Eisbär Eis Eiscreme Bourbon Vanille,4337256243803,desserts,2.99,2025-06-07,2026-08-30,open-prices
REWE,Eisbär Eis Protein Eisriegel,4070308072005,snacks,2.99,2026-06-27,2026-08-30,open-prices
REWE,Elmex Dentífrico Infantil 2-6 años,8718951271234,Lebensmittel,3.49,2026-06-22,2026-08-30,open-prices
REWE,Es3et Eszet Schnitten - Vollmilchschokolade,4030387760590,snacks,1.69,2026-04-02,2026-08-30,open-prices
REWE,"Eurogroup España Nektarinen, gelbfleischig, Kl. I",8436557131416,plant based foods and beverages,1.99,2025-07-19,2026-08-30,open-prices
REWE,Eurogroup Italia Tafeltrauben kernlos - Klasse 1,8033803727241,plant based foods and beverages,2.69,2024-11-02,2026-08-30,open-prices
REWE,Exotic Food Fischsauce,8853662004068,condiments,1.99,2026-04-28,2026-08-30,open-prices
REWE,Fage Total Joghurt,,Angebot · milch,0.99,2026-08-30,2026-08-30,marktguru-offers
REWE,Famiglia Angelo Rocca Primitivo Susumaniello,,Angebot · wein,5.99,2026-08-30,2026-08-30,marktguru-offers
REWE,Famiglia Rocca Primitivo Susumaniello,8005286032853,beverages and beverages preparations,7.99,2026-08-29,2026-08-30,open-prices
REWE,Famiglia Rocca Primitivo Susumaniello,8005286036455,beverages and beverages preparations,7.99,2026-07-21,2026-08-30,open-prices
REWE,Famille Perrin La Vieille Ferme Rosé,,Angebot · wein,4.99,2026-08-30,2026-08-30,marktguru-offers
REWE,Farmer's Snack Cranberry vegan,4010442455753,plant based foods and beverages,7.49,2026-04-28,2026-08-30,open-prices
REWE,Farmer's Snack Kanadische Bio-Cranberries,4010442455111,plant based foods and beverages,2.99,2026-04-28,2026-08-30,open-prices
REWE,Farmer's Snack Kokos-Chips,4010442417058,plant based foods and beverages,2.29,2026-04-28,2026-08-30,open-prices
REWE,"Farmer's Snack geröstete Mandel, ungesalzen",4010442418994,plant based foods and beverages,4.99,2026-04-28,2026-08-30,open-prices
REWE,Farmer's Snack walnusskerne,4010442403099,plant based foods and beverages,3.99,2026-04-28,2026-08-30,open-prices
REWE,"Farmer's snack Mandeln, Natur",4010442408667,plant based foods and beverages,4.99,2026-04-28,2026-08-30,open-prices
REWE,Farmers Snack Cranberry,4010442455050,plant based foods and beverages,3.99,2026-04-28,2026-08-30,open-prices
REWE,"Feinkost Dittmann Kräuter Oliven grün, trocken eingelegt",4002239403009,plant based foods and beverages,3.49,2026-04-02,2026-08-30,open-prices
REWE,Feinkost Dittmann Spanische Oliven ohne Stein,4002239420907,plant based foods and beverages,2.99,2026-04-03,2026-08-30,open-prices
REWE,Feinkost Popp Eiersalat mit Senf,4045800771213,spreads,1.69,2025-07-26,2026-08-30,open-prices
REWE,Ferrero Kinder Schoko-Bons,,Angebot · schokolade,2.99,2026-08-30,2026-08-30,marktguru-offers
REWE,Ferrero Mon Chéri,4008400102528,snacks,3.99,2026-04-28,2026-08-30,open-prices
REWE,Filinchen Das Knusperbrot Original,4015427111112,plant based foods and beverages,0.99,2025-06-16,2026-08-30,open-prices
REWE,Franziskaner Weißbier,,Angebot · bier,14.99,2026-08-30,2026-08-30,marktguru-offers
REWE,"Frau Antje Pikantje Gouda Holland, aromatisch",4388844127722,dairies,2.99,2025-09-01,2026-08-30,open-prices
REWE,Freesien (Schnittblumen),8719449078250,Lebensmittel,4.99,2025-06-23,2026-08-30,open-prices
REWE,Frisch Penny Cherry-Roma Tomaten Klasse 1,8436557138934,plant based foods and beverages,0.75,2026-07-30,2026-08-30,open-prices
REWE,"Frischobst Tafel-Trauben, weiß kernlos",4014071808492,plant based foods and beverages,1.69,2026-01-14,2026-08-30,open-prices
REWE,"Fromages Perreault Fol Epi, classic",3090291386584,dairies,2.79,2025-09-01,2026-08-30,open-prices
REWE,Funny Frisch Ofen Chips,,Angebot · chips,1.11,2026-08-30,2026-08-30,marktguru-offers
REWE,Funny-frisch Ofenchips paprika,4003586102072,snacks,1.99,2025-04-22,2026-08-30,open-prices
REWE,Fürst Von Metternich Sekt,,Angebot · wein,5.99,2026-08-30,2026-08-30,marktguru-offers
REWE,Gaminzojas Colla Spa Grana Padano gerieben (10 Monate gereift),8052879380631,dairies,3.29,2026-08-21,2026-08-30,open-prices
REWE,Gerstacker Nürnberger Federweißer,,Angebot · wein,2.49,2026-08-30,2026-08-30,marktguru-offers
REWE,Gervais Hüttenkäse,,Angebot · milch,1.29,2026-08-30,2026-08-30,marktguru-offers
REWE,Ghorban Olive oil,4260159950021,plant based foods and beverages,13.99,2026-04-28,2026-08-30,open-prices
REWE,Gold Edition Edle Tropfen,4000607002243,Lebensmittel,3.59,2026-04-28,2026-08-30,open-prices
REWE,Golßener Fleischsalat mit Gurke,4024698482210,spreads,2.09,2024-12-23,2026-08-30,open-prices
REWE,Golßener Streichmettwurst,,Angebot · wurst,1.49,2026-08-30,2026-08-30,marktguru-offers
REWE,Gotano Red Choc,,Angebot · wein,3.49,2026-08-30,2026-08-30,marktguru-offers
REWE,Granbeau Rosé,,Angebot · wein,4.99,2026-08-30,2026-08-30,marktguru-offers
REWE,Granfrutta Äpfel Klasse I,8054317708687,plant based foods and beverages,2.19,2025-08-23,2026-08-30,open-prices
REWE,Green Mountain Plant-based Pfeffer Medaillon,7610227954975,meat alternatives,3.99,2026-08-21,2026-08-30,open-prices
REWE,Greenyard Fresh Gemüse Paprika Mix,8424620213909,plant based foods and beverages,1.39,2025-06-02,2026-08-30,open-prices
REWE,Grünländer Scheiben,,Angebot · milch,1.69,2026-08-30,2026-08-30,marktguru-offers
REWE,Gustavo Gusto Pizza Margherita,4260414150449,frozen foods,4.99,2026-07-21,2026-08-30,open-prices
REWE,Gustavo Gusto Pizza Salame Piccante,4260414151422,frozen foods,3.39,2026-08-21,2026-08-30,open-prices
REWE,Gutes Land Edamer mild-zart,4316268604918,dairies,2.99,2025-05-12,2026-08-30,open-prices
REWE,Gutfried Hähnchen-Fleischwurst,,Angebot · wurst,2.79,2026-08-30,2026-08-30,marktguru-offers
REWE,GÜVEN Brot Backwaren Fladenbrot in Steinofen gebacken,4337256229098,plant based foods and beverages,1.17,2024-03-15,2026-08-30,open-prices
REWE,Gösser NaturRadler,90288104,beverages and beverages preparations,1.19,2025-07-04,2026-08-30,open-prices
REWE,HARIBO Happy Cola,4001686327517,snacks,0.79,2026-04-28,2026-08-30,open-prices
REWE,Hamker Sauce - Chipotle Chili Sauce,4337256206655,condiments,1.39,2024-03-15,2026-08-30,open-prices
REWE,Haribo Color-Rado Mini,4001686120279,snacks,0.79,2026-04-28,2026-08-30,open-prices
REWE,Haribo Frösche,4001686322536,Gummibarchen,0.79,2026-04-28,2026-08-30,open-prices
REWE,Haribo Kirsch Cola,4001686331842,snacks,0.79,2026-04-28,2026-08-30,open-prices
REWE,Haribo Stafetten,4001686103241,snacks,0.79,2026-04-28,2026-08-30,open-prices
REWE,Haribo Wasser Melonen,9002975378956,snacks,0.79,2026-04-28,2026-08-30,open-prices
REWE,Haribo Weinland,4001686327692,snacks,0.79,2026-04-28,2026-08-30,open-prices
REWE,Haribo WineGums,4001686329849,snacks,0.79,2026-04-28,2026-08-30,open-prices
REWE,Harry Anno 1688 Rustikal 4071800051314 Weizenmischbrot,4071800051314,plant based foods and beverages,2.49,2026-04-28,2026-08-30,open-prices
REWE,Harry Knolli Das Kartoffelbrot,4071800000947,plant based foods and beverages,1.89,2026-04-28,2026-08-30,open-prices
REWE,Harry Körner Balance Toastbrötchen,4071800038568,plant based foods and beverages,1.79,2025-07-15,2026-08-30,open-prices
REWE,Harry Toastbrot Sammys,4071800001371,plant based foods and beverages,2.49,2026-08-21,2026-08-30,open-prices
REWE,Harry Vital Brot,4071800003870,plant based foods and beverages,1.69,2026-04-28,2026-08-30,open-prices
REWE,Harry Vital+ Dinkel Vollkorn 100% Dinkel & mit Sonnenblumenkernen 4071800054469  Dinkelvollkornbrot mit 55 % Dinkelvollk,4071800054469,plant based foods and beverages,1.99,2026-04-28,2026-08-30,open-prices
REWE,Harry Weltmeister Mehrkornbrot,4071800034874,plant based foods and beverages,1.69,2026-04-28,2026-08-30,open-prices
REWE,Harry-Brot GmbH Kleines Sonnenkern,4071800053479,plant based foods and beverages,1.69,2026-04-28,2026-08-30,open-prices
REWE,Harzbube Handkäse klassisch,41058978,dairies,2.99,2025-07-04,2026-08-30,open-prices
REWE,Haselnuss geröstet,4010442402894,plant based foods and beverages,4.99,2026-04-28,2026-08-30,open-prices
REWE,Heiderbeck Alpen Purist,,Angebot · milch,2.69,2026-08-30,2026-08-30,marktguru-offers
REWE,Heiderbeck Blütenhof Frischcreme Kräuter,,Angebot · milch,2.19,2026-08-30,2026-08-30,marktguru-offers
REWE,Heiderbeck Blütenhof Wiesenblume,,Angebot · milch,2.39,2026-08-30,2026-08-30,marktguru-offers
REWE,Heiderbeck FP Alpen Purist,4008759113855,dairies,3.59,2025-07-04,2026-08-30,open-prices
REWE,Heiderbeck Schnittkäse Bergdiamant,4008759116702,dairies,4.99,2025-07-04,2026-08-30,open-prices
REWE,Heiderbeck Schnittkäse Jarlsberg,4250561611856,dairies,2.79,2025-07-04,2026-08-30,open-prices
REWE,Heineken Premium Beer,,Angebot · bier,15.99,2026-08-30,2026-08-30,marktguru-offers
REWE,Hellmann's BBQ Sauce,8720182334640,condiments,1.49,2025-06-14,2026-08-30,open-prices
REWE,Hengstenberg KNAX Gewürzgurken,40081410,plant based foods and beverages,1.99,2025-04-22,2026-08-30,open-prices
REWE,Hengstenberg Oro di Parma Tomatenmark,,Angebot · tomaten,1.29,2026-08-30,2026-08-30,marktguru-offers
REWE,Hengstenberg Tomaten - Passiert,40081243,plant based foods and beverages,1.99,2026-07-30,2026-08-30,open-prices
REWE,Hengstenberg Tomaten stückig mit Kräutern,4008100168473,plant based foods and beverages,1.99,2025-03-19,2026-08-30,open-prices
REWE,"Hengstenberg Tomaten, stückig",40081236,plant based foods and beverages,1.99,2025-03-19,2026-08-30,open-prices
REWE,Herta Aufschnitt,,Angebot · wurst,1.69,2026-08-30,2026-08-30,marktguru-offers
REWE,Himbeeren,4250632917870,Lebensmittel,3.79,2026-07-22,2026-08-30,open-prices
REWE,Hohes C Saft,,Angebot · saft,1.79,2026-08-30,2026-08-30,marktguru-offers
REWE,Homann Nudelsalat,,Angebot · salat,1.79,2026-08-30,2026-08-30,marktguru-offers
REWE,Houdek Kabanos Klassik,,Angebot · wurst,1.49,2026-08-30,2026-08-30,marktguru-offers
REWE,Hähnchenbrust,4337256490245,meats and their products,5.99,2025-11-24,2026-08-30,open-prices
REWE,I love Milka Pralines Haselnusscrème,7622210597915,snacks,3.89,2026-04-28,2026-08-30,open-prices
REWE,I.TM-4105 16er Avocado,4053702006579,plant based foods and beverages,1.29,2025-08-23,2026-08-30,open-prices
REWE,III Freunde Grauburgunder,,Angebot · wein,7.99,2026-08-30,2026-08-30,marktguru-offers
REWE,Imlig Käserei Roter Stier,,Angebot · milch,2.69,2026-08-30,2026-08-30,marktguru-offers
REWE,Imlig Käserei St. Galler Rahmkäse,,Angebot · milch,2.19,2026-08-30,2026-08-30,marktguru-offers
REWE,J. Hettinger Qualitätswein,,Angebot · wein,2.99,2026-08-30,2026-08-30,marktguru-offers
REWE,Ja Cornichons,4337256647830,plant based foods and beverages,1.29,2025-11-24,2026-08-30,open-prices
REWE,Ja Gehackte Tomaten,4337256908122,plant based foods and beverages,0.59,2026-04-03,2026-08-30,open-prices
REWE,Ja Grüne Oliven,4337256205580,plant based foods and beverages,1.29,2025-12-27,2026-08-30,open-prices
REWE,Ja Raffinade Zucker,4337256676274,sweeteners,0.99,2025-11-08,2026-08-30,open-prices
REWE,Ja! Cashewkern,4337256988872,Lebensmittel,2.89,2026-06-20,2026-08-30,open-prices
REWE,Ja! Cashewkerne naturell,4337256447713,plant based foods and beverages,2.39,2025-03-25,2026-08-30,open-prices
REWE,Ja! Fettarmer Kefir,4337256794312,beverages and beverages preparations,0.89,2025-04-04,2026-08-30,open-prices
REWE,Ja! Frischei Waffeln,4337256554978,snacks,1.49,2025-06-13,2026-08-30,open-prices
REWE,Ja! Gelee Bananen,4337256268202,snacks,1.79,2026-04-28,2026-08-30,open-prices
REWE,Ja! Glasreiniger Ocean,4337256789288,Lebensmittel,0.95,2025-07-09,2026-08-30,open-prices
REWE,Ja! Harzer Käse klassisch,4337256835886,dairies,1.89,2026-07-01,2026-08-30,open-prices
REWE,Ja! KIRSCH GRÜTZE,4337256655330,kirschgrütze,2.19,2025-04-10,2026-08-30,open-prices
REWE,Ja! Kokosmilch,4337256836036,Kokosmilch,1.19,2025-06-23,2026-08-30,open-prices
REWE,Ja! Lütticher Zuckerwaffeln,4337256299954,snacks,2.49,2025-06-13,2026-08-30,open-prices
REWE,Ja! Mayonaise,4337256692038,Lebensmittel,1.69,2026-01-13,2026-08-30,open-prices
REWE,Ja! Milchreis Schoko,4337256765183,desserts,0.39,2025-07-10,2026-08-30,open-prices
REWE,Ja! Milchreis Vanille,4337256810623,desserts,0.39,2026-07-22,2026-08-30,open-prices
REWE,Ja! Milchreis Zimt,4337256769167,desserts,0.39,2026-07-22,2026-08-30,open-prices
REWE,Ja! Milky Sticks Vanille,4337256722131,desserts,1.49,2026-06-27,2026-08-30,open-prices
REWE,Ja! Mini Sunny's sour,4070308060989,desserts,1.99,2026-06-22,2026-08-30,open-prices
REWE,"Ja! Müllbeutel, 25 Liter, mit Tragegriff",4337256682008,Lebensmittel,0.65,2025-07-26,2026-08-30,open-prices
REWE,Ja! Müsli-Riegel Erdnuss,4337256829854,snacks,1.49,2026-06-22,2026-08-30,open-prices
REWE,Ja! Müsli-Riegel Schokolade,4337256486293,snacks,1.49,2026-07-22,2026-08-30,open-prices
REWE,Ja! Müsli-Riegel Schokolade-Banane,4337256479950,snacks,1.49,2026-06-29,2026-08-30,open-prices
REWE,Ja! Nudelsalat Farfalle Hähnchen,4337256337212,meals,1.99,2026-07-22,2026-08-30,open-prices
REWE,Ja! Nusskernmischung,4337256937252,plant based foods and beverages,2.99,2025-04-04,2026-08-30,open-prices
REWE,Ja! Peanut Snack,4337256947237,Lebensmittel,1.89,2026-08-17,2026-08-30,open-prices
REWE,Ja! Quick Connect CO₂ Zylinder,4337256990325,Lebensmittel,5.99,2026-07-01,2026-08-30,open-prices
REWE,Ja! Sonntags Brötchen,4337256512640,plant based foods and beverages,1.29,2025-03-25,2026-08-30,open-prices
REWE,Ja! Stapelchips Sour Cream & Onion Style,4337256744232,plant based foods and beverages,1.49,2026-06-20,2026-08-30,open-prices
REWE,Ja! Studentenfutter,4337256754835,plant based foods and beverages,2.29,2026-06-22,2026-08-30,open-prices
REWE,Ja! Sushi Nozomi,4070308099354,meals,6.49,2026-06-29,2026-08-30,open-prices
REWE,Ja! Toilettenpapier,4337256764490,hygiene,2.65,2026-08-17,2026-08-30,open-prices
REWE,"Ja! Vollmilch, 3,5% Fett",4337256280013,dairies,0.95,2026-08-17,2026-08-30,open-prices
REWE,Ja! Weisse Bohnen mit Suppengrün,4337256405805,plant based foods and beverages,1.19,2025-06-23,2026-08-30,open-prices
REWE,Ja! Weizenmehl Type 405,4337256666220,plant based foods and beverages,0.59,2025-11-08,2026-08-30,open-prices
REWE,Ja! Zoma Dessert Schoko,4337256772204,dairies,0.35,2024-12-13,2026-08-30,open-prices
REWE,Ja! kidney bohnen,4337256548038,plant based foods and beverages,0.79,2024-03-15,2026-08-30,open-prices
REWE,Ja! Мюсли бар шоколад,4337256473729,snacks,1.49,2026-06-22,2026-08-30,open-prices
REWE,Jacobs Barista Crema,8711000891704,beverages and beverages preparations,12.99,2025-07-26,2026-08-30,open-prices
REWE,Jever Pilsener,4008948027000,beverages and beverages preparations,1.09,2025-07-04,2026-08-30,open-prices
REWE,Just Spices Ei Topping,4260431680400,plant based foods and beverages,5.99,2026-05-13,2026-08-30,open-prices
REWE,Just Spices Salat Topping,4260431678032,plant based foods and beverages,5.99,2026-05-13,2026-08-30,open-prices
REWE,Kaiserbrötchen glutenfrei,5907653107092,Lebensmittel,1.79,2026-04-28,2026-08-30,open-prices
REWE,Karwendel Miree - Frühlingskräuter,4019300165537,dairies,1.11,2025-08-23,2026-08-30,open-prices
REWE,Kathi Instant Weizenmehl,4012367012677,Lebensmittel,1.99,2025-11-08,2026-08-30,open-prices
REWE,Kathi Weizenmehl 550,4012367012653,plant based foods and beverages,1.99,2025-11-08,2026-08-30,open-prices
REWE,Kathi Weizenmehl Typ 405,4012367012608,plant based foods and beverages,1.39,2025-11-08,2026-08-30,open-prices
REWE,Khao Shong Wasabi Coated Peanuts,8850043330297,plant based foods and beverages,3.29,2026-07-30,2026-08-30,open-prices
REWE,Kikkoman Sojasauce,8715035110502,condiments,6.99,2026-04-28,2026-08-30,open-prices
REWE,Kikkoman Teriyaki Sauce mit geröstetem Sesam,8715035280304,condiments,4.79,2026-04-28,2026-08-30,open-prices
REWE,Kirschen,8435492617740,Lebensmittel,3.54,2026-06-22,2026-08-30,open-prices
REWE,KleeHof Harzer Käse nach traditioneller Art,4043600606018,dairies,2.29,2026-08-21,2026-08-30,open-prices
REWE,Klosterfrau Heißer Granatapfel-Sandorn Immun & Abwehrkraft,4008617133957,beverages and beverages preparations,3.79,2024-12-23,2026-08-30,open-prices
REWE,Knorr Geschnetzeltes Züricher Art,8720182429568,meals,0.39,2024-12-13,2026-08-30,open-prices
REWE,KoRo Protein Bar Deluxe Peanut Butter,4260718295884,snacks,2.69,2026-08-29,2026-08-30,open-prices
REWE,KoRo Protein Bar Deluxe Pistachio Butter,4255582800487,snacks,2.69,2026-08-29,2026-08-30,open-prices
REWE,Krombacher's Fassbrause Maracuja,4008287919974,beverages and beverages preparations,1.05,2026-06-13,2026-08-30,open-prices
REWE,Kräuter Philadelphia,7622300318116,dairies,1.0,2025-03-25,2026-08-30,open-prices
REWE,Krüger Group Edle Tropfen in Nuss - Klassische Brände,4000607790706,snacks,4.49,2026-04-28,2026-08-30,open-prices
REWE,Kultur-Heidelbeeren,4051682000167,plant based foods and beverages,3.99,2026-07-22,2026-08-30,open-prices
REWE,KÜHNE Silber Zwiebeln 40804477 Silberzwiebeln,40804477,plant based foods and beverages,1.29,2025-12-27,2026-08-30,open-prices
REWE,Käse Rebellen Heublumen Rebell,2720220002896,hartkäse,4.79,2024-03-23,2026-08-30,open-prices
REWE,Käse Rebellen Heublumenrebell,4388860029512,dairies,4.79,2024-03-23,2026-08-30,open-prices
REWE,LITTLE LUNCH THAI CURRY Bio-Gemüseeintopf asiatischer Art,4280000878946,plant based foods and beverages,3.49,2026-04-28,2026-08-30,open-prices
REWE,La Monegasque Avocadoöl,3175690201376,plant based foods and beverages,9.29,2026-07-21,2026-08-30,open-prices
REWE,Lacroix Gemüsefond,4009062800845,plant based foods and beverages,3.29,2024-11-22,2026-08-30,open-prices
REWE,"Landkost-Ei Das Original BB-Ei, Bodenhaltung aus Brandenburg",4027767057159,farming products,2.59,2025-12-27,2026-08-30,open-prices
REWE,Langnese Cremissimo Haselnuss Vanilla Schokolade,,Angebot · schokolade,1.79,2026-08-30,2026-08-30,marktguru-offers
REWE,Latentia Winery Novantaceppi 90 Primitivo,,Angebot · wein,4.99,2026-08-30,2026-08-30,marktguru-offers
REWE,Lavazza Caramel Latte,,Angebot · kaffee,1.79,2026-08-30,2026-08-30,marktguru-offers
REWE,Lavazza Espresso Italiano classico ground coffee,8000070012837,beverages and beverages preparations,4.49,2025-11-24,2026-08-30,open-prices
REWE,Le Gruyère Premier Cru,,Angebot · milch,2.99,2026-08-30,2026-08-30,marktguru-offers
REWE,Le Rustique Camembert,,Angebot · milch,2.79,2026-08-30,2026-08-30,marktguru-offers
REWE,Lebensgarten Basis Porridge,4070308042886,plant based foods and beverages,2.79,2026-08-29,2026-08-30,open-prices
REWE,Lee Kum Kee Austernsauce,4316734091693,condiments,2.89,2026-04-28,2026-08-30,open-prices
REWE,"Lee Kum Kee Sojasauce, hell",4316734092072,condiments,3.99,2026-04-28,2026-08-30,open-prices
REWE,Leerdammer Original,,Angebot · milch,1.11,2026-08-30,2026-08-30,marktguru-offers
REWE,Leibniz Kunterbunt - Choco,4017100143816,snacks,2.49,2026-06-29,2026-08-30,open-prices
REWE,Leibniz Mini cookies,4017100150616,snacks,2.49,2026-06-29,2026-08-30,open-prices
REWE,Leibniz Minis glutenfrei,4017100377815,plant based foods and beverages,2.99,2026-07-21,2026-08-30,open-prices
REWE,Lemonaid Beverages GmbH Café Intención eclógico,4006581020686,beverages and beverages preparations,19.99,2026-08-21,2026-08-30,open-prices
REWE,Lenor All in 1 Pods,,Angebot · waschmittel,4.99,2026-08-30,2026-08-30,marktguru-offers
REWE,Lenor Weichspüler,,Angebot · waschmittel,3.99,2026-08-30,2026-08-30,marktguru-offers
REWE,Lichtenauer Mineralwasser,,Angebot · wasser,5.99,2026-08-30,2026-08-30,marktguru-offers
REWE,Like Döner,4260380665077,meat alternatives,2.49,2026-08-29,2026-08-30,open-prices
REWE,Like Protein Bites 40 g,4260380666609,meat alternatives,2.49,2026-08-29,2026-08-30,open-prices
REWE,Lindt Swiss Premium Chocolate Vollmilch Nuss,7610400100052,snacks,6.49,2024-12-11,2026-08-30,open-prices
REWE,Little Lunch Chili sin Carne,4280000878519,plant based foods and beverages,3.49,2026-04-28,2026-08-30,open-prices
REWE,Lommatzsch Eier aus Bodenhaltung,4260236880005,farming products,2.69,2025-03-28,2026-08-30,open-prices
REWE,Lotus Biscoff Original Karamellgebäck,5410126016079,snacks,1.79,2025-06-19,2026-08-30,open-prices
REWE,Maggi Fix Nudel-Schinken Gratin,,Angebot · schinken,0.49,2026-08-30,2026-08-30,marktguru-offers
REWE,Magnum Ice Cream Lolly 110 ML,8711327612372,desserts,2.99,2025-04-04,2026-08-30,open-prices
REWE,Martin Schongauer Qualitätsweine,,Angebot · wein,3.99,2026-08-30,2026-08-30,marktguru-offers
REWE,Maybach Qualitätsweine,,Angebot · wein,2.99,2026-08-30,2026-08-30,marktguru-offers
REWE,Mc Cain Frites de Luxe,8710438088892,plant based foods and beverages,1.59,2025-06-14,2026-08-30,open-prices
REWE,Menü-Variant Penne Gorgonzola mit feinem Blattspinat,4337256339896,meals,2.99,2026-06-29,2026-08-30,open-prices
REWE,Metten Salami-Aufschnitt Spezial,,Angebot · wurst,1.59,2026-08-30,2026-08-30,marktguru-offers
REWE,Metzgerei Wilhelm Brandenburg Kernschinken,,Angebot · wurst,1.49,2026-08-30,2026-08-30,marktguru-offers
REWE,Metzgerei Wilhelm Brandenburg Mini Wiener Würstchen,,Angebot · wurst,2.49,2026-08-30,2026-08-30,marktguru-offers
REWE,Mila Alta Badia,,Angebot · milch,1.99,2026-08-30,2026-08-30,marktguru-offers
REWE,Milchreis - Kirsche - Müller,40255699,desserts,0.99,2025-07-10,2026-08-30,open-prices
REWE,Milka Alles Gute Pralinen,7622010002442,snacks,3.89,2026-04-28,2026-08-30,open-prices
REWE,Milka Pralines,7622210598011,snacks,3.89,2026-04-28,2026-08-30,open-prices
REWE,Milka Schoko & Keks,7622200009084,snacks,4.99,2026-04-28,2026-08-30,open-prices
REWE,Milram 3-Zwiebel-Quark,40466101,dairies,1.45,2026-08-17,2026-08-30,open-prices
REWE,Milram Buttermilch-Drink,,Angebot · milch,1.29,2026-08-30,2026-08-30,marktguru-offers
REWE,Milupa Kindermilch,,Angebot · milch,5.99,2026-08-30,2026-08-30,marktguru-offers
REWE,Miree - Paprika-Chili,40193052,dairies,1.11,2026-07-21,2026-08-30,open-prices
REWE,Miree Knoblauch Frischkäse,40193069,dairies,1.11,2026-07-21,2026-08-30,open-prices
REWE,"Mischbrot Anno 1688 Klassisch, Harry",4071800052618,plant based foods and beverages,2.49,2026-04-28,2026-08-30,open-prices
REWE,Mondelēz Tuc Original,5410041001204,snacks,0.89,2025-06-02,2026-08-30,open-prices
REWE,Moselland Akzente Riesling,,Angebot · wein,3.99,2026-08-30,2026-08-30,marktguru-offers
REWE,Mutti Pizzasauce Aromatica,8005110551215,plant based foods and beverages,2.19,2026-07-30,2026-08-30,open-prices
REWE,Mutti Pulpa Tomatenfruchtfleisch mit Knobi,8005110170461,plant based foods and beverages,1.79,2025-03-19,2026-08-30,open-prices
REWE,Mutti Tomatenfruchtfleisch mit Basilikum,8005110170423,beverages and beverages preparations,1.99,2026-07-30,2026-08-30,open-prices
REWE,Mutti Tomatenpesto,,Angebot · tomaten,2.49,2026-08-30,2026-08-30,marktguru-offers
REWE,Mövenpick Caffè Crema,,Angebot · kaffee,13.99,2026-08-30,2026-08-30,marktguru-offers
REWE,Mövenpick Kaffee Der Himmlische,,Angebot · kaffee,6.99,2026-08-30,2026-08-30,marktguru-offers
REWE,Müller & Müller GmbH Blockschokolade,4006814001796,snacks,2.99,2025-12-22,2026-08-30,open-prices
REWE,Müller Milchreis Apfel,40255682,desserts,0.99,2025-07-10,2026-08-30,open-prices
REWE,Müllermilch,,Angebot · milch,0.79,2026-08-30,2026-08-30,marktguru-offers
REWE,NATURE VALLEY protein pind&choc.GV,8410076610737,plant based foods and beverages,3.49,2026-07-22,2026-08-30,open-prices
REWE,NORDISK KELLOGG'S NORGE NUF Cerealien einzeln verpackt,5053827188517,plant based foods and beverages,4.49,2026-07-31,2026-08-30,open-prices
REWE,Naba Feinkost Grillgemüse & Linsen,4070308058078,plant based foods and beverages,1.69,2026-07-22,2026-08-30,open-prices
REWE,Natur & Wildreis ORYZA,4006237640398,plant based foods and beverages,2.29,2025-06-23,2026-08-30,open-prices
REWE,Nature & Respect Freiland Hähnchen-Brustfilets mariniert,,Angebot · hähnchen,19.9,2026-08-30,2026-08-30,marktguru-offers
REWE,Nescafé Espresso Concentrate,,Angebot · kaffee,4.44,2026-08-30,2026-08-30,marktguru-offers
REWE,Nestlé KitKat Cookie Dough,,Angebot · schokolade,1.79,2026-08-30,2026-08-30,marktguru-offers
REWE,Nestlé Mayonnaise Delikatesse,40056012,condiments,2.79,2025-05-26,2026-08-30,open-prices
REWE,Nestlé Remoulade,4005500087120,plant based foods and beverages,2.19,2026-04-28,2026-08-30,open-prices
REWE,Nestlé Smarties & Joghurt,,Angebot · milch,0.69,2026-08-30,2026-08-30,marktguru-offers
REWE,Nestlé Tablette caramel salé,3800020491423,snacks,2.29,2026-04-28,2026-08-30,open-prices
REWE,No-Name Bananen süß & samtig,4251291113221,plant based foods and beverages,1.29,2025-08-23,2026-08-30,open-prices
REWE,Nutella,4008400401829,breakfasts,7.59,2026-06-22,2026-08-30,open-prices
REWE,Nutkao buna crema,4337256903837,breakfasts,2.79,2026-04-02,2026-08-30,open-prices
REWE,OM Altsteirer Hartkäse,,Angebot · milch,1.79,2026-08-30,2026-08-30,marktguru-offers
REWE,ORO DI PARMA Tomaten stückig mit Basilikum,4008100168244,plant based foods and beverages,1.99,2026-07-30,2026-08-30,open-prices
REWE,ORO di Parma Tomaten stückig scharf,4008100168480,plant based foods and beverages,1.99,2026-07-30,2026-08-30,open-prices
REWE,Oberdorfer Helles Helles,,Angebot · bier,14.99,2026-08-30,2026-08-30,marktguru-offers
REWE,Old El Paso Mini Tortillas White Corn,8410076482211,plant based foods and beverages,3.99,2026-07-01,2026-08-30,open-prices
REWE,Original Wagner Pizza Speciale mit Pesto alla Genovese,4009233006816,frozen foods,1.99,2025-05-19,2026-08-30,open-prices
REWE,Oro di Parma Pizzasauce Oregano,4008100168220,plant based foods and beverages,1.99,2025-03-19,2026-08-30,open-prices
REWE,Osborne Solaz Tempranillo & Cabernet Sauvignon,,Angebot · wein,4.29,2026-08-30,2026-08-30,marktguru-offers
REWE,Ostmann Chiliflocken,4002674041491,Lebensmittel,2.49,2026-04-28,2026-08-30,open-prices
REWE,Ostmann Chillies & Knoblauch Gewürzmischung,4002674041484,plant based foods and beverages,2.59,2026-04-28,2026-08-30,open-prices
REWE,Ostmann China Gewürz,4002674041637,plant based foods and beverages,2.29,2026-04-28,2026-08-30,open-prices
REWE,Ostmann Salz knoblauch,4002674043112,plant based foods and beverages,2.49,2026-04-28,2026-08-30,open-prices
REWE,PONNATH DIE MEISTERMETZGER Delikatess Prosciutto Cotto,4000930585048,meats and their products,2.79,2025-07-10,2026-08-30,open-prices
REWE,Pascal Ernest Madeleines,4011574186928,Lebensmittel,1.89,2026-07-22,2026-08-30,open-prices
REWE,Penny Bananen,5425003611469,plant based foods and beverages,1.29,2025-07-04,2026-08-30,open-prices
REWE,Penny Market Aprikosen,8436557131478,Lebensmittel,2.29,2026-06-22,2026-08-30,open-prices
REWE,Persil Universal 4 in 1 Discs,,Angebot · waschmittel,18.99,2026-08-30,2026-08-30,marktguru-offers
REWE,Pilzland Vertriebs GmbH Champignons,4049656922089,plant based foods and beverages,1.99,2025-06-23,2026-08-30,open-prices
REWE,"Pink Lady Äpfel, Cripps Pink",4053702043215,plant based foods and beverages,3.29,2026-08-17,2026-08-30,open-prices
REWE,Pinsami Pinsa Pizza dough,8055186190948,plant based foods and beverages,3.49,2026-04-28,2026-08-30,open-prices
REWE,Plangger Steinsalzkäse,,Angebot · milch,2.19,2026-08-30,2026-08-30,marktguru-offers
REWE,Poensgen Glutenfreies Rosinenbrot,4250208800186,pains speciaux,4.49,2026-04-28,2026-08-30,open-prices
REWE,Poensgen Süßes Weißbrot,4250208800025,Lebensmittel,3.99,2026-04-28,2026-08-30,open-prices
REWE,Popp Brotaufstrich Eiersalat,4045800402261,spreads,1.19,2026-07-01,2026-08-30,open-prices
REWE,Popz Europe KFT Mikrowellen Popcorn süß,21661914,snacks,1.29,2024-07-27,2026-08-30,open-prices
REWE,Potzblitz Schnittkäse,,Angebot · milch,2.69,2026-08-30,2026-08-30,marktguru-offers
REWE,Pringles Sour Cream,5053990127740,plant based foods and beverages,1.89,2025-06-19,2026-08-30,open-prices
REWE,Procter & Gamble Fairy Konzentrat,8001090510327,Lebensmittel,1.89,2025-06-19,2026-08-30,open-prices
REWE,Pueblo Fine Cut Tobacco,42464761,feinschnitttabake,6.5,2025-07-15,2026-08-30,open-prices
REWE,REWE BESTE WAHL Eier,4388860559743,farming products,1.99,2025-05-09,2026-08-30,open-prices
REWE,REWE Backhefe,4337256232197,cooking helpers,1.59,2026-04-02,2026-08-30,open-prices
REWE,REWE Baguette,2155782000897,plant based foods and beverages,0.89,2024-07-10,2026-08-30,open-prices
REWE,REWE Beste Wahl Apfel Birnen Saft naturtrüb,4337256248105,beverages and beverages preparations,1.89,2026-01-13,2026-08-30,open-prices
REWE,REWE Beste Wahl Artischocken Herzen in Öl,4337256366588,plant based foods and beverages,2.89,2026-07-30,2026-08-30,open-prices
REWE,REWE Beste Wahl Chalkidiki Oliven,4337256786393,plant based foods and beverages,1.99,2025-07-04,2026-08-30,open-prices
REWE,REWE Beste Wahl Chili sin Carne,4337256996686,plant based foods and beverages,2.99,2025-11-24,2026-08-30,open-prices
REWE,REWE Beste Wahl Curry Reis,4337256800372,Lebensmittel,1.29,2026-07-22,2026-08-30,open-prices
REWE,REWE Beste Wahl Dinkeltoastbrötchen,4337256754705,plant based foods and beverages,0.99,2026-04-28,2026-08-30,open-prices
REWE,REWE Beste Wahl Erdnüsse geröstet & gesalzen,4337256475501,plant based foods and beverages,1.59,2025-12-22,2026-08-30,open-prices
REWE,"REWE Beste Wahl Exotischer Fruchtcocktail, leicht gezuckert",4337256754569,plant based foods and beverages,1.89,2026-01-13,2026-08-30,open-prices
REWE,REWE Beste Wahl Gegrillte Artischockenviertel in Sonnenblumenöl mit Kräutern,4337256354158,plant based foods and beverages,2.39,2026-04-02,2026-08-30,open-prices
REWE,REWE Beste Wahl High Protein Pudding Grieß Pur,4337256725033,dairies,0.69,2026-07-14,2026-08-30,open-prices
REWE,REWE Beste Wahl High Protein Pudding Pistazien,4337256645829,dairies,0.89,2026-08-21,2026-08-30,open-prices
REWE,REWE Beste Wahl High-Protein-Pudding - Schoko,4337256382564,dairies,0.89,2026-07-31,2026-08-30,open-prices
REWE,REWE Beste Wahl Hirtensalat Oliven,4337256852050,meals,2.29,2026-06-13,2026-08-30,open-prices
REWE,REWE Beste Wahl Hummus Avocado mit Paprika-Topping,4070308105499,Lebensmittel,1.69,2026-06-13,2026-08-30,open-prices
REWE,REWE Beste Wahl Koriander,4337256772488,plant based foods and beverages,0.99,2026-06-27,2026-08-30,open-prices
REWE,REWE Beste Wahl Milch Chocs Schokoladenbonbons,4337256709132,snacks,2.19,2024-11-02,2026-08-30,open-prices
REWE,REWE Beste Wahl Mini Reiswaffeln Mit Fettcreme,4337256849265,Lebensmittel,1.19,2026-06-27,2026-08-30,open-prices
REWE,REWE Beste Wahl Nussecken,4337256838917,snacks,2.49,2026-04-28,2026-08-30,open-prices
REWE,REWE Beste Wahl Orangensaft Direktsaft,4388860678222,beverages and beverages preparations,2.45,2026-08-21,2026-08-30,open-prices
REWE,REWE Beste Wahl Paprika edelsüß gemahlen,4337256223409,plant based foods and beverages,1.99,2026-06-27,2026-08-30,open-prices
REWE,REWE Beste Wahl REWE Paprika-Mix,4388844118102,plant based foods and beverages,1.49,2025-06-23,2026-08-30,open-prices
REWE,REWE Beste Wahl Rewe milder roter Multi,4337256071802,beverages and beverages preparations,1.89,2026-06-27,2026-08-30,open-prices
REWE,REWE Beste Wahl Röstzwiebeln,4337256119818,plant based foods and beverages,1.19,2026-01-13,2026-08-30,open-prices
REWE,REWE Beste Wahl Schoko Tröpfchen zartbitter,4337256468473,snacks,1.89,2026-08-29,2026-08-30,open-prices
REWE,REWE Beste Wahl Soja Natur,4070308063256,plant based foods and beverages,0.99,2026-08-29,2026-08-30,open-prices
REWE,REWE Beste Wahl Speise-kartoffeln extra dick,4388860477719,plant based foods and beverages,2.49,2026-08-17,2026-08-30,open-prices
REWE,REWE Beste Wahl Tomate-Rucola Aufstrich,4337256959544,Lebensmittel,1.89,2026-06-13,2026-08-30,open-prices
REWE,REWE Beste Wahl Veganes Hack,4070308029344,meat alternatives,2.39,2026-08-21,2026-08-30,open-prices
REWE,REWE Beste Wahl Walnusskerne,4337256996235,plant based foods and beverages,2.99,2026-08-21,2026-08-30,open-prices
REWE,REWE Beste Wahl Weizenmehl Type 405,4337256552554,plant based foods and beverages,0.79,2025-11-08,2026-08-30,open-prices
REWE,REWE Beste Wahl Weizenmehl Type 550,4337256898751,plant based foods and beverages,0.79,2025-11-08,2026-08-30,open-prices
REWE,REWE Beste Wahl weißweinessig,4337256269377,essige,1.99,2026-06-29,2026-08-30,open-prices
REWE,REWE Bio +vegan Kokos Natur,4337256959407,plant based foods and beverages,1.45,2025-09-01,2026-08-30,open-prices
REWE,REWE Bio Apfel-/Birnenmark,4337256529822,plant based foods and beverages,1.15,2026-06-29,2026-08-30,open-prices
REWE,REWE Bio Apfel-Brombeer-Himbeermark,4337256145145,plant based foods and beverages,1.55,2026-07-28,2026-08-30,open-prices
REWE,REWE Bio Apfel-Mangomark,4337256321280,plant based foods and beverages,1.15,2026-06-29,2026-08-30,open-prices
REWE,REWE Bio Apfelchips,4337256963657,plant based foods and beverages,2.49,2026-04-28,2026-08-30,open-prices
REWE,REWE Bio Bananenchips,4337256622813,plant based foods and beverages,2.49,2025-07-04,2026-08-30,open-prices
REWE,REWE Bio Bio Sonnenblumenkernbrot,4337256010931,Lebensmittel,2.39,2026-04-28,2026-08-30,open-prices
REWE,REWE Bio Bliss Balls Himbeere,4070308103624,snacks,1.59,2026-07-21,2026-08-30,open-prices
REWE,REWE Bio Bliss Balls Peanut,4070308108131,snacks,1.59,2026-07-21,2026-08-30,open-prices
REWE,REWE Bio Blütenhonig (flüssig),4337256601887,breakfasts,2.55,2026-08-17,2026-08-30,open-prices
REWE,REWE Bio Braune Kultur Champignons,4388860083170,plant based foods and beverages,2.49,2026-07-31,2026-08-30,open-prices
REWE,REWE Bio Das Pure,4337256643214,plant based foods and beverages,1.75,2026-08-21,2026-08-30,open-prices
REWE,REWE Bio Dinkel gepufft mit Honig gesüßt,4337256379519,plant based foods and beverages,1.79,2026-07-21,2026-08-30,open-prices
REWE,REWE Bio Finn Toastbrötchen,4337256894210,plant based foods and beverages,0.95,2026-06-29,2026-08-30,open-prices
REWE,REWE Bio Frischkäse,4337256453776,dairies,1.39,2026-08-21,2026-08-30,open-prices
REWE,REWE Bio Fusilli Nudeln aus Bio-Hartweizengrieß,4337256004008,plant based foods and beverages,0.85,2026-07-21,2026-08-30,open-prices
REWE,REWE Bio Gartenerbsen,4070308018003,plant based foods and beverages,1.49,2026-06-22,2026-08-30,open-prices
REWE,REWE Bio Haferflocken,4337256897006,plant based foods and beverages,0.85,2026-07-22,2026-08-30,open-prices
REWE,REWE Bio Haferflocken,4337256538596,plant based foods and beverages,0.95,2026-07-21,2026-08-30,open-prices
REWE,REWE Bio Joghurt 0.1%,4337256853026,dairies,0.99,2026-07-21,2026-08-30,open-prices
REWE,REWE Bio Kakao,4337256845038,cocoa and its products,3.99,2026-05-13,2026-08-30,open-prices
REWE,REWE Bio Kichererbsen,4337256801003,plant based foods and beverages,1.79,2025-06-19,2026-08-30,open-prices
REWE,REWE Bio Kürbiskern Brötchen,4337256111928,plant based foods and beverages,2.89,2026-04-28,2026-08-30,open-prices
REWE,REWE Bio Milde Guacamole,4070308038599,plant based foods and beverages,2.79,2026-06-13,2026-08-30,open-prices
REWE,REWE Bio Sahne Joghurt Mild Nach griechischer Art,4337256857178,sahne joghurt mild,1.39,2025-09-01,2026-08-30,open-prices
REWE,REWE Bio Schaf Joghurt,4337256176835,dairies,0.89,2026-06-29,2026-08-30,open-prices
REWE,REWE Bio Skyr Natur,4337256379458,dairies,1.45,2026-08-21,2026-08-30,open-prices
REWE,REWE Bio Speisequark Magerstufe,4337256080347,dairies,0.99,2026-08-29,2026-08-30,open-prices
REWE,REWE Bio Tomaten in Stücken,4337256353014,plant based foods and beverages,0.65,2026-07-01,2026-08-30,open-prices
REWE,REWE Bio Vegane Remoulade,4337256095174,condiments,1.99,2026-04-28,2026-08-30,open-prices
REWE,REWE Bio Vollkorn Baguette,4337256670791,plant based foods and beverages,2.39,2026-04-28,2026-08-30,open-prices
REWE,REWE Bio Vollkorn Brötchen,4337256689144,plant based foods and beverages,2.19,2026-04-28,2026-08-30,open-prices
REWE,"REWE Bio Weide-Milch 1,5% Fett",4337256565905,dairies,1.25,2026-08-29,2026-08-30,open-prices
REWE,REWE Bio Weizenmehl Type 405,4070308111360,plant based foods and beverages,0.85,2026-08-29,2026-08-30,open-prices
REWE,REWE Bio Weizenmehl Type 550,4337256114837,plant based foods and beverages,0.85,2025-07-09,2026-08-30,open-prices
REWE,REWE Bio Zitronen Bio,4388844293755,plant based foods and beverages,1.79,2025-12-22,2026-08-30,open-prices
REWE,REWE Bio Zucchini,4388860007831,plant based foods and beverages,1.89,2025-03-20,2026-08-30,open-prices
REWE,REWE Bio frische Weidemilch,4337256560467,dairies,1.35,2026-08-17,2026-08-30,open-prices
REWE,"REWE Birnen, grün",8054317703026,plant based foods and beverages,1.99,2024-11-02,2026-08-30,open-prices
REWE,REWE Crema com „Aceto Balsamico di Modena I.G.P.“,4388844019805,condiments,2.69,2026-04-28,2026-08-30,open-prices
REWE,REWE Delikatess Kochschinken,4337256426695,meats and their products,1.59,2025-10-13,2026-08-30,open-prices
REWE,REWE Eier,4388860190519,eggs and their products,2.99,2025-03-28,2026-08-30,open-prices
REWE,REWE Feine Welt Burrata,4337256311823,dairies,1.49,2025-12-27,2026-08-30,open-prices
REWE,REWE Feine Welt Feta Lesbos,4337256345729,dairies,2.89,2025-07-09,2026-08-30,open-prices
REWE,"REWE Feine Welt Geräuchertes Lachsrückenfilet, mit Buchenholz geräuchert, von Hand gesalzen",4337256398169,seafood,4.59,2026-07-21,2026-08-30,open-prices
REWE,REWE Feine Welt Salsiccia classica,4337256660341,meats and their products,4.99,2026-08-21,2026-08-30,open-prices
REWE,REWE Feine Welt Schokoladen Eiscreme,4337256375832,desserts,2.99,2025-06-07,2026-08-30,open-prices
REWE,REWE Feine Welt Tiroler Bergkäse,4337256231381,dairies,3.99,2025-09-01,2026-08-30,open-prices
REWE,REWE Frühstücks Brötchen,4337256187732,plant based foods and beverages,0.69,2024-12-27,2026-08-30,open-prices
REWE,REWE Kokosmilch fettreduziert,4337256650854,plant based foods and beverages,0.99,2024-11-02,2026-08-30,open-prices
REWE,REWE Marshmallows,4337256803458,snacks,1.79,2025-05-09,2026-08-30,open-prices
REWE,REWE Marzipan,4337256068963,snacks,1.89,2025-12-22,2026-08-30,open-prices
REWE,REWE Regional Broccoli,4388844095120,Brocco,1.49,2026-08-17,2026-08-30,open-prices
REWE,REWE Regional Chicorée,4388860379686,plant based foods and beverages,2.49,2025-03-28,2026-08-30,open-prices
REWE,REWE Regional Möhren,4388860409635,Lebensmittel,1.89,2026-06-27,2026-08-30,open-prices
REWE,REWE Regional Reibekuchen,4337256165082,plant based foods and beverages,3.49,2026-06-13,2026-08-30,open-prices
REWE,REWE Regional Romana Salatherzen,4388844094109,plant based foods and beverages,1.89,2025-06-23,2026-08-30,open-prices
REWE,REWE To Go Tori Sushi,42483649,meals,3.19,2025-11-24,2026-08-30,open-prices
REWE,REWE Tomatenketchup,4337256364348,condiments,1.29,2025-11-24,2026-08-30,open-prices
REWE,REWE frei von Burger Brötchen glutenfrei,4337256099097,plant based foods and beverages,2.19,2026-04-28,2026-08-30,open-prices
REWE,REWE to Go BBQ Mix,4337256833516,meals,3.99,2026-08-21,2026-08-30,open-prices
REWE,REWE to go Wakame Salat mit Mu-Err Pilzen,4337256456395,plant based foods and beverages,2.79,2026-06-29,2026-08-30,open-prices
REWE,REWE to go Yuriko Sushi,4337256988674,seafood,7.99,2026-06-22,2026-08-30,open-prices
REWE,RITTER SPORT Haselnuss,4000417622211,snacks,1.99,2026-04-28,2026-08-30,open-prices
REWE,ROUGETTE Ofenkäse cremig-mild,4000504176627,dairies,5.99,2025-05-09,2026-08-30,open-prices
REWE,RUF Tassencremepudding Vanille,4002809018862,Lebensmittel,0.89,2026-04-28,2026-08-30,open-prices
REWE,Rasgón Tempranillo Vino de la tierra,,Angebot · wein,2.99,2026-08-30,2026-08-30,marktguru-offers
REWE,Rauch Maracujasaft,9008700128575,beverages and beverages preparations,1.99,2025-06-19,2026-08-30,open-prices
REWE,Regionaler Eisbergsalat,4388844094697,plant based foods and beverages,0.65,2025-06-19,2026-08-30,open-prices
REWE,Rewe Back-Station Ciabatta,,Angebot · brot,0.79,2026-08-30,2026-08-30,marktguru-offers
REWE,Rewe Back-Station Geflammtes Brot,,Angebot · brot,1.69,2026-08-30,2026-08-30,marktguru-offers
REWE,Rewe Beeren Müsli,4337256112260,plant based foods and beverages,2.79,2026-07-22,2026-08-30,open-prices
REWE,Rewe Beste Wahl Buschbohnen,,Angebot · reis,1.59,2026-08-30,2026-08-30,marktguru-offers
REWE,Rewe Beste Wahl Frische Eier,4337256067508,eggs and their products,3.29,2026-07-21,2026-08-30,open-prices
REWE,Rewe Beste Wahl Linsen Chips,4337256760485,snacks,1.19,2026-07-22,2026-08-30,open-prices
REWE,Rewe Beste Wahl Mangostreifen,4337256875769,plant based foods and beverages,2.69,2026-07-22,2026-08-30,open-prices
REWE,Rewe Beste Wahl Mie-Nudeln,4337256752329,plant based foods and beverages,0.89,2026-06-27,2026-08-30,open-prices
REWE,Rewe Beste Wahl Nuggets auf Basis von Pflanzenproteinen,4337256690195,meat alternatives,2.29,2025-11-24,2026-08-30,open-prices
REWE,Rewe Beste Wahl Orangen,4388844137394,plant based foods and beverages,2.22,2024-12-27,2026-08-30,open-prices
REWE,Rewe Beste Wahl Pikante Guacamole,4337256771702,plant based foods and beverages,2.39,2026-04-28,2026-08-30,open-prices
REWE,Rewe Beste Wahl Pizzamehl Tipo 00,4337256912426,plant based foods and beverages,1.29,2025-11-08,2026-08-30,open-prices
REWE,Rewe Beste Wahl Sauerkirschnektar,4070308061399,beverages and beverages preparations,2.99,2026-07-21,2026-08-30,open-prices
REWE,Rewe Beste Wahl Tortellini Spinat,4337256657570,meals,4.99,2025-11-24,2026-08-30,open-prices
REWE,Rewe Beste Wahl Wildkräuter Salat,,Angebot · salat,1.19,2026-08-30,2026-08-30,marktguru-offers
REWE,Rewe Beste Wahl Zwiebelbaguette,4337256706148,Lebensmittel,1.99,2026-04-28,2026-08-30,open-prices
REWE,Rewe Beste Wahl leichte Kochcreme,4070308066257,Lebensmittel,0.89,2026-08-21,2026-08-30,open-prices
REWE,Rewe Bio Aceto Balsamico di modena,4337256151092,condiments,2.49,2026-04-28,2026-08-30,open-prices
REWE,Rewe Bio Bio Butternut Kürbis,,Angebot · butter,1.99,2026-08-30,2026-08-30,marktguru-offers
REWE,Rewe Bio Bio Tomaten-Ketchup,4337256188814,plant based foods and beverages,2.29,2026-07-14,2026-08-30,open-prices
REWE,Rewe Bio Brot aus Roggenvollkorn,4337256109130,plant based foods and beverages,2.19,2026-04-28,2026-08-30,open-prices
REWE,Rewe Bio Dinkel Doppelkeks,4337256125666,snacks,1.95,2026-07-22,2026-08-30,open-prices
REWE,Rewe Bio Edamame & Erbse Streichcreme,4337256989558,spreads,1.25,2026-04-28,2026-08-30,open-prices
REWE,Rewe Bio Essig Condimento Bianco,4337256154970,condiments,2.49,2026-04-28,2026-08-30,open-prices
REWE,"Rewe Bio Frische Weidemilch 1,5 %",4337256781510,dairies,1.25,2026-07-31,2026-08-30,open-prices
REWE,Rewe Bio Fruchtschnitte Apfel,4337256951630,Lebensmittel,2.89,2026-07-22,2026-08-30,open-prices
REWE,Rewe Bio Fruchtschnitte Cranberry Maracuja,4337256646918,plant based foods and beverages,2.89,2026-07-22,2026-08-30,open-prices
REWE,Rewe Bio Gewürzgurken,4337256819770,plant based foods and beverages,2.49,2025-11-24,2026-08-30,open-prices
REWE,Rewe Bio Haferflocken zart,4337256783132,plant based foods and beverages,0.85,2026-07-31,2026-08-30,open-prices
REWE,Rewe Bio Kerniges Steinofen Baguette,4337256902373,plant based foods and beverages,1.39,2026-04-28,2026-08-30,open-prices
REWE,Rewe Bio Kichererbsen,4337256179447,plant based foods and beverages,0.59,2025-06-19,2026-08-30,open-prices
REWE,Rewe Bio Natives Olivenöl Extra,4337256550154,plant based foods and beverages,6.99,2026-04-28,2026-08-30,open-prices
REWE,Rewe Bio Pumpernickel,4337256223041,plant based foods and beverages,1.09,2026-04-28,2026-08-30,open-prices
REWE,Rewe Bio Sesam,4337256566742,plant based foods and beverages,2.69,2026-07-14,2026-08-30,open-prices
REWE,Rewe Bio Soja Natur ohne Zucker,4070308072968,plant based foods and beverages,1.39,2026-08-21,2026-08-30,open-prices
REWE,Rewe Bio Süßrahmbutter,4337256455862,dairies,2.69,2025-11-24,2026-08-30,open-prices
REWE,"Rewe Bio Weidemilch 1,5% Fett",4337256566285,dairies,1.25,2026-08-21,2026-08-30,open-prices
REWE,Rewe Bio olives mix,4337256427074,plant based foods and beverages,2.99,2025-07-04,2026-08-30,open-prices
REWE,Rewe Bio-Eiweißbrot mit Erbsen,4337256447232,plant based foods and beverages,2.49,2026-04-28,2026-08-30,open-prices
REWE,Rewe Burger Patties,4070308129839,meats and their products,2.29,2026-08-21,2026-08-30,open-prices
REWE,Rewe Coleslaw,,Angebot · salat,0.79,2026-08-30,2026-08-30,marktguru-offers
REWE,Rewe Espresso,4337256511155,Lebensmittel,4.49,2025-06-14,2026-08-30,open-prices
REWE,Rewe Feine Welt Appenzeller,,Angebot · milch,3.99,2026-08-30,2026-08-30,marktguru-offers
REWE,Rewe Feine Welt Wachteleier,4388844300279,farming products,2.99,2025-03-28,2026-08-30,open-prices
REWE,Rewe Fischstäbchen,4337256318327,seafood,2.99,2026-07-21,2026-08-30,open-prices
REWE,Rewe Frischkäsecreme Guacamole,,Angebot · salat,1.29,2026-08-30,2026-08-30,marktguru-offers
REWE,Rewe Geflügel Bratwurst,4337256210843,meats and their products,2.79,2025-06-14,2026-08-30,open-prices
REWE,Rewe Hafer Drink Ohne zucker,4070308026589,beverages and beverages preparations,0.9,2026-07-21,2026-08-30,open-prices
REWE,Rewe Honig BBQ sauce,4337256185226,condiments,1.39,2024-03-15,2026-08-30,open-prices
REWE,Rewe Kakaoringe,4070308030548,plant based foods and beverages,2.49,2026-06-27,2026-08-30,open-prices
REWE,Rewe Kürbiskernbrot,4337256773812,plant based foods and beverages,2.19,2026-04-28,2026-08-30,open-prices
REWE,Rewe Mandel Drink,4070308042701,beverages and beverages preparations,1.49,2026-07-21,2026-08-30,open-prices
REWE,Rewe Mandelkerne Honig Salz,4337256960656,Lebensmittel,2.19,2026-07-22,2026-08-30,open-prices
REWE,Rewe Mineralwasser,4388810057657,beverages and beverages preparations,0.29,2026-08-17,2026-08-30,open-prices
REWE,Rewe Oster Häschen,4337256135030,snacks,1.99,2024-03-15,2026-08-30,open-prices
REWE,Rewe Pfirsiche Halbe Frucht in Traubensaft aus Traubensaftkonzentrat,4337256902618,plant based foods and beverages,1.99,2026-01-13,2026-08-30,open-prices
REWE,Rewe Pistazien Eiscreme,4337256241519,desserts,2.99,2025-06-07,2026-08-30,open-prices
REWE,Rewe Platt-Nektarinen,4388844286825,plant based foods and beverages,2.49,2026-07-22,2026-08-30,open-prices
REWE,Rewe Regional Champions braun,4388860276848,plant based foods and beverages,1.49,2026-08-17,2026-08-30,open-prices
REWE,Rewe Sac de course,4337256281652,Lebensmittel,1.0,2026-04-28,2026-08-30,open-prices
REWE,Rewe Soja Mango,4070308063713,plant based foods and beverages,0.99,2026-07-28,2026-08-30,open-prices
REWE,Rewe To Go Lachs Salat,4337256481519,meals,2.29,2026-01-14,2026-08-30,open-prices
REWE,Rewe To Go Smoothie Plus - Blue Edition,4070308099828,Lebensmittel,0.99,2026-06-29,2026-08-30,open-prices
REWE,Rewe Vanille und Schokolade Hörnchen,4337256232210,desserts,1.99,2026-07-21,2026-08-30,open-prices
REWE,Rewe Vollkorn Und Wildreis,4337256717861,plant based foods and beverages,1.79,2026-07-22,2026-08-30,open-prices
REWE,Rewe beste Wahl Teriyaki Sauce,4337256151528,Lebensmittel,1.49,2026-04-28,2026-08-30,open-prices
REWE,Rewe beste Wahl Wildkräutersalat,4337256508179,Lebensmittel,1.49,2025-11-24,2026-08-30,open-prices
REWE,Rewe bio Feta,4337256665216,dairies,2.69,2026-08-21,2026-08-30,open-prices
REWE,Rewe frei von Helles Brot,4337256628105,plant based foods and beverages,2.49,2026-04-28,2026-08-30,open-prices
REWE,Rewe rote Paprika HKLI,8713128180692,plant based foods and beverages,1.59,2026-06-27,2026-08-30,open-prices
REWE,Rewe to go Salatschale BBQ-Mix,,Angebot · salat,2.99,2026-08-30,2026-08-30,marktguru-offers
REWE,Rexona Men Cobalt Dry,8710447493915,hygiene,2.45,2026-08-21,2026-08-30,open-prices
REWE,Ribworld Bourbon BBQ Spare Ribs,5391511059027,schälrippchen,8.99,2025-05-09,2026-08-30,open-prices
REWE,Ritter Sport Honig Salz Mandel,4000417670410,snacks,2.29,2026-04-28,2026-08-30,open-prices
REWE,Ritter Sport Joghurt,4000417602718,snacks,1.99,2026-04-28,2026-08-30,open-prices
REWE,Ritter Sport Kakao Klasse die Starke - 81%,4000417693815,snacks,2.29,2026-04-28,2026-08-30,open-prices
REWE,Ritter Sport Nugat,4000417602619,snacks,1.99,2026-04-28,2026-08-30,open-prices
REWE,Ritter Sport Pfefferminz,4000417602817,snacks,1.99,2026-04-28,2026-08-30,open-prices
REWE,Ritter Sport Pistachio,4000417670915,snacks,2.29,2026-04-28,2026-08-30,open-prices
REWE,Ritter Sport Schokolade Dunkle Voll-Nuss,4000417670212,snacks,2.29,2026-04-28,2026-08-30,open-prices
REWE,Ritter Sport Trauben Nuss,4000417602213,snacks,1.99,2026-04-28,2026-08-30,open-prices
REWE,Ritter Sport Weiße Crisp,4000417629210,imbiss,1.99,2026-04-28,2026-08-30,open-prices
REWE,Ritter Sport Weiße Nuss,4000417670113,snacks,2.29,2026-04-28,2026-08-30,open-prices
REWE,Rote Paprika Klasse 1,4260447162006,plant based foods and beverages,1.49,2026-08-17,2026-08-30,open-prices
REWE,Rotkäppchen Weine,,Angebot · wein,2.99,2026-08-30,2026-08-30,marktguru-offers
REWE,Rotwild Müller-Thurgau,,Angebot · wein,2.99,2026-08-30,2026-08-30,marktguru-offers
REWE,Rougette Ofenkäse,,Angebot · milch,3.99,2026-08-30,2026-08-30,marktguru-offers
REWE,Royal Family Mochi Strawberry Cheesecake,4711931037060,snacks,2.79,2026-07-30,2026-08-30,open-prices
REWE,Royal Family Tiramisu & Crème Flavoured Mochi,4711931037077,snacks,2.79,2026-07-30,2026-08-30,open-prices
REWE,Ruf Glücklichmacher Tassencremepudding Grieß,4002809018893,Lebensmittel,0.89,2026-04-28,2026-08-30,open-prices
REWE,Ruf Tassenpudding Haselnuss,4002809018985,Lebensmittel,0.89,2026-04-28,2026-08-30,open-prices
REWE,Ruf Tassenpudding Schoko,4002809018879,Lebensmittel,0.89,2026-04-28,2026-08-30,open-prices
REWE,Ruf Unsere Hefe,40352961,food additives,0.79,2026-04-02,2026-08-30,open-prices
REWE,Ruwisch & Zuck Schweizer Teufel,,Angebot · milch,2.19,2026-08-30,2026-08-30,marktguru-offers
REWE,Rügenwalder Mühle Schinken Spicker,,Angebot · wurst,1.49,2026-08-30,2026-08-30,marktguru-offers
REWE,Rügenwalder Mühle Schinken Spicker - Grillgemüse,4000405004593,plant based foods and beverages,1.11,2026-08-21,2026-08-30,open-prices
REWE,Rügenwalder Mühle Veganer Schinken Spicker Bunte Paprika,4000405004982,meats and their products,1.11,2026-08-21,2026-08-30,open-prices
REWE,Rügenwalder Mühle Veganer Schinkenspicker Schnittlauch,4000405004470,meat alternatives,1.11,2026-07-22,2026-08-30,open-prices
REWE,Saltletts Pausen Cracker,4018077779930,snacks,1.49,2025-06-02,2026-08-30,open-prices
REWE,Sauce pesto au basilic et mozzarella Barilla 190g,8076809586177,condiments,3.49,2025-05-26,2026-08-30,open-prices
REWE,Saupiquet Thunfisch-Salat,,Angebot · salat,2.29,2026-08-30,2026-08-30,marktguru-offers
REWE,Schloss Wackerbarth Elbterrassen Wein,,Angebot · wein,7.99,2026-08-30,2026-08-30,marktguru-offers
REWE,Schulte Break's Aprikosenfüllung,4008728042261,Lebensmittel,2.49,2024-03-15,2026-08-30,open-prices
REWE,Schär Landbrot,,Angebot · brot,2.79,2026-08-30,2026-08-30,marktguru-offers
REWE,Schär Lemon Cake,8008698013663,snacks,3.89,2026-04-28,2026-08-30,open-prices
REWE,Schär Maxi Break,8008698050002,snacks,1.79,2026-04-28,2026-08-30,open-prices
REWE,Schär P'TIT MATIN (Avena),8008698016756,snacks,2.79,2026-04-28,2026-08-30,open-prices
REWE,Schär Petit beurre,8008698012857,Glutenvrij,2.79,2026-04-28,2026-08-30,open-prices
REWE,Seeberger Mikrowellen-Popcorn Karamell,4008258525043,snacks,1.19,2024-07-27,2026-08-30,open-prices
REWE,Seeberger Mikrowellen-Popcorn salzig,4008258527054,snacks,1.19,2024-07-27,2026-08-30,open-prices
REWE,Seeberger Mikrowellen-Popcorn süss,4008258526064,Microwave popcorn,1.19,2024-07-27,2026-08-30,open-prices
REWE,Seeberger Popcorn-Mais,4008258528020,plant based foods and beverages,1.99,2024-07-27,2026-08-30,open-prices
REWE,Seitenbacher Protein-Riegel,4008391213890,dietary supplements,2.19,2026-07-22,2026-08-30,open-prices
REWE,Seitenbacher Protein-Riegel (Klassik),4008391213869,dietary supplements,2.19,2026-07-22,2026-08-30,open-prices
REWE,Senner Orangenpfeffer,4026273017640,dairies,4.48,2024-07-29,2026-08-30,open-prices
REWE,Simply V Veganer Streichzart Natur aus Mandel,4002468180825,plant based foods and beverages,2.49,2025-04-04,2026-08-30,open-prices
REWE,Snofrisk Frischkäse,,Angebot · milch,2.49,2026-08-30,2026-08-30,marktguru-offers
REWE,Sprite,5449000017932,beverages and beverages preparations,1.39,2026-07-01,2026-08-30,open-prices
REWE,Stadt-Fleischerei Bartsch Sahneleberwurst,,Angebot · wurst,1.59,2026-08-30,2026-08-30,marktguru-offers
REWE,Starbucks Creamy Vanilla,8445290156105,beverages and beverages preparations,4.69,2026-07-31,2026-08-30,open-prices
REWE,Steinhaus Gutsrotwurst,,Angebot · wurst,1.39,2026-08-30,2026-08-30,marktguru-offers
REWE,Steitz & Beck Weinfreunde Wein,,Angebot · wein,3.99,2026-08-30,2026-08-30,marktguru-offers
REWE,Sterilgarda Sag Bianco Ricotta,8052879380242,dairies,1.59,2025-06-23,2026-08-30,open-prices
REWE,Söhnlein Brillant Sekt,,Angebot · wein,2.79,2026-08-30,2026-08-30,marktguru-offers
REWE,T. Brun GmbH & Co. KG Karotten,4260093591748,plant based foods and beverages,1.29,2025-07-10,2026-08-30,open-prices
REWE,T. van der Plas Mungobohnenkeimlinge,4337256861373,plant based foods and beverages,1.29,2026-08-29,2026-08-30,open-prices
REWE,Thomy Delikatess Remoulade,40056029,condiments,1.59,2026-04-28,2026-08-30,open-prices
REWE,Thomy Delikatess Remoulade,42403111,condiments,2.99,2026-04-28,2026-08-30,open-prices
REWE,Thüringer Landstolz Filetpastete,,Angebot · wurst,1.69,2026-08-30,2026-08-30,marktguru-offers
REWE,Today Flüssigseife Aqua Nachfüllpack,26405834,seife,0.99,2026-08-17,2026-08-30,open-prices
REWE,Tony's Chocolonely Chocolonely Salted Caramel,8717677338054,snacks,4.49,2026-04-28,2026-08-30,open-prices
REWE,Tony's Chocolonely Zartbitterschokolade mit Mandeln und Meersalz,8720701145733,snacks,2.29,2026-04-28,2026-08-30,open-prices
REWE,Tony’s Chocolonely Vollmilch Karamell Meersalz Schokolade,8720701145696,snacks,2.29,2026-04-28,2026-08-30,open-prices
REWE,Torre Oria El Cortez XO Extra Ordinario,,Angebot · wein,4.99,2026-08-30,2026-08-30,marktguru-offers
REWE,True Fruits Smoothie - Triple Pink,4260122390397,beverages and beverages preparations,4.69,2026-07-21,2026-08-30,open-prices
REWE,Trumpf Edle Tropfen in Nuss GinGin,4000607469008,snacks,2.99,2026-04-28,2026-08-30,open-prices
REWE,Trumpf Edle Tropfen in Nuss Obstbrände,4000607432804,snacks,4.49,2026-04-28,2026-08-30,open-prices
REWE,Ur Krostitzer Pils,,Angebot · bier,9.99,2026-08-30,2026-08-30,marktguru-offers
REWE,Val Duna Grauburgunder,,Angebot · wein,2.99,2026-08-30,2026-08-30,marktguru-offers
REWE,Vegan Gyoza Tofu & Vegetable,4016337960098,meals,2.99,2025-06-14,2026-08-30,open-prices
REWE,Villa Puccini Chianti Riserva,,Angebot · wein,5.99,2026-08-30,2026-08-30,marktguru-offers
REWE,Vivess Pizzaschneider,,Angebot · pizza,2.99,2026-08-30,2026-08-30,marktguru-offers
REWE,Vollkornbrot Rewe,4071800062204,Lebensmittel,1.39,2026-04-28,2026-08-30,open-prices
REWE,"Volvic Bio Tee Hibiskus 0,75L EW",3057640518058,beverages and beverages preparations,1.29,2025-12-27,2026-08-30,open-prices
REWE,WZG Riesling Süss & Fruchtig,,Angebot · wein,2.99,2026-08-30,2026-08-30,marktguru-offers
REWE,Wan Kwai Glasnudeln Aus Mungbohnen,4008934150408,Lebensmittel,1.19,2026-04-28,2026-08-30,open-prices
REWE,Wan Kwai Pad Thai Sauce,4008934150798,Lebensmittel,3.29,2026-04-28,2026-08-30,open-prices
REWE,Wan Kwai Satay Sauce - Erdnuss,4008934133265,Lebensmittel,2.99,2026-04-28,2026-08-30,open-prices
REWE,Wan Kwai Teriyaki Sauce,4008934151245,Lebensmittel,2.99,2026-04-28,2026-08-30,open-prices
REWE,Wan Kwai Udon Nudeln,4008934150507,Lebensmittel,1.29,2026-04-28,2026-08-30,open-prices
REWE,WanKwai Hoisin Sauce,4008934150873,Lebensmittel,3.29,2026-04-28,2026-08-30,open-prices
REWE,Wann Kwai Korean BBQ Bulgogi,4008934150897,Lebensmittel,3.49,2026-04-28,2026-08-30,open-prices
REWE,Wann Kwai Sojasauce hell,4008934150934,Lebensmittel,2.99,2026-04-28,2026-08-30,open-prices
REWE,Wasa Knäckebrot Selection Mohn & Meersalz,7300400482172,plant based foods and beverages,2.49,2026-07-22,2026-08-30,open-prices
REWE,Wasa Sesam & Vollkorn,,Angebot · brot,1.79,2026-08-30,2026-08-30,marktguru-offers
REWE,Wassermelone,8054317706089,plant based foods and beverages,0.99,2026-07-30,2026-08-30,open-prices
REWE,Weingut Contessa Marina 14 Primitivo di Manduria,,Angebot · wein,5.99,2026-08-30,2026-08-30,marktguru-offers
REWE,Weingut Peterhof Riesling,,Angebot · wein,4.79,2026-08-30,2026-08-30,marktguru-offers
REWE,Weingut Tres Reyes Tempranillo-Syrah,,Angebot · wein,5.49,2026-08-30,2026-08-30,marktguru-offers
REWE,Weinhaus 1112 Grauburgunder,,Angebot · wein,3.99,2026-08-30,2026-08-30,marktguru-offers
REWE,Werder Barbecue Sauce,4400139006540,condiments,1.79,2025-05-09,2026-08-30,open-prices
REWE,Werder Tomatenketchup gelb,4400139000067,plant based foods and beverages,2.29,2026-01-13,2026-08-30,open-prices
REWE,Werther's Original Popcorn Classic Caramel,4014400925319,snacks,1.99,2024-07-27,2026-08-30,open-prices
REWE,Wijngaard Kaas Affiné schwarzer Pfeffer,,Angebot · milch,3.79,2026-08-30,2026-08-30,marktguru-offers
REWE,"Wilhelm Brandenburg Delikatess Salami, fettreduziert",4337256058162,meats and their products,1.99,2026-08-21,2026-08-30,open-prices
REWE,Wolf Mini Berner Würstchen,4013832424469,auf fleisch basierende lebensmittel,2.79,2025-06-14,2026-08-30,open-prices
REWE,Wurzener Haferflocken zart,4013138002071,plant based foods and beverages,1.39,2026-08-17,2026-08-30,open-prices
REWE,YOUCOOK Indian Style Madras Curry mit Hähnchenfilet,4260334160221,meals,3.79,2026-08-21,2026-08-30,open-prices
REWE,Yellow Tail Shiraz,,Angebot · wein,3.99,2026-08-30,2026-08-30,marktguru-offers
REWE,Youcook Indian Style Mango Chicken,4260334166162,meals,3.79,2026-08-21,2026-08-30,open-prices
REWE,Yummy Protein Bar Chocolate Brownie,5453001869728,Lebensmittel,2.29,2025-11-24,2026-08-30,open-prices
REWE,Zespri Kiwi Green,94008203,plant based foods and beverages,0.35,2024-11-02,2026-08-30,open-prices
REWE,Zespri Sungold Kiwi,94001129,plant based foods and beverages,0.79,2026-07-31,2026-08-30,open-prices
REWE,Zewa Toilettenpapier,,Angebot · toilettenpapier,3.99,2026-08-30,2026-08-30,marktguru-offers
REWE,Zimbo Pastrami mit Steakpfeffer,,Angebot · wurst,2.49,2026-08-30,2026-08-30,marktguru-offers
REWE,Zott Monte Maxi,,Angebot · milch,1.49,2026-08-30,2026-08-30,marktguru-offers
REWE,Zum Dorfkrug Sylter Salatsauce,,Angebot · salat,1.59,2026-08-30,2026-08-30,marktguru-offers
REWE,blend-a-med Extra Frisch Clean,8006540947203,hygiene,1.85,2025-06-07,2026-08-30,open-prices
REWE,borchers Erythrit Süßstoff,4260175671689,sweeteners,4.99,2025-06-13,2026-08-30,open-prices
REWE,fairtrade Original Soja Sauce,8711741356296,condiments,3.99,2026-04-28,2026-08-30,open-prices
REWE,followfood Thunfisch in eigenem Saft,4250073459953,seafood,2.69,2025-04-22,2026-08-30,open-prices
REWE,fritz-kola Fritz-limo Melonenlimonade,4260107220060,beverages and beverages preparations,1.29,2026-07-21,2026-08-30,open-prices
REWE,fritz-limo Orange,4260107220114,beverages and beverages preparations,1.29,2026-07-21,2026-08-30,open-prices
REWE,funny-frisch Frit-Sticks ungarisch,4003586105196,plant based foods and beverages,1.11,2025-05-15,2026-08-30,open-prices
REWE,funny-frisch Popchips Potato - Red Paprika,4003586105165,plant based foods and beverages,1.99,2025-06-14,2026-08-30,open-prices
REWE,ja! Basmatireis,4337256027533,plant based foods and beverages,2.99,2025-11-24,2026-08-30,open-prices
REWE,ja! Brot Weizen Vollkorn Sandwich,4337256202817,plant based foods and beverages,1.09,2026-01-13,2026-08-30,open-prices
REWE,"ja! Bunte Eier, gekocht und gefärbt",4337256755429,farming products,2.99,2026-06-29,2026-08-30,open-prices
REWE,ja! Chicken Nuggets gold-gelb paniert,4337256427760,meats and their products,3.99,2026-08-29,2026-08-30,open-prices
REWE,ja! Chicken Nuggets im Backteig,4337256533393,meats and their products,6.99,2025-11-24,2026-08-30,open-prices
REWE,ja! Deutsche Markenbutter mild gesäuert,4337256349024,plant based foods and beverages,1.99,2025-07-10,2026-08-30,open-prices
REWE,ja! Espresso Delizioso,4070308049168,beverages and beverages preparations,3.99,2026-07-31,2026-08-30,open-prices
REWE,ja! Handkäse Mit Edelschimmel,4337256838825,dairies,1.89,2025-07-15,2026-08-30,open-prices
REWE,ja! Hartweizen-Griess,4337256363235,plant based foods and beverages,0.69,2025-07-09,2026-08-30,open-prices
REWE,ja! Heringsfilet in Tomatencreme,4337256595148,seafood,1.29,2025-04-22,2026-08-30,open-prices
REWE,ja! Hähnchen Filetsteaks,4337256429160,meats and their products,5.29,2025-11-24,2026-08-30,open-prices
REWE,ja! Hähnchen Filetstreifen,4337256955201,meats and their products,2.99,2026-07-31,2026-08-30,open-prices
REWE,ja! Joghurt nach griechischer Art Natur,4337256468442,dairies,1.39,2026-07-21,2026-08-30,open-prices
REWE,ja! Kichererbsw,4337256402682,plant based foods and beverages,0.59,2024-03-15,2026-08-30,open-prices
REWE,ja! Kokosmilch,4337256654449,plant based foods and beverages,0.99,2024-11-02,2026-08-30,open-prices
REWE,ja! Kräuterquark leicht,4337256956475,Lebensmittel,0.65,2026-08-17,2026-08-30,open-prices
REWE,ja! Körniger Frischkäse,4337256777872,dairies,1.19,2026-08-17,2026-08-30,open-prices
REWE,ja! Mandarin-Orangen,4337256584685,plant based foods and beverages,0.99,2024-12-13,2026-08-30,open-prices
REWE,ja! Mehrkorn Toastbrötchen,4337256546737,plant based foods and beverages,0.99,2026-04-28,2026-08-30,open-prices
REWE,ja! Mozarella,4337256454629,dairies,0.85,2026-08-21,2026-08-30,open-prices
REWE,"ja! Müllbeutel m. Tragegriff, 25 l",4070308027753,Lebensmittel,1.19,2026-08-17,2026-08-30,open-prices
REWE,ja! Pesto Rosso,4337256750080,condiments,1.89,2025-06-07,2026-08-30,open-prices
REWE,ja! Pfeffer,4337256665384,Lebensmittel,0.85,2026-07-01,2026-08-30,open-prices
REWE,ja! Pizza Margherita Mini,4337256924412,snacks,2.49,2026-06-29,2026-08-30,open-prices
REWE,ja! Rinderhackfleisch,4337256089104,meats and their products,6.49,2025-10-18,2026-08-30,open-prices
REWE,ja! Rosenkohl,4337256534345,Lebensmittel,0.89,2025-12-27,2026-08-30,open-prices
REWE,ja! Tomaten geschält,4337256357661,plant based foods and beverages,1.19,2026-04-03,2026-08-30,open-prices
REWE,ja! Tomaten geschält,4337256352413,plant based foods and beverages,1.15,2026-04-03,2026-08-30,open-prices
REWE,ja! Tortillachips mit Salz,4337256256551,snacks,1.49,2026-04-28,2026-08-30,open-prices
REWE,ja! Typ Cappuccino - weniger süß im Geschmack,4337256382304,beverages and beverages preparations,2.29,2025-06-16,2026-08-30,open-prices
REWE,ja! Vollkorn Toast,4337256184953,plant based foods and beverages,0.79,2026-01-13,2026-08-30,open-prices
REWE,ja! Weiße Bohnen mit Suppengrün,4337256924399,Lebensmittel,1.19,2026-07-01,2026-08-30,open-prices
REWE,ja! Westfälischer Pumpernickel,4337256213363,plant based foods and beverages,1.49,2026-08-17,2026-08-30,open-prices
REWE,ja! kalifornische Pistazien,4337256554688,plant based foods and beverages,3.49,2026-08-21,2026-08-30,open-prices
REWE,ja! kidney bohne,4337256547918,plant based foods and beverages,1.29,2025-04-22,2026-08-30,open-prices
REWE,mila Kräuterhexe,80930952,dairies,4.59,2024-03-20,2026-08-30,open-prices
REWE,müller Joghurt mit der Ecke - Schoko Balls,40255729,dairies,0.33,2024-03-15,2026-08-30,open-prices
REWE,müller Joghurt mit der Ecke - Schoko-Flakes,40255774,dairies,0.33,2024-03-15,2026-08-30,open-prices
REWE,müller Kalinka Kefir Fettarm Mild Pur,4025500287955,beverages and beverages preparations,0.89,2025-06-14,2026-08-30,open-prices
REWE,tetesept: Biotin 1000 Kieselerde,4008491276283,dietary supplements,4.49,2025-06-07,2026-08-30,open-prices
REWE,thisisnobrand123 Cicciata Rosato,,Angebot · wein,5.49,2026-08-30,2026-08-30,marktguru-offers
REWE,thisisnobrand123 Frische Schweine mett,,Angebot · hackfleisch,0.66,2026-08-30,2026-08-30,marktguru-offers
REWE,thisisnobrand123 Le Roulé Cranberry,,Angebot · salat,3.79,2026-08-30,2026-08-30,marktguru-offers
REWE,thisisnobrand123 Meisterschinken,,Angebot · wurst,1.59,2026-08-30,2026-08-30,marktguru-offers
REWE,today Cremeseife Milch & Honig,22386939,hygiene,0.75,2025-07-04,2026-08-30,open-prices
REWE,trüFRÜ Nature\'s Strawberries Frozen Fresh in White &,5000159600927,snacks,4.59,2026-06-29,2026-08-30,open-prices
REWE,vly Barista,4280001939066,beverages and beverages preparations,2.49,2025-07-15,2026-08-30,open-prices
REWE,"vly Fermentiertes Erzeugnis mit Ackerbohnenprotein, Natur v1.2",4280001939547,plant based foods and beverages,1.7,2026-04-18,2026-08-30,open-prices
REWE,vly High Protein v2.2,4280001939400,plant based foods and beverages,2.49,2026-07-31,2026-08-30,open-prices
REWE,vly Kakao Shake,4280001939318,beverages and beverages preparations,1.99,2026-06-03,2026-08-30,open-prices
REWE,wan kwai Soja Sauce,4008934150361,Lebensmittel,1.99,2026-04-28,2026-08-30,open-prices
REWE,wieninger Backhefe Frischhefe,42436898,food additives,0.15,2026-07-01,2026-08-30,open-prices
REWE,youcook Korean Style Chicken,4260334161709,meats and their products,3.79,2026-06-29,2026-08-30,open-prices
Rossmann,Alnatura Apfelsaft naturtrüb,4104420071728,beverages and beverages preparations,1.89,2024-08-26,2026-08-30,open-prices
Rossmann,Alnatura Beeren Fruchtschnitte,42100478,snacks,1.99,2024-08-27,2026-08-30,open-prices
Rossmann,Alnatura Cappuccino Schokolade,4104420222595,snacks,2.49,,2026-08-30,open-prices
Rossmann,Alnatura Cocos Riegel VM,42100522,snacks,0.99,2024-09-09,2026-08-30,open-prices
Rossmann,Alnatura Cocos Riegel ZB,42143956,snacks,0.99,2024-09-09,2026-08-30,open-prices
Rossmann,Alnatura Dinkel Doppelkeks,4104420053922,snacks,2.49,2024-08-27,2026-08-30,open-prices
Rossmann,Alnatura Dinkel Doppelkeks Zartbitter,4104420054769,snacks,2.49,2024-08-27,2026-08-30,open-prices
Rossmann,Alnatura Hafer Doppelkeks Nougat,4104420242494,snacks,2.79,2024-08-27,2026-08-30,open-prices
Rossmann,Alnatura Hafer Riegel Heidelbeere,4104420225770,snacks,1.49,2024-08-27,2026-08-30,open-prices
Rossmann,Alnatura Hafer Riegel Kakao,4104420209466,snacks,1.49,2024-08-27,2026-08-30,open-prices
Rossmann,Alnatura Hafer Riegel Mango,4104420238589,snacks,1.49,2024-08-27,2026-08-30,open-prices
Rossmann,Alnatura Hafer-Riegel Mandel & Haselnuss 4104420225800 Bio Haferriegel mit Mandeln und Haselnüssen,4104420225800,snacks,1.49,2024-08-27,2026-08-30,open-prices
Rossmann,Alnatura Honigwaffeln,4104420252608,snacks,2.29,2024-08-27,2026-08-30,open-prices
Rossmann,Alnatura Karottensaft,4104420221970,beverages and beverages preparations,1.79,2024-08-26,2026-08-30,open-prices
Rossmann,Alnatura Kokos Schnitte,42305880,plant based foods and beverages,1.79,2024-09-09,2026-08-30,open-prices
Rossmann,Alnatura Mandel Honig Riegel,42096184,snacks,1.29,2024-08-27,2026-08-30,open-prices
Rossmann,Alnatura Mandel Schnitte,42100454,snacks,1.99,2024-08-27,2026-08-30,open-prices
Rossmann,Alnatura Mango Dattel Riegel,4104420225961,snacks,0.99,2024-09-09,2026-08-30,open-prices
Rossmann,Alnatura Mini Karamellwaffeln,4104420247031,snacks,2.99,2024-08-27,2026-08-30,open-prices
Rossmann,Alnatura Müsli Riegel Ahorn-Dattel,4104420221833,snacks,1.99,,2026-08-30,open-prices
Rossmann,Alnatura Müsli-Riegel Schoko,4104420221796,snacks,2.29,,2026-08-30,open-prices
Rossmann,Alnatura Nougat Schokolade Bio,4104420222625,snacks,2.29,,2026-08-30,open-prices
Rossmann,Alnatura Nuss Dattel Fruchtschnitte,4104420239647,snacks,1.79,2024-08-27,2026-08-30,open-prices
Rossmann,Alnatura Orangensaft,4104420071742,beverages and beverages preparations,3.49,2024-08-26,2026-08-30,open-prices
Rossmann,Alnatura Sesam Krokant Riegel 4er,4104420221383,plant based foods and beverages,1.99,2024-08-27,2026-08-30,open-prices
Rossmann,Alnatura Traubensaft naturtrüb,4104420071766,beverages and beverages preparations,2.49,2024-08-26,2026-08-30,open-prices
Rossmann,Alnatura Vollmilch Schokolade,4104420236165,snacks,1.99,,2026-08-30,open-prices
Rossmann,Alnatura Zitronen Direktsaft,4104420072589,beverages and beverages preparations,1.59,2024-08-26,2026-08-30,open-prices
Rossmann,"Alnavit Bio Direktsaft, Acerola",42278917,beverages and beverages preparations,3.99,2024-08-26,2026-08-30,open-prices
Rossmann,Alnavit zumo bio de sauco,42279051,beverages and beverages preparations,3.99,2024-08-26,2026-08-30,open-prices
Rossmann,Ariel Flüssig Waschmittel,,Angebot · waschmittel,4.99,2026-08-30,2026-08-30,marktguru-offers
Rossmann,Bruno Banani Deospray,,Angebot · bananen,3.49,2026-08-30,2026-08-30,marktguru-offers
Rossmann,Bruno Banani Man Dusche,,Angebot · bananen,2.49,2026-08-30,2026-08-30,marktguru-offers
Rossmann,Bruno Banani Man EdP,,Angebot · bananen,11.49,2026-08-30,2026-08-30,marktguru-offers
Rossmann,Bruno Banani Woman EdT,,Angebot · bananen,13.13,2026-08-30,2026-08-30,marktguru-offers
Rossmann,Burti Feinwaschmittel Flüssig,,Angebot · waschmittel,2.99,2026-08-30,2026-08-30,marktguru-offers
Rossmann,ChariTea Bio-Mate-Tee,,Angebot · tee,1.59,2026-08-30,2026-08-30,marktguru-offers
Rossmann,Coconilla Raspberry,,Angebot · müsli,1.99,2026-08-30,2026-08-30,marktguru-offers
Rossmann,Coral Waschmittel Flüssig,,Angebot · waschmittel,3.79,2026-08-30,2026-08-30,marktguru-offers
Rossmann,Domol Flüssig-Feinwaschmittel,,Angebot · waschmittel,2.15,2026-08-30,2026-08-30,marktguru-offers
Rossmann,Domol Hygiene-Spüler,,Angebot · waschmittel,1.25,2026-08-30,2026-08-30,marktguru-offers
Rossmann,Domol Vollwaschmittel  Pulver,,Angebot · waschmittel,3.15,2026-08-30,2026-08-30,marktguru-offers
Rossmann,Domol Wäscheparfüm,,Angebot · waschmittel,2.69,2026-08-30,2026-08-30,marktguru-offers
Rossmann,Ener Bio Fruchtriegel Mango,4305615678856,snacks,0.99,2024-09-09,2026-08-30,open-prices
Rossmann,Ener Bio Honig Waffeln Minis,4305615677293,snacks,1.99,2024-08-27,2026-08-30,open-prices
Rossmann,Ener Bio Nussriegel Erdnuss & Mandel,4305615678832,plant based foods and beverages,1.69,,2026-08-30,open-prices
Rossmann,Ener Bio Sanddorn Saft,4305615662909,beverages and beverages preparations,3.49,2024-08-26,2026-08-30,open-prices
Rossmann,Ener Bio Zitronensaft,4305615887180,beverages and beverages preparations,1.29,2024-08-26,2026-08-30,open-prices
Rossmann,Ener bio Proteinriegel Salted Caramel,4305615986364,snacks,1.19,2024-09-09,2026-08-30,open-prices
Rossmann,EnerBIO Doppel Kekse Zartbittercreme,4305615877785,snacks,2.19,2024-08-27,2026-08-30,open-prices
Rossmann,EnerBio Proteinriegel Brownie Geschmack,4305615877693,dietary supplements,0.99,2024-09-02,2026-08-30,open-prices
Rossmann,Foodloose Salty Cara,4260229233283,Lebensmittel,1.89,,2026-08-30,open-prices
Rossmann,HE (Y) BITE NATURAL Hej Natural,4260446585431,snacks,1.99,,2026-08-30,open-prices
Rossmann,Hej Natural Natural Bite,4260644581143,plant based foods and beverages,1.99,,2026-08-30,open-prices
Rossmann,Jacobs Concentrate,,Angebot · kaffee,4.44,2026-08-30,2026-08-30,marktguru-offers
Rossmann,King's Crown Beuteltee,,Angebot · tee,0.99,2026-08-30,2026-08-30,marktguru-offers
Rossmann,Lavazza Crema E Gusto,,Angebot · kaffee,4.44,2026-08-30,2026-08-30,marktguru-offers
Rossmann,Lenor Waschmittel Flüssig,,Angebot · waschmittel,4.99,2026-08-30,2026-08-30,marktguru-offers
Rossmann,Lenor Weichspüler,,Angebot · waschmittel,3.79,2026-08-30,2026-08-30,marktguru-offers
Rossmann,Lenor Wäscheparfüm XL,,Angebot · waschmittel,8.49,2026-08-30,2026-08-30,marktguru-offers
Rossmann,Lindt Tafelschokolade,,Angebot · schokolade,2.79,2026-08-30,2026-08-30,marktguru-offers
Rossmann,Marabou Rolle,,Angebot · schokolade,1.69,2026-08-30,2026-08-30,marktguru-offers
Rossmann,Melitta Filterkaffee,,Angebot · kaffee,5.99,2026-08-30,2026-08-30,marktguru-offers
Rossmann,Naturally PAM Crunchy protein bar,4260697372309,Lebensmittel,2.29,2024-09-02,2026-08-30,open-prices
Rossmann,Naturally PAM by Pamela Reif Crunchy Protein Bar Cashew Caramela,4260697372491,snacks,2.29,2024-09-02,2026-08-30,open-prices
Rossmann,Naturally Pam Oat Bar - Chunky Chocolate,4260697376000,snacks,2.29,2024-09-02,2026-08-30,open-prices
Rossmann,Naturally Pam Oat Bar - Chunky White Choc,4260697376154,snacks,2.29,2024-09-02,2026-08-30,open-prices
Rossmann,Naturally Pam Oat Bar Soft Brownie,4260697376109,snacks,2.29,2024-09-09,2026-08-30,open-prices
Rossmann,Neutrogena Anti-Mitesser Gesichtswasser,,Angebot · wasser,3.79,2026-08-30,2026-08-30,marktguru-offers
Rossmann,Nivea Q10 Kollagen Experte Facial Butter,,Angebot · butter,11.95,2026-08-30,2026-08-30,marktguru-offers
Rossmann,Nordica Coffee Finest Crema Ganze Bohnen,,Angebot · kaffee,12.99,2026-08-30,2026-08-30,marktguru-offers
Rossmann,Pam Cake Bar,4260697371401,snacks,2.29,2024-09-02,2026-08-30,open-prices
Rossmann,Persil Waschmittel Pulver,,Angebot · waschmittel,9.99,2026-08-30,2026-08-30,marktguru-offers
Rossmann,RAW BITE APPLE CINNAMON,5712840020067,snacks,1.99,2024-09-09,2026-08-30,open-prices
Rossmann,RAW BITE Smooth Cacao,5712840020128,dietary supplements,1.99,2024-09-09,2026-08-30,open-prices
Rossmann,Ritter Sport Bunte Vielfalt Tafelschokolade,,Angebot · schokolade,1.19,2026-08-30,2026-08-30,marktguru-offers
Rossmann,Rossmann Apfel Kirsch Saft,4068134013866,beverages and beverages preparations,1.99,2024-08-26,2026-08-30,open-prices
Rossmann,Rossmann Fruchtriegel Kokos,4305615933702,plant based foods and beverages,0.99,2024-09-09,2026-08-30,open-prices
Rossmann,Rossmann Hafer Cookies,4305615780818,snacks,1.99,2024-08-27,2026-08-30,open-prices
Rossmann,Rossmann Honig Waffeln,4305615677248,snacks,1.79,2024-08-27,2026-08-30,open-prices
Rossmann,Rossmann Karamell Waffeln,4305615677231,snacks,1.79,2024-08-27,2026-08-30,open-prices
Rossmann,Rossmann Kokos Cookies,4305615780825,snacks,1.99,2024-08-27,2026-08-30,open-prices
Rossmann,Rossmann Riegel Mix,4305615985817,plant based foods and beverages,1.69,,2026-08-30,open-prices
Rossmann,Roßmann Nuss Riegel Schoko & Meersalz,4305615985824,snacks,1.99,,2026-08-30,open-prices
Rossmann,Sagrotan Wäsche-Hygienespüler,,Angebot · waschmittel,2.99,2026-08-30,2026-08-30,marktguru-offers
Rossmann,Schwarzkopf Gliss Kur Öl-Elixier,,Angebot · öl,5.49,2026-08-30,2026-08-30,marktguru-offers
Rossmann,Share Nuss Schokoriegel mit Meersalz,4260556670935,plant based foods and beverages,1.69,2024-09-02,2026-08-30,open-prices
Rossmann,Share Peanut Nut Butter Bar,4260739996876,snacks,1.99,2024-09-02,2026-08-30,open-prices
Rossmann,Starbucks Nespresso Kapseln,,Angebot · kaffee,3.99,2026-08-30,2026-08-30,marktguru-offers
Rossmann,Storck Merci Lovelies,,Angebot · schokolade,2.79,2026-08-30,2026-08-30,marktguru-offers
Rossmann,Tartex Bio-Aufstrich Belugalinse Balsamico,,Angebot · salat,2.79,2026-08-30,2026-08-30,marktguru-offers
Rossmann,Vanish Pulver,,Angebot · waschmittel,4.79,2026-08-30,2026-08-30,marktguru-offers
Rossmann,Vernel Weichspüler Konzentrat,,Angebot · waschmittel,2.29,2026-08-30,2026-08-30,marktguru-offers
Rossmann,Yogi Tea Tee,,Angebot · tee,3.29,2026-08-30,2026-08-30,marktguru-offers
Rossmann,ener BIO Hafer Cookies,4305615877730,snacks,2.29,2024-08-27,2026-08-30,open-prices
Rossmann,ener Bio Krokantriegel,4305615678801,plant based foods and beverages,0.49,2024-08-27,2026-08-30,open-prices
Rossmann,ener Bio Schokoriegel Haselnuss & Nougat,4305615903866,snacks,0.99,2024-09-09,2026-08-30,open-prices
Rossmann,ener Bio Schokoriegel Kokos & Zartbitter,4305615654263,snacks,0.79,2024-09-09,2026-08-30,open-prices
Rossmann,enerBIO Aroniasaft,4305615887531,beverages and beverages preparations,2.79,2024-08-26,2026-08-30,open-prices
Rossmann,enerBIO Cranberry Saft,4305615662893,beverages and beverages preparations,2.99,2024-08-26,2026-08-30,open-prices
Rossmann,enerBIO Dinkel Doppelkeks Kakaocreme,4305615877761,snacks,2.19,2024-08-27,2026-08-30,open-prices
Rossmann,enerBIO Frühstückssaft,4305615982021,beverages and beverages preparations,1.99,2024-08-26,2026-08-30,open-prices
Rossmann,enerBIO Gemüse Saft,4305615650821,beverages and beverages preparations,0.99,2024-08-26,2026-08-30,open-prices
Rossmann,enerBIO Granatapfel Saft,4305615662756,beverages and beverages preparations,2.99,2024-08-26,2026-08-30,open-prices
Rossmann,enerBIO Ingwer Saft,4305615662978,getranke,3.99,2024-08-26,2026-08-30,open-prices
Rossmann,enerBIO Karotten Saft,4305615650838,beverages and beverages preparations,0.99,2024-08-26,2026-08-30,open-prices
Rossmann,enerBIO Mandelschnitte Mandel,4305615985770,snacks,1.49,2024-08-27,2026-08-30,open-prices
Rossmann,enerBIO Oat Bar Peanutbutter Caramel Geschmack,4305615986579,snacks,0.99,2024-08-27,2026-08-30,open-prices
Rossmann,enerBIO Proteinriegel Vanille & Mandel,4305615822624,dietary supplements,0.99,2024-09-02,2026-08-30,open-prices
Rossmann,enerBIO Sauerkraut Saft,4068134013620,beverages and beverages preparations,0.99,2024-08-26,2026-08-30,open-prices
Rossmann,enerBIO Tomatensaft,4305615650869,beverages and beverages preparations,0.99,2024-08-26,2026-08-30,open-prices
Rossmann,enerBiO Barista Caffè Crema Ganze Bohnen,,Angebot · kaffee,13.95,2026-08-30,2026-08-30,marktguru-offers
Rossmann,enerBiO Bio Dinkel Eierwaffeln,,Angebot · eier,1.39,2026-08-30,2026-08-30,marktguru-offers
Rossmann,enerBiO Bio Flohsamenschalen,,Angebot · reis,5.29,2026-08-30,2026-08-30,marktguru-offers
Rossmann,enerBiO Bio Schoko Reiswaffeln Vollmilch,,Angebot · reis,1.49,2026-08-30,2026-08-30,marktguru-offers
Rossmann,enerBiO Brennnessel Bio Kräutertee,,Angebot · tee,1.59,2026-08-30,2026-08-30,marktguru-offers
Rossmann,enerBiO Ener bio,4305615985831,snacks,1.99,,2026-08-30,open-prices
Rossmann,enerBiO Fruchtschnitte Beerenmix,4305615985794,snacks,1.39,2024-08-27,2026-08-30,open-prices
Rossmann,enerBiO Haferdrink Natur,,Angebot · milch,0.89,2026-08-30,2026-08-30,marktguru-offers
Rossmann,enerBiO Hazelnut Butter Cups,4068134006257,snacks,1.69,2024-09-09,2026-08-30,open-prices
Rossmann,enerBiO Krokantriegel Caramel Fudge,4305615986456,snacks,0.89,2024-09-02,2026-08-30,open-prices
Rossmann,enerBiO Mandelmus Weiß,,Angebot · salat,6.99,2026-08-30,2026-08-30,marktguru-offers
Rossmann,enerBiO Schokoriegel Vollmilch mit gepufftem Dinkel,4068134025111,snacks,0.89,2024-09-09,2026-08-30,open-prices
Rossmann,enerBiO Superfoodriegel Energy Bar,4305615986463,snacks,0.99,2024-09-09,2026-08-30,open-prices
Rossmann,enerBiO Superfoodriegel Immun Bar* Bar,4305615986470,snacks,0.99,2024-09-09,2026-08-30,open-prices
Rossmann,enerBio Proteinriegel Cookies & Cream Geschmack,4305615985800,snacks,1.19,2024-09-09,2026-08-30,open-prices
Rossmann,enerBio Schoko Cookies,4305615780801,snacks,1.99,2024-08-27,2026-08-30,open-prices
Rossmann,foodloose Coco Caramella Bio-Nussriegel,4260229230992,plant based foods and beverages,1.89,,2026-08-30,open-prices
Rossmann,foodloose Nüssriegel Rock’o Choc,4260229231067,plant based foods and beverages,1.89,,2026-08-30,open-prices
Rossmann,foodloose Poesie Amelie Bio-Nussriegel,4260229230169,snacks,1.89,,2026-08-30,open-prices
Rossmann,raw bite Rawbite The Organic Fruit & Nut Bite Cacao,5712840020029,plant based foods and beverages,1.99,2024-09-09,2026-08-30,open-prices
Rossmann,rawits bite Coconut,5712840020036,snacks,1.99,2024-09-09,2026-08-30,open-prices
Rossmann,share Hazelnut Nut Butter Bar,4260739996883,snacks,1.99,2024-09-02,2026-08-30,open-prices
Rossmann,share Schoko Peanut Butter,4260739994353,snacks,1.69,2024-09-02,2026-08-30,open-prices
Thomas Philipps,Bitburger Premium Pils Partyfass,,Angebot · bier,7.77,2026-08-30,2026-08-30,marktguru-offers
Thomas Philipps,Coral Waschmittel,,Angebot · waschmittel,3.33,2026-08-30,2026-08-30,marktguru-offers
Thomas Philipps,Ernesto Kaffeebecher To-Go,,Angebot · kaffee,1.0,2026-08-30,2026-08-30,marktguru-offers
Thomas Philipps,Fleischwerke Zimmermann Münchner Weißwürste,,Angebot · wurst,2.99,2026-08-30,2026-08-30,marktguru-offers
Thomas Philipps,Grocholl Bratkartoffeln,,Angebot · kartoffeln,1.11,2026-08-30,2026-08-30,marktguru-offers
Thomas Philipps,Hümmlinger Schinkenwurst,,Angebot · wurst,5.55,2026-08-30,2026-08-30,marktguru-offers
Thomas Philipps,Laru Schmalz,,Angebot · butter,0.99,2026-08-30,2026-08-30,marktguru-offers
Thomas Philipps,Lenor Weichspüler,,Angebot · waschmittel,5.99,2026-08-30,2026-08-30,marktguru-offers
Thomas Philipps,Minuto Kaiserschmarrn,,Angebot · brot,0.88,2026-08-30,2026-08-30,marktguru-offers
Thomas Philipps,"Oettinger 5,0 Original Whisky & Cola",,Angebot · cola,1.49,2026-08-30,2026-08-30,marktguru-offers
Thomas Philipps,"Oettinger Original 5,0 Bier",,Angebot · bier,0.48,2026-08-30,2026-08-30,marktguru-offers
Thomas Philipps,Paulaner Oktoberfestbier,,Angebot · bier,0.99,2026-08-30,2026-08-30,marktguru-offers
Thomas Philipps,Tulip Schinken-Eisbein,,Angebot · schinken,3.99,2026-08-30,2026-08-30,marktguru-offers
Thomas Philipps,Vanish Oxi Action Pink,,Angebot · waschmittel,7.77,2026-08-30,2026-08-30,marktguru-offers
Thomas Philipps,Vitamalz Alkoholfrei Malzbier,,Angebot · bier,1.11,2026-08-30,2026-08-30,marktguru-offers
Thomas Philipps,thisisnobrand123 Brotkorb,,Angebot · brot,1.0,2026-08-30,2026-08-30,marktguru-offers
Thomas Philipps,thisisnobrand123 Camilla Toilettenpapier,,Angebot · toilettenpapier,1.66,2026-08-30,2026-08-30,marktguru-offers
Thomas Philipps,thisisnobrand123 Speisekartoffeln XXL,,Angebot · kartoffeln,5.55,2026-08-30,2026-08-30,marktguru-offers
Thomas Philipps,thisisnobrand123 Öl-Grablicht,,Angebot · öl,0.49,2026-08-30,2026-08-30,marktguru-offers
V-MARKT,Barilla Nudeln Farfalle 65,8076809580144,plant based foods and beverages,2.69,2026-01-14,2026-08-30,open-prices
V-MARKT,Barilla Tortiglioni rigati 500g - lc renaissance,8076809584920,plant based foods and beverages,2.49,2026-07-20,2026-08-30,open-prices
V-MARKT,Ben´s Long grain & riz sauvage,5410673004321,plant based foods and beverages,3.79,2026-05-23,2026-08-30,open-prices
V-MARKT,Berchtesgadener Land H  Bergbauernmilch fettarm,4101530003106,beverages and beverages preparations,0.99,2026-06-27,2026-08-30,open-prices
V-MARKT,Biohof Dötz 6 frische Bio-Eier,0742832990929,farming products,3.49,2026-01-31,2026-08-30,open-prices
V-MARKT,Bonduelle Crveni pasulj,3083680009508,plant based foods and beverages,1.79,2026-01-31,2026-08-30,open-prices
V-MARKT,Bonduelle Goldmais Junge Ernte,3083681117769,Dosenmais,2.29,2026-06-10,2026-08-30,open-prices
V-MARKT,Bonduelle Kidney Bohnen,3083681133172,plant based foods and beverages,2.49,2025-12-13,2026-08-30,open-prices
V-MARKT,Bärenmarke Halbbare Milch,4045317058258,beverages and beverages preparations,0.99,2026-07-20,2026-08-30,open-prices
V-MARKT,Casa Modena Salame napoli,8004225033203,meats and their products,4.79,2026-01-14,2026-08-30,open-prices
V-MARKT,Dr. Oetker Creme fraiche Classic,4000521579005,dairies,1.39,2026-06-05,2026-08-30,open-prices
V-MARKT,Ehrmann Grand Dessert - Vanille,4002971253108,dairies,1.19,2026-02-26,2026-08-30,open-prices
V-MARKT,Ferrero Kinder Bueno Big Pack,8000500273449,snacks,4.19,2026-01-14,2026-08-30,open-prices
V-MARKT,Ferrero Kinder Schokolade,4008400204222,snacks,1.49,2025-11-22,2026-08-30,open-prices
V-MARKT,Frießinger Mühle Pizza Mehl,4006363109554,plant based foods and beverages,0.99,2026-06-05,2026-08-30,open-prices
V-MARKT,"Fruca Eisbergsalat, Kl. II",4000007036879,plant based foods and beverages,1.39,2026-07-20,2026-08-30,open-prices
V-MARKT,Haribo Riesenschlangen,4001686480267,snacks,7.99,2026-02-26,2026-08-30,open-prices
V-MARKT,Hawesta Makrelenfilets Tomatensauce,4006922002005,seafood,2.49,2025-08-02,2026-08-30,open-prices
V-MARKT,Hengstenberg Milder Apfel Balsamessig,4008100120679,condiments,3.89,2025-11-22,2026-08-30,open-prices
V-MARKT,Jeden Tag Gouda Holland Käse,4306188407188,dairies,4.49,2026-01-14,2026-08-30,open-prices
V-MARKT,Jeden Tag Quark,4306188367314,dairies,0.69,2026-07-20,2026-08-30,open-prices
V-MARKT,Jeden Tag Speisequark,4306188367345,dairies,1.19,2026-08-08,2026-08-30,open-prices
V-MARKT,Kirchner Salat & Gartenkräuter Kräuterhexe,4102910100668,plant based foods and beverages,3.99,2025-12-13,2026-08-30,open-prices
V-MARKT,Kölln Cremig-zartes Hafer-Porridge Schoko,4000540010732,plant based foods and beverages,3.49,2026-07-20,2026-08-30,open-prices
V-MARKT,Kölln Hafer-Porridge Apfel-Zimt,4000540000740,plant based foods and beverages,3.49,2026-07-20,2026-08-30,open-prices
V-MARKT,Kühne Gurken - Schlemmer Töpfchen chili,4012200417300,plant based foods and beverages,3.49,2025-12-13,2026-08-30,open-prices
V-MARKT,LINDT EXCELLENCE Excellence Noir Délicat Doux 85% Cacao,3046920029681,snacks,4.99,2026-07-20,2026-08-30,open-prices
V-MARKT,Lindt 78% Edelbitter Vollmundig,4000539102080,snacks,4.99,2026-05-23,2026-08-30,open-prices
V-MARKT,Lindt Excellence 50% cacao Zartbitter,4000539113185,snacks,4.99,2026-01-31,2026-08-30,open-prices
V-MARKT,Maoam Kracher Halloween,4001686524497,snacks,1.39,2025-11-22,2026-08-30,open-prices
V-MARKT,Meica Würstchen Frankfurter Art,4000503141305,meats and their products,4.49,2025-11-22,2026-08-30,open-prices
V-MARKT,Mestemacher Dinkel Wraps,4000446015497,plant based foods and beverages,2.69,2025-12-13,2026-08-30,open-prices
V-MARKT,Mestemacher Weizen Pita,4000446016456,plant based foods and beverages,2.29,2025-11-22,2026-08-30,open-prices
V-MARKT,Mio Mio Mate Ginger,4002846034603,beverages and beverages preparations,0.99,2026-01-31,2026-08-30,open-prices
V-MARKT,Pringles Hot & Spicy,5053990127665,plant based foods and beverages,2.49,2025-11-22,2026-08-30,open-prices
V-MARKT,Saupiquet Tuna natural without oil,3165950578164,seafood,7.99,2026-06-10,2026-08-30,open-prices
V-MARKT,Scheller Mühle Heimatzauber Bio Haferflocken,4260039761860,plant based foods and beverages,1.99,2026-05-23,2026-08-30,open-prices
V-MARKT,Seitenbacher Carbs 19.0 Himbeere,4008391003682,plant based foods and beverages,6.49,2026-07-20,2026-08-30,open-prices
V-MARKT,Seitenbacher Energy-Müsli,4008391040052,plant based foods and beverages,7.99,2026-05-23,2026-08-30,open-prices
V-MARKT,Seitenbacher Fitness-Mischung,4008391050419,plant based foods and beverages,6.99,2026-07-20,2026-08-30,open-prices
V-MARKT,Seitenbacher Müsli zuckerarm,4008391005693,plant based foods and beverages,5.99,2026-05-23,2026-08-30,open-prices
V-MARKT,Tic Tac Ferrero Tic tac Citrus Mix,8000500402597,snacks,1.99,2025-12-13,2026-08-30,open-prices
V-MARKT,"Weideglück Joghurt 3,5% Fett",4028900004641,dairies,2.99,2026-06-27,2026-08-30,open-prices
V-MARKT,"Weideglück Landjoghurt mild 1,5% Fett",4028900004665,dairies,2.89,2026-06-10,2026-08-30,open-prices
V-MARKT,"Weihenstephan H-Milch 3,5%",4008452027602,beverages and beverages preparations,0.99,2026-01-14,2026-08-30,open-prices
V-MARKT,"Weihenstephan Joghurt Natur 3,5 % Fett",4008452011007,dairies,1.59,2026-02-26,2026-08-30,open-prices
V-MARKT,Weihenstephan Milch,4008452027589,beverages and beverages preparations,0.99,2026-08-08,2026-08-30,open-prices
XXXLutz,Gefu Salatschleuder Rotare,,Angebot · salat,19.99,2026-08-28,2026-08-30,marktguru-offers
XXXLutz,Novel Bierbankauflage,,Angebot · bier,14.99,2026-08-28,2026-08-30,marktguru-offers
XXXLutz,Novel Kaffebecher Candy,,Angebot · kaffee,4.99,2026-08-28,2026-08-30,marktguru-offers
XXXLutz,Novel Reisekoffer,,Angebot · reis,39.99,2026-08-28,2026-08-30,marktguru-offers
XXXLutz,Seltmann Weiden Kaffeebecher-Set Amina 3er Set,,Angebot · kaffee,19.99,2026-08-28,2026-08-30,marktguru-offers
XXXLutz,Seltmann Weiden Müslischalen-Set Amina 3-teilig,,Angebot · müsli,19.99,2026-08-28,2026-08-30,marktguru-offers
XXXLutz,Villeroy & Boch Kaffee-Service Grey Lines 18 tlg.,,Angebot · kaffee,99.99,2026-08-28,2026-08-30,marktguru-offers
XXXLutz,Villeroy & Boch New Moon Kaffee-Service 18tlg.,,Angebot · kaffee,199.9,2026-08-28,2026-08-30,marktguru-offers
XXXLutz,Villeroy & Boch Salat-Set Flow 3-tlg.,,Angebot · salat,49.99,2026-08-28,2026-08-30,marktguru-offers
XXXLutz,Villeroy & Boch Salatschalen-Set Dune Vapiano 2-tlg.,,Angebot · salat,19.99,2026-08-28,2026-08-30,marktguru-offers
XXXLutz,WMF Brotzeitmesser-Set 6tlg.,,Angebot · brot,19.99,2026-08-28,2026-08-30,marktguru-offers
XXXLutz,XXXL Gourmet Eispalatschinke,,Angebot · schinken,3.0,2026-09-02,2026-08-30,marktguru-offers
XXXLutz,XXXL Lachsfilet Risotto,,Angebot · lachs,9.0,2026-09-10,2026-08-30,marktguru-offers
budni,Alnatura Bio Chia Samen,,Angebot · müsli,1.99,2026-08-30,2026-08-30,marktguru-offers
budni,Alnatura Bio Rote Linsen,,Angebot · reis,1.79,2026-08-30,2026-08-30,marktguru-offers
budni,Alnatura Kokosmilch,,Angebot · milch,1.49,2026-08-30,2026-08-30,marktguru-offers
budni,Alnatura Lassi,,Angebot · joghurt,0.99,2026-08-30,2026-08-30,marktguru-offers
budni,Bahlsen Leibniz Butterkekse,,Angebot · butter,1.29,2026-08-30,2026-08-30,marktguru-offers
budni,Barebells Proteinriegel,,Angebot · schokolade,1.99,2026-08-30,2026-08-30,marktguru-offers
budni,Burti Waschmittel,,Angebot · waschmittel,2.79,2026-08-30,2026-08-30,marktguru-offers
budni,Dr. Beckmann Fleckenteufel,,Angebot · waschmittel,1.49,2026-08-30,2026-08-30,marktguru-offers
budni,Dr. Karg's Vollkorn-Snack,,Angebot · brot,1.79,2026-08-30,2026-08-30,marktguru-offers
budni,Ferrero Kinder Bueno,,Angebot · schokolade,2.49,2026-09-02,2026-08-30,marktguru-offers
budni,Garnier Mizellen Reinigungswasser,,Angebot · wasser,3.49,2026-08-30,2026-08-30,marktguru-offers
budni,Hakle Feuchtes Toilettenpapier,,Angebot · toilettenpapier,1.29,2026-08-30,2026-08-30,marktguru-offers
budni,Hakle Toilettenpapier Sanft & Sicher,,Angebot · toilettenpapier,2.99,2026-08-30,2026-08-30,marktguru-offers
budni,Hallo Welt Babywasser,,Angebot · wasser,0.44,2026-08-30,2026-08-30,marktguru-offers
budni,Holsten Pilsener,,Angebot · bier,0.69,2026-08-30,2026-08-30,marktguru-offers
budni,Idee Kaffee Filterkaffee,,Angebot · kaffee,6.49,2026-08-30,2026-08-30,marktguru-offers
budni,Lavazza Espresso Maestro Kaffee Kapseln,,Angebot · kaffee,3.29,2026-08-30,2026-08-30,marktguru-offers
budni,Meßmer Bio-Tee,,Angebot · tee,1.59,2026-08-30,2026-08-30,marktguru-offers
budni,Milka Tafelschokolade,,Angebot · schokolade,1.19,2026-08-30,2026-08-30,marktguru-offers
budni,Nestlé KitKat Schokoriegel,,Angebot · schokolade,1.99,2026-08-30,2026-08-30,marktguru-offers
budni,Neumarkter Lammsbräu Bier,,Angebot · bier,0.99,2026-08-30,2026-08-30,marktguru-offers
budni,Persil Waschmittel,,Angebot · waschmittel,16.99,2026-08-30,2026-08-30,marktguru-offers
budni,Rabenhorst Cranberry Muttersaft,,Angebot · saft,5.99,2026-08-30,2026-08-30,marktguru-offers
budni,Raw Bite Bio-Riegel vegan,,Angebot · müsli,1.69,2026-09-02,2026-08-30,marktguru-offers
budni,Renuwell Holz butter,,Angebot · butter,8.49,2026-08-30,2026-08-30,marktguru-offers
budni,Sallos Original,,Angebot · schokolade,0.89,2026-08-30,2026-08-30,marktguru-offers
budni,Storck Super Dickmann’s,,Angebot · schokolade,1.59,2026-08-30,2026-08-30,marktguru-offers
budni,Weißer Riese Waschmittel,,Angebot · waschmittel,13.99,2026-08-30,2026-08-30,marktguru-offers
budni,fritz-kola Cola,,Angebot · cola,0.79,2026-09-02,2026-08-30,marktguru-offers
dm,"8x4 women Deo Bodyspray Cherry Crush, 150 ml",4006000289588,deo,3.95,2026-08-30,2026-08-30,dm-website
dm,"8x4 women Deo Bodyspray Coral Charm, 150 ml",4006000289663,deo,3.95,2026-08-30,2026-08-30,dm-website
dm,"8x4 women Deo Bodyspray Sunny Spirit, 150 ml",4006000289625,deo,3.95,2026-08-30,2026-08-30,dm-website
dm,"AJONA Zahnpasta Konzentrat fluoridfrei, 25 ml",4009903011119,zahnpasta,1.75,2026-08-30,2026-08-30,dm-website
dm,"ALLOS Müsli, Das Ungesüßte Protein, 450 g",4016249198299,müsli,4.25,2026-08-30,2026-08-30,dm-website
dm,"ALLOS Müsli, Nutri+ Ungesüßtes Crunchy Pur, 350 g",4016249073008,müsli,3.75,2026-08-30,2026-08-30,dm-website
dm,"ALLOS Müsli, Poppies Dinkel-Kakao, 275 g",4016249012922,müsli,4.95,2026-08-30,2026-08-30,dm-website
dm,"AMORELIE Gleitgel Care wasserbasiert, 150 ml",8719934029736,wasser,6.95,2026-08-30,2026-08-30,dm-website
dm,"AUSSIE Shampoo Bouncy Curls, 300 ml",8006530325530,shampoo,4.95,2026-08-30,2026-08-30,dm-website
dm,"AUSSIE Shampoo Miracle Moist, 300 ml",8006530325592,shampoo,4.95,2026-08-30,2026-08-30,dm-website
dm,"AXE Duschgel Black, 400 ml",8710447284117,duschgel,3.75,2026-08-30,2026-08-30,dm-website
dm,"Alete Kindersnack Müsli Sticks ab 3 Jahren, 125 g",4031244005137,müsli,2.45,2026-08-30,2026-08-30,dm-website
dm,"Alpecin Haarwasser Coffein Liquid, 200 ml",4008666212016,wasser,9.95,2026-08-30,2026-08-30,dm-website
dm,"Alpecin Haarwasser Medicinal Forte Intensiv, 200 ml",4008666272218,wasser,8.95,2026-08-30,2026-08-30,dm-website
dm,"Alpecin Shampoo Coffein C1 Black Edition, 250 ml",4008666272416,shampoo,6.95,2026-08-30,2026-08-30,dm-website
dm,"ApaCare Zahnpasta Ora Lactin, 75 ml",4260149350442,zahnpasta,6.25,2026-08-30,2026-08-30,dm-website
dm,"Aptamil Anfangsmilch Pre Pronutra von Geburt an, 1,2 kg",4056631003701,babynahrung,25.95,2026-08-30,2026-08-30,dm-website
dm,"Aptamil Anfangsmilch Pronutra Pre trinkfertig von Geburt an 4x200ml, 0,8 l",4056631002414,babynahrung,6.95,2026-08-30,2026-08-30,dm-website
dm,"BALI CURLS Shampoo Nourishing, 250 ml",4262391990049,shampoo,8.95,2026-08-30,2026-08-30,dm-website
dm,"BALI HOME Flüssigseife Rosemary Patchouli, 250 ml",4262391992166,seife,3.95,2026-08-30,2026-08-30,dm-website
dm,"BALI HOME Flüssigseife Tonka Amber, 250 ml",4262391992180,seife,3.95,2026-08-30,2026-08-30,dm-website
dm,"BALI SKIN Duschgel Creamy Vanilla & Cashmere, 250 ml",4262391990568,duschgel,3.95,2026-08-30,2026-08-30,dm-website
dm,"BALI SKIN Duschgel Pistachio Creme & Macadamia, 250 ml",4262391990766,duschgel,3.95,2026-08-30,2026-08-30,dm-website
dm,"BALI SKIN Duschgel Warm Tonka & Oud, 250 ml",4262391990520,duschgel,3.95,2026-08-30,2026-08-30,dm-website
dm,"BE ROUTINE Body Creme Floral Whisper, 200 ml",4262469957820,creme,3.75,2026-08-30,2026-08-30,dm-website
dm,"BE ROUTINE Bodycreme Coconut Breeze, 200 ml",4262469956472,creme,3.75,2026-08-30,2026-08-30,dm-website
dm,"BE ROUTINE Bodycreme Vanilla Dream, 200 ml",4262469952320,creme,3.75,2026-08-30,2026-08-30,dm-website
dm,"BE ROUTINE Flüssigseife Floral intense, 250 ml",4262469953235,seife,2.95,2026-08-30,2026-08-30,dm-website
dm,"BE ROUTINE Handcreme Botanical Intense, 50 ml",4262469954317,creme,2.25,2026-08-30,2026-08-30,dm-website
dm,"BE ROUTINE Handcreme Floral Intense, 50 ml",4262469954379,creme,2.25,2026-08-30,2026-08-30,dm-website
dm,"BEN&ANNA Deo Creme Deodorant Persian Lime, 45 g",4260491220875,deo,5.95,2026-08-30,2026-08-30,dm-website
dm,"Balea Antitranspirant Deo Roll-on Extra Dry, 50 ml",4066447944587,deo,0.6,2026-08-30,2026-08-30,dm-website
dm,"Balea Antitranspirant Deo Roll-on Protection 5in1, 50 ml",4066447944600,deo,0.6,2026-08-30,2026-08-30,dm-website
dm,"Balea Augenpads Hydrogel Kaktuswasser (1 Paar), 2 St",4066447946383,wasser,0.75,2026-08-30,2026-08-30,dm-website
dm,"Balea Bodycreme Sheabutter & Arganöl, 500 ml",4066447968668,creme,1.75,2026-08-30,2026-08-30,dm-website
dm,"Balea Bodycreme Vanille & Kokos, 500 ml",4066447725278,creme,1.75,2026-08-30,2026-08-30,dm-website
dm,"Balea Cremeseife Beeren & Vanille, 500 ml",4066447988956,seife,0.65,2026-08-30,2026-08-30,dm-website
dm,"Balea Cremeseife Ginger & Lemon, 500 ml",4066447983852,seife,0.65,2026-08-30,2026-08-30,dm-website
dm,"Balea Cremeseife Ginger & Lemon, Nachfüllpack, 500 ml",4070765029727,seife,0.55,2026-08-30,2026-08-30,dm-website
dm,"Balea Cremeseife Himbeere & Magnolie, Nachfüllpack, 850 ml",4070765029680,seife,0.85,2026-08-30,2026-08-30,dm-website
dm,"Balea Cremeseife Milch & Honig, 500 ml",4066447983838,seife,0.65,2026-08-30,2026-08-30,dm-website
dm,"Balea Cremeseife Milch & Honig, Nachfüllpack, 850 ml",4070765029703,seife,0.85,2026-08-30,2026-08-30,dm-website
dm,"Balea Cremeseife Pfirsich & Kokos Nachfüllpack, 500 ml",4070765029741,seife,0.55,2026-08-30,2026-08-30,dm-website
dm,"Balea Cremeseife Pfirsich & Kokos, 500 ml",4066447988932,seife,0.65,2026-08-30,2026-08-30,dm-website
dm,"Balea Cremeseife Sensitive mit Aloe Vera, Nachfüllpack, 850 ml",4070765029666,seife,0.85,2026-08-30,2026-08-30,dm-website
dm,"Balea Cremeseife sensitive, 500 ml",4066447983814,seife,0.65,2026-08-30,2026-08-30,dm-website
dm,"Balea Deo Achselpads Größe M, 14 St",4066447345247,deo,2.95,2026-08-30,2026-08-30,dm-website
dm,"Balea Deo Bodyspray Lemon Lover, 150 ml",4066447967364,deo,0.95,2026-08-30,2026-08-30,dm-website
dm,"Balea Deo Roll-on Glamorous Moment, 50 ml",4070765031980,deo,0.75,2026-08-30,2026-08-30,dm-website
dm,"Balea Deo Roll-on Sensitive, 50 ml",4066447944167,deo,0.6,2026-08-30,2026-08-30,dm-website
dm,"Balea Deo Roll-on Soft Flower, 50 ml",4066447944648,deo,0.6,2026-08-30,2026-08-30,dm-website
dm,"Balea Deo Roll-on Sweet Sunshine, 50 ml",4066447944624,deo,0.6,2026-08-30,2026-08-30,dm-website
dm,"Balea Deo Zerstäuber Pink Bloom, 75 ml",4070765021998,deo,1.95,2026-08-30,2026-08-30,dm-website
dm,"Balea Deo Zerstäuber Sensitive, 75 ml",4066447878462,deo,1.25,2026-08-30,2026-08-30,dm-website
dm,"Balea Deocreme Sensitive, 50 ml",4067796210057,deo,1.75,2026-08-30,2026-08-30,dm-website
dm,"Balea Deocreme mit Natron & Zink, 50 ml",4066447979725,deo,1.75,2026-08-30,2026-08-30,dm-website
dm,"Balea Deospray Parfum Deodorant Golden Moon, 150 ml",4066447770780,deo,0.95,2026-08-30,2026-08-30,dm-website
dm,"Balea Deotücher Sensitive, 10 St",4066447979961,deo,1.25,2026-08-30,2026-08-30,dm-website
dm,"Balea Duschgel After Sun, 300 ml",4066447965636,duschgel,0.75,2026-08-30,2026-08-30,dm-website
dm,"Balea Duschgel Beautiful Dreams, 200 ml",4066447989175,duschgel,0.95,2026-08-30,2026-08-30,dm-website
dm,"Balea Duschgel Beauty Expert Hydro, 200 ml",4066447989250,duschgel,1.95,2026-08-30,2026-08-30,dm-website
dm,"Balea Duschgel Beauty Expert Skin Refining, 200 ml",4066447989236,duschgel,1.95,2026-08-30,2026-08-30,dm-website
dm,"Balea Duschgel Lemon Lover, 300 ml",4066447941210,duschgel,0.55,2026-08-30,2026-08-30,dm-website
dm,"Balea Duschgel Soft Creme, 300 ml",4066447965551,duschgel,0.95,2026-08-30,2026-08-30,dm-website
dm,"Balea Duschgel Sunny Fruits, 300 ml",4066447942729,duschgel,0.55,2026-08-30,2026-08-30,dm-website
dm,"Balea Festes Duschgel Vanille & Zitrone, 100 g",4066447989113,duschgel,2.25,2026-08-30,2026-08-30,dm-website
dm,"Balea Festes Duschgel mit Kokosöl & Sheabutter, 100 g",4066447965476,duschgel,2.25,2026-08-30,2026-08-30,dm-website
dm,"Balea Flüssigseife Arztseife, 300 ml",4066447983876,seife,1.25,2026-08-30,2026-08-30,dm-website
dm,"Balea Flüssigseife Eukalyptus & Lotus, Nachfüllpack, 500 ml",4070765029765,seife,1.95,2026-08-30,2026-08-30,dm-website
dm,"Balea Flüssigseife Ginseng & Green Mandarin Nachfüllpack, 500 ml",4066447948219,seife,1.95,2026-08-30,2026-08-30,dm-website
dm,"Balea Flüssigseife Ginseng & Green Mandarin, 300 ml",4066447921793,seife,1.45,2026-08-30,2026-08-30,dm-website
dm,"Balea Flüssigseife, milde Seife Pflege & Hygiene, antibakteriell, 300 ml",4066447983913,seife,0.95,2026-08-30,2026-08-30,dm-website
dm,"Balea Flüssigseife, milde Seife Pflege & Hygiene, antibakteriell, Nachfüllpack, 500 ml",4066447705041,seife,0.85,2026-08-30,2026-08-30,dm-website
dm,"Balea Gesichtscreme Pflegecreme 24h, 250 ml",4066447969290,creme,1.15,2026-08-30,2026-08-30,dm-website
dm,"Balea Gesichtswasser hautrein, 200 ml",4066447921670,wasser,1.65,2026-08-30,2026-08-30,dm-website
dm,"Balea Hand- und Nagelbalsam Kamille, 100 ml",4067796148763,creme,0.75,2026-08-30,2026-08-30,dm-website
dm,"Balea Handcreme Aloe Vera, 100 ml",4066447876406,creme,0.95,2026-08-30,2026-08-30,dm-website
dm,"Balea Handcreme Bright & Protect LSF 50, 75 ml",4070765001709,creme,1.95,2026-08-30,2026-08-30,dm-website
dm,"Balea Handcreme Ginseng & Green Mandarin, 75 ml",4070765068023,creme,1.95,2026-08-30,2026-08-30,dm-website
dm,"Balea Handcreme Glamorous Moment, 100 ml",4070765001341,creme,0.95,2026-08-30,2026-08-30,dm-website
dm,"Balea Handcreme Olive, sehr trockene Hände, 100 ml",4070765001228,creme,0.75,2026-08-30,2026-08-30,dm-website
dm,"Balea Handcreme Q10 mit Aprikosenöl und LSF15, 100 ml",4070765001303,creme,1.25,2026-08-30,2026-08-30,dm-website
dm,"Balea Handcreme Urea, 100 ml",4070765001280,creme,0.95,2026-08-30,2026-08-30,dm-website
dm,"Balea Handcreme schnell einziehend, trockene Haut, 100 ml",4066447989786,creme,0.95,2026-08-30,2026-08-30,dm-website
dm,"Balea Handlotion Creme-Öl, 100 ml",4066447888423,creme,0.95,2026-08-30,2026-08-30,dm-website
dm,"Balea Handpeeling Wildrose & Aprikose, 15 ml",4067796189056,creme,0.95,2026-08-30,2026-08-30,dm-website
dm,"Balea Handserum Hyaluron, 75 ml",4070765023237,creme,1.95,2026-08-30,2026-08-30,dm-website
dm,"Balea Küchenseife Zitrone, Limette & Melisse, 300 ml",4066447983890,seife,0.95,2026-08-30,2026-08-30,dm-website
dm,Balea Liquid soap,4066447704945,Lebensmittel,0.85,2025-08-30,2026-08-30,dm-website
dm,"Balea MEN Duschgel Deep Sensation 4in1, 300 ml",4066447966527,duschgel,0.95,2026-08-30,2026-08-30,dm-website
dm,"Balea MEN Duschgel Fresh 3in1, 300 ml",4066447993523,duschgel,0.55,2026-08-30,2026-08-30,dm-website
dm,Balea MEN Duschgel Sensitive 3in1,4066447966534,duschgel,0.55,2026-08-30,2026-08-30,dm-website
dm,"Balea MEN Duschgel Sport 3in1, 300 ml",4066447966510,duschgel,0.55,2026-08-30,2026-08-30,dm-website
dm,Balea MEN FRESH FESTE DUSCHSEIFE,4066447160925,duschseife,2.35,2024-08-05,2026-08-30,dm-website
dm,"Balea Melkfett Ringelblume, 250 ml",4066447969276,creme,1.65,2026-08-30,2026-08-30,dm-website
dm,"Balea Mizellenwasser Mischhaut Kaktusfeige, 400 ml",4066447987751,wasser,1.45,2026-08-30,2026-08-30,dm-website
dm,"Balea Mizellenwasser trockene Haut, 400 ml",4066447987744,wasser,1.45,2026-08-30,2026-08-30,dm-website
dm,"Balea PROFESSIONAL Shampoo Plex Care, 250 ml",4070765006285,shampoo,1.95,2026-08-30,2026-08-30,dm-website
dm,"Balea PROFESSIONAL Shampoo Silberglanz, 250 ml",4070765001426,shampoo,1.25,2026-08-30,2026-08-30,dm-website
dm,"Balea PROFESSIONAL Shampoo Wachstum + Stärke, 250 ml",4070765006186,shampoo,1.95,2026-08-30,2026-08-30,dm-website
dm,"Balea Pflegecreme Be Fantastic, 30 ml",4066447966824,creme,0.95,2026-08-30,2026-08-30,dm-website
dm,"Balea Pflegecreme Soft, 250 ml",4066447969337,creme,1.15,2026-08-30,2026-08-30,dm-website
dm,"Balea Seifenstück, Arztseife sensitive, 100 g",4066447933710,seife,0.55,2026-08-30,2026-08-30,dm-website
dm,"Balea Seifenstück, Cremeseife Milch & Honig, 150 g",4070765017304,seife,0.55,2026-08-30,2026-08-30,dm-website
dm,"Balea Seifenstück, Cremeseife sensitive, 150 g",4070765017328,seife,0.55,2026-08-30,2026-08-30,dm-website
dm,"Balea Vaseline, 125 ml",4066447109559,creme,1.15,2026-08-30,2026-08-30,dm-website
dm,"Balea med Duschgel & Shampoo 5% Urea 2in1, 300 ml",4066447965414,duschgel,1.75,2026-08-30,2026-08-30,dm-website
dm,"Balea med Duschgel Ultra Sensitive Totes Meer, 250 ml",4066447972443,duschgel,1.75,2026-08-30,2026-08-30,dm-website
dm,"Balea med Duschgel Ultra Sensitive, 250 ml",4066447965445,duschgel,1.95,2026-08-30,2026-08-30,dm-website
dm,"Balea med Duschgel pH 5,5 hautneutral mit Allantoin, 300 ml",4066447965438,duschgel,0.85,2026-08-30,2026-08-30,dm-website
dm,"Balea med Gesichtswasser Ultra Sensitive, 200 ml",4066447919738,wasser,2.95,2026-08-30,2026-08-30,dm-website
dm,"Balea med Handcreme Ultra Sensitive, 100 ml",4070765001327,creme,1.45,2026-08-30,2026-08-30,dm-website
dm,"Balea med Seifenfreie Waschlotion, hautneutral, 300 ml",4066447988895,seife,0.95,2026-08-30,2026-08-30,dm-website
dm,"Balea med Shampoo Anti-Schuppen Ultra Sensitive, 250 ml",4066447972528,shampoo,2.45,2026-08-30,2026-08-30,dm-website
dm,"Balea med Shampoo Totes Meer Ultra Sensitive, 250 ml",4066447972504,shampoo,2.45,2026-08-30,2026-08-30,dm-website
dm,"Balea med Waschlotion seifenfrei & hautneutral, Nachfüllpack, 500 ml",4070765029789,seife,0.95,2026-08-30,2026-08-30,dm-website
dm,"Balea med Waschlotion ulltra sensitive seifenfrei & hautneutral, 300 ml",4066447988918,seife,1.55,2026-08-30,2026-08-30,dm-website
dm,"Balea med seifenfreies Waschstück hautneutral, 150 g",4066447991659,seife,1.75,2026-08-30,2026-08-30,dm-website
dm,"Baylis & Harding Duschgel Goodness Oud, Cedar & Amber, 500 ml",17854100213,duschgel,3.95,2026-08-30,2026-08-30,dm-website
dm,"Baylis & Harding Duschgel Goodness Tonka Bean & Neroli, 500 ml",17854116528,duschgel,3.95,2026-08-30,2026-08-30,dm-website
dm,"Baylis & Harding Flüssigseife Goodness Lemongrass & Ginger, 500 ml",17854100169,seife,3.95,2026-08-30,2026-08-30,dm-website
dm,"Baylis & Harding Flüssigseife Goodness Oud, Cedar & Amber, 500 ml",17854100176,seife,3.95,2026-08-30,2026-08-30,dm-website
dm,"Baylis & Harding Flüssigseife Goodness Tonka Bean & Neroli, 500 ml",17854116535,seife,3.95,2026-08-30,2026-08-30,dm-website
dm,"Baylis & Harding Flüssigseife Twilight Amber, 400 ml",17854116955,seife,3.95,2026-08-30,2026-08-30,dm-website
dm,"Baylis & Harding Flüssigseife Vanilla Seduction, 400 ml",17854120815,seife,3.95,2026-08-30,2026-08-30,dm-website
dm,"Bebivita Anfangsmilch 1 von Geburt an, 500 g",4018852037088,babynahrung,5.95,2026-08-30,2026-08-30,dm-website
dm,"Bebivita Anfangsmilch Pre von Geburt an, 500 g",4018852031796,babynahrung,6.45,2026-08-30,2026-08-30,dm-website
dm,"Bebivita Frucht & Getreide Müsli in Früchten, ab dem 6. Monat, 250 g",4018852036364,müsli,1.25,2026-08-30,2026-08-30,dm-website
dm,"Bebivita Stilles Mineralwasser mit Fenchel und Apfel, ab 5 Monaten, 500 ml EINWEG",4018852032779,wasser,1.35,2026-08-30,2026-08-30,dm-website
dm,"Bettina Barty Duschgel Love Vanilla, 500 ml",4008268001285,duschgel,3.25,2026-08-30,2026-08-30,dm-website
dm,"Bettina Barty Duschgel Vanilla, 500 ml",4008268002800,duschgel,3.25,2026-08-30,2026-08-30,dm-website
dm,"Billy Tiger Kindersnack Maisstangen ab 1 Jahr, 50 g",4260208910891,babynahrung,1.15,2026-08-30,2026-08-30,dm-website
dm,"Billy Tiger Kindersnack Mini Maisstangen mit Hirse Banane ab 3 Jahren, 30 g",4260208910983,babynahrung,1.15,2026-08-30,2026-08-30,dm-website
dm,"Billy Tiger Kindersnack Mini Maisstangen mit Hirse Erdbeere ab 3 Jahren, 30 g",4260208910976,babynahrung,1.15,2026-08-30,2026-08-30,dm-website
dm,"Billy Tiger Kindersnack Pufuleti Mango & Passionsfrucht ab 3 Jahren, 35 g",4260208910846,babynahrung,1.25,2026-08-30,2026-08-30,dm-website
dm,"Bioniq® Zahnpasta Plus Zahnfleisch-Schutz, 75 ml",4008666831125,zahnpasta,6.95,2026-08-30,2026-08-30,dm-website
dm,"Bioniq® Zahnpasta Repair fluoridfrei, 75 ml",4008666831170,zahnpasta,5.95,2026-08-30,2026-08-30,dm-website
dm,"Bioniq® Zahnpasta White Filler, 75 ml",4008666830982,zahnpasta,7.95,2026-08-30,2026-08-30,dm-website
dm,"Borotalco Antitranspirant Deo Roll-on FRESH Non-Stop Aquatic Flowers Scent, 50 ml",80942719,deo,4.45,2026-08-30,2026-08-30,dm-website
dm,"Borotalco Antitranspirant Deo Roll-on Original, 50 ml",80780458,deo,4.45,2026-08-30,2026-08-30,dm-website
dm,"Brooklyn Soap Company Duschgel Blue Amber & Cedar 2in1, 300 ml",4260380014608,duschgel,3.95,2026-08-30,2026-08-30,dm-website
dm,"Brooklyn Soap Company Duschgel Oud Wood & Santal, 300 ml",4260380014592,duschgel,3.95,2026-08-30,2026-08-30,dm-website
dm,"CD Antitranspirant Deo Zerstäuber Pure & Protect Aqua Essence, 75 ml",4045612011767,deo,3.45,2026-08-30,2026-08-30,dm-website
dm,"CD Antitranspirant Deo Zerstäuber pure & protect fresh blossom, 75 ml",4045612011279,deo,3.45,2026-08-30,2026-08-30,dm-website
dm,"CD Deo Roll-on Girl-Power-Duft, Mein erstes Deo, 50 ml",4045612010951,deo,2.95,2026-08-30,2026-08-30,dm-website
dm,"CD Deo Roll-on Wasserlilie, 50 ml",4045612011927,wasser,2.45,2026-08-30,2026-08-30,dm-website
dm,"CD Deo Roll-on pure & protect fresh blossom, 50 ml",4045612011262,deo,2.45,2026-08-30,2026-08-30,dm-website
dm,"CD Deo Zerstäuber Citrus, 75 ml",4045612011897,deo,3.45,2026-08-30,2026-08-30,dm-website
dm,"CD Deo Zerstäuber Wasserlilie, 75 ml",4045612011873,wasser,3.45,2026-08-30,2026-08-30,dm-website
dm,"CD Deospray ALL BODY DEO, 150 ml",4045612011392,deo,2.95,2026-08-30,2026-08-30,dm-website
dm,"CD Deospray Wasserlilie, 150 ml",4045612011835,wasser,2.45,2026-08-30,2026-08-30,dm-website
dm,"CD Deostick Wasserlilie, 40 ml",4045612010579,wasser,2.45,2026-08-30,2026-08-30,dm-website
dm,"CD Duschgel Ocean Spa, 300 ml",4045612010692,duschgel,1.95,2026-08-30,2026-08-30,dm-website
dm,"CD Duschgel Wasserlilie, 300 ml",4045612010685,wasser,1.95,2026-08-30,2026-08-30,dm-website
dm,"CD mildes Seifenstück mit Avocado, 100 g",4045612009412,seife,0.95,2026-08-30,2026-08-30,dm-website
dm,"CL Antitranspirant Deo Roll-on Kristall Mineral Fluid extra sensitive, 50 ml",4033419520100,deo,2.95,2026-08-30,2026-08-30,dm-website
dm,"CL Antitranspirant Deo Zerstäuber Kristall, 75 ml",4033419401409,deo,3.75,2026-08-30,2026-08-30,dm-website
dm,"CL Deo Roll-on medcare@, 50 ml",4033419251011,deo,2.95,2026-08-30,2026-08-30,dm-website
dm,"CL Deo Zerstäuber medcare@, 75 ml",4033419231013,deo,3.25,2026-08-30,2026-08-30,dm-website
dm,"Colgate Zahnpasta Harry Potter Junior 6-12 Jahre, 75 ml",8718951799820,zahnpasta,2.95,2026-08-30,2026-08-30,dm-website
dm,"Colgate Zahnpasta Komplett Extra Frisch, 75 ml",8718951035461,zahnpasta,1.65,2026-08-30,2026-08-30,dm-website
dm,"Colgate Zahnpasta Komplett Ultra Weiss, 75 ml",8718951035430,zahnpasta,1.65,2026-08-30,2026-08-30,dm-website
dm,"Colgate Zahnpasta Max White Charcoal, 75 ml",8718951249981,zahnpasta,3.95,2026-08-30,2026-08-30,dm-website
dm,"Colgate Zahnpasta Max White Expert Original, 75 ml",7509546064864,zahnpasta,5.95,2026-08-30,2026-08-30,dm-website
dm,"Colgate Zahnpasta Max White Purple Reveal, 75 ml",8718951539976,zahnpasta,3.95,2026-08-30,2026-08-30,dm-website
dm,"Colgate Zahnpasta Max White Ultra Freshness Pearls, 50 ml",8718951505537,zahnpasta,5.95,2026-08-30,2026-08-30,dm-website
dm,"Colgate Zahnpasta Purple Serum Max White, 40 ml",8718951781689,zahnpasta,15.95,2026-08-30,2026-08-30,dm-website
dm,"Colgate Zahnpasta Total Aktiver Schutz, Gesunde Frische, 75 ml",8718951227323,zahnpasta,2.95,2026-08-30,2026-08-30,dm-website
dm,"Colgate Zahnpasta Total Aktiver Schutz, Original, 75 ml",8718951227262,zahnpasta,2.95,2026-08-30,2026-08-30,dm-website
dm,"Cottonelle Feuchtes Toilettenpapier Kamille & Aloe Vera, Maxi Pack, 84 St",5029053583969,toilettenpapier,2.95,2026-08-30,2026-08-30,dm-website
dm,"Cottonelle Feuchtes Toilettenpapier Natürlich Pflegend, 42 St",5029053583891,toilettenpapier,1.55,2026-08-30,2026-08-30,dm-website
dm,"Cottonelle Feuchtes Toilettenpapier Sensitiv Pflegend, 42 St",5029053583921,toilettenpapier,1.55,2026-08-30,2026-08-30,dm-website
dm,"Cottonelle Feuchtes Toilettenpapier Sensitiv Pflegend, Maxi Pack, 84 St",5029053583976,toilettenpapier,2.95,2026-08-30,2026-08-30,dm-website
dm,"Cottonelle Feuchtes Toilettenpapier Ultimativ Frisch, 42 St",5029053584737,toilettenpapier,1.55,2026-08-30,2026-08-30,dm-website
dm,"DEJAN GARZ Shampoo The Sensitive, 300 ml",4063528106971,shampoo,12.95,2026-08-30,2026-08-30,dm-website
dm,"Danke Toilettenpapier Recycling 3-lagig (16x150 Blatt), 16 St",7322542534007,toilettenpapier,5.95,2026-08-30,2026-08-30,dm-website
dm,"Danke Toilettenpapier Recycling 3-lagig (8x150 Blatt), 8 St",7322542035917,toilettenpapier,2.95,2026-08-30,2026-08-30,dm-website
dm,"Denkmit Destilliertes Wasser, 5 l",4066447790627,wasser,1.65,2026-08-30,2026-08-30,dm-website
dm,Denkmit Vollwaschmittel,4067796180169,waschpulver,3.15,2025-08-30,2026-08-30,dm-website
dm,"Denkmit WC Wasserkasten Tabs, 4 St",4066447891249,wasser,1.65,2026-08-30,2026-08-30,dm-website
dm,"Dentagard Zahnpasta Kräuter, 75 ml",8718951031876,zahnpasta,0.95,2026-08-30,2026-08-30,dm-website
dm,DmBio Barista Haferdrink mit Soja,4066447577327,beverages and beverages preparations,1.35,2024-07-06,2026-08-30,dm-website
dm,"DmBio Caffè Crema, ganze Bohne",4058172684159,beverages and beverages preparations,15.45,2025-08-30,2026-08-30,dm-website
dm,DmBio Dinkel Frischei Waffeln,4066447712865,snacks,1.35,2024-05-07,2026-08-30,dm-website
dm,Dontodent Kaugummi Nature Gum Spearmint,4066447580198,snacks,1.85,2024-03-12,2026-08-30,dm-website
dm,Dontodent Kaugummi Nature Gum Zitrone,4066447601084,snacks,1.85,2024-03-12,2026-08-30,dm-website
dm,"Dontodent PRO+ Zahnpasta PRO+ Sensitive Zahnschmelz Repair, 75 ml",4070765006643,zahnpasta,2.95,2026-08-30,2026-08-30,dm-website
dm,"Dontodent PRO+ Zahnpasta PRO+ Zahnfleisch Probiotik Aktiv, 75 ml",4070765006667,zahnpasta,2.45,2026-08-30,2026-08-30,dm-website
dm,"Dontodent Zahnpasta Brillant Weiß, 125 ml",4070765006544,zahnpasta,0.85,2026-08-30,2026-08-30,dm-website
dm,"Dontodent Zahnpasta Complete Care & Protect, 75 ml",4070765004090,zahnpasta,1.95,2026-08-30,2026-08-30,dm-website
dm,"Dontodent Zahnpasta antibakteriell, 125 ml",4070765006520,zahnpasta,0.85,2026-08-30,2026-08-30,dm-website
dm,"Doppelherz Grünes Superfood Pulver, 600 g",4009932133417,wasser,34.95,2026-08-30,2026-08-30,dm-website
dm,"Dove Antitranspirant Deo Roll-on Advanced Care Invisible Dry, 50 ml",59083856,deo,3.25,2026-08-30,2026-08-30,dm-website
dm,"Dove Antitranspirant Deo Roll-on Advanced Care Original, 50 ml",59095842,deo,3.25,2026-08-30,2026-08-30,dm-website
dm,"Dove Antitranspirant Deo Roll-on sakura summer Matcha & Cherry Blossom Scent, 50 ml",87116786,deo,3.25,2026-08-30,2026-08-30,dm-website
dm,"Dove Antitranspirant Deospray Advanced Care Original, 150 ml",8720181291920,deo,3.25,2026-08-30,2026-08-30,dm-website
dm,"Dove Antitranspirant Deospray Original, 150 ml",8712561315975,deo,2.25,2026-08-30,2026-08-30,dm-website
dm,"Dove Antitranspirant Deospray Powder Soft, 150 ml",8712561820899,deo,2.25,2026-08-30,2026-08-30,dm-website
dm,"Dove Deospray Whole Body Deo Original, 150 ml",8720181851384,deo,3.95,2026-08-30,2026-08-30,dm-website
dm,"Dove Deostick Whole Body Deo Himbeer- & Rosenduft, 75 ml",8720181594823,deo,4.95,2026-08-30,2026-08-30,dm-website
dm,"Dove Duschcreme Advanced Care Intensivpflege & Öl, Arganöl, 225 ml",8720181460029,duschgel,2.85,2026-08-30,2026-08-30,dm-website
dm,"Dove Duschcreme Advanced Care Reichhaltige Pflege, 225 ml",8720181443459,duschgel,2.85,2026-08-30,2026-08-30,dm-website
dm,"Dove Duschcreme Advanced Care Seidig-Zart, 225 ml",8720181491948,duschgel,2.85,2026-08-30,2026-08-30,dm-website
dm,"Dove Duschgel Bridgerton Raspberry Rendezvous, 225 ml",8720181871375,duschgel,2.85,2026-08-30,2026-08-30,dm-website
dm,"Dove Duschgel body+mind Lavendel & Hafermilch, 350 ml",8720181916458,duschgel,6.95,2026-08-30,2026-08-30,dm-website
dm,"Dove Flüssigseife, pflegende Handwaschlotion, Nachfüllpack, 500 ml",4000388179004,seife,2.55,2026-08-30,2026-08-30,dm-website
dm,"Dove Pflegedusche Cremig-Sanft, 450 ml",8720181466373,duschgel,3.75,2026-08-30,2026-08-30,dm-website
dm,"Dove Seifenstück beauty cream (2x90g), 180 g",8720181481239,seife,2.95,2026-08-30,2026-08-30,dm-website
dm,"ECOVER Woll & Feinwaschmittel flüssig Wasserlilie & Honigmelone, 22 Wl",5412533420128,wasser,5.25,2026-08-30,2026-08-30,dm-website
dm,"ECOVER Woll- & Feinwaschmittel flüssig Wasserlilie & Honigmelone, 111 Wl",5412533002133,wasser,24.95,2026-08-30,2026-08-30,dm-website
dm,ESN PROTEIN BAR,4250519646534,dietary supplements,2.25,2024-03-12,2026-08-30,dm-website
dm,"EXTRA Kaugummi, Wassermelone, zuckerfrei, 10 St",42189527,wasser,0.95,2026-08-30,2026-08-30,dm-website
dm,Everdrop Spülmittelpulver,4262365713841,Lebensmittel,1.8,2024-03-12,2026-08-30,dm-website
dm,"FELCE AZZURRA Duschgel Original, 250 ml",8001280012464,duschgel,2.25,2026-08-30,2026-08-30,dm-website
dm,"FRUCHTBAR Pausenfreund Kinderkekse Dattel, Cashew & Kakao, ab 3 Jahren, 120 g",4260133234789,babynahrung,2.45,2026-08-30,2026-08-30,dm-website
dm,"FRUCHTBAR Pausenfreund Kinderkekse Dino-Kekse Kakao-Dinkel ab 3 Jahren, 125 g",4260739350555,babynahrung,2.15,2026-08-30,2026-08-30,dm-website
dm,"FRUCHTBAR Pausenfreund Kindersnack Erdbeer Waffeln ab 3 Jahren, 100 g",4260133236455,babynahrung,2.45,2026-08-30,2026-08-30,dm-website
dm,"FRUCHTBAR Pausenfreund Kindersnack Frühstückskissen Kakao ab 3 Jahren, 180 g",4260133235632,müsli,2.95,2026-08-30,2026-08-30,dm-website
dm,"FRUCHTBAR Pausenfreund Kindersnack Kakao Waffeln ab 3 Jahren, 100 g",4260739350531,babynahrung,2.45,2026-08-30,2026-08-30,dm-website
dm,"FRUCHTBAR Pausenfreund Kindersnack Laugen-Sterne mit Käse, ab 3 Jahren, 70 g",4260133233812,babynahrung,1.95,2026-08-30,2026-08-30,dm-website
dm,"FRUCHTBAR Pausenfreund Kindersnack Mini-Kuchen mit Erdbeerpüree ab 3 Jahren, 36 g",4260133237407,babynahrung,1.15,2026-08-30,2026-08-30,dm-website
dm,"FRUCHTBAR Pausenfreund Kindersnack Pausenfreund Frucht-Tasche, Dinkel, Blaubeere, Apfel, Banane ab 3 Jahren (6x22 g), 13",4260133231399,babynahrung,2.95,2026-08-30,2026-08-30,dm-website
dm,"FRUCHTBAR Pausenfreund Kindersnack Pausenfreund Frucht-Tasche, Dinkel, Erdbeere, Apfel ab 3 Jahren (6x22 g), 132 g",4260133230781,babynahrung,2.95,2026-08-30,2026-08-30,dm-website
dm,"FRUCHTBAR Pausenfreund Kindersnack Pausenfreund Hafer-Happen, Himbeere, Apfel & Rote Bete ab 3 Jahren, 80 g",4260133230750,babynahrung,1.95,2026-08-30,2026-08-30,dm-website
dm,"FRUCHTBAR Pausenfreund Kindersnack Pausenfreund Knusper-Duo, Hafer, Kakao, Apfel, ab 3 Jahren (3x23 g), 69 g",4260133231375,babynahrung,1.95,2026-08-30,2026-08-30,dm-website
dm,"Feuchtigkeitscreme Dewy Water, korean skincare balea, 50 ml",4070765012422,wasser,4.95,2026-08-30,2026-08-30,dm-website
dm,"Foamie Festes Duschgel Fruchtige Frische, 80 g",4063528076472,duschgel,4.45,2026-08-30,2026-08-30,dm-website
dm,"Foamie Festes Duschgel Kirschblüte & Reismilch, 80 g",4063528008862,duschgel,4.45,2026-08-30,2026-08-30,dm-website
dm,"Foamie Festes Duschgel Kokos & Kakaobutter, 80 g",4063528008879,duschgel,4.45,2026-08-30,2026-08-30,dm-website
dm,"Foamie Festes Duschgel Men Wasserminze & Zitrone 3in1, 90 g",4063528017796,wasser,4.95,2026-08-30,2026-08-30,dm-website
dm,"Freche Freunde Babykeks Rübchen Rote Bete & Pastinake, ab dem 8. Monat, 30 g",4262367681209,babynahrung,0.95,2026-08-30,2026-08-30,dm-website
dm,"Freche Freunde Babysnack Knusper-Schnitte Banane & Kürbis ab dem 8. Monat, 6x14g, 84 g",4260249140288,babynahrung,2.25,2026-08-30,2026-08-30,dm-website
dm,"Freche Freunde Fruchtriegel Banane & Kirsche, ab 1 Jahr (4x23 g), 92 g",4262367685368,babynahrung,2.25,2026-08-30,2026-08-30,dm-website
dm,"Freche Freunde Fruchtriegel mit Getreide Mango & Orange ab 1 Jahr, (4x23 g), 92 g",4262367685320,babynahrung,2.25,2026-08-30,2026-08-30,dm-website
dm,"Freche Freunde Fruchtriegel mit Getreide Rote Traube, Banane & Aronia ab 3 Jahren, (4x23 g), 92 g",4262367685306,babynahrung,2.25,2026-08-30,2026-08-30,dm-website
dm,"Freche Freunde Kindermüsli Apfel & Erdbeere ab 1 Jahr, 125 g",4260618520161,müsli,2.15,2026-08-30,2026-08-30,dm-website
dm,"Freche Freunde Kindermüsli Banane, Apfel & Blaubeere ab 1 Jahr, 220 g",4262367680776,müsli,2.95,2026-08-30,2026-08-30,dm-website
dm,"Freche Freunde Kindersnack Bunte Chips Ketchup Style, für Schulkinder, 50 g",4262367685177,babynahrung,1.65,2026-08-30,2026-08-30,dm-website
dm,"Freche Freunde Kindersnack Freche Brezeln Kichererbse, ab 4 Jahren, 75 g",4260249143029,babynahrung,1.65,2026-08-30,2026-08-30,dm-website
dm,"Freche Freunde Kindersnack Fruchtchips Erdbeere, ab 3 Jahre, 12 g",4260249140530,babynahrung,1.95,2026-08-30,2026-08-30,dm-website
dm,"Freche Freunde Kindersnack Hafer-Mini Mix mit Apfel & Beere, ab 3 Jahren, 100 g",4262367684149,babynahrung,2.95,2026-08-30,2026-08-30,dm-website
dm,"Freche Freunde Kindersnack Knusper-Herzchen Banane & Erdbeere, ab 1 Jahr, 30 g",4260618523094,babynahrung,1.15,2026-08-30,2026-08-30,dm-website
dm,"Freche Freunde Kindersnack Knusper-Sticks bunter Gemüse-Mix ab 1 Jahr, 30 g",4262367684569,babynahrung,1.15,2026-08-30,2026-08-30,dm-website
dm,"Freche Freunde Kindersnack Mini Knusper-Schmetterlinge Banane, Apfel & Himbeere ab 1 Jahr (3x15 g), 45 g",4262367684835,babynahrung,2.25,2026-08-30,2026-08-30,dm-website
dm,"Freche Freunde Kindersnack Pancakes Banane ready-to-eat (4x2 Stück) ab 3 Jahren, 240 g",4262367684019,babynahrung,3.95,2026-08-30,2026-08-30,dm-website
dm,"Freche Freunde Kindersnack Party Pops Apfel Erdbeere ab 1 Jahr, 15 g",4262367682688,babynahrung,0.95,2026-08-30,2026-08-30,dm-website
dm,"Freche Freunde Kindersnack Rosinchen (3x14 g), ab 4 Jahren, 42 g",4260249146907,babynahrung,0.95,2026-08-30,2026-08-30,dm-website
dm,"Freche Freunde Kindersnack Smoothie-Chips Banane Apfel Erdbeere mit Joghurt, ab 3 Jahren, 16 g",4260618526033,babynahrung,1.95,2026-08-30,2026-08-30,dm-website
dm,Frosch Duschgel,4001499949180,Lebensmittel,2.45,2024-03-12,2026-08-30,dm-website
dm,"Frosch Flüssigseife sensitiv reine Pflege Nachfüllpack, 500 ml",4001499967429,seife,2.45,2026-08-30,2026-08-30,dm-website
dm,Frosch Pfirsichblüte Sensitiv Seife,4001499957482,Lebensmittel,2.45,2024-03-12,2026-08-30,dm-website
dm,"Frosch Senses Duschgel & Shampoo sensitiv Meeresmineralien ""Meer für dich!"", 300 ml",4001499972867,duschgel,2.15,2026-08-30,2026-08-30,dm-website
dm,"Frosch Senses Duschgel Granatapfel sensitiv, 300 ml",4001499943980,duschgel,2.15,2026-08-30,2026-08-30,dm-website
dm,"Frosch Senses Duschgel Sensitiv Aloe Vera, 300 ml",4001499943973,duschgel,2.15,2026-08-30,2026-08-30,dm-website
dm,"Frosch Senses Flüssigseife sensitiv, 300 ml",4001499972560,seife,1.95,2026-08-30,2026-08-30,dm-website
dm,"Frosch Senses Flüssigseife sensitiv, 300 ml",4001499968976,seife,1.95,2026-08-30,2026-08-30,dm-website
dm,Frosch Voll-Waschpulver,4001499960260,Lebensmittel,4.75,2024-08-05,2026-08-30,dm-website
dm,Frosch WC-Reiniger,4001499954993,Lebensmittel,2.35,2024-03-12,2026-08-30,dm-website
dm,Frosch bunt-waschpulver Granatapfel,4001499960284,Lebensmittel,4.75,2024-08-05,2026-08-30,dm-website
dm,"FruchtBar Babykekse Bauernhof ab 8 Monaten, 100 g",4260133236264,babynahrung,1.85,2026-08-30,2026-08-30,dm-website
dm,"FruchtBar Babykekse Wundertraum-Kekse mit Dinkel, Apfel & Heidelbeere, ab 8 Monaten, 100 g",4260133233324,babynahrung,1.85,2026-08-30,2026-08-30,dm-website
dm,"FruchtBar Babysnack Knusper-Brezeln Mais & Karotte, ab 6 Monaten, 25 g",4260133232341,babynahrung,1.15,2026-08-30,2026-08-30,dm-website
dm,"FruchtBar Babysnack Mehrkorn-Stangen mit Mais, Dinkel, Banane & Erdbeere ab 8 Monaten, 30 g",4260133231351,babynahrung,1.15,2026-08-30,2026-08-30,dm-website
dm,"FruchtBar Fruchtriegel Erdbeere, Apfel, Hafer ab 3 Jahren (6x23 g), 138 g",4260133233409,babynahrung,3.45,2026-08-30,2026-08-30,dm-website
dm,"FruchtBar Fruchtriegel Heidelbeere Banane Hafer ab 3 Jahren (6x23 g), 138 g",4260133233416,babynahrung,3.45,2026-08-30,2026-08-30,dm-website
dm,"FruchtBar Kinder Knusper-Müsli Apfel, Erdbeere & Himbeere ab 12 Monaten, 200 g",4260133237926,müsli,2.85,2026-08-30,2026-08-30,dm-website
dm,"FruchtBar Kindermüsli Frühstücks-Herzen ab dem 12. Monat, 125 g",4260133234727,müsli,2.15,2026-08-30,2026-08-30,dm-website
dm,"FruchtBar Kindermüsli Knusper-Bällchen ab dem 12. Monat, 125 g",4260133231184,müsli,2.15,2026-08-30,2026-08-30,dm-website
dm,"FruchtBar Kindersnack Knusper-Einhörner, Mais, Himbeere, Banane, Rote Bete, ab 12 Monaten, 30 g",4260133234550,babynahrung,1.15,2026-08-30,2026-08-30,dm-website
dm,"FruchtBar Kindersnack Knusper-Enten Karotte, Kürbis, Mais & Reis ab 12 Monaten, 30 g",4260133236325,babynahrung,1.15,2026-08-30,2026-08-30,dm-website
dm,"FruchtBar Kindersnack Knusper-Schildkröten Mango Banane Mais, ab 12 Monaten, 30 g",4260133236387,babynahrung,1.15,2026-08-30,2026-08-30,dm-website
dm,"FruchtBar Kindersnack Knusper-Stangen Hirse, Erdbeere, Mais ab 1 Jahr, 30 g",4260133236127,babynahrung,1.15,2026-08-30,2026-08-30,dm-website
dm,"FruchtBar Kindersnack Knusper-Stäbchen Mais & Käse, ab 12 Monaten, 30 g",4260133232259,babynahrung,1.15,2026-08-30,2026-08-30,dm-website
dm,"FruchtBar Kindersnack Mini-Laugenstangen mit Butter, ab 3 Jahren, 90 g",4260133232037,babynahrung,1.95,2026-08-30,2026-08-30,dm-website
dm,"FruchtBar Kindersnack Pizza-Flieger Tomate, Käse & Mais ab 12 Monaten, 30 g",4260133237360,babynahrung,1.15,2026-08-30,2026-08-30,dm-website
dm,"GARNIER FRUCTIS Conditioner Coco Water, 250 ml",3600542040013,wasser,2.75,2026-08-30,2026-08-30,dm-website
dm,"GARNIER FRUCTIS Shampoo Coco Water, fettiger Ansatz & trockene Spitzen, 400 ml",3600541970533,wasser,3.45,2026-08-30,2026-08-30,dm-website
dm,"GARNIER FRUCTIS Shampoo Hydra Aloe, 300 ml",3600542117920,shampoo,2.75,2026-08-30,2026-08-30,dm-website
dm,"GARNIER FRUCTIS Shampoo Kraft & Glanz, stärkeres & glänzendes Haar, 400 ml",3600541979918,shampoo,3.45,2026-08-30,2026-08-30,dm-website
dm,"GARNIER FRUCTIS Shampoo Locken Methode Feuchtigkeit, 200 ml",3600542571739,shampoo,3.95,2026-08-30,2026-08-30,dm-website
dm,"GARNIER mineral Antitranspirant Deo Roll-on Mineral Protection 5, 50 ml",3600542227384,deo,2.75,2026-08-30,2026-08-30,dm-website
dm,"GARNIER mineral Antitranspirant Deo Roll-on Ultra Dry 48h, 50 ml",3600542227322,deo,2.75,2026-08-30,2026-08-30,dm-website
dm,"GUHL Shampoo Frische & Leichtigkeit Anti Fett, 250 ml",4072600282274,shampoo,3.95,2026-08-30,2026-08-30,dm-website
dm,"GUHL Shampoo Kraft & Fülle, 250 ml",4072600703502,shampoo,4.95,2026-08-30,2026-08-30,dm-website
dm,"Garnier Ambre Solaire Sonnenspray sensitiv expert+ hydrating sun water, LFS 50, 150 ml",3600542656757,wasser,12.95,2026-08-30,2026-08-30,dm-website
dm,"Garnier Ambre Solaire Sonnenspray sensitive expert +, hydrating UV water, LSF 30, 150 ml",3600542681117,wasser,12.95,2026-08-30,2026-08-30,dm-website
dm,"Garnier Skin Active Mizellenwasser All-in-1, Reisegröße, 100 ml",3600542391061,wasser,1.55,2026-08-30,2026-08-30,dm-website
dm,"Garnier Skin Active Mizellenwasser Waterproof All in 1, 400 ml",3600541744554,wasser,3.95,2026-08-30,2026-08-30,dm-website
dm,"Garnier Skin Active Mizellenwasser empfindliche Haut All in 1, 400 ml",3600541698482,wasser,3.95,2026-08-30,2026-08-30,dm-website
dm,"HASK Shampoo curls + coconut oil, 473 ml",71164341438,shampoo,8.95,2026-08-30,2026-08-30,dm-website
dm,"HEYHO! Granola, Peanut Power, 320 g",4260519490525,müsli,4.95,2026-08-30,2026-08-30,dm-website
dm,"HEYHO! Granola, Saltcity Original, 320 g",4260519490518,müsli,4.95,2026-08-30,2026-08-30,dm-website
dm,"Hakle Feuchtes Toilettenpapier Cremeduft & Pflege, 42 St",4260344221516,toilettenpapier,1.65,2026-08-30,2026-08-30,dm-website
dm,"Hakle Feuchtes Toilettenpapier Kamille, 42 St",4260344221523,toilettenpapier,1.65,2026-08-30,2026-08-30,dm-website
dm,"Hakle Feuchtes Toilettenpapier ultra med, 42 St",4260344221509,toilettenpapier,1.65,2026-08-30,2026-08-30,dm-website
dm,"Hakle Toilettenpapier 4-lagig (9x100 Blatt), 9 St",8004260007788,toilettenpapier,5.25,2026-08-30,2026-08-30,dm-website
dm,"Hakle Toilettenpapier Traumweich (8x130 Blatt), 8 St",4260344220106,toilettenpapier,4.15,2026-08-30,2026-08-30,dm-website
dm,"Hammermühle Müsli, Choco Balls, glutenfrei, 275 g",4015537002942,müsli,3.25,2026-08-30,2026-08-30,dm-website
dm,"Hammermühle Nougat Bits, glutenfrei, 300 g",4015537002935,müsli,3.95,2026-08-30,2026-08-30,dm-website
dm,"Hand- & Nagelcreme mit Kamille in der Dose, 150 ml",4000196031136,creme,1.55,2026-08-30,2026-08-30,dm-website
dm,"Handreiniger Kaiser-Natron, 200 ml",4000401338012,seife,2.55,2026-08-30,2026-08-30,dm-website
dm,"Handsan Handcreme 5 % Urea, 90 ml",4045612007036,creme,1.35,2026-08-30,2026-08-30,dm-website
dm,"Handsan Handcreme Schutzbalsam mit Shea Butter, 90 ml",4045612010647,creme,1.35,2026-08-30,2026-08-30,dm-website
dm,"Hansaplast Pflaster Strips Aqua Protect wasserdicht, 20 St",4005800280689,wasser,2.95,2026-08-30,2026-08-30,dm-website
dm,"Herbacin Handcreme Kamille, 75 ml",4013718021898,creme,2.15,2026-08-30,2026-08-30,dm-website
dm,"Herbal Essences Shampoo Blütensanft Rosenduft, 350 ml",8700216212748,shampoo,3.95,2026-08-30,2026-08-30,dm-website
dm,"Herbal Essences Shampoo Dolce Vita, 350 ml",8700216928823,shampoo,3.95,2026-08-30,2026-08-30,dm-website
dm,"Herbal Essences Shampoo Feuchtigkeit Aloe Vera, 350 ml",8700216212786,shampoo,3.95,2026-08-30,2026-08-30,dm-website
dm,"Herbal Essences Shampoo Fiji, 350 ml",8006530290012,shampoo,3.95,2026-08-30,2026-08-30,dm-website
dm,"Herbal Essences Shampoo Limettenduft, Tiefenreinigung & Glanz, 350 ml",8006530123556,shampoo,3.95,2026-08-30,2026-08-30,dm-website
dm,"Herbal Essences Shampoo Repair Arganöl, 350 ml",8700216212847,shampoo,3.95,2026-08-30,2026-08-30,dm-website
dm,"HiPP Anfangsmilch Pre Combiotik trinkfertig von Geburt an, 200 ml",4062300465985,babynahrung,2.25,2026-08-30,2026-08-30,dm-website
dm,"HiPP Anfangsmilch Pre Combiotik von Geburt an, 600 g",4062300398894,babynahrung,15.95,2026-08-30,2026-08-30,dm-website
dm,"HiPP Anfangsmilch Pre HA Combiotik von Geburt an, 600 g",4062300402782,babynahrung,17.45,2026-08-30,2026-08-30,dm-website
dm,"HiPP Anfangsmilch Pre PUR von Geburt an, 500 g",4062300464834,babynahrung,10.95,2026-08-30,2026-08-30,dm-website
dm,"HiPP Babysanft Feuchte Toilettentücher ultra sensitiv, 50 St",4062300267619,toilettenpapier,1.75,2026-08-30,2026-08-30,dm-website
dm,"HiPP Frucht & Getreide Apfel-Bananen-Müsli, ab dem 8.Monat, 190 g",4062300406490,müsli,1.45,2026-08-30,2026-08-30,dm-website
dm,"HiPP Frucht & Getreide Feines Bircher Müsli ab dem 6. Monat, 190 g",4062300269880,müsli,1.45,2026-08-30,2026-08-30,dm-website
dm,"HiPP Frucht & Getreide Himbeere in Apfel-Bananen Müsli ab dem 8.Monat, 190 g",4062300367715,müsli,1.45,2026-08-30,2026-08-30,dm-website
dm,"HiPP Frucht & Joghurt Blaubeere in Apfel-Joghurt-Müsli, ab dem 10.Monat, 160 g",4062300379657,müsli,1.15,2026-08-30,2026-08-30,dm-website
dm,"HiPP Frucht & Joghurt Guten Morgen Erdbeere in Apfel Müsli ab dem 10. Monat, 160 g",4062300262652,müsli,1.15,2026-08-30,2026-08-30,dm-website
dm,"HiPP Frucht & Joghurt Müsli Guten Morgen ab dem 10. Monat, 160 g",4062300262683,müsli,1.15,2026-08-30,2026-08-30,dm-website
dm,"HiPP Getreidebrei Bircher Müesli ab dem 6. Monat, 250 g",4062300433939,müsli,2.75,2026-08-30,2026-08-30,dm-website
dm,"HiPP Kindermüsli Beeren ab dem 10. Monat, 200 g",4062300378391,müsli,2.75,2026-08-30,2026-08-30,dm-website
dm,"HiPP Kindermüsli Crunchy Crocos Apfel Zimt, 300 g",4062300473331,müsli,3.95,2026-08-30,2026-08-30,dm-website
dm,"HiPP Kindermüsli Crunchy Dinos Waldbeere, ab 3 Jahren, 300 g",4062300473294,müsli,3.95,2026-08-30,2026-08-30,dm-website
dm,"HiPP Kindermüsli Früchte ab dem 10. Monat, 200 g",4062300294523,müsli,2.75,2026-08-30,2026-08-30,dm-website
dm,"HiPP Kindermüsli Frühstücks-Ringe, ab 2 Jahren, 120 g",4062300454101,müsli,1.95,2026-08-30,2026-08-30,dm-website
dm,"HiPP Kindermüsli Knusper ab dem 15. Monat, 200 g",4062300256385,müsli,2.75,2026-08-30,2026-08-30,dm-website
dm,"HiPP Kindersnack Knabber Sternchen mit Apfel, Orange und Johannisbeere, ab 1 Jahr, 30 g",4062300399518,babynahrung,1.15,2026-08-30,2026-08-30,dm-website
dm,"HiPP Kindersnack Mini Hafer-Herzen Erdbeere-Himbeere, ab 3 Jahre, 40 g",4062300473553,babynahrung,1.25,2026-08-30,2026-08-30,dm-website
dm,"HiPP Kindersnack Urkorn-Dinos Cranberry, Johannisbeere, Urgetreide ab 1 Jahr, 30 g",4062300429710,babynahrung,1.15,2026-08-30,2026-08-30,dm-website
dm,"HiPP Menü Couscous mit Gemüse & Hühnchen ab dem 8. Monat, 220 g",4062300266148,babynahrung,1.85,2026-08-30,2026-08-30,dm-website
dm,"HiPP Menü Cremiger Gemüse-Reis mit Kichererbsen ab 8. Monat pflanzlich, 220 g",4062300439481,babynahrung,1.75,2026-08-30,2026-08-30,dm-website
dm,"HiPP Menü Früh-Karotten mit Kartoffeln & Wildlachs ab dem 5. Monat, 190 g",4062300015920,babynahrung,1.75,2026-08-30,2026-08-30,dm-website
dm,"HiPP Menü Gemüserisotto mit zarter Pute ab dem 12. Monat, 250 g",4062300036710,babynahrung,1.95,2026-08-30,2026-08-30,dm-website
dm,"HiPP Menü Karotten mit Reis & Wildlachs ab dem 8. Monat, 220 g",4062300208254,babynahrung,1.85,2026-08-30,2026-08-30,dm-website
dm,"HiPP Menü Kürbis mit Kartoffeln & Rind ab dem 5. Monat, 190 g",4062300261532,babynahrung,1.75,2026-08-30,2026-08-30,dm-website
dm,"HiPP Menü Mais mit Kartoffelpüree & Pute ab dem 5.Monat, 190 g",4062300266230,babynahrung,1.75,2026-08-30,2026-08-30,dm-website
dm,"HiPP Menü Mini-Pasta mit Alaska-Seelachsfilet & Buttergemüse ab dem 6. Monat, 190 g",4062300261563,babynahrung,1.75,2026-08-30,2026-08-30,dm-website
dm,"HiPP Menü Pasta Bambini Tagliatelle in Spinat-Käse-Sauce ab dem 12. Monat, 250 g",4062300253735,babynahrung,1.85,2026-08-30,2026-08-30,dm-website
dm,"HiPP Menü Spaghetti Bolognese ab dem 12. Monat, 250 g",4062300262515,babynahrung,1.95,2026-08-30,2026-08-30,dm-website
dm,"HiPP Menü Spaghetti Bolognese ab dem 8. Monat, 220 g",4062300266087,babynahrung,1.85,2026-08-30,2026-08-30,dm-website
dm,"HiPP Menü Spätzle mit Gulasch ab dem 12. Monat, 250 g",4062300463196,babynahrung,1.95,2026-08-30,2026-08-30,dm-website
dm,"HiPP Menü Spätzle mit Gulasch ab dem 6. Monat, 190 g",4062300463141,babynahrung,1.75,2026-08-30,2026-08-30,dm-website
dm,"HiPP Menü Spätzle mit Gulasch ab dem 8. Monat, 220 g",4062300463103,babynahrung,1.85,2026-08-30,2026-08-30,dm-website
dm,"HiPP Porridge Frühstück Banane-Blaubeere Haferbrei ab dem 10. Monat, 160 g",4062300349445,babynahrung,1.35,2026-08-30,2026-08-30,dm-website
dm,"HiPP Porridge Frühstück Mango-Banane-Haferbrei, ab dem 10.Monat, 160 g",4062300409064,babynahrung,1.35,2026-08-30,2026-08-30,dm-website
dm,"HiPP Quetschie Bircher Müsli, ab 1 Jahr, 100 g",4062300456099,müsli,1.05,2026-08-30,2026-08-30,dm-website
dm,"HiPP Quetschie Müsli Heidelbeere, Banane in Apfel ab 1 Jahr, 120 g",4062300472488,müsli,1.05,2026-08-30,2026-08-30,dm-website
dm,Hidro Fugal Deodorant frisch&stark men,4006000088587,Lebensmittel,1.45,2024-07-06,2026-08-30,dm-website
dm,"Hidrofugal Antitranspirant Deo Roll-on Forte Doppelschutz, 50 ml",42495567,deo,4.45,2026-08-30,2026-08-30,dm-website
dm,"Hidrofugal Antitranspirant Deo Zerstäuber Classic, 75 ml",4006000294896,deo,5.95,2026-08-30,2026-08-30,dm-website
dm,"Hidrofugal Antitranspirant Deospray Dusch Frische, 150 ml",4006000293837,deo,3.95,2026-08-30,2026-08-30,dm-website
dm,"Hidrofugal Antitranspirant Deospray Stark+ Anti Flecken, 150 ml",4006000293363,deo,3.95,2026-08-30,2026-08-30,dm-website
dm,"Hidrofugal Deo Roll-on Classic, 50 ml",42495598,deo,4.45,2026-08-30,2026-08-30,dm-website
dm,"Hidrofugal Deo Roll-on Dusch Frische, 50 ml",42495604,deo,4.45,2026-08-30,2026-08-30,dm-website
dm,"HistaFood Haferriegel Weiße Creme & Pistazie, 40 g",4262376990620,müsli,2.45,2026-08-30,2026-08-30,dm-website
dm,"HistaFood Müsli, Körner, 425 g",4262376990026,müsli,4.95,2026-08-30,2026-08-30,dm-website
dm,"HistaFood Müsliriegel Kokos & Cranberries, 50 g",4262376990286,müsli,1.95,2026-08-30,2026-08-30,dm-website
dm,"HistaFood Müsliriegel Körner mit Datteln, Kürbiskernen & Zimt, 50 g",4262376990002,müsli,1.95,2026-08-30,2026-08-30,dm-website
dm,"Holle Kindermüsli Frucht ab dem 10.Monat, 250 g",7640161872301,müsli,3.25,2026-08-30,2026-08-30,dm-website
dm,"Holle Kindermüsli Knusper Choco Chipmunk mit Hafer, Mais, Kakao & Apfel ab 1 Jahr, 125 g",7640230493338,müsli,2.15,2026-08-30,2026-08-30,dm-website
dm,"Holle Kindermüsli Knusper Lama Loops mit Hafer, Mais, Apfel & Erdbeere, ab 1 Jahr, 125 g",7640230493314,müsli,2.15,2026-08-30,2026-08-30,dm-website
dm,"Holle Kindermüsli mit Cornflakes ab dem 10. Monat, 250 g",7640161872219,müsli,3.45,2026-08-30,2026-08-30,dm-website
dm,"INAO Mizellenwasser Clean Crush, 500 ml",4059729616555,wasser,4.45,2026-08-30,2026-08-30,dm-website
dm,"Ivorell Erfrischungsgetränk, Fruity Water Beeren, 500 ml EINWEG",4066447889598,wasser,0.6,2026-08-30,2026-08-30,dm-website
dm,"Ivorell Erfrischungsgetränk, Fruity Water Kirsch, 0,5 l EINWEG",4066447814453,wasser,0.6,2026-08-30,2026-08-30,dm-website
dm,"Ivorell Erfrischungsgetränk, Fruity Water Pfirsich, 0,5 l EINWEG",4066447814439,wasser,0.6,2026-08-30,2026-08-30,dm-website
dm,"Ivorell Erfrischungsgetränk, Fruity Water Zitrone, 0,5 l EINWEG",4066447814415,wasser,0.6,2026-08-30,2026-08-30,dm-website
dm,"Ivorell Erfrischungsgetränk, Wasser + Koffein Zitrone-Limette, 500 ml EINWEG",4066447814491,wasser,0.95,2026-08-30,2026-08-30,dm-website
dm,"Ivorell Erfrischungsgetränk, Wasser+ Protein, Mango-Maracuja, 330 ml EINWEG",4070765070019,wasser,1.45,2026-08-30,2026-08-30,dm-website
dm,"Ivorell Natürliches Mineralwasser, Medium, 0,5 l EINWEG",4066447814316,wasser,0.55,2026-08-30,2026-08-30,dm-website
dm,"Ivorell Natürliches Mineralwasser, Still, 0,5 l EINWEG",4066447814293,wasser,0.55,2026-08-30,2026-08-30,dm-website
dm,"JUNGLÜCK Gesichtswasser mit Zink, 100 ml",4251333757291,wasser,29.95,2026-08-30,2026-08-30,dm-website
dm,"Jean&Len Colorwaschmittel flüssig Wasserlilie&Lotus, 20 Wl",4262500781490,wasser,5.45,2026-08-30,2026-08-30,dm-website
dm,"Jean&Len Duschgel Grüner Tee Thymian, 250 ml",4262401732997,duschgel,2.75,2026-08-30,2026-08-30,dm-website
dm,"Jean&Len Duschgel Mango Maracuja, 250 ml",4262500783838,duschgel,2.75,2026-08-30,2026-08-30,dm-website
dm,"Jean&Len Duschgel Zitronengras Minze, 250 ml",4262500783791,duschgel,2.75,2026-08-30,2026-08-30,dm-website
dm,"Jean&Len Flüssigseife Pfingstrose & Litschi, Nachfüllpack, 500 ml",4262401738036,seife,6.95,2026-08-30,2026-08-30,dm-website
dm,"Jean&Len Flüssigseife Pfingstrose Litschi, 250 ml",4260702180813,seife,3.95,2026-08-30,2026-08-30,dm-website
dm,"Jean&Len Flüssigseife Rosemary & Ginger, 250 ml",4260372933740,seife,3.95,2026-08-30,2026-08-30,dm-website
dm,"Jean&Len Flüssigseife bergamot & cedarwood, 250 ml",4262401736681,seife,3.95,2026-08-30,2026-08-30,dm-website
dm,"Jean&Len Flüssigseife bergamot & cedarwood, Nachfüllpack, 500 ml",4262401739163,seife,6.95,2026-08-30,2026-08-30,dm-website
dm,"Jean&Len Flüssigseife pink pepper & dark rose, 250 ml",4262401736766,seife,3.95,2026-08-30,2026-08-30,dm-website
dm,"Jean&Len Flüssigseife rosemary & ginger, Rosmarin & Ingwer, Nachfüllpack, 0,5 l",4260702187003,seife,6.95,2026-08-30,2026-08-30,dm-website
dm,"Jean&Len Flüssigseife rosemary & ginger, Rosmarin & Ingwer, Nachfüllpack, 1,5 l",4262401736421,seife,17.95,2026-08-30,2026-08-30,dm-website
dm,"Jean&Len Hand Balm Rosemary & Ginger, 250 ml",4262401739606,creme,4.95,2026-08-30,2026-08-30,dm-website
dm,"Jean&Len Handcreme I love you so matcha, 75 ml",4262500783685,creme,2.95,2026-08-30,2026-08-30,dm-website
dm,"Jean&Len Handcreme Repair & Protect Magnolia & Peach, 75 ml",4262500783753,creme,2.95,2026-08-30,2026-08-30,dm-website
dm,"Jean&Len Handcreme Rosemary & Ginger, 75 ml",4262500783777,creme,2.95,2026-08-30,2026-08-30,dm-website
dm,"Jean&Len Handcreme berry much intensiv mit Vitamin E, 75 ml",4262500783708,creme,2.95,2026-08-30,2026-08-30,dm-website
dm,"Jean&Len Handcreme your cream come true mit Sheabutter, 75 ml",4262500784910,creme,2.95,2026-08-30,2026-08-30,dm-website
dm,"Jean&Len Shampoo Green Apple Lemongrass, 300 ml",4262401738944,shampoo,3.95,2026-08-30,2026-08-30,dm-website
dm,"Jean&Len Shampoo Hydration Pfirsich Chia, 300 ml",4262401738968,shampoo,3.95,2026-08-30,2026-08-30,dm-website
dm,"Jean&Len Shampoo Lockentraum Mango Matcha, 300 ml",4262500781599,shampoo,3.95,2026-08-30,2026-08-30,dm-website
dm,"Jean&Len Shampoo Repair Keratin Mandel, 300 ml",4262500781551,shampoo,3.95,2026-08-30,2026-08-30,dm-website
dm,"Jean&Len Vollwaschmittel flüssig Wasserlilie&Hibiskus, 20 Wl",4262401738593,wasser,5.45,2026-08-30,2026-08-30,dm-website
dm,"John Frieda Shampoo Frizz Ease Traumlocken, 250 ml",5037156298451,shampoo,9.95,2026-08-30,2026-08-30,dm-website
dm,"John Frieda Shampoo Frizz Ease Unendlich Smooth, 250 ml",5037156298345,shampoo,9.95,2026-08-30,2026-08-30,dm-website
dm,"John Frieda Shampoo Frizz Ease Wunder-Reparatur, 250 ml",5037156298628,shampoo,9.95,2026-08-30,2026-08-30,dm-website
dm,"John Frieda Shampoo Go Blonder, 250 ml",5037156296136,shampoo,9.95,2026-08-30,2026-08-30,dm-website
dm,"John Frieda Shampoo ProFiller+, 250 ml",5037156299281,shampoo,9.95,2026-08-30,2026-08-30,dm-website
dm,"John Frieda Shampoo Violet Crush Intensiv Silber, 250 ml",5037156297133,shampoo,9.95,2026-08-30,2026-08-30,dm-website
dm,"KAREX Zahnpasta Kinder, 0-6 Jahren fluoridfrei, 50 ml",4008666812186,zahnpasta,4.45,2026-08-30,2026-08-30,dm-website
dm,Ka'Chava Veganer Proteinriegel,4260654789119,snacks,1.95,2024-05-07,2026-08-30,dm-website
dm,"Kamill Hand- & Nagelcreme Balsam, 100 ml",4000196031099,creme,1.55,2026-08-30,2026-08-30,dm-website
dm,"Kamill Handcreme Protect, 100 ml",4000196031846,creme,1.95,2026-08-30,2026-08-30,dm-website
dm,"Kamill Handcreme daily protection & hydration, LSF 30, 75 ml",4000196032287,creme,3.45,2026-08-30,2026-08-30,dm-website
dm,"Kleenex Taschentücher Box Ultra Soft, 64 St",5029053579290,toilettenpapier,1.95,2026-08-30,2026-08-30,dm-website
dm,"Kneipp Duschgel Lebensfreude, 200 ml",4008233114781,duschgel,2.75,2026-08-30,2026-08-30,dm-website
dm,"Kneipp Duschgel Sei frei, verrückt und glücklich, 200 ml",4008233143583,duschgel,2.75,2026-08-30,2026-08-30,dm-website
dm,"Kneipp Handcreme Intensiv, Blütentraum, 75 ml",4008233149288,creme,2.95,2026-08-30,2026-08-30,dm-website
dm,"Kneipp Handcreme Kirschblütentraum, 75 ml",4008233183756,creme,3.25,2026-08-30,2026-08-30,dm-website
dm,"Kneipp Handcreme Sekunden Zitronenverbene & Avocadobutter, 75 ml",4008233133614,creme,2.95,2026-08-30,2026-08-30,dm-website
dm,"Kneipp Handcreme repair Winterpflege, Cupuaco Nuss & Vanille, 75 ml",4008233146690,creme,4.35,2026-08-30,2026-08-30,dm-website
dm,"Kneipp Pflegedusche Sommerflirt, 200 ml",4008233183510,duschgel,2.75,2026-08-30,2026-08-30,dm-website
dm,"Kneipp Pflegedusche Sonne IM HERZEN, 200 ml",4008233181639,duschgel,2.75,2026-08-30,2026-08-30,dm-website
dm,"KoRo Haferriegel, Oat Bar Cocoa, 60 g",4260654783131,müsli,1.75,2026-08-30,2026-08-30,dm-website
dm,KoRo Protein Bar Deluxe Pistachio Butter,4255582800487,snacks,2.25,2024-05-07,2026-08-30,dm-website
dm,"L'ORÉAL PARiS ELVITAL Shampoo Bond Repair Anti-Haarschäden, 200 ml",3600524074654,shampoo,6.95,2026-08-30,2026-08-30,dm-website
dm,"L'ORÉAL PARiS ELVITAL Shampoo Color Glanz, 400 ml",3600524137731,shampoo,4.75,2026-08-30,2026-08-30,dm-website
dm,"L'ORÉAL PARiS ELVITAL Shampoo Dream Length, 1.000 ml",3600524062637,shampoo,9.95,2026-08-30,2026-08-30,dm-website
dm,"L'ORÉAL PARiS ELVITAL Shampoo Dream Length, 400 ml",3600524138660,shampoo,4.75,2026-08-30,2026-08-30,dm-website
dm,"L'ORÉAL PARiS ELVITAL Shampoo Full Resist, 400 ml",3600524138110,shampoo,4.75,2026-08-30,2026-08-30,dm-website
dm,"L'ORÉAL PARiS ELVITAL Shampoo Glycolic Gloss, 200 ml",3600524128005,shampoo,6.95,2026-08-30,2026-08-30,dm-website
dm,"L'ORÉAL PARiS ELVITAL Shampoo Hydra Hyaluronic, feuchtigkeitsauffüllend, 400 ml",3600524137380,shampoo,4.75,2026-08-30,2026-08-30,dm-website
dm,"L'ORÉAL PARiS ELVITAL Shampoo Hydra Hyaluronic, feuchtigkeitsspendend, 1.000 ml",3600524099299,shampoo,9.95,2026-08-30,2026-08-30,dm-website
dm,"L'ORÉAL PARiS Gesichtswasser Age Perfect erfrischend, 200 ml",3600523814053,wasser,3.95,2026-08-30,2026-08-30,dm-website
dm,"LA RIVE Black Water Eau de Toilette, 100 ml",5901832068662,wasser,5.95,2026-08-30,2026-08-30,dm-website
dm,"LANGHAARMÄDCHEN Shampoo Beautiful Curls, 300 ml",4067796150735,shampoo,4.95,2026-08-30,2026-08-30,dm-website
dm,"LANGHAARMÄDCHEN Shampoo Hydrate & Shine, 300 ml",4070765012613,shampoo,4.95,2026-08-30,2026-08-30,dm-website
dm,"LANGHAARMÄDCHEN Shampoo Intense Repair, 300 ml",4058172920684,shampoo,4.95,2026-08-30,2026-08-30,dm-website
dm,"LANGHAARMÄDCHEN Shampoo Lovely Long, 300 ml",4066447864694,shampoo,4.95,2026-08-30,2026-08-30,dm-website
dm,"LILLYDOO Feuchttücher 99 % Wasser (10x15 St), 150 St",4260678848748,wasser,9.95,2026-08-30,2026-08-30,dm-website
dm,"LILLYDOO Feuchttücher mit 99 % Wasser (15x60 St), 900 St",4262459490429,wasser,43.95,2026-08-30,2026-08-30,dm-website
dm,"LILLYDOO Feuchttücher mit 99 % Wasser, 60 St",4262459491242,wasser,3.25,2026-08-30,2026-08-30,dm-website
dm,"Lacalut Zahnpasta aktiv Zahnfleischschutz & Gesunder Zahnschmelz, 75 ml",4016369465202,zahnpasta,4.45,2026-08-30,2026-08-30,dm-website
dm,"Lacalut Zahnpasta aktiv Zahnfleischschutz & Sanftes Weiss, 75 ml",4016369461495,zahnpasta,4.45,2026-08-30,2026-08-30,dm-website
dm,"Lacalut Zahnpasta aktiv, 100 ml",4016369461334,zahnpasta,3.95,2026-08-30,2026-08-30,dm-website
dm,"Lansinoh Intimdusche, 1 St",5060420232721,toilettenpapier,10.95,2026-08-30,2026-08-30,dm-website
dm,"Lebepur Pflanzenpulver, Morning Boost, 100 g",4260159457438,wasser,7.95,2026-08-30,2026-08-30,dm-website
dm,LebepurAshwagandha Kapseln Bio,4260159456738,dietary supplements,4.95,2025-08-30,2026-08-30,dm-website
dm,"MOGLi Kindersnack Dinkel Bällchen Paprika, ab 3 Jahren, 40 g",4260311984017,babynahrung,1.25,2026-08-30,2026-08-30,dm-website
dm,"MOGLi Kindersnack Dinkel Bällchen Tomate und Karotte ab 3 Jahren, 40 g",4260311981399,babynahrung,1.25,2026-08-30,2026-08-30,dm-website
dm,"MOGLi Kindersnack Erdbeer Herzen ab 3 Jahren, 30 g",4260311985977,babynahrung,1.25,2026-08-30,2026-08-30,dm-website
dm,"MOGLi Kindersnack Erdnuss Flips mit Kichererbsen, ab 3 Jahre, 30 g",4260311984536,babynahrung,1.25,2026-08-30,2026-08-30,dm-website
dm,"MOGLi Kindersnack Mini Kakao Waffeln mit Haselnüssen, 75 g",4260311986110,babynahrung,2.45,2026-08-30,2026-08-30,dm-website
dm,"MOGLi Kindersnack Pizza Stangen mit Käse und Olivenöl, ab 3 Jahren, 75 g",4260311980286,babynahrung,1.55,2026-08-30,2026-08-30,dm-website
dm,"MOGLi Müsli Kekse, ab 3 Jahren, 125 g",4260311984499,müsli,2.35,2026-08-30,2026-08-30,dm-website
dm,"MOGLi Riegel Müsli Honig mit Haselnüssen ab 3 Jahren, 25 g",4260311986073,müsli,0.75,2026-08-30,2026-08-30,dm-website
dm,"MUM Antitranspirant Deo Roll-on Unperfumed Protection, 75 ml",4013162033539,deo,2.45,2026-08-30,2026-08-30,dm-website
dm,"Made Good Müsliriegel, Blueberry Flavour, Soft Baked Oat Bars (5 Stück), 150 g",687456214979,müsli,3.25,2026-08-30,2026-08-30,dm-website
dm,"Made Good Müsliriegel, Chocolate Chip, Soft Baked Oat Bars (5 Stück), 150 g",687456214962,müsli,3.25,2026-08-30,2026-08-30,dm-website
dm,"Made Good Müsliriegel, Chocolate Drizzled, Granola Bars, Birthday Cake Flavour (5 Stück), 120 g",687456214924,müsli,3.15,2026-08-30,2026-08-30,dm-website
dm,"Made Good Müsliriegel, Chocolate Drizzled, Granola Bars, Vanilla Flavour (5 Stück), 120 g",687456214931,müsli,3.15,2026-08-30,2026-08-30,dm-website
dm,"Made Good Müsliriegel, Cinnamon Bun, Soft Baked Oat Bars (5 Stück), 150 g",687456216959,müsli,3.25,2026-08-30,2026-08-30,dm-website
dm,"Made Good Müsliriegel, Granola Schokoladenstückchen (6 Stück), 144 g",687456213576,müsli,3.15,2026-08-30,2026-08-30,dm-website
dm,"Made Good Müsliriegel, Granola gemischte Früchte (6 Stück), 144 g",687456213583,müsli,3.15,2026-08-30,2026-08-30,dm-website
dm,"Made Good Organic Granola Bites, Chocolate Chip (5 Stück), 120 g",687456295459,müsli,3.15,2026-08-30,2026-08-30,dm-website
dm,"Milupa Anfangsmilch Pre Milumil von Geburt an, 1,2 kg",4056631003961,babynahrung,14.95,2026-08-30,2026-08-30,dm-website
dm,"Milupa Babysnack Knusperkringel Tomate & Karotte-Kürbis ab 10+ Monaten, 20 g",4056631004258,babynahrung,1.15,2026-08-30,2026-08-30,dm-website
dm,"Milupa Kindermüsli Früchte ab 1 Jahr, 400 g",4008976120087,müsli,4.35,2026-08-30,2026-08-30,dm-website
dm,Mivolis Molke-Riegel,4066447257625,snacks,0.45,2024-07-06,2026-08-30,dm-website
dm,Mivolis Molke-Riegel Heidelbeer,4066447257649,snacks,0.45,2024-07-06,2026-08-30,dm-website
dm,"Mivolis Steriler Wundverband Wasserdicht, 5 St",4042441020588,wasser,1.45,2026-08-30,2026-08-30,dm-website
dm,"Mixa Balm Cica+ Multi-Use Reparierender Balm, 50 ml",3600551183398,creme,5.95,2026-08-30,2026-08-30,dm-website
dm,"Mixa Bodybalsam 10in1 Cica Repair+ Urea, 150 ml",3600551147307,creme,6.95,2026-08-30,2026-08-30,dm-website
dm,"Mixa Hand- & Nagelcreme Shea ultra soft mit Glycerin, 100 ml",3600551043203,creme,2.95,2026-08-30,2026-08-30,dm-website
dm,"Mixa Pflegecreme 10% Urea Cica Repair, 400 ml",3600551068749,creme,7.95,2026-08-30,2026-08-30,dm-website
dm,"Mixa Pflegecreme Ceramide Protect, 400 ml",3600551101408,creme,7.95,2026-08-30,2026-08-30,dm-website
dm,"Mixa Pflegecreme Panthenol Comfort, 400 ml",3600551124803,creme,7.95,2026-08-30,2026-08-30,dm-website
dm,"Mixa Pflegecreme Shea Ultra Soft, 400 ml",3600551057712,creme,7.95,2026-08-30,2026-08-30,dm-website
dm,"More Nutrition Collagen+ Pulver, Wassermelone-Minze Geschmack, 150 g",4255719317536,wasser,14.95,2026-08-30,2026-08-30,dm-website
dm,"Multaben Energieriegel Joghurt Müsli, 38 g",4006643011874,müsli,1.25,2026-08-30,2026-08-30,dm-website
dm,"MyClarella Intimdusche, 1 St",4262361320944,toilettenpapier,12.85,2026-08-30,2026-08-30,dm-website
dm,"NIVEA Antitranspirant Deo Roll-on Black & White Invisible Authentic, 50 ml",9005800401119,deo,2.95,2026-08-30,2026-08-30,dm-website
dm,"NIVEA Antitranspirant Deo Roll-on Black & White Invisible Clear, 50 ml",42495277,deo,2.95,2026-08-30,2026-08-30,dm-website
dm,"NIVEA Antitranspirant Deo Roll-on Derma Control Clinical Anti-Juckreiz, 50 ml",42495376,deo,4.45,2026-08-30,2026-08-30,dm-website
dm,"NIVEA Antitranspirant Deo Roll-on Derma Control Clinical Trockenes Hautgefühl, 50 ml",42495383,deo,4.45,2026-08-30,2026-08-30,dm-website
dm,"NIVEA Antitranspirant Deo Roll-on Dry Comfort (6x50 ml), 300 ml",4006000204376,deo,15.95,2026-08-30,2026-08-30,dm-website
dm,"NIVEA Antitranspirant Deo Roll-on Dry Comfort, 50 ml",42467724,deo,2.95,2026-08-30,2026-08-30,dm-website
dm,"NIVEA Antitranspirant Deo Roll-on Pearl & Beauty, 50 ml",42467755,deo,2.95,2026-08-30,2026-08-30,dm-website
dm,"NIVEA Antitranspirant Deospray Black & White Invisible Clear, 150 ml",4006000247038,deo,2.75,2026-08-30,2026-08-30,dm-website
dm,"NIVEA Care Creme Intensive Pflege 2, 200 ml",42449829,creme,4.75,2026-08-30,2026-08-30,dm-website
dm,"NIVEA Care Creme Sensitive, 200 ml",42449836,creme,4.75,2026-08-30,2026-08-30,dm-website
dm,"NIVEA Creme Repair & Care Intensive Pflege Tiegel, 400 ml",4006000169132,creme,7.95,2026-08-30,2026-08-30,dm-website
dm,"NIVEA Creme in der Dose Natural Touch, 150 ml",4006000244211,creme,2.85,2026-08-30,2026-08-30,dm-website
dm,"NIVEA Creme in der Dose, 400 ml",4005900917218,creme,5.95,2026-08-30,2026-08-30,dm-website
dm,"NIVEA Creme in der Dose, 75 ml",42428985,creme,2.45,2026-08-30,2026-08-30,dm-website
dm,"NIVEA Deo Roll-on Fresh Natural, 50 ml",42467687,deo,2.95,2026-08-30,2026-08-30,dm-website
dm,"NIVEA Deo Roll-on summer happiness, 50 ml",42467670,deo,2.95,2026-08-30,2026-08-30,dm-website
dm,"NIVEA Deospray Fresh Natural, 150 ml",4006000208190,deo,2.75,2026-08-30,2026-08-30,dm-website
dm,"NIVEA Duschgel Dark Chocolate Cookie, 250 ml",4006000317731,duschgel,2.15,2026-08-30,2026-08-30,dm-website
dm,"NIVEA Duschgel Lemongrass & Oil, 250 ml",4006000219257,duschgel,2.15,2026-08-30,2026-08-30,dm-website
dm,"NIVEA Duschgel Vanilla Pecan Praline, 250 ml",4006000317779,duschgel,2.15,2026-08-30,2026-08-30,dm-website
dm,"NIVEA Duschgel Waterlily & Oil, 250 ml",4006000218854,duschgel,2.15,2026-08-30,2026-08-30,dm-website
dm,"NIVEA Duschgel summer happiness, 250 ml",4006000219417,duschgel,2.15,2026-08-30,2026-08-30,dm-website
dm,"NIVEA Duschöl rechhaltige Pflege, 200 ml",4006000228365,duschgel,4.55,2026-08-30,2026-08-30,dm-website
dm,"NIVEA Feuchtigkeitscreme soft im Tiegel, 100 ml",4006000265780,creme,2.95,2026-08-30,2026-08-30,dm-website
dm,"NIVEA Feuchtigkeitscreme soft im Tiegel, 200 ml",4005900964441,creme,3.85,2026-08-30,2026-08-30,dm-website
dm,"NIVEA Feuchtigkeitscreme soft im Tiegel, 375 ml",4006000265667,creme,5.95,2026-08-30,2026-08-30,dm-website
dm,"NIVEA Feuchtigkeitscreme soft in der Tube, 75 ml",4006000265742,creme,2.75,2026-08-30,2026-08-30,dm-website
dm,"NIVEA Flüssigseife Creme soft Nachfüllpack, 500 ml",4006000184036,seife,2.95,2026-08-30,2026-08-30,dm-website
dm,"NIVEA Flüssigseife Creme soft, 250 ml",4006000220673,seife,2.25,2026-08-30,2026-08-30,dm-website
dm,"NIVEA Gesichtswasser erfrischend, 200 ml",4006000190860,wasser,3.95,2026-08-30,2026-08-30,dm-website
dm,"NIVEA Handcreme Anti-Age Q10, 75 ml",4006000226637,creme,3.45,2026-08-30,2026-08-30,dm-website
dm,"NIVEA Handcreme Repair & Care, 75 ml",4006000226675,creme,3.45,2026-08-30,2026-08-30,dm-website
dm,"NIVEA Handcreme intensive Pflege, trockene Haut, 75 ml",4006000226552,creme,2.45,2026-08-30,2026-08-30,dm-website
dm,"NIVEA Handcreme protective care mit Bienenwachs, 75 ml",9005800398822,creme,1.95,2026-08-30,2026-08-30,dm-website
dm,"NIVEA Mizellenwasser beruhigend, 400 ml",4006000191027,wasser,3.95,2026-08-30,2026-08-30,dm-website
dm,"NIVEA Mizellenwasser beruhigend, Reisegröße, 100 ml",42495024,wasser,1.45,2026-08-30,2026-08-30,dm-website
dm,"NIVEA Pflegecreme in der Dose, 150 ml",4005900917133,creme,2.85,2026-08-30,2026-08-30,dm-website
dm,"NIVEA Pflegecreme in der Tube, 100 ml",42495673,creme,2.75,2026-08-30,2026-08-30,dm-website
dm,"NIVEA Pflegedusche Creme Soft & Almond Oil, 250 ml",4006000218892,duschgel,2.15,2026-08-30,2026-08-30,dm-website
dm,"NIVEA Pflegedusche Creme Soft & Almond Oil, 500 ml",4005808920518,duschgel,3.75,2026-08-30,2026-08-30,dm-website
dm,"NIVEA Pflegedusche Derma Control Sensitive, 250 ml",4006000218939,duschgel,2.15,2026-08-30,2026-08-30,dm-website
dm,"NIVEA Pflegedusche Rose & Almond Oil, 250 ml",4006000219011,duschgel,2.15,2026-08-30,2026-08-30,dm-website
dm,"NIVEA Pflegedusche summer happiness, 250 ml",4006000219295,duschgel,2.15,2026-08-30,2026-08-30,dm-website
dm,"NIVEA Seifenstück Creme Soft Pflegeseife, 100 g",4005900939616,seife,1.45,2026-08-30,2026-08-30,dm-website
dm,"NIVEA Shampoo & Conditioner Express 2in1, 400 ml",4006000193991,shampoo,3.95,2026-08-30,2026-08-30,dm-website
dm,"NIVEA Shampoo Classic Care, 250 ml",4006000192345,shampoo,2.95,2026-08-30,2026-08-30,dm-website
dm,"NIVEA Shampoo Power Repair, 250 ml",4006000192543,shampoo,2.95,2026-08-30,2026-08-30,dm-website
dm,"NIVEA Shampoo Volume Wonder, 400 ml",4006000192505,shampoo,3.95,2026-08-30,2026-08-30,dm-website
dm,"Neutrogena Gesichtswasser Anti-Mitesser, 200 ml",3574661336640,wasser,3.95,2026-08-30,2026-08-30,dm-website
dm,"Neutrogena Hand- & Nagelcreme, schnell einziehend, 75 ml",3574661687049,creme,2.95,2026-08-30,2026-08-30,dm-website
dm,"Neutrogena Handcreme Hydro Boost Gel Creme, 75 ml",3574661914848,creme,3.45,2026-08-30,2026-08-30,dm-website
dm,"Neutrogena Handcreme Intense Repair, 50 ml",3574661800769,creme,2.95,2026-08-30,2026-08-30,dm-website
dm,"Neutrogena Handcreme konzentriert, parfumfrei, 50 ml",3574661685977,creme,2.95,2026-08-30,2026-08-30,dm-website
dm,"Neutrogena Handcreme sofort einziehend, 75 ml",3574661687018,creme,2.95,2026-08-30,2026-08-30,dm-website
dm,"Neutrogena Pflegecreme Deep Moisture, 200 ml",3574661750521,creme,2.95,2026-08-30,2026-08-30,dm-website
dm,"No Planet B Festes Duschgel Orange & Kokosnuss, 80 g",4070765057355,duschgel,3.25,2026-08-30,2026-08-30,dm-website
dm,"No Planet B Festes Duschgel Zitrone & Reis, 80 g",4070765057379,duschgel,3.25,2026-08-30,2026-08-30,dm-website
dm,"NØ cosmetics Gesichtswasser 120h Liquid Hydrator, 100 ml",4260524941159,wasser,9.95,2026-08-30,2026-08-30,dm-website
dm,"NØ cosmetics Gesichtswasser 120h Liquid Hydrator, Reisegröße, 50 ml",4260524943634,wasser,5.95,2026-08-30,2026-08-30,dm-website
dm,"NØ cosmetics Gesichtswasser Liquid Balancer, 100 ml",4260524942255,wasser,9.95,2026-08-30,2026-08-30,dm-website
dm,"NØ cosmetics Gesichtswasser Liquid Illuminator, 100 ml",4260524942286,wasser,9.95,2026-08-30,2026-08-30,dm-website
dm,"O'Keeffe's Handcreme Working Hands, 80 ml",5704947015862,creme,7.95,2026-08-30,2026-08-30,dm-website
dm,"O'Keeffe's Handcreme Working Hands, sehr trockene Haut, 96 g",5704947015138,creme,9.95,2026-08-30,2026-08-30,dm-website
dm,"OGX Shampoo Bond Protein Repair, 385 ml",3574661818450,shampoo,6.95,2026-08-30,2026-08-30,dm-website
dm,"OGX Shampoo ProGrowth + Peptide, 385 ml",3574661876450,shampoo,6.95,2026-08-30,2026-08-30,dm-website
dm,"OGX Shampoo renewing, Argan Oil of marocco, 385 ml",3574661799438,shampoo,6.95,2026-08-30,2026-08-30,dm-website
dm,"OGX Shampoo thick & full, Biotin & Collagen, 385 ml",3574661800202,shampoo,6.95,2026-08-30,2026-08-30,dm-website
dm,"ORINIQ Flüssigseife Dreaming of Santorini mit Olivenmilch, Zitronenverbene & Pinie, 300 ml",4260307631161,seife,2.45,2026-08-30,2026-08-30,dm-website
dm,"ORINIQ Flüssigseife Thailand Feeling mit Mandelmilch, Orangenblüte & Bambus, 300 ml",4260307631208,seife,2.45,2026-08-30,2026-08-30,dm-website
dm,"ORINIQ Pflegedusche Scandinavian Memories mit Hafermilch, Sandelholz & Moltebeere, 250 ml",42453031,duschgel,2.25,2026-08-30,2026-08-30,dm-website
dm,"ORINIQ Pflegedusche Thailand Feeling mit Mandelmilch, Orangenblüten & Bambus, 250 ml",42426356,duschgel,2.25,2026-08-30,2026-08-30,dm-website
dm,"Odol Mundwasser extra frisch, 125 ml",5054563246660,wasser,3.75,2026-08-30,2026-08-30,dm-website
dm,"Odol med 3 Zahnpasta All in One Rundumschutz Atemfrische, 75 ml",5054563209177,zahnpasta,2.45,2026-08-30,2026-08-30,dm-website
dm,"Odol med 3 Zahnpasta Extra White, 75 ml",5054563304445,zahnpasta,1.25,2026-08-30,2026-08-30,dm-website
dm,"Odol med 3 Zahnpasta Extreme Clean, 75 ml",5054563085917,zahnpasta,2.95,2026-08-30,2026-08-30,dm-website
dm,"Odol med 3 Zahnpasta Extreme Fresh, 75 ml",5054563085863,zahnpasta,2.95,2026-08-30,2026-08-30,dm-website
dm,"Odol med 3 Zahnpasta Juniorzahn 6-13 Jahren, 75 ml",5054563193414,zahnpasta,2.95,2026-08-30,2026-08-30,dm-website
dm,"Odol med 3 Zahnpasta Milchzahn 0-6 Jahren, 50 ml",5054563193445,zahnpasta,2.45,2026-08-30,2026-08-30,dm-website
dm,"Odol med 3 Zahnpasta Original, 75 ml",5054563298980,zahnpasta,1.25,2026-08-30,2026-08-30,dm-website
dm,"Odol med 3 Zahnpasta White & Shine, 75 ml",5054563104144,zahnpasta,2.45,2026-08-30,2026-08-30,dm-website
dm,"Odol med 3 Zahnpasta White+, 75 ml",5054563207111,zahnpasta,1.95,2026-08-30,2026-08-30,dm-website
dm,"Old Spice Duschgel Captain 3in1, 250 ml",8006540838945,duschgel,2.35,2026-08-30,2026-08-30,dm-website
dm,"Old Spice Duschgel Rockstar 3in1, 250 ml",8700216752589,duschgel,2.35,2026-08-30,2026-08-30,dm-website
dm,"One Drop Only Mundwasser Konzentrat, fluoridfrei, 50 ml",4101160100503,wasser,3.45,2026-08-30,2026-08-30,dm-website
dm,"Oral-B Zahnpasta 3D White Luxe Charcoal, 75 ml",8006530040877,zahnpasta,3.95,2026-08-30,2026-08-30,dm-website
dm,"Oral-B Zahnpasta 3D White Luxe Perfection, 75 ml",8006530040976,zahnpasta,3.95,2026-08-30,2026-08-30,dm-website
dm,"Oral-B Zahnpasta 3D White Professional Express Whitening frisches Strahlen, 75 ml",8006530040792,zahnpasta,5.45,2026-08-30,2026-08-30,dm-website
dm,"Oral-B Zahnpasta PRO 3D White Clinical Intensive Whitening, 75 ml",8006530040983,zahnpasta,6.95,2026-08-30,2026-08-30,dm-website
dm,"Oral-B Zahnpasta Pro-Expert Frischer Atem, 75 ml",8700216666329,zahnpasta,3.95,2026-08-30,2026-08-30,dm-website
dm,"Oral-B Zahnpasta Pro-Expert Professioneller Schutz, 75 ml",8700216666619,zahnpasta,3.95,2026-08-30,2026-08-30,dm-website
dm,"Outdoor Freakz Festes Duschgel Shea, 100 g",4260620680433,duschgel,3.45,2026-08-30,2026-08-30,dm-website
dm,"PAEDIPROTECT Handcreme trockene & empfindliche Haut, 75 ml",4260401411676,creme,3.95,2026-08-30,2026-08-30,dm-website
dm,"PANTENE PRO-V Shampoo & Conditioner & Haarkur 3in1 Repair & Care, 250 ml",8700216558136,shampoo,3.95,2026-08-30,2026-08-30,dm-website
dm,"PANTENE PRO-V Shampoo Anti Schuppen Active Nutri-Plex, 300 ml",8700216558037,shampoo,3.95,2026-08-30,2026-08-30,dm-website
dm,"PANTENE PRO-V Shampoo Grow Abundant Anti-Haarverlust, 290 ml",8006530060042,shampoo,7.95,2026-08-30,2026-08-30,dm-website
dm,"PANTENE PRO-V Shampoo Locken Pur, 300 ml",8700216821155,shampoo,3.95,2026-08-30,2026-08-30,dm-website
dm,"PANTENE PRO-V Shampoo Repair & Care XXL, 500 ml",8700216422413,shampoo,5.95,2026-08-30,2026-08-30,dm-website
dm,"PANTENE PRO-V Shampoo Repair & Care, 300 ml",8700216422437,shampoo,3.95,2026-08-30,2026-08-30,dm-website
dm,"PANTENE PRO-V Shampoo Volumen Pur XXL, 500 ml",8700216558761,shampoo,5.95,2026-08-30,2026-08-30,dm-website
dm,"PANTENE PRO-V Shampoo Volumen Pur, 300 ml",8700216558471,shampoo,3.95,2026-08-30,2026-08-30,dm-website
dm,"PANTENE PRO-V Shampoo miracles Grow Strong, 250 ml",8700216170239,shampoo,3.95,2026-08-30,2026-08-30,dm-website
dm,"PANTENE PRO-V Shampoo miracles Hydra Glow, 250 ml",8700216170345,shampoo,3.95,2026-08-30,2026-08-30,dm-website
dm,"PLAYBOY Duschgel VIP, 250 ml",5050456006885,duschgel,2.45,2026-08-30,2026-08-30,dm-website
dm,"PURE & FUN Quetschie Zauber Anna & Elsa Apfel & Erdbeere ab 12 Monaten, 100 g",9120111881235,babynahrung,1.15,2026-08-30,2026-08-30,dm-website
dm,"PURE & FUN Stilles Wasser Helden, ab 3 Jahren, 300 ml EINWEG",9120111882461,wasser,0.75,2026-08-30,2026-08-30,dm-website
dm,"PUSBLU Betteinlage wasserdicht, ca. 70 x 100 cm, 1 St",4066447111125,wasser,14.9,2026-08-30,2026-08-30,dm-website
dm,"Palmolive Duschgel Alluring Love, 250 ml",8718951424647,duschgel,1.35,2026-08-30,2026-08-30,dm-website
dm,"Palmolive Duschgel Mineral Massage, 250 ml",8718951076228,duschgel,1.35,2026-08-30,2026-08-30,dm-website
dm,"Palmolive Duschgel Revitalizing Massage, 250 ml",8718951816725,duschgel,1.35,2026-08-30,2026-08-30,dm-website
dm,"Palmolive Duschgel Ultimate Relax, 250 ml",8718951076181,duschgel,1.35,2026-08-30,2026-08-30,dm-website
dm,"Palmolive Flüssigseife Aquarium, 300 ml",8003520013040,seife,1.45,2026-08-30,2026-08-30,dm-website
dm,"Palmolive Flüssigseife Lavendel & Bergamotte Nachfüllpack (2x250 ml), 500 ml",8718951727502,seife,1.75,2026-08-30,2026-08-30,dm-website
dm,"Palmolive Flüssigseife Milch & Mandel, 300 ml",8714789939681,seife,1.45,2026-08-30,2026-08-30,dm-website
dm,"Palmolive Flüssigseife Neroli & Sandelholz Nachfüllpack, 500 ml",8718951764057,seife,1.75,2026-08-30,2026-08-30,dm-website
dm,"Palmolive Flüssigseife Pfingstrose Nachfüllpack (2x250 ml), 500 ml",8718951727465,seife,1.75,2026-08-30,2026-08-30,dm-website
dm,"Palmolive Flüssigseife mit Vitamin E, antibakteriell, 300 ml",8718951763463,seife,1.45,2026-08-30,2026-08-30,dm-website
dm,"Palmolive Flüssigseife sensitive Hygiene-Plus mit Aloe Vera-Extrakt, 300 ml",8714789673653,seife,1.45,2026-08-30,2026-08-30,dm-website
dm,"Palmolive Seifenstück Milch & Honig, Naturals, 90 g",8714789700069,seife,0.95,2026-08-30,2026-08-30,dm-website
dm,"Palmolive Seifenstück Olive & Milch, Naturals, 90 g",8714789700045,seife,0.95,2026-08-30,2026-08-30,dm-website
dm,"Pampers Feuchttücher 99 % water (18x60 St), 1.080 St",8006530116374,wasser,29.95,2026-08-30,2026-08-30,dm-website
dm,"Pampers Feuchttücher 99 % water (4x60 St), 240 St",8006530116305,wasser,7.95,2026-08-30,2026-08-30,dm-website
dm,"Parodontax Zahnpasta Complete Protection Whitening, 75 ml",5054563949486,zahnpasta,5.95,2026-08-30,2026-08-30,dm-website
dm,"Parodontax Zahnpasta Complete Protection extra frisch, 75 ml",5054563949363,zahnpasta,5.95,2026-08-30,2026-08-30,dm-website
dm,"Parodontax Zahnpasta Original, 75 ml",5054563261021,zahnpasta,4.95,2026-08-30,2026-08-30,dm-website
dm,"Parodontax Zahnpasta Zahnfleisch Active Repair, 75 ml",5054563177421,zahnpasta,6.95,2026-08-30,2026-08-30,dm-website
dm,"Parodontax Zahnpasta Zahnfleisch Stärkung & Schutz, 75 ml",5054563264084,zahnpasta,5.95,2026-08-30,2026-08-30,dm-website
dm,"Parodontax Zahnpasta extra frisch, 75 ml",5054563949424,zahnpasta,4.95,2026-08-30,2026-08-30,dm-website
dm,"Penaten Seifenstück mit Babyöl & Honig, 90 g",3574661643014,seife,1.15,2026-08-30,2026-08-30,dm-website
dm,"Perlweiss Zahnpasta Schönheits-Zahnweiss, 50 ml",4008890009413,zahnpasta,3.55,2026-08-30,2026-08-30,dm-website
dm,"Pflegedusche Creme Care & Nivea Scent, 250 ml",4006000219370,duschgel,2.15,2026-08-30,2026-08-30,dm-website
dm,"Plantur 21 Shampoo Nutri-Coffein #langehaare, 200 ml",4008666755520,shampoo,7.95,2026-08-30,2026-08-30,dm-website
dm,"Plantur Shampoo DMG Clinical, 250 ml",4008666770004,shampoo,19.95,2026-08-30,2026-08-30,dm-website
dm,"Regina Toilettenpapier (4x300 Blatt), 4 St",8004260007870,toilettenpapier,3.45,2026-08-30,2026-08-30,dm-website
dm,"Rexona Antitranspirant Deo Roll-on Nonstop Protection Bright Bouquet, 50 ml",59097761,deo,2.95,2026-08-30,2026-08-30,dm-website
dm,"Rexona Antitranspirant Deo Roll-on Nonstop Protection Cotton Dry, 50 ml",59097754,deo,2.95,2026-08-30,2026-08-30,dm-website
dm,"Rexona Antitranspirant Deo Roll-on Nonstop Protection Invisible Aqua, 50 ml",59097778,deo,2.95,2026-08-30,2026-08-30,dm-website
dm,"Rexona Antitranspirant Deocreme Maximum Protection Clean Scent, 45 ml",8718114202372,deo,5.95,2026-08-30,2026-08-30,dm-website
dm,"Rexona Antitranspirant Deocreme Maximum Protection Confidence, 45 ml",8711600504141,deo,5.95,2026-08-30,2026-08-30,dm-website
dm,"Rexona Antitranspirant Deospray Cooling Eucalyptus & Coconut Water, 150 ml",8720181819711,wasser,2.95,2026-08-30,2026-08-30,dm-website
dm,"Rexona Antitranspirant Deospray Maximum Protection Fresh, 150 ml",8720181452567,deo,3.95,2026-08-30,2026-08-30,dm-website
dm,"Rexona Antitranspirant Deospray Nonstop Protection Bright Bouquet, 150 ml",8720181557521,deo,2.95,2026-08-30,2026-08-30,dm-website
dm,"Rexona Antitranspirant Deospray Nonstop Protection Invisible Aqua, 150 ml",8720181438660,deo,2.95,2026-08-30,2026-08-30,dm-website
dm,"Rexona Antitranspirant Deospray Nonstop Protection Shower Fresh, 150 ml",8720181438646,deo,2.95,2026-08-30,2026-08-30,dm-website
dm,"Rexona Antitranspirant Deospray cotton dry, 150 ml",8710447492246,deo,2.45,2026-08-30,2026-08-30,dm-website
dm,"Rexona Antitranspirant Deostick Maximum Protection Bright Bouquet, 50 ml",59097969,deo,3.95,2026-08-30,2026-08-30,dm-website
dm,"Rexona Antitranspirant Deostick Maximum Protection, 50 ml",59097976,deo,3.95,2026-08-30,2026-08-30,dm-website
dm,"Rexona Antitranspirant Deostick Nonstop Protection Cotton Dry, 50 ml",59097884,deo,3.45,2026-08-30,2026-08-30,dm-website
dm,"Rexona Antitranspirant Deostick Nonstop Protection Invisible Aqua, 50 ml",59097891,deo,3.45,2026-08-30,2026-08-30,dm-website
dm,"Rosense Gesichtswasser Rosenwasser mit Hyaluronsäure, 200 ml",8693347008079,wasser,11.95,2026-08-30,2026-08-30,dm-website
dm,"Rosense Gesichtswasser Rosenwasser, 300 ml",8693347001681,wasser,13.95,2026-08-30,2026-08-30,dm-website
dm,"SENSODYNE Zahnpasta Advanced White, 75 ml",5054563284204,zahnpasta,5.95,2026-08-30,2026-08-30,dm-website
dm,"SENSODYNE Zahnpasta Clinical Repair, 75 ml",5054563210180,zahnpasta,6.95,2026-08-30,2026-08-30,dm-website
dm,"SENSODYNE Zahnpasta Clinical White, 75 ml",5054563286062,zahnpasta,6.95,2026-08-30,2026-08-30,dm-website
dm,"SENSODYNE Zahnpasta Fluorid, 75 ml",5054563297600,zahnpasta,3.95,2026-08-30,2026-08-30,dm-website
dm,"SENSODYNE Zahnpasta Kinder ProSchmelz Junior 6-12 Jahren, 75 ml",5054563219657,zahnpasta,3.95,2026-08-30,2026-08-30,dm-website
dm,"SENSODYNE Zahnpasta Kinder ProSchmelz Kids 0-6 Jahre, 50 ml",5054563297570,zahnpasta,3.45,2026-08-30,2026-08-30,dm-website
dm,"SENSODYNE Zahnpasta MultiCare Sanftweiß, 75 ml",5054563234124,zahnpasta,4.95,2026-08-30,2026-08-30,dm-website
dm,"SENSODYNE Zahnpasta Multicare Original, 75 ml",5054563186188,zahnpasta,4.95,2026-08-30,2026-08-30,dm-website
dm,"SENSODYNE Zahnpasta ProSchmelz Repair Whitening, 75 ml",5054563209269,zahnpasta,5.95,2026-08-30,2026-08-30,dm-website
dm,"SENSODYNE Zahnpasta Proschmelz Repair, 75 ml",5054563209290,zahnpasta,5.95,2026-08-30,2026-08-30,dm-website
dm,"SENSODYNE Zahnpasta Proschmelz, 75 ml",5054563297457,zahnpasta,4.95,2026-08-30,2026-08-30,dm-website
dm,"SENSODYNE Zahnpasta Repair & Protect extra frisch, 75 ml",5054563278470,zahnpasta,5.95,2026-08-30,2026-08-30,dm-website
dm,"SENSODYNE Zahnpasta Repair & Protect, Reisegröße, 15 ml",5054563278500,zahnpasta,1.45,2026-08-30,2026-08-30,dm-website
dm,"SENSODYNE Zahnpasta Sensitivität & Zahnfleisch, 75 ml",5054563231673,zahnpasta,5.95,2026-08-30,2026-08-30,dm-website
dm,"SHIRIN BEAUTY Body Butter Glazed Strawberry, 235 ml",4069826000676,creme,7.95,2026-08-30,2026-08-30,dm-website
dm,"SHIRIN BEAUTY Duschgel Creamy Blueberry Caramel Bliss, 250 ml",4069826000188,duschgel,3.95,2026-08-30,2026-08-30,dm-website
dm,"SHIRIN BEAUTY Duschgel Glazed Strawberry Butter Cream, 250 ml",4069826000638,duschgel,3.95,2026-08-30,2026-08-30,dm-website
dm,"SHIRIN BEAUTY Körperbutter Creamy Blueberry Caramel Bliss, 235 ml",4069826000225,creme,7.95,2026-08-30,2026-08-30,dm-website
dm,"SKIN1004 Gesichtsserum Sun Madagascar Centella Hyalu-Cica Water-Fit LSF 50+, 50 ml",8809913830450,wasser,19.95,2026-08-30,2026-08-30,dm-website
dm,"SOS Handcreme AKUT, 100 ml",4036581541690,creme,6.95,2026-08-30,2026-08-30,dm-website
dm,"SPEICK Deo Dusch Original, 250 ml",4009800001480,duschgel,4.95,2026-08-30,2026-08-30,dm-website
dm,"SPEICK Deo Zerstäuber Original, 75 ml",4009800001671,deo,5.95,2026-08-30,2026-08-30,dm-website
dm,"SPEICK Seifenstück Aloe Vera, 100 g",4009800005617,seife,1.95,2026-08-30,2026-08-30,dm-website
dm,"SPEICK Seifenstück Arztseife sensitive, hautschonend, 100 g",4009800005204,seife,1.55,2026-08-30,2026-08-30,dm-website
dm,"SPEICK Seifenstück Sanddorn, 100 g",4009800005600,seife,1.95,2026-08-30,2026-08-30,dm-website
dm,"Sagrotan Flüssigseife No Touch Hawaii, Nachfüllpack (2x250 ml), 500 ml",4251758425195,seife,5.45,2026-08-30,2026-08-30,dm-website
dm,"Sagrotan Flüssigseife No Touch Kamille Hydra Care, Nachfüllpack (2x250 ml), 500 ml",4251758405562,seife,5.45,2026-08-30,2026-08-30,dm-website
dm,"Sagrotan Flüssigseife No Touch Rose & Shea Nachfüllpack (2x250 ml), 500 ml",4251758434715,seife,5.45,2026-08-30,2026-08-30,dm-website
dm,"Sagrotan Flüssigseife No Touch Sardinia Dreams, Nachfüllpack, 250 ml",4251758444165,seife,3.25,2026-08-30,2026-08-30,dm-website
dm,"Sagrotan Flüssigseife No Touch Wildbeere, Nachfüllpack (2x250 ml), 500 ml",4251758416926,seife,5.45,2026-08-30,2026-08-30,dm-website
dm,"Sagrotan Flüssigseife sanft zur Haut Aloe Vera Nachfüllpack, 500 ml",4002448101901,seife,3.45,2026-08-30,2026-08-30,dm-website
dm,"Sagrotan Flüssigseife sanft zur Haut Aloe Vera, 250 ml",4002448099871,seife,2.45,2026-08-30,2026-08-30,dm-website
dm,"Sagrotan Flüssigseife sensitiv extra mild hypoallergen, 250 ml",4251758444592,seife,2.45,2026-08-30,2026-08-30,dm-website
dm,"Sagrotan Schaumhandseife Berry Rebel, 250 ml",4251758435477,seife,2.95,2026-08-30,2026-08-30,dm-website
dm,"Sagrotan Schaumhandseife Kirschblüte & Rose Nachfüllpack, 250 ml",4002448120681,seife,2.45,2026-08-30,2026-08-30,dm-website
dm,"Sagrotan Schaumhandseife Kirschblüte & Rose, 250 ml",4002448101659,seife,2.95,2026-08-30,2026-08-30,dm-website
dm,"Sagrotan Schaumhandseife Vanille & Orchidee, 250 ml",4002448101635,seife,2.95,2026-08-30,2026-08-30,dm-website
dm,"Sagrotan Seifenspender No Touch Apfel & Jasmin, Nachfüllpack, 250 ml",4002448122500,seife,3.25,2026-08-30,2026-08-30,dm-website
dm,"Sagrotan Seifenspender No Touch, 1 St",4251758434616,seife,4.95,2026-08-30,2026-08-30,dm-website
dm,"Salthouse Duschgel Totes Meer Therapie, 250 ml",4008890006436,duschgel,3.95,2026-08-30,2026-08-30,dm-website
dm,"Salthouse Intensivcreme Totes Meer Forte, 100 ml",4008890006825,creme,7.45,2026-08-30,2026-08-30,dm-website
dm,"Salthouse Pflegecreme Schuppige Haut, 75 ml",4008890008669,creme,9.95,2026-08-30,2026-08-30,dm-website
dm,"Salthouse Pflegecreme sehr trockene Haut, 75 ml",4008890008652,creme,9.95,2026-08-30,2026-08-30,dm-website
dm,"Salthouse Shampoo Anti-Schuppen Totes Meer, 250 ml",4008890006429,shampoo,3.95,2026-08-30,2026-08-30,dm-website
dm,"Salthouse Shampoo Totes Meer Therapie Anti-Juckreiz, 250 ml",4008890006405,shampoo,3.95,2026-08-30,2026-08-30,dm-website
dm,"Salthouse Waschgel seifenfrei, 250 ml",4008890063200,seife,3.95,2026-08-30,2026-08-30,dm-website
dm,"Salviagalen Zahnpasta F mit Fluorid, 1 Anzahl",4262490430217,zahnpasta,4.45,2026-08-30,2026-08-30,dm-website
dm,"Salviagalen Zahnpasta ohne Fluorid, 75 ml",4262490430200,zahnpasta,4.45,2026-08-30,2026-08-30,dm-website
dm,"Sanft&Sicher Feuchtes Toilettenpapier 99%Wasser, 50 St",4066447995527,wasser,1.75,2026-08-30,2026-08-30,dm-website
dm,"Sanft&Sicher Feuchtes Toilettenpapier Aloe Vera Classic, 70 St",4066447995688,toilettenpapier,0.75,2026-08-30,2026-08-30,dm-website
dm,"Sanft&Sicher Feuchtes Toilettenpapier Classic Kamille (2x70 Stück), 140 St",4066447995602,toilettenpapier,1.25,2026-08-30,2026-08-30,dm-website
dm,"Sanft&Sicher Feuchtes Toilettenpapier Classic Kamille, 70 St",4066447995626,toilettenpapier,0.75,2026-08-30,2026-08-30,dm-website
dm,"Sanft&Sicher Feuchtes Toilettenpapier Classic Sensitive (2x70 Stück), 140 St",4070765038835,toilettenpapier,1.25,2026-08-30,2026-08-30,dm-website
dm,"Sanft&Sicher Feuchtes Toilettenpapier Classic Sensitive, 70 St",4066447995640,toilettenpapier,0.75,2026-08-30,2026-08-30,dm-website
dm,"Sanft&Sicher Feuchtes Toilettenpapier Deluxe Cashmere, 50 St",4066447995565,toilettenpapier,1.25,2026-08-30,2026-08-30,dm-website
dm,"Sanft&Sicher Feuchtes Toilettenpapier Deluxe Cashmere, Reisegröße, 10 St",4066447995664,toilettenpapier,0.65,2026-08-30,2026-08-30,dm-website
dm,"Sanft&Sicher Feuchtes Toilettenpapier Deluxe Kamille (2x50 Stück), 100 St",4070765038811,toilettenpapier,1.95,2026-08-30,2026-08-30,dm-website
dm,"Sanft&Sicher Feuchtes Toilettenpapier Deluxe Kamille Metallbox, 50 St",4066447995701,toilettenpapier,3.35,2026-08-30,2026-08-30,dm-website
dm,"Sanft&Sicher Feuchtes Toilettenpapier Deluxe Kamille, 50 St",4066447995589,toilettenpapier,1.25,2026-08-30,2026-08-30,dm-website
dm,"Sanft&Sicher Feuchtes Toilettenpapier Deluxe Sensitive, 50 St",4066447995541,toilettenpapier,1.25,2026-08-30,2026-08-30,dm-website
dm,"Sanft&Sicher Feuchtes Toilettenpapier Maxi Pack, 80 St",4066447995725,toilettenpapier,1.75,2026-08-30,2026-08-30,dm-website
dm,"Sanft&Sicher Feuchtes Toilettenpapier Ultra Sensitiv (2x50 Stück), 100 St",4066447374872,toilettenpapier,2.95,2026-08-30,2026-08-30,dm-website
dm,"Sanft&Sicher Feuchtes Toilettenpapier Zarte Pflege (3x50 St), 150 St",4066447980844,toilettenpapier,2.95,2026-08-30,2026-08-30,dm-website
dm,"Sanft&Sicher Toilettenpapier Balsam 4-lagig (8x150 Blatt), 8 St",4070765015515,toilettenpapier,3.65,2026-08-30,2026-08-30,dm-website
dm,"Sanft&Sicher Toilettenpapier Classic 3-lagig (10x220 Blatt), 10 St",4058172862175,toilettenpapier,3.85,2026-08-30,2026-08-30,dm-website
dm,"Sanft&Sicher Toilettenpapier Classic XXL 3-lagig (20x220 Blatt), 20 St",4058172862199,toilettenpapier,7.65,2026-08-30,2026-08-30,dm-website
dm,"Sanft&Sicher Toilettenpapier Deluxe 5-lagig (4x130 Blatt), 4 St",4066447506341,toilettenpapier,2.55,2026-08-30,2026-08-30,dm-website
dm,"Sanft&Sicher Toilettenpapier Deluxe 5-lagig (8x130 Blatt), 8 St",4066447506310,toilettenpapier,4.95,2026-08-30,2026-08-30,dm-website
dm,"Sanft&Sicher Toilettenpapier Design Edition (10x180 Blatt), 10 St",4066447849721,toilettenpapier,4.45,2026-08-30,2026-08-30,dm-website
dm,"Sanft&Sicher Toilettenpapier Premium 4-lagig (10x200 Blatt), 10 St",4058172862212,toilettenpapier,4.95,2026-08-30,2026-08-30,dm-website
dm,"Sanft&Sicher Toilettenpapier Premium 4-lagig (20x200 Blatt), 20 St",4058172862243,toilettenpapier,9.75,2026-08-30,2026-08-30,dm-website
dm,"Sanft&Sicher Toilettenpapier Recycling 3-lagig (16x220 Blatt), 16 St",4066447849943,toilettenpapier,5.25,2026-08-30,2026-08-30,dm-website
dm,"Sanft&Sicher Toilettenpapier Recycling 3-lagig (8x220 Blatt), 8 St",4066447849912,toilettenpapier,2.65,2026-08-30,2026-08-30,dm-website
dm,"Sanft&Sicher Toilettenpapier Recycling 3lagig (10x220 Blatt), 10 St",4066447849882,toilettenpapier,3.35,2026-08-30,2026-08-30,dm-website
dm,"Sanft&Sicher Toilettenpapier Saison 3lagig (8x180 Blatt), 8 St",4066447813753,toilettenpapier,2.95,2026-08-30,2026-08-30,dm-website
dm,"Sanft&Sicher WC-Papiersitze, 10 St",4066447793543,toilettenpapier,0.95,2026-08-30,2026-08-30,dm-website
dm,"Santé naturally. Festes Duschgel Ocean Dive Bio-Aloe Vera & Meersalz, 80 g",4055297149501,duschgel,4.75,2026-08-30,2026-08-30,dm-website
dm,"Santé naturally. Shampoo Intense Hydration, 250 ml",4055297221580,shampoo,3.95,2026-08-30,2026-08-30,dm-website
dm,"SauBär Badespielzeug Wasser-Spaß Paddeltier, 1 St",4066447716702,wasser,2.95,2026-08-30,2026-08-30,dm-website
dm,"SauBär Badewasserfarbe, 1 St",4070765065879,wasser,1.85,2026-08-30,2026-08-30,dm-website
dm,"SauBär Feuchte Toilettentücher Bärenstark (2x60 St), 120 St",4070765078480,toilettenpapier,2.45,2026-08-30,2026-08-30,dm-website
dm,"SauBär Feuchte Toilettentücher ultra sensitiv (2x60 St), 120 St",4058172997105,toilettenpapier,2.75,2026-08-30,2026-08-30,dm-website
dm,"Schaebens Tuchmaske Reiswasser, 1 St",4003573023144,wasser,1.45,2026-08-30,2026-08-30,dm-website
dm,"Schwarzkopf GLISS Shampoo Liquid Silk, 250 ml",4015100813111,shampoo,2.95,2026-08-30,2026-08-30,dm-website
dm,"Schwarzkopf GLISS Shampoo Total Repair, 250 ml",4015100812435,shampoo,2.95,2026-08-30,2026-08-30,dm-website
dm,"Schwarzkopf GLISS Shampoo scalp balance Tiefenreinigung, 200 ml",4015100893007,shampoo,5.95,2026-08-30,2026-08-30,dm-website
dm,"Schwarzkopf GLISS Shampoo scalp balance sanft, 200 ml",4015100893021,shampoo,5.95,2026-08-30,2026-08-30,dm-website
dm,Sensodyne Zahnpasta,5054563089625,non food products,3.95,2024-03-12,2026-08-30,dm-website
dm,"Signal Zahnpasta Kariesschutz, 75 ml",8720181603167,zahnpasta,0.95,2026-08-30,2026-08-30,dm-website
dm,"Signal Zahnpasta Kinder Fruchtgeschmack, 0 bis 6 Jahre, 75 ml",8720181501456,zahnpasta,2.25,2026-08-30,2026-08-30,dm-website
dm,"Soapland Toilettenpapierhalter aus Metall, schwarz/matt, 1 St",4014531691015,toilettenpapier,7.95,2026-08-30,2026-08-30,dm-website
dm,"Sportness Protein Loops, Kakao-Crisp-Geschmack, 250 g",4067796188271,müsli,3.55,2026-08-30,2026-08-30,dm-website
dm,"Swiss-o-Par Shampoo Teebaumöl, 250 ml",4104260076501,shampoo,2.45,2026-08-30,2026-08-30,dm-website
dm,"Swiss-o-Par Shampoo Tiefenreinigung, 250 ml",4104260073500,shampoo,2.45,2026-08-30,2026-08-30,dm-website
dm,"Tempo Feuchte Toilettentücher Sanft für Kinder (2x42 St), 84 St",7322542461556,toilettenpapier,3.35,2026-08-30,2026-08-30,dm-website
dm,"Tempo Feuchtes Toilettenpapier Blue Lagoon, 42 St",7322541102092,toilettenpapier,1.75,2026-08-30,2026-08-30,dm-website
dm,"Tempo Feuchtes Toilettenpapier Family Maxi Pack, 84 St",7322542528334,toilettenpapier,3.25,2026-08-30,2026-08-30,dm-website
dm,"Tempo Feuchtes Toilettenpapier Just 1 XL-Tuch, 56 St",7322542631959,toilettenpapier,3.35,2026-08-30,2026-08-30,dm-website
dm,"Tempo Feuchtes Toilettenpapier Mandelmilch & Panthenol, 42 St",7322540952841,toilettenpapier,1.75,2026-08-30,2026-08-30,dm-website
dm,"Tempo Feuchtes Toilettenpapier Natural Skin Balance, 42 St",7322542162132,toilettenpapier,1.75,2026-08-30,2026-08-30,dm-website
dm,"Tempo Feuchtes Toilettenpapier sanft & frisch (2x42 St), 84 St",7322541420493,toilettenpapier,3.35,2026-08-30,2026-08-30,dm-website
dm,"Tempo Feuchtes Toilettenpapier sanft & pflegend Kamille (2x42 St), 84 St",7322540907643,toilettenpapier,3.35,2026-08-30,2026-08-30,dm-website
dm,"Tempo Feuchtes Toilettenpapier sanft & pflegend Kamille 4x(4x42 St), 672 St",7322542508763,toilettenpapier,23.95,2026-08-30,2026-08-30,dm-website
dm,"Tempo Feuchtes Toilettenpapier sanft & pflegend Kamille, 42 St",7322540907551,toilettenpapier,1.75,2026-08-30,2026-08-30,dm-website
dm,"Tempo Feuchtes Toilettenpapier sanft & pur (2x42 St), 84 St",7322540907674,toilettenpapier,3.35,2026-08-30,2026-08-30,dm-website
dm,"Tempo Feuchtes Toilettenpapier sanft & pur, 42 St",7322540907582,toilettenpapier,1.75,2026-08-30,2026-08-30,dm-website
dm,"Tempo Feuchtes Toilettenpapier sanft & sensitiv Aloe Vera (2x42 St), 84 St",7322540907612,toilettenpapier,3.35,2026-08-30,2026-08-30,dm-website
dm,"Tempo Feuchtes Toilettenpapier sanft & sensitiv, 42 St",7322540907520,toilettenpapier,1.75,2026-08-30,2026-08-30,dm-website
dm,"Tempo Feuchtes Toilettenpapier, Reisegröße, 10 St",7322540728439,toilettenpapier,0.95,2026-08-30,2026-08-30,dm-website
dm,"Tesori d'Oriente Cremedusche Byzantium, 250 ml",8008970056609,duschgel,2.55,2026-08-30,2026-08-30,dm-website
dm,"Tesori d'Oriente Cremedusche Hammam, Arganöl & Orangenblüte, 250 ml",8008970058252,duschgel,2.55,2026-08-30,2026-08-30,dm-website
dm,"Tesori d'Oriente Cremedusche IKIGAI, 250 ml",8008970060446,duschgel,2.55,2026-08-30,2026-08-30,dm-website
dm,"Tesori d'Oriente Flüssigseife Ikigai Kirschblüte & Reiswasser, 300 ml",8008970063867,wasser,2.65,2026-08-30,2026-08-30,dm-website
dm,"Tesori d'Oriente Handcreme Ikigai, 75 ml",8008970064192,creme,2.95,2026-08-30,2026-08-30,dm-website
dm,"Tesori d'Oriente Körpercreme Byzantium, 300 ml",8008970059709,creme,5.45,2026-08-30,2026-08-30,dm-website
dm,"Triple Dry Antitranspirant Deo Roll-on Classic, 50 ml",4045612010869,deo,4.95,2026-08-30,2026-08-30,dm-website
dm,"Töpfer Anfangsmilch Pre von Geburt an, 600 g",4006303008770,babynahrung,12.45,2026-08-30,2026-08-30,dm-website
dm,"ULRIC DE VARENS Deo Naturalspray Gold-Issime pour elle, 125 ml",3326240005320,deo,2.45,2026-08-30,2026-08-30,dm-website
dm,"VERIVAL Protein Müsli, Erdbeere-Sauerkirsche, glutenfrei, 300 g",9004617065651,müsli,4.95,2026-08-30,2026-08-30,dm-website
dm,"Vademecum Mundwasser Konzentrat med, 75 ml",4068883000643,wasser,3.75,2026-08-30,2026-08-30,dm-website
dm,"WELEDA Deo Roll On Deodorant Granatapfel, 50 ml",4001638500203,deo,6.95,2026-08-30,2026-08-30,dm-website
dm,"WELEDA Deo Roll-on Citrus, 50 ml",4001638095235,deo,6.95,2026-08-30,2026-08-30,dm-website
dm,"WELEDA Deo Zerstäuber Citrus, 100 ml",4001638097079,deo,9.95,2026-08-30,2026-08-30,dm-website
dm,"WELEDA Duschgel Pink Peach, 200 ml",7611916653278,duschgel,5.95,2026-08-30,2026-08-30,dm-website
dm,"WELEDA Handcreme Express Sanddorn, 50 ml",4001638523028,creme,5.45,2026-08-30,2026-08-30,dm-website
dm,"WELEDA Handcreme Granatapfel, 50 ml",4001638088459,creme,6.95,2026-08-30,2026-08-30,dm-website
dm,"WELEDA Handcreme Pink Peach, 50 ml",4001638591089,creme,5.45,2026-08-30,2026-08-30,dm-website
dm,"WELEDA Körperbutter Skin Food im Glastiegel, 150 ml",4001638526708,creme,14.95,2026-08-30,2026-08-30,dm-website
dm,"WELEDA Shampoo Rosmarin Revitalising, 250 ml",4001638530378,shampoo,6.95,2026-08-30,2026-08-30,dm-website
dm,"WELEDA Zahnpasta Calendula fluoridfrei, 75 ml",4001638098014,zahnpasta,4.95,2026-08-30,2026-08-30,dm-website
dm,"WELEDA Zahnpasta Gel Kinder fluoridfrei, 50 ml",4001638081863,zahnpasta,4.45,2026-08-30,2026-08-30,dm-website
dm,"Wahre Schätze Haarkur 1-Minute Reiswasser Ritual & Stärke, 340 ml",3600542571586,wasser,4.95,2026-08-30,2026-08-30,dm-website
dm,"Wahre Schätze Shampoo Aktivkohle, fettige Kopfhaut, 300 ml",3600542512466,shampoo,2.75,2026-08-30,2026-08-30,dm-website
dm,"Wahre Schätze Shampoo Argan & Camelia Öl, 300 ml",3600542461856,shampoo,2.75,2026-08-30,2026-08-30,dm-website
dm,"Wahre Schätze Shampoo Honig Schätze, 400 ml",3600542461030,shampoo,3.45,2026-08-30,2026-08-30,dm-website
dm,"Wahre Schätze Shampoo Kokosmilch & Macadamia, 400 ml",3600542462365,shampoo,3.45,2026-08-30,2026-08-30,dm-website
dm,"Wahre Schätze Shampoo Reiswasser Ritual & Stärke, 300 ml",3600542572026,wasser,2.75,2026-08-30,2026-08-30,dm-website
dm,"WaterWipes Feuchttücher (18x60 St), 1.080 St",5099514400036,wasser,49.95,2026-08-30,2026-08-30,dm-website
dm,"WaterWipes Feuchttücher (3x48 St), 144 St",5099514002735,wasser,7.45,2026-08-30,2026-08-30,dm-website
dm,"WaterWipes Feuchttücher (9x60 St), 540 St",5099514400159,wasser,26.45,2026-08-30,2026-08-30,dm-website
dm,"WaterWipes Feuchttücher sensitiv, 48 St",5099514002728,wasser,2.55,2026-08-30,2026-08-30,dm-website
dm,Whole Earth Bio-Erdnussbutter mit knackigen Erdnussstückchen,5013665115632,plant based foods and beverages,4.35,2024-07-06,2026-08-30,dm-website
dm,"Wholey Müsli, Chillo Pillows, 275 g",4260582961519,müsli,3.95,2026-08-30,2026-08-30,dm-website
dm,"Wholey Müsli, Cinna Rollies, 275 g",4260582961502,müsli,3.95,2026-08-30,2026-08-30,dm-website
dm,"Wholey Müsli, Crunchy Granola, 300 g",4260582962554,müsli,3.95,2026-08-30,2026-08-30,dm-website
dm,"Wild Antitranspirant Deo Roll-on Coconut & Vanilla + Nachfüllpack, 50 ml",5061103350565,deo,15.95,2026-08-30,2026-08-30,dm-website
dm,"Wild Antitranspirant Deo Roll-on Coconut & Vanilla Nachfüllpack, 50 ml",5061103350893,deo,5.95,2026-08-30,2026-08-30,dm-website
dm,"Wild Antitranspirant Deo Roll-on Fresh Cotton & Sea Salt + Nachfüllpack, 50 ml",5061103350435,deo,13.95,2026-08-30,2026-08-30,dm-website
dm,"Wild Antitranspirant Deo Roll-on Fresh Cotton & Sea Salt Nachfüllpack, 50 ml",5061103350831,deo,5.95,2026-08-30,2026-08-30,dm-website
dm,"Wild Antitranspirant Deo Roll-on Honey & Cactus Flower Nachfüllpack, 50 ml",5061103350862,deo,5.95,2026-08-30,2026-08-30,dm-website
dm,"Wild Antitranspirant Deo Roll-on Honey & Cactus Flower, 50 ml",5061103350473,deo,15.95,2026-08-30,2026-08-30,dm-website
dm,"Zahnpasta aronal & elmex Mundhygiene-Set (2 x 75 ml), 150 ml",8718951032644,zahnpasta,7.45,2026-08-30,2026-08-30,dm-website
dm,"Zewa Küchenrolle Wisch&Weg (2x72 Blatt), 2 St",7322541458960,toilettenpapier,2.95,2026-08-30,2026-08-30,dm-website
dm,"Zewa Toilettenpapier Just1 4-lagig (4x99 Blatt), 4 St",7322542575314,toilettenpapier,3.95,2026-08-30,2026-08-30,dm-website
dm,"Zewa Toilettenpapier Lufterfrischer 3-lagig (8x150 Blatt), 8 St",7322542037232,toilettenpapier,3.75,2026-08-30,2026-08-30,dm-website
dm,"Zewa Toilettenpapier Premium 5-lagig (6x110 Blatt), 6 St",7322541995373,toilettenpapier,4.25,2026-08-30,2026-08-30,dm-website
dm,"Zewa Toilettenpapier Smart 3-lagig (4x300 Blatt), 4 St",7322541147741,toilettenpapier,3.95,2026-08-30,2026-08-30,dm-website
dm,"Zewa Toilettenpapier Smart 3-lagig (8x300 Blatt), 8 St",7322541147109,toilettenpapier,6.95,2026-08-30,2026-08-30,dm-website
dm,"Zewa Toilettenpapier Ultra Senses Mandelblüte 4-lagig (16x135 Blatt), 16 St",7322541749556,toilettenpapier,7.95,2026-08-30,2026-08-30,dm-website
dm,"Zewa Toilettenpapier Ultra Senses Mandelblüte 4-lagig (8x135 Blatt), 8 St",7322541748917,toilettenpapier,4.65,2026-08-30,2026-08-30,dm-website
dm,"Zewa Toilettenpapier Ultra Smart 4-lagig (4x280 Blatt), 4 St",7322541411828,toilettenpapier,3.95,2026-08-30,2026-08-30,dm-website
dm,"Zewa Toilettenpapier Ultra Soft (8x150 Blatt), 8 St",7322541460109,toilettenpapier,4.65,2026-08-30,2026-08-30,dm-website
dm,"Zewa Toilettenpapier Ultra Soft 4-lagig (20x150 Blatt), 20 St",7322541459929,toilettenpapier,9.45,2026-08-30,2026-08-30,dm-website
dm,"Zewa Toilettenpapier Ultra Soft 4-lagig (8x150 Blatt), 8 St",7322541459691,toilettenpapier,4.65,2026-08-30,2026-08-30,dm-website
dm,"Zewa Toilettenpapier bewährt 3-lagig (16x150 Blatt), 16 St",7322541443003,toilettenpapier,6.75,2026-08-30,2026-08-30,dm-website
dm,"Zewa Toilettenpapier bewährt Kamille 3-lagig (16x150 Blatt), 16 St",7322541443584,toilettenpapier,6.75,2026-08-30,2026-08-30,dm-website
dm,"algemarin Duschgel Freshness, 300 ml",4003086360002,duschgel,2.15,2026-08-30,2026-08-30,dm-website
dm,"alverde MEN Duschgel Active Nature 3in1, 200 ml",4066447908985,duschgel,1.75,2026-08-30,2026-08-30,dm-website
dm,"alverde NATURKOSMETIK Deo Roll-on Fresh, 50 ml",4066447908633,deo,2.55,2026-08-30,2026-08-30,dm-website
dm,"alverde NATURKOSMETIK Deo Roll-on Invisible, 50 ml",4066447908671,deo,2.55,2026-08-30,2026-08-30,dm-website
dm,"alverde NATURKOSMETIK Deo Roll-on Sensitiv, 50 ml",4066447908657,deo,2.55,2026-08-30,2026-08-30,dm-website
dm,"alverde NATURKOSMETIK Deo Zerstäuber Aqua, 75 ml",4066447908756,deo,2.45,2026-08-30,2026-08-30,dm-website
dm,"alverde NATURKOSMETIK Deo Zerstäuber Floral, 75 ml",4066447908770,deo,2.45,2026-08-30,2026-08-30,dm-website
dm,"alverde NATURKOSMETIK Duschgel Granatapfel Holunderblüte, 250 ml",4066447967463,duschgel,0.95,2026-08-30,2026-08-30,dm-website
dm,"alverde NATURKOSMETIK Festes Duschgel Minze-Bergamotte Duft, 60 g",4066447909739,duschgel,3.25,2026-08-30,2026-08-30,dm-website
dm,"alverde NATURKOSMETIK Flüssigseife Lavendel, Malve, 300 ml",4066447912708,seife,1.25,2026-08-30,2026-08-30,dm-website
dm,"alverde NATURKOSMETIK Flüssigseife Mandelblüte & Vanille, Nachfüllpack, 500 ml",4066447912807,seife,1.95,2026-08-30,2026-08-30,dm-website
dm,"alverde NATURKOSMETIK Flüssigseife Minze, Bergamotte Nachfüllpack, 500 ml",4066447912760,seife,1.95,2026-08-30,2026-08-30,dm-website
dm,"alverde NATURKOSMETIK Flüssigseife Olive, Orange, 300 ml",4066447912722,seife,1.25,2026-08-30,2026-08-30,dm-website
dm,"alverde NATURKOSMETIK Flüssigseife Seaside Balance, 300 ml",4070765014518,seife,1.45,2026-08-30,2026-08-30,dm-website
dm,"alverde NATURKOSMETIK Gesichtswasser Rosenblüte, 100 ml",4066447911596,wasser,2.65,2026-08-30,2026-08-30,dm-website
dm,"alverde NATURKOSMETIK Gesichtswasser sanft Wildrose, 200 ml",4066447911558,wasser,2.75,2026-08-30,2026-08-30,dm-website
dm,"alverde NATURKOSMETIK Hand- & Nagelcreme Calendula & Hyaluronsäure, 75 ml",4066447880137,creme,1.95,2026-08-30,2026-08-30,dm-website
dm,"alverde NATURKOSMETIK Hand- und Nagelbalsam Aprikose, 75 ml",4066447912906,creme,1.95,2026-08-30,2026-08-30,dm-website
dm,"alverde NATURKOSMETIK Handcreme Granatapfel & Karitébutter, 75 ml",4067796169003,creme,1.95,2026-08-30,2026-08-30,dm-website
dm,"alverde NATURKOSMETIK Handcreme Kamille & Sheabutter, 75 ml",4066447912944,creme,1.95,2026-08-30,2026-08-30,dm-website
dm,"alverde NATURKOSMETIK Handcreme Olive, 75 ml",4066447912920,creme,1.95,2026-08-30,2026-08-30,dm-website
dm,"alverde NATURKOSMETIK Handcreme Seaside Balance mit Sanddorn & Hafer, 75 ml",4070765014327,creme,1.95,2026-08-30,2026-08-30,dm-website
dm,"alverde NATURKOSMETIK Seifenstück Cremeseife mit Sheabutter & Mandelmilch, 100 g",4066447912630,seife,0.85,2026-08-30,2026-08-30,dm-website
dm,"alverde NATURKOSMETIK Seifenstück Pflanzenölseife mit Lavendel, 100 g",4066447912593,seife,0.85,2026-08-30,2026-08-30,dm-website
dm,"alverde NATURKOSMETIK Seifenstück Pflanzenölseife mit Pfirsich, 100 g",4066447912654,seife,0.85,2026-08-30,2026-08-30,dm-website
dm,"alverde NATURKOSMETIK Seifenstück Pflanzenölseife mit Verveine, 100 g",4066447912616,seife,0.85,2026-08-30,2026-08-30,dm-website
dm,"alverde NATURKOSMETIK Zahnpasta Gel Kinder, 50 ml",4066447981698,zahnpasta,1.75,2026-08-30,2026-08-30,dm-website
dm,"animonda VOM FEINSTEN Nassfutter Katze Mix aus dem Wasser, Raffinesse in Gelee, Multipack (12x85 g), 1,02 kg",4017721834117,wasser,6.25,2026-08-30,2026-08-30,dm-website
dm,"anti svet Deo Zerstäuber, 50 ml",4003086005309,deo,3.45,2026-08-30,2026-08-30,dm-website
dm,"aronal Zahnpasta Zahnfleischschutz, 75 ml",7610108056316,zahnpasta,4.45,2026-08-30,2026-08-30,dm-website
dm,"atrix Handcreme trockene Haut, intensive in der Dose, 150 ml",4006000057927,creme,1.75,2026-08-30,2026-08-30,dm-website
dm,"atrix Handcreme trockene Haut, professional repair, 100 ml",4006000061221,creme,2.45,2026-08-30,2026-08-30,dm-website
dm,"babylove Anfangsmilch Pre trinkfertig von Geburt an, 200 ml",4066447870954,babynahrung,1.25,2026-08-30,2026-08-30,dm-website
dm,"babylove Babywasser, von Geburt an, 1 l EINWEG",4058172812965,wasser,0.55,2026-08-30,2026-08-30,dm-website
dm,"babylove Feuchttücher mit 99 % Wasser (6x80 St), 480 St",4070765014976,wasser,8.95,2026-08-30,2026-08-30,dm-website
dm,"babylove Feuchttücher mit 99 % Wasser, 80 St",4070765014853,wasser,1.55,2026-08-30,2026-08-30,dm-website
dm,"babylove Frucht & Getreide Erdbeer-Bananen-Müsli in Apfel ab dem 6. Monat, 190 g",4067796172003,müsli,0.85,2026-08-30,2026-08-30,dm-website
dm,"babylove Kindermüsli Banane-Erdbeere ab 1 Jahr, 200 g",4067796173079,müsli,1.55,2026-08-30,2026-08-30,dm-website
dm,"babylove Kindermüsli Waldbeere ab 1 Jahr, 200 g, 200 g",4067796202502,müsli,1.55,2026-08-30,2026-08-30,dm-website
dm,"babylove Kindersnack Erdbeer-Fruchtchips ab 3 Jahren, 12 g",4067796172942,babynahrung,1.65,2026-08-30,2026-08-30,dm-website
dm,"babylove Quetschie Erdbeere & Banane in Apfel mit Müsli ab 1 Jahr, 100 g",4066447950403,müsli,0.75,2026-08-30,2026-08-30,dm-website
dm,"babylove Quetschie Erdbeere & Heidelbeere in Apfel ab 1 Jahr, 100 g",4066447950380,babynahrung,0.75,2026-08-30,2026-08-30,dm-website
dm,"babylove Quetschie Frühstückspause Banane & Kirsche mit Apfel in Müsli ab 1 Jahr, 100 g",4066447950328,müsli,0.75,2026-08-30,2026-08-30,dm-website
dm,"babylove Quetschie Guten Abend Apfel & Banane mit Hafer & Milch ab 1 Jahr, 100 g",4066447950304,babynahrung,0.75,2026-08-30,2026-08-30,dm-website
dm,"babylove Quetschie Pfirsich & Banane in Apfel ab 1 Jahr, 100 g",4066447950441,babynahrung,0.75,2026-08-30,2026-08-30,dm-website
dm,"babylove Quetschie Wassermelone & Banane in Apfel ab 1 Jahr, 100 g",4066447950465,wasser,0.75,2026-08-30,2026-08-30,dm-website
dm,"bebe Abschminktücher erfrischend mit Rosenwasser, 30 St",3574661726632,wasser,2.25,2026-08-30,2026-08-30,dm-website
dm,"bebe Cremedusche Soft Shower Cream, 250 ml",3574661384382,duschgel,1.25,2026-08-30,2026-08-30,dm-website
dm,"blend-a-med Zahnpasta Complete Protect Expert Tiefenreinigung, 75 ml",8001090573049,zahnpasta,2.75,2026-08-30,2026-08-30,dm-website
dm,"bruno banani Duschgel Man 3in1, 250 ml",3616305448286,duschgel,2.75,2026-08-30,2026-08-30,dm-website
dm,"dalli Kernseife (3 Stück), 300 g",4012400532612,seife,1.65,2026-08-30,2026-08-30,dm-website
dm,"dentural Zahnpasta Natural fluoridfrei Whitening, 75 ml",4260486337793,zahnpasta,3.95,2026-08-30,2026-08-30,dm-website
dm,"dentural Zahnpasta Natural fluoridfrei, 75 ml",4260486333924,zahnpasta,2.95,2026-08-30,2026-08-30,dm-website
dm,"dm Denk mit Spülmittel Ultra Lavendel 0,5 l 0,95€ l 1l 1,90€",4066447437188,spülmittel,0.95,2024-08-05,2026-08-30,dm-website
dm,dm Toilettenpapier Sanft&Sicher nature,4066447244502,Lebensmittel,3.95,2024-07-06,2026-08-30,dm-website
dm,"dmBio 4-Korn Flocken, 500 g",4067796081466,müsli,1.65,2026-08-30,2026-08-30,dm-website
dm,"dmBio Amaranth, gepufft, 125 g",4067796063400,müsli,1.15,2026-08-30,2026-08-30,dm-website
dm,"dmBio Babysnack Reiswaffeln Himbeere ab dem 8. Monat, 35 g",4067796214314,babynahrung,0.75,2026-08-30,2026-08-30,dm-website
dm,"dmBio Cashewbruch, 300 g",4067796069853,müsli,3.25,2026-08-30,2026-08-30,dm-website
dm,"dmBio Chiasamen, 300 g",4058172991745,müsli,1.85,2026-08-30,2026-08-30,dm-website
dm,"dmBio Dinkel, gepufft, 200 g",4067796001839,müsli,1.65,2026-08-30,2026-08-30,dm-website
dm,"dmBio Dinkelflakes, 400 g",4067796147575,müsli,2.45,2026-08-30,2026-08-30,dm-website
dm,"dmBio Frucht & Getreide Apfel, Banane, Mango Müsli in Kokos, ab dem 6. Monat, 190 g",4070765070699,müsli,0.95,2026-08-30,2026-08-30,dm-website
dm,"dmBio Frucht & Getreide Apfel-Banane-Kirsch Müsli ab dem 8. Monat, 190 g",4070765026788,müsli,0.95,2026-08-30,2026-08-30,dm-website
dm,"dmBio Frucht & Getreide Bircher Müsli ab dem 8. Monat, 190 g",4058172260223,müsli,0.95,2026-08-30,2026-08-30,dm-website
dm,"dmBio Frucht & Getreide Pflaume-Apfel-Birnen Müsli ab dem 8. Monat, 190 g",4067796214604,müsli,0.95,2026-08-30,2026-08-30,dm-website
dm,"dmBio Fruchtriegel Apfel, Banane, Kirsche ab 1Jahr, 25 g",4067796161885,babynahrung,0.55,2026-08-30,2026-08-30,dm-website
dm,"dmBio Fruchtriegel Apfel-Banane ab 1 Jahr, 25 g",4067796161861,babynahrung,0.55,2026-08-30,2026-08-30,dm-website
dm,"dmBio Fruchtriegel Banane-Blaubeere ab 1 Jahr, 25 g",4070765056198,babynahrung,0.55,2026-08-30,2026-08-30,dm-website
dm,"dmBio Früchte Müsli, Kids, 375 g",4070765012361,müsli,1.85,2026-08-30,2026-08-30,dm-website
dm,dmBio Hafer Drink Vanille,4067796002041,beverages and beverages preparations,1.25,2024-07-06,2026-08-30,dm-website
dm,dmBio Joghurt Reiswaffeln,4066447369595,plant based foods and beverages,0.95,2024-08-05,2026-08-30,dm-website
dm,"dmBio Kakao Nibs, 200 g",4066447656879,müsli,4.95,2026-08-30,2026-08-30,dm-website
dm,"dmBio Kindersnack Dinkel Pizza-Kräcker ab 3 Jahren, 80 g",4066447983647,babynahrung,1.25,2026-08-30,2026-08-30,dm-website
dm,"dmBio Knuspermüsli, Fruchtringe, 300 g",4066447663075,müsli,2.25,2026-08-30,2026-08-30,dm-website
dm,"dmBio Knuspermüsli, Kerne & Saaten Granola, 500 g",4067796194685,müsli,3.45,2026-08-30,2026-08-30,dm-website
dm,"dmBio Knuspermüsli, Kids, 375 g",4070765012347,müsli,1.85,2026-08-30,2026-08-30,dm-website
dm,"dmBio Knuspermüsli, Kokos Mandel Granola, 500 g",4067796194661,müsli,3.45,2026-08-30,2026-08-30,dm-website
dm,"dmBio Kokosdrink Pur ab 1 Jahr, 330 ml",4066447395181,babynahrung,1.25,2026-08-30,2026-08-30,dm-website
dm,"dmBio Muttersaft, Holunderbeere naturtrüb, 330 ml",4066447855777,wasser,2.45,2026-08-30,2026-08-30,dm-website
dm,"dmBio Müsli Crunchy, Beeren, 500 g",4067796194722,müsli,2.65,2026-08-30,2026-08-30,dm-website
dm,"dmBio Müsli Crunchy, Dinkel, 500 g",4067796194746,müsli,2.45,2026-08-30,2026-08-30,dm-website
dm,"dmBio Müsli Crunchy, Hafer Beeren, glutenfrei, 350 g",4066447422825,müsli,3.25,2026-08-30,2026-08-30,dm-website
dm,"dmBio Müsli Crunchy, Hafer, 500 g",4067796000283,müsli,2.25,2026-08-30,2026-08-30,dm-website
dm,"dmBio Müsli Crunchy, Nuss mit Honig verfeinert, 500 g",4070765022711,müsli,3.45,2026-08-30,2026-08-30,dm-website
dm,"dmBio Müsli Crunchy, Schoko, 500 g",4067796000306,müsli,2.35,2026-08-30,2026-08-30,dm-website
dm,"dmBio Müsli, Basis ohne Rosinen, 600 g",4070765023077,müsli,1.35,2026-08-30,2026-08-30,dm-website
dm,"dmBio Müsli, Beeren, 750 g",4070765023015,müsli,3.35,2026-08-30,2026-08-30,dm-website
dm,"dmBio Müsli, Bircher nach Schweizer Art, 500 g",4070765023046,müsli,2.85,2026-08-30,2026-08-30,dm-website
dm,"dmBio Müsli, Cocoa Shells, 200 g",4066447948172,müsli,1.95,2026-08-30,2026-08-30,dm-website
dm,"dmBio Müsli, Früchte, 750 g",4070765023039,müsli,3.15,2026-08-30,2026-08-30,dm-website
dm,"dmBio Müsli, Paleo, 500 g",4070765012224,müsli,3.75,2026-08-30,2026-08-30,dm-website
dm,"dmBio Müsli, Schoko ohne Rosinen, 750 g",4070765023022,müsli,3.45,2026-08-30,2026-08-30,dm-website
dm,"dmBio Müsliriegel, Hafer Kakao, 35 g",4066447203431,müsli,0.95,2026-08-30,2026-08-30,dm-website
dm,"dmBio Müsliriegel, Hafer Nuss, 3er Pack, 105 g",4066447084894,müsli,1.95,2026-08-30,2026-08-30,dm-website
dm,"dmBio Nussmischung, 200 g",4066447490824,müsli,3.25,2026-08-30,2026-08-30,dm-website
dm,"dmBio Pflanzendrink, Cashew natur, 1 l",4067796002027,müsli,2.25,2026-08-30,2026-08-30,dm-website
dm,"dmBio Pflanzensaft, Aloe Vera naturtrüb, 330 ml",4070765031119,wasser,5.95,2026-08-30,2026-08-30,dm-website
dm,"dmBio Quinoa, gepufft, 125 g",4067796149012,müsli,1.75,2026-08-30,2026-08-30,dm-website
dm,"dmBio Schoko-Müsli mit Knusperflakes glutenfrei, 375 g",4066447951349,müsli,2.95,2026-08-30,2026-08-30,dm-website
dm,"dmBio Sojaflocken, 500 g",4070765077094,müsli,1.95,2026-08-30,2026-08-30,dm-website
dm,"dmBio Trockenfrüchte, Ananas Stücke, 100 g",4070765063097,müsli,2.95,2026-08-30,2026-08-30,dm-website
dm,"dmBio Trockenfrüchte, Erdbeerscheiben gefriergetrocknet, 25 g",4066447674767,müsli,2.75,2026-08-30,2026-08-30,dm-website
dm,"dmBio Trockenfrüchte, Mangostücke gefriergetrocknet, 25 g",4070765064155,müsli,2.75,2026-08-30,2026-08-30,dm-website
dm,"ebelin Armband wasserfest, Gold-Optik, 1 St",4066447925210,wasser,5.95,2026-08-30,2026-08-30,dm-website
dm,"ebelin Creolen organische Form wasserfest, Gold-Optik, 2 St",4066447925197,wasser,7.95,2026-08-30,2026-08-30,dm-website
dm,"ebelin Creolen wasserfest, Gold-Optik, 2 St",4066447925203,wasser,6.95,2026-08-30,2026-08-30,dm-website
dm,"ebelin Seifendose stapelbar, 1 St",4066447743722,seife,1.95,2026-08-30,2026-08-30,dm-website
dm,"ebelin Seifenhalterung, 1 St",4066447859300,seife,2.95,2026-08-30,2026-08-30,dm-website
dm,"ebelin Seifensäckchen 100% Naturmaterialien, 1 St",4066447983708,seife,2.95,2026-08-30,2026-08-30,dm-website
dm,"elmex Zahnpasta Baby, 0-2 Jahren, 50 ml",8718951582378,zahnpasta,3.45,2026-08-30,2026-08-30,dm-website
dm,"elmex Zahnpasta Junior Kariesschutz Professional, 75 ml",8718951785915,zahnpasta,4.95,2026-08-30,2026-08-30,dm-website
dm,"elmex Zahnpasta Kariesschutz Plus, Intensivreinigung, 50 ml",7610108053421,zahnpasta,4.95,2026-08-30,2026-08-30,dm-website
dm,"elmex Zahnpasta Kariesschutz Professional, 75 ml",8718951453395,zahnpasta,6.45,2026-08-30,2026-08-30,dm-website
dm,"elmex Zahnpasta Kariesschutz mentholfrei, 75 ml",4007965015557,zahnpasta,4.95,2026-08-30,2026-08-30,dm-website
dm,"elmex Zahnpasta Kariesschutz, 75 ml",4007965015007,zahnpasta,4.45,2026-08-30,2026-08-30,dm-website
dm,"elmex Zahnpasta Kinder Junior 6-12 Jahren (2x75ml), 150 ml",4007965146503,zahnpasta,6.95,2026-08-30,2026-08-30,dm-website
dm,"elmex Zahnpasta Kinder Junior, 6-12 Jahren, 75 ml",4007965146008,zahnpasta,3.95,2026-08-30,2026-08-30,dm-website
dm,"elmex Zahnpasta Kinder, 2-6 Jahren, 50 ml",8718951271234,zahnpasta,3.45,2026-08-30,2026-08-30,dm-website
dm,"elmex Zahnpasta Sensitive Doppelpack (2 x 75 ml), 150 ml",7610108059287,zahnpasta,8.25,2026-08-30,2026-08-30,dm-website
dm,"elmex Zahnpasta Sensitive Plus Zahnfleischpflege, 75 ml",8718951745179,zahnpasta,5.95,2026-08-30,2026-08-30,dm-website
dm,"elmex Zahnpasta Sensitive Professional Repair & Prevent Sanftes Weiss, 75 ml",8718951764682,zahnpasta,7.95,2026-08-30,2026-08-30,dm-website
dm,"elmex Zahnpasta Sensitive Professional Repair & Prevent, 75 ml",8718951080041,zahnpasta,7.45,2026-08-30,2026-08-30,dm-website
dm,"elmex Zahnpasta Sensitive Professional Sanftes Weiss, 75 ml",7610108053568,zahnpasta,6.95,2026-08-30,2026-08-30,dm-website
dm,"elmex Zahnpasta Sensitive Professional, 75 ml",7610108047536,zahnpasta,6.45,2026-08-30,2026-08-30,dm-website
dm,"elmex Zahnpasta Zahnschmelz Professional Opti-schmelz, 75 ml",8718951419902,zahnpasta,6.45,2026-08-30,2026-08-30,dm-website
dm,"elmex Zahnpasta Zahnschmelz Professional Weiss-Schmelz, 75 ml",8718951570412,zahnpasta,7.45,2026-08-30,2026-08-30,dm-website
dm,"got2b Haargel Kleber wasserfest, 150 ml",4015100800500,wasser,4.95,2026-08-30,2026-08-30,dm-website
dm,"happybrush Zahnpasta Aktivkohle White mit Vit. B12, 75 ml",4260486336543,zahnpasta,2.95,2026-08-30,2026-08-30,dm-website
dm,"happybrush Zahnpasta Ultimate White + Hyaluron, 75 ml",4260486338318,zahnpasta,2.95,2026-08-30,2026-08-30,dm-website
dm,"head&shoulders Shampoo Anti-Schuppen Apple Fresh, 500 ml",8001090896049,shampoo,6.95,2026-08-30,2026-08-30,dm-website
dm,"head&shoulders Shampoo Anti-Schuppen Citrus Fresh, 500 ml",8001090896216,shampoo,6.95,2026-08-30,2026-08-30,dm-website
dm,"head&shoulders Shampoo Anti-Schuppen Classic Clean, 250 ml",8006530222266,shampoo,3.95,2026-08-30,2026-08-30,dm-website
dm,"head&shoulders Shampoo Anti-Schuppen Classic Clean, 500 ml",8001090896315,shampoo,6.95,2026-08-30,2026-08-30,dm-website
dm,"head&shoulders Shampoo Anti-Schuppen ProExpert 7 Anti-Haarverlust, 250 ml",8700216301749,shampoo,5.45,2026-08-30,2026-08-30,dm-website
dm,"head&shoulders Shampoo Anti-Schuppen Tiefenpflege, 250 ml",8006530222006,shampoo,3.95,2026-08-30,2026-08-30,dm-website
dm,"head&shoulders Shampoo Anti-Schuppen bei juckender Kopfhaut, 500 ml",8001090896735,shampoo,6.95,2026-08-30,2026-08-30,dm-website
dm,"head&shoulders Shampoo Derma x Pro Beruhigend, 400 ml",8700216328869,shampoo,7.75,2026-08-30,2026-08-30,dm-website
dm,"head&shoulders Shampoo Derma x Pro Beruhigende Pflege, 250 ml",8700216328661,shampoo,4.95,2026-08-30,2026-08-30,dm-website
dm,"lavera NATURKOSMETIK Deo Roll-on Natural & Refresh, 50 ml",4021457638765,deo,5.95,2026-08-30,2026-08-30,dm-website
dm,"lavera NATURKOSMETIK Deo Roll-on Natural & Sensitive, 50 ml",4021457638758,deo,5.95,2026-08-30,2026-08-30,dm-website
dm,"lavera NATURKOSMETIK Gesichtswasser Basis Sensitiv, 200 ml",4021457650095,wasser,6.95,2026-08-30,2026-08-30,dm-website
dm,"lavera NATURKOSMETIK Handcreme & -Maske Gute Nacht 2in1, 75 ml",4021457645145,creme,3.85,2026-08-30,2026-08-30,dm-website
dm,"lavera NATURKOSMETIK Handcreme Basis, 75 ml",4021457645022,creme,3.55,2026-08-30,2026-08-30,dm-website
dm,"lavera NATURKOSMETIK Handcreme Repair SOS Hilfe mit Calendula & Sheabutter, 75 ml",4021457645084,creme,3.85,2026-08-30,2026-08-30,dm-website
dm,"lavera NATURKOSMETIK Pflegedusche Basis Sensitiv 2in1, 250 ml",4021457648412,duschgel,3.95,2026-08-30,2026-08-30,dm-website
dm,"lavera NATURKOSMETIK Shampoo Basis Sensitive Hydrate & Care, 250 ml",4021457666768,shampoo,5.45,2026-08-30,2026-08-30,dm-website
dm,"lavera NATURKOSMETIK Shampoo Fresh & Clear, 250 ml",4021457666881,shampoo,5.45,2026-08-30,2026-08-30,dm-website
dm,"lavera NATURKOSMETIK Shampoo Repair & Protect, 250 ml",4021457666829,shampoo,5.45,2026-08-30,2026-08-30,dm-website
dm,"lavera NATURKOSMETIK Zahnpasta Complete Care fluoridfrei, 75 ml",4021457652297,zahnpasta,3.25,2026-08-30,2026-08-30,dm-website
dm,"lavera NATURKOSMETIK Zahnpasta Complete Care, 75 ml",4021457652280,zahnpasta,3.25,2026-08-30,2026-08-30,dm-website
dm,"lavera NATURKOSMETIK Zahnpasta Kinder, 0-6 Jahren, fluoridfrei, 75 ml",4021457652310,zahnpasta,3.85,2026-08-30,2026-08-30,dm-website
dm,"lavera NATURKOSMETIK Zahnpasta Sensitive & Repair, 75 ml",4021457652303,zahnpasta,3.85,2026-08-30,2026-08-30,dm-website
dm,"lavera NATURKOSMETIK Zahnpasta Senstive Whitening, 75 ml",4021457650736,zahnpasta,4.35,2026-08-30,2026-08-30,dm-website
dm,"meridol Zahnpasta Parodont Expert, 75 ml",8718951115446,zahnpasta,7.45,2026-08-30,2026-08-30,dm-website
dm,"meridol Zahnpasta Zahnfleischschutz (2 x 75 ml), 150 ml",7610108059508,zahnpasta,8.25,2026-08-30,2026-08-30,dm-website
dm,"meridol Zahnpasta Zahnfleischschutz sanftes Weiss, 75 ml",8714789921006,zahnpasta,5.65,2026-08-30,2026-08-30,dm-website
dm,"mybidet Po- und Intimdusche Mint, inkl. Reisebeutel und Deckel, 1 St",4170000037668,toilettenpapier,14.95,2026-08-30,2026-08-30,dm-website
dm,"mybidet Po- und Intimdusche Rosé, inkl. Reisebeutel und Deckel, 1 St",4262368580303,toilettenpapier,14.95,2026-08-30,2026-08-30,dm-website
dm,"nevernot Feuchtschaum für Toilettenpapier Mini Shea, 50 ml",4262362450091,toilettenpapier,3.25,2026-08-30,2026-08-30,dm-website
dm,"nevernot Feuchtschaum für Toilettenpapier Nachfüllpack, 240 ml",4262362451326,toilettenpapier,8.95,2026-08-30,2026-08-30,dm-website
dm,"nevernot Feuchtschaum für Toilettenpapier, 120 ml",4262362451173,toilettenpapier,5.95,2026-08-30,2026-08-30,dm-website
dm,"nevernot Feuchttuchschaum, Nachfüllpack, 240 ml",4262362451524,toilettenpapier,8.95,2026-08-30,2026-08-30,dm-website
dm,"nevernot Gleitgel soo good mit CBD, wasserbasiert, 100 ml",4270002534780,wasser,12.95,2026-08-30,2026-08-30,dm-website
dm,"nevernot Gleitgel soo good mit Milchsäure & Allantoin, wasserbasiert, 100 ml",4270001309549,wasser,9.95,2026-08-30,2026-08-30,dm-website
dm,"nevernot Super Nice Foam Sensitive, 120 ml",4262362451494,toilettenpapier,5.95,2026-08-30,2026-08-30,dm-website
dm,"nordesign Flüssigseife Lavender & Sage, 300 ml",4262376082158,seife,3.95,2026-08-30,2026-08-30,dm-website
dm,"oyess Handcreme Protect Matcha, 75 ml",4260754963310,creme,2.95,2026-08-30,2026-08-30,dm-website
dm,"pumpkin organics Quetschie Kürbis, Karotte, Apfel, Banane & Pfirsich, ab 6 Monaten, 100 g",4260526594100,babynahrung,1.25,2026-08-30,2026-08-30,dm-website
dm,"pumpkin organics Quetschie Kürbis, Süßkartoffel, Birne, Banane & Blaubeere, ab 6 Monaten, 100 g",4260526594049,babynahrung,1.25,2026-08-30,2026-08-30,dm-website
dm,"pumpkin organics Quetschie Mango, Karotte, Pastinake und Hafer, ab 6 Monaten, 100 g",4260526594193,babynahrung,1.05,2026-08-30,2026-08-30,dm-website
dm,"pumpkin organics Quetschie Süßkartoffel, Kürbis, Karotte & Erdbeere ab 6 Monaten, 100 g",4260526595367,babynahrung,1.25,2026-08-30,2026-08-30,dm-website
dm,"pumpkin organics Quetschie mit Süßkartoffel, Blaubeere, Birne, Rote Beete & Hafer, ab dem 6. Monat, 100 g",4260526593073,babynahrung,1.05,2026-08-30,2026-08-30,dm-website
dm,"schauma Shampoo For Men, 400 ml",4015100890792,shampoo,1.95,2026-08-30,2026-08-30,dm-website
dm,"sebamed Deo Roll-on Balsam parfumfrei, 50 ml",4103040049506,deo,3.35,2026-08-30,2026-08-30,dm-website
dm,"sebamed Deo Roll-on Balsam sensitive, 50 ml",4103040049520,deo,3.35,2026-08-30,2026-08-30,dm-website
dm,"sebamed Deo Roll-on Frische, 50 ml",4103040049483,deo,3.35,2026-08-30,2026-08-30,dm-website
dm,"sebamed Deo Zerstäuber Frische, 75 ml",4103040049544,deo,4.45,2026-08-30,2026-08-30,dm-website
dm,"sebamed Duschgel Frische Dusche Allantoin, 200 ml",4103040054555,duschgel,2.95,2026-08-30,2026-08-30,dm-website
dm,"sebamed Duschgel Frische Dusche Allantoin, 400 ml",4103040054586,duschgel,4.95,2026-08-30,2026-08-30,dm-website
dm,"sebamed Duschgel Meersalz, 400 ml",4103040047977,duschgel,4.95,2026-08-30,2026-08-30,dm-website
dm,"sebamed Duschgel Sport 3in1, 200 ml",4103040048035,duschgel,2.95,2026-08-30,2026-08-30,dm-website
dm,"sebamed Duschgel Sport 3in1, 400 ml",4103040048059,duschgel,4.95,2026-08-30,2026-08-30,dm-website
dm,"sebamed Duschgel Wellness, 200 ml",4103040047991,duschgel,2.95,2026-08-30,2026-08-30,dm-website
dm,"sebamed Duschgel Wellness, 400 ml",4103040048011,duschgel,4.95,2026-08-30,2026-08-30,dm-website
dm,"sebamed Duschöl, 200 ml",4103040048073,duschgel,4.35,2026-08-30,2026-08-30,dm-website
dm,"sebamed Handcreme trockene Haut Urea Akut, 75 ml",4103040048646,creme,3.95,2026-08-30,2026-08-30,dm-website
dm,"sebamed Intimpflege Waschgel seifenfrei, 200 ml",4103040051110,seife,5.95,2026-08-30,2026-08-30,dm-website
dm,"sebamed Shampoo Anti-Haarverlust, 200 ml",4103040051653,shampoo,5.95,2026-08-30,2026-08-30,dm-website
dm,"sebamed Shampoo Anti-Schuppen Plus, 200 ml",4103040051677,shampoo,4.95,2026-08-30,2026-08-30,dm-website
dm,"sebamed Shampoo Anti-Schuppen, 200 ml",4103040051691,shampoo,4.95,2026-08-30,2026-08-30,dm-website
dm,"sebamed Shampoo Anti-Schuppen, 400 ml",4103040051714,shampoo,7.95,2026-08-30,2026-08-30,dm-website
dm,"sebamed Shampoo Every-Day, 200 ml",4103040051752,shampoo,3.95,2026-08-30,2026-08-30,dm-website
dm,"sebamed Shampoo Every-Day, 400 ml",4103040051776,shampoo,6.75,2026-08-30,2026-08-30,dm-website
dm,"sebamed flüssige Waschemulsion, seifenfrei Nachfüllpack, 400 ml",4103040051837,seife,4.45,2026-08-30,2026-08-30,dm-website
dm,"sebamed flüssige Waschemulsion, seifenfrei, 200 ml",4103040051912,seife,3.95,2026-08-30,2026-08-30,dm-website
dm,"sebamed seifenfreies Waschstück mit Olivenöl, 150 g",4103040052018,seife,2.95,2026-08-30,2026-08-30,dm-website
dm,"sebamed seifenfreies Waschstück, 150 g",4103040051639,seife,2.95,2026-08-30,2026-08-30,dm-website
dm,"syNeo Antitranspirant Deo Roll-On ohne Parfüm, 50 ml",4028615071051,deo,22.95,2026-08-30,2026-08-30,dm-website
dm,"syNeo Antitranspirant Deo Zerstäuber, 30 ml",4028615070054,deo,13.95,2026-08-30,2026-08-30,dm-website
dm,"syoss Shampoo Intense Keratin, 440 ml",4015100860344,shampoo,3.95,2026-08-30,2026-08-30,dm-website
dm,"treaclemoon Cremedusche one ginger morning, 500 ml",4260307639938,duschgel,3.95,2026-08-30,2026-08-30,dm-website
dm,"treaclemoon Duschcreme brazilian love, 500 ml",4260307629977,duschgel,3.95,2026-08-30,2026-08-30,dm-website
dm,"treaclemoon Duschcreme sunshine glow, 500 ml",4260307628109,duschgel,3.95,2026-08-30,2026-08-30,dm-website
dm,"treaclemoon Handcreme forest glow, 75 ml",42526872,creme,1.95,2026-08-30,2026-08-30,dm-website
dm,völkel mate bio zisch,4015533055447,Lebensmittel,3.95,2024-07-06,2026-08-30,dm-website
dm,"waterdrop Getränkewürfel Microdrink Apfel (12 Stück), 25,2 g",9120138985244,wasser,6.25,2026-08-30,2026-08-30,dm-website
dm,"waterdrop Getränkewürfel Microdrink Brombeere (12 Stück), 25,2 g",9120132063986,wasser,6.25,2026-08-30,2026-08-30,dm-website
dm,"waterdrop Getränkewürfel Microdrink Eistee Pfirsich (12 Stück), 25,2 g",9120128134904,wasser,6.25,2026-08-30,2026-08-30,dm-website
mömax,Mömax Burrata Pizza,,Angebot · pizza,8.5,2026-08-23,2026-08-30,marktguru-offers
mömax,Mömax Mia Cucina Backhähnchensalat,,Angebot · salat,6.0,2026-08-30,2026-08-30,marktguru-offers
nahkauf,Alpia Schokolade,,Angebot · schokolade,0.99,2026-08-30,2026-08-30,marktguru-offers
nahkauf,Arla Kaergarden,,Angebot · butter,1.29,2026-08-30,2026-08-30,marktguru-offers
nahkauf,Baldauf Käse Senner Alpenfeuer,,Angebot · käse,2.59,2026-08-30,2026-08-30,marktguru-offers
nahkauf,Barilla Pasta Classic,,Angebot · nudeln,0.88,2026-08-30,2026-08-30,marktguru-offers
nahkauf,Becel Gold,,Angebot · butter,1.39,2026-08-30,2026-08-30,marktguru-offers
nahkauf,Beck's Pils,,Angebot · bier,10.99,2026-08-30,2026-08-30,marktguru-offers
nahkauf,Bonne Maman Konfitüre Weniger Zucker,,Angebot · zucker,2.49,2026-08-30,2026-08-30,marktguru-offers
nahkauf,Bree Chardonnay,,Angebot · wein,2.99,2026-08-30,2026-08-30,marktguru-offers
nahkauf,Butcher’s Barbecue Hähnchen-Minuten Schnitzel,,Angebot · hähnchen,11.99,2026-08-30,2026-08-30,marktguru-offers
nahkauf,Butcher’s Barbecue Merguez Rinder-Bratwurst,,Angebot · wurst,3.29,2026-08-30,2026-08-30,marktguru-offers
nahkauf,Butcher’s Barbecue Schinken-Bratwurst,,Angebot · wurst,1.99,2026-08-30,2026-08-30,marktguru-offers
nahkauf,Cavit I Mastri Vernacoli Pinot Grigio,,Angebot · wein,4.99,2026-08-30,2026-08-30,marktguru-offers
nahkauf,Chalet du Papillon Merlot Rosé,,Angebot · wein,2.49,2026-08-30,2026-08-30,marktguru-offers
nahkauf,Chiquita Bananen,,Angebot · bananen,1.99,2026-08-30,2026-08-30,marktguru-offers
nahkauf,Corte Parma Apéritiv‘O Spezialitäten,,Angebot · salat,9.99,2026-08-30,2026-08-30,marktguru-offers
nahkauf,Dallmayr Capsa,,Angebot · kaffee,2.69,2026-08-30,2026-08-30,marktguru-offers
nahkauf,Deutsches Weintor Exklusiv Qualitätswein,,Angebot · wein,3.99,2026-08-30,2026-08-30,marktguru-offers
nahkauf,Donauherbst Wein,,Angebot · wein,2.49,2026-08-30,2026-08-30,marktguru-offers
nahkauf,Doppio Passo Wein,,Angebot · wein,4.99,2026-08-30,2026-08-30,marktguru-offers
nahkauf,Fage Total Joghurt,,Angebot · joghurt,0.99,2026-08-30,2026-08-30,marktguru-offers
nahkauf,Famille Perrin La Vieille Ferme Rosé,,Angebot · wein,4.99,2026-08-30,2026-08-30,marktguru-offers
nahkauf,Funny Frisch Ofen Chips Paprika,,Angebot · chips,1.11,2026-08-30,2026-08-30,marktguru-offers
nahkauf,Gerstacker Nürnberger Federweißer,,Angebot · wein,2.49,2026-08-30,2026-08-30,marktguru-offers
nahkauf,Gutfried Hähnchen-Fleischwurst,,Angebot · wurst,2.79,2026-08-30,2026-08-30,marktguru-offers
nahkauf,Harry Brot Dinkel-Toastbrötchen,,Angebot · brot,1.29,2026-08-30,2026-08-30,marktguru-offers
nahkauf,Harry Brot Vital + Fit,,Angebot · brot,1.39,2026-08-30,2026-08-30,marktguru-offers
nahkauf,Heineken Premium Beer,,Angebot · bier,15.99,2026-08-30,2026-08-30,marktguru-offers
nahkauf,Hengstenberg Oro di Parma Tomatenmark,,Angebot · tomaten,1.29,2026-08-30,2026-08-30,marktguru-offers
nahkauf,Herta Aufschnitt,,Angebot · schinken,1.69,2026-08-30,2026-08-30,marktguru-offers
nahkauf,III Freunde Grauburgunder,,Angebot · wein,7.99,2026-08-30,2026-08-30,marktguru-offers
nahkauf,Imlig Käserei Roter Stier,,Angebot · käse,2.69,2026-08-30,2026-08-30,marktguru-offers
nahkauf,Krüger Family Cappuccino,,Angebot · kaffee,2.79,2026-08-30,2026-08-30,marktguru-offers
nahkauf,Langnese Cremissimo Haselnuss Vanilla Schokolade,,Angebot · schokolade,1.79,2026-08-30,2026-08-30,marktguru-offers
nahkauf,Martin Schongauer Qualitätsweine,,Angebot · wein,3.99,2026-08-30,2026-08-30,marktguru-offers
nahkauf,Maybach Qualitätsweine,,Angebot · wein,2.99,2026-08-30,2026-08-30,marktguru-offers
nahkauf,Meßmer Ländertee,,Angebot · tee,1.59,2026-08-30,2026-08-30,marktguru-offers
nahkauf,Milram Buttermilch Drink,,Angebot · milch,1.29,2026-08-30,2026-08-30,marktguru-offers
nahkauf,Moselland Akzente Riesling,,Angebot · wein,3.99,2026-08-30,2026-08-30,marktguru-offers
nahkauf,Nestlé Smarties & Joghurt,,Angebot · joghurt,0.69,2026-08-30,2026-08-30,marktguru-offers
nahkauf,Plangger Steinsalzkäse,,Angebot · käse,2.19,2026-08-30,2026-08-30,marktguru-offers
nahkauf,Rewe Beste Wahl Buschbohnen,,Angebot · reis,1.59,2026-08-30,2026-08-30,marktguru-offers
nahkauf,Rotkäppchen Weine,,Angebot · wein,2.99,2026-08-30,2026-08-30,marktguru-offers
nahkauf,Rotwild Müller-Thurgau,,Angebot · wein,2.99,2026-08-30,2026-08-30,marktguru-offers
nahkauf,Schloss Wackerbarth Elbterrassen Wein,,Angebot · wein,7.99,2026-08-30,2026-08-30,marktguru-offers
nahkauf,Staatl. Fachingen Heilwasser,,Angebot · wasser,6.99,2026-08-30,2026-08-30,marktguru-offers
nahkauf,Thüringer Landstolz Filetpastete,,Angebot · wurst,1.69,2026-08-30,2026-08-30,marktguru-offers
nahkauf,Ur Krostitzer Pils,,Angebot · bier,9.99,2026-08-30,2026-08-30,marktguru-offers
nahkauf,Val Duna Grauburgunder,,Angebot · wein,2.99,2026-08-30,2026-08-30,marktguru-offers
nahkauf,WZG Riesling Süss & Fruchtig,,Angebot · wein,2.99,2026-08-30,2026-08-30,marktguru-offers
nahkauf,Weingut Peterhof Riesling,,Angebot · wein,4.79,2026-08-30,2026-08-30,marktguru-offers
nahkauf,Weinhaus 1112 Grauburgunder,,Angebot · wein,3.99,2026-08-30,2026-08-30,marktguru-offers
nahkauf,thisisnobrand123 Cicciata Rosato,,Angebot · wein,5.49,2026-08-30,2026-08-30,marktguru-offers
nahkauf,thisisnobrand123 Le Roulé Cranberry,,Angebot · salat,3.79,2026-08-30,2026-08-30,marktguru-offers
nahkauf,thisisnobrand123 Meisterschinken,,Angebot · schinken,1.59,2026-08-30,2026-08-30,marktguru-offers
