date,retailer,ean_barcode,product_name,price_eur,source
2026-08-30,EDEKA,,Knorr Schlemmersauce,0.99,marktguru-offers
2026-08-30,EDEKA,,Feinkost Dittmann Forellen Caviar,3.99,marktguru-offers
2026-08-30,EDEKA,,Lysell Feinmarinaden,1.69,marktguru-offers
2026-08-30,EDEKA,,Dovgan Plombir Eiscreme Vanille,2.79,marktguru-offers
2026-08-30,EDEKA,,Frank Rosin Hot Dogs Currywurst tiefgefroren,2.99,marktguru-offers
2026-08-30,EDEKA,,McCain Golden Longs,1.59,marktguru-offers
2026-08-30,EDEKA,,Nuii Ice Cream Salted Caramel & Australian Macadamia,2.22,marktguru-offers
2026-08-30,EDEKA,,Langnese Cremissimo Haselnuss Vanilla Schokolade,1.79,marktguru-offers
2026-08-30,EDEKA,,Gerolsteiner Schorle,2.38,marktguru-offers
2026-08-30,EDEKA,,Good Boy Mega Kautwister,3.98,marktguru-offers
2026-08-30,EDEKA,,Henkell Sekt Sekt Piccolo,3.98,marktguru-offers
2026-08-30,EDEKA,,Küchle Vegan-Knabber Esspapier,1.98,marktguru-offers
2026-08-30,EDEKA,,Nivea Deo Stick,6.98,marktguru-offers
2026-08-30,EDEKA,,Fit Spülmittel,3.98,marktguru-offers
2026-08-30,EDEKA,,Glade (by Brise) Eins Nachfüller,5.98,marktguru-offers
2026-08-30,EDEKA,,Sunil Waschmittel,25.98,marktguru-offers
2026-08-30,EDEKA,,La Española Olivenöl,13.98,marktguru-offers
2026-08-30,EDEKA,,Maggi Würze,4.98,marktguru-offers
2026-08-30,EDEKA,,Tillman‘s Toasty,7.98,marktguru-offers
2026-08-30,EDEKA,,Del Monte Pfirsiche,7.78,marktguru-offers
2026-08-30,EDEKA,,Barilla Pasta Protein Plus,5.98,marktguru-offers
2026-08-30,EDEKA,,Hafervoll Bio-Flapjack,3.58,marktguru-offers
2026-08-30,EDEKA,,Manner Knuspino,2.78,marktguru-offers
2026-08-30,EDEKA,,Andros Be Nuts! Erdnusscreme,6.98,marktguru-offers
2026-08-30,EDEKA,,Rewe Beste Wahl Fruchtjoghurt,0.58,marktguru-offers
2026-08-30,EDEKA,,Krüger Family Cappuccino,2.79,marktguru-offers
2026-08-30,EDEKA,,Käfer Kaffee Caffé,10.99,marktguru-offers
2026-08-30,EDEKA,,Meßmer Ländertee,1.59,marktguru-offers
2026-08-30,EDEKA,,Mövenpick Caffè Crema,13.99,marktguru-offers
2026-08-30,EDEKA,,Mövenpick Kaffee Der Himmlische,6.99,marktguru-offers
2026-08-30,EDEKA,,Storck Toffifee,3.99,marktguru-offers
2026-08-30,EDEKA,,Nestlé KitKat Cookie Dough,1.79,marktguru-offers
2026-08-30,EDEKA,,Nescafé Espresso Concentrate,4.44,marktguru-offers
2026-08-30,EDEKA,,Griesson Soft Cake,1.99,marktguru-offers
2026-08-30,EDEKA,,Milka Choco Wafer,1.99,marktguru-offers
2026-08-30,EDEKA,,Ferrero Kinder Schoko-Bons,2.99,marktguru-offers
2026-08-30,EDEKA,,Dallmayr Capsa,2.69,marktguru-offers
2026-08-30,EDEKA,,Funny Frisch Ofen Chips,1.11,marktguru-offers
2026-08-30,EDEKA,,Carabao Energy Drink Original,0.99,marktguru-offers
2026-08-30,EDEKA,,Capri Sun Soft Chews,1.99,marktguru-offers
2026-08-30,EDEKA,,Dörffler Würstchen,2.99,marktguru-offers
2026-08-30,EDEKA,,Wolfram Berge Tessiner Senfsaucen Grüne Feige,4.99,marktguru-offers
2026-08-30,EDEKA,,Maggi Fix Nudel-Schinken Gratin,0.49,marktguru-offers
2026-08-30,EDEKA,,Saupiquet Thunfisch-Salat,2.29,marktguru-offers
2026-08-30,EDEKA,,Knorr Soße,0.99,marktguru-offers
2026-08-30,EDEKA,,Mutti Tomatenpesto Rosso,2.49,marktguru-offers
2026-08-30,EDEKA,,Knorr Feinschmecker Suppe,0.88,marktguru-offers
2026-08-30,EDEKA,,Knorr Pasta-Snack-Pot Brokkoli & Kase,0.99,marktguru-offers
2026-08-30,EDEKA,,Barilla Pasta Spezialitäten Collezione,1.49,marktguru-offers
2026-08-30,EDEKA,,Bodegas Torres Vina Sol Parellada,4.99,marktguru-offers
2026-08-30,EDEKA,,Steitz & Beck Weinfreunde Wein,3.99,marktguru-offers
2026-08-30,EDEKA,,Finsbury London Dry Gin,8.99,marktguru-offers
2026-08-30,EDEKA,,Granbeau Rosé,4.99,marktguru-offers
2026-08-30,EDEKA,,Weingut Tres Reyes Tempranillo-Syrah,5.49,marktguru-offers
2026-08-30,EDEKA,,Lenz Moser Selection,4.99,marktguru-offers
2026-08-30,EDEKA,,Smirnoff Ice Vodka,1.99,marktguru-offers
2026-08-30,EDEKA,,J. Hettinger Qualitätswein,2.99,marktguru-offers
2026-08-30,EDEKA,,Baileys The Original Irish Cream Liqueur,9.99,marktguru-offers
2026-08-30,EDEKA,,Söhnlein Brillant Sekt,2.79,marktguru-offers
2026-08-30,EDEKA,,Fürst Von Metternich Sekt,5.99,marktguru-offers
2026-08-30,EDEKA,,Campari Bitter Aperitif,10.99,marktguru-offers
2026-08-30,EDEKA,,Jameson Irish Whiskey,14.99,marktguru-offers
2026-08-30,EDEKA,,Hendrick‘s Gin,27.99,marktguru-offers
2026-08-30,EDEKA,,Wodka Gorbatschow Original,6.49,marktguru-offers
2026-08-30,EDEKA,,Skyy Vodka,9.99,marktguru-offers
2026-08-30,EDEKA,,Purina Gourmet Soup Royale,2.79,marktguru-offers
2026-08-30,EDEKA,,Syoss Permanente Coloration,4.99,marktguru-offers
2026-08-30,EDEKA,,Schwarzkopf Taft Styling Gel,2.69,marktguru-offers
2026-08-30,EDEKA,,Neutrogena Bodylotion,3.99,marktguru-offers
2026-08-30,EDEKA,,Tesori d’Oriente Cremedusche,2.39,marktguru-offers
2026-08-30,EDEKA,,Kneipp Sekunden-Handcreme,2.49,marktguru-offers
2026-08-30,EDEKA,,Dr. Oetker Rote Grütze,1.99,marktguru-offers
2026-08-30,EDEKA,,Nestlé Smarties & Joghurt,0.69,marktguru-offers
2026-08-30,EDEKA,,Milram Buttermilch Drink,1.29,marktguru-offers
2026-08-30,EDEKA,,Becel Gold,1.39,marktguru-offers
2026-08-30,EDEKA,,Rügenwalder Mühle Vegane Pommersche,1.79,marktguru-offers
2026-08-30,EDEKA,,Rama Cremefine,1.99,marktguru-offers
2026-08-30,EDEKA,,Meine Lieblinge Louisiana Flusskrebse,2.39,marktguru-offers
2026-08-30,EDEKA,,Zott Monte Maxi,1.49,marktguru-offers
2026-08-30,EDEKA,,Der Große Bauer Stracciatella,0.49,marktguru-offers
2026-08-30,EDEKA,,Arla Skyr,1.49,marktguru-offers
2026-08-30,EDEKA,,Müllermilch,0.79,marktguru-offers
2026-08-30,EDEKA,,Arla Frischmilch,1.29,marktguru-offers
2026-08-30,EDEKA,,Rougette Ofenkäse,3.99,marktguru-offers
2026-08-30,EDEKA,,Hellas Halloumi Grill- und Bratkäse,2.39,marktguru-offers
2026-08-30,EDEKA,,Grünländer Scheiben,1.69,marktguru-offers
2026-08-30,EDEKA,,Marca Italia Grana Padano,2.49,marktguru-offers
2026-08-30,EDEKA,,Kleehof Harzer Käse,1.79,marktguru-offers
2026-08-30,EDEKA,,Rewe PWR Shaker,5.99,marktguru-offers
2026-08-30,EDEKA,,Rewe PWR Whey Protein,12.85,marktguru-offers
2026-08-30,EDEKA,,Deutsches Weintor Exklusiv Qualitätswein,3.99,marktguru-offers
2026-08-30,EDEKA,,Gerstacker Nürnberger Federweißer,2.49,marktguru-offers
2026-08-30,EDEKA,,Cavit Mastri Vernacoli Weine,4.99,marktguru-offers
2026-08-30,EDEKA,,Lösch-Zwerg Bier,12.99,marktguru-offers
2026-08-30,EDEKA,,Arcobräu Mooser Liesl,15.99,marktguru-offers
2026-08-30,EDEKA,,Kapuziner Weißbier,12.99,marktguru-offers
2026-08-30,EDEKA,,Gönrgy Energy Drink,0.99,marktguru-offers
2026-08-30,EDEKA,,Crodo Soda Limonade,0.79,marktguru-offers
2026-08-30,EDEKA,,Amecke Säfte,1.99,marktguru-offers
2026-08-30,EDEKA,,Franken Brunnen Mineralwasser,5.49,marktguru-offers
2026-08-30,EDEKA,,Rewe Back-Station Süße Biene,0.59,marktguru-offers
2026-08-30,EDEKA,,Rewe Back-Station Laugenzöpfle,0.39,marktguru-offers
2026-08-30,EDEKA,,Pema Dinobrot vegan,1.49,marktguru-offers
2026-08-30,EDEKA,,Deutsche See Pulpo-Arme,7.99,marktguru-offers
2026-08-30,EDEKA,,Deutsche See Makrele,1.79,marktguru-offers
2026-08-30,EDEKA,,Wiesbauer Spare Ribs,7.99,marktguru-offers
2026-08-30,EDEKA,,Scheller Mühle Mehlzauber Weizenmehl,1.19,marktguru-offers
2026-08-30,EDEKA,,Hosta Nippon Puffreis Häppchen,1.79,marktguru-offers
2026-08-30,EDEKA,,Bayernglück Haferflocken,1.29,marktguru-offers
2026-08-30,EDEKA,,Berchtesgadener Land Frucht & Knusper Joghurt,0.59,marktguru-offers
2026-08-30,EDEKA,,Berchtesgadener Land Latte Macchiato,0.79,marktguru-offers
2026-08-30,EDEKA,,Berchtesgadener Land Frische Bio-Alpenmilch,1.39,marktguru-offers
2026-08-30,EDEKA,,Minus L Laktosefreie H-Milch,1.29,marktguru-offers
2026-08-30,EDEKA,,Vita Coco Kokosnusswasser,1.59,marktguru-offers
2026-08-30,EDEKA,,Rewe Bio Bio Pommes Frites,1.99,marktguru-offers
2026-08-30,EDEKA,,Rewe Beste Wahl Himbeeren,3.99,marktguru-offers
2026-08-30,EDEKA,,Sonnendorfer Eier,3.19,marktguru-offers
2026-08-30,EDEKA,,Rewe Beste Wahl Barbarieentenbrust,5.29,marktguru-offers
2026-08-30,EDEKA,,Burgis Knödelinos,1.79,marktguru-offers
2026-08-30,EDEKA,,Endori Veganes Chicken Cheese Sticks,2.49,marktguru-offers
2026-08-30,EDEKA,,NOA Hummus Vegan,1.99,marktguru-offers
2026-08-30,EDEKA,,Andechser Natur Bio-Käse,2.49,marktguru-offers
2026-08-30,EDEKA,,Alpenhain Camembert Creme,1.49,marktguru-offers
2026-08-30,EDEKA,,Berchtesgadener Land Körniger Frischkäse,1.29,marktguru-offers
2026-08-30,EDEKA,,Settele Eier-Spätzle,3.33,marktguru-offers
2026-08-30,EDEKA,,Rewe Bio Bio Avocados Hass,1.39,marktguru-offers
2026-08-30,EDEKA,,Ramazzotti Amaro,9.99,marktguru-offers
2026-08-30,EDEKA,,Isidoros Arvanitis Ouzo of Plomari,8.99,marktguru-offers
2026-08-30,EDEKA,,Osborne Veterano,9.99,marktguru-offers
2026-08-30,EDEKA,,Hengstenberg Oro di Parma Tomatenmark,1.29,marktguru-offers
2026-08-30,EDEKA,,Rewe Back-Station Ciabatta,0.99,marktguru-offers
2026-08-30,EDEKA,,Le Grand Rustique Camembert,2.79,marktguru-offers
2026-08-30,EDEKA,,Baldauf Käse Senner Alpenfeuer,2.69,marktguru-offers
2026-08-30,EDEKA,,Bonbel Butterkäse,1.79,marktguru-offers
2026-08-30,EDEKA,,Mila Bergmilch Dolomitenkönig,1.79,marktguru-offers
2026-08-30,EDEKA,,Rewe Back-Station Chocolate Cake Donut,1.0,marktguru-offers
2026-08-30,EDEKA,,Rewe Back-Station Nuss-Schnecke,1.29,marktguru-offers
2026-08-30,EDEKA,,Schär Glutenfreies Landbrot,2.79,marktguru-offers
2026-08-30,EDEKA,,Rewe Back-Station Sesambrötchen,0.39,marktguru-offers
2026-08-30,EDEKA,,Rewe Back-Station Baguette,0.89,marktguru-offers
2026-08-30,EDEKA,,Bergmilch Südtirol Meraner Weinkäse,1.99,marktguru-offers
2026-08-30,EDEKA,,Emmi Kaltbach Gold,2.99,marktguru-offers
2026-08-30,EDEKA,,Käse Rebellen Pfefferrebell,1.99,marktguru-offers
2026-08-30,EDEKA,,Leerdammer Original,1.11,marktguru-offers
2026-08-30,EDEKA,,Ellesse Herren Sneaker,29.99,marktguru-offers
2026-08-30,EDEKA,,Ellesse Herren Jogginghose,26.99,marktguru-offers
2026-08-30,EDEKA,,Ellesse Herren Sweatshirt,26.99,marktguru-offers
2026-08-30,EDEKA,,Ellesse Herren Sportsocken 3er Pack,9.99,marktguru-offers
2026-08-30,EDEKA,,Ellesse Herren-Boxershorts 3er-Pack,15.99,marktguru-offers
2026-08-30,EDEKA,,Rewe Beste Wahl Tapas-Vielfalt,4.44,marktguru-offers
2026-08-30,EDEKA,,thisisnobrand123 Riesengarnelen Aioli,2.99,marktguru-offers
2026-08-30,EDEKA,,Rewe PWR Protein Bar 50,0.85,marktguru-offers
2026-08-30,EDEKA,,Rewe PWR Protein Bar 30,0.95,marktguru-offers
2026-08-30,EDEKA,,Rewe PWR Filled Protein Bar,1.19,marktguru-offers
2026-08-30,EDEKA,,thisisnobrand123 Seelachsfilets,1.69,marktguru-offers
2026-08-30,EDEKA,,Rewe PWR Clear Whey Protein,16.99,marktguru-offers
2026-08-30,EDEKA,,Greenforce Veganer Leberkäse,2.49,marktguru-offers
2026-08-30,EDEKA,,Tante Fanny Frischer Flammkuchenteig,1.49,marktguru-offers
2026-08-30,EDEKA,,Iglo 13 Backfischstäbchen,2.99,marktguru-offers
2026-08-30,EDEKA,,Dr. Oetker Suprema Calabrese & Nduja Tipo,3.99,marktguru-offers
2026-08-30,EDEKA,,Dr. Oetker Ristorante Pizza Salame,1.79,marktguru-offers
2026-08-30,EDEKA,,Gervais Hüttenkäse,1.29,marktguru-offers
2026-08-30,EDEKA,,Theramed Zahncreme 2 in 1,0.99,marktguru-offers
2026-08-30,EDEKA,,Old Spice Deo stick Captain,2.99,marktguru-offers
2026-08-30,EDEKA,,Bruno Banani Duschgel,2.29,marktguru-offers
2026-08-30,EDEKA,,Wilkinson Sword Hydro 5 Sensitive Rasierapparat,12.99,marktguru-offers
2026-08-30,EDEKA,,Vanish Oxi Action,7.99,marktguru-offers
2026-08-30,EDEKA,,Somat Intensiv Maschinen-Reiniger,1.99,marktguru-offers
2026-08-30,EDEKA,,Finish Ultimate Plus,12.99,marktguru-offers
2026-08-30,EDEKA,,Ariel All in 1 Pods,4.99,marktguru-offers
2026-08-30,EDEKA,,Lenor All in 1 Pods Amethyst & Blütentraum,4.99,marktguru-offers
2026-08-30,EDEKA,,Fairy Geschirrspülmittel,1.39,marktguru-offers
2026-08-30,EDEKA,,Meister Proper Ultra Power Spray Antibakteriell,2.29,marktguru-offers
2026-08-30,EDEKA,,Head & Shoulders Shampoo 2in1 Classic Clean,3.49,marktguru-offers
2026-08-30,EDEKA,,Pantene Pro-V Repair & Care Spülung,3.29,marktguru-offers
2026-08-30,EDEKA,,Catsan Katzenstreu Hygiene Plus,5.49,marktguru-offers
2026-08-30,EDEKA,,Sheba Katzennahrung Fresh & Fine,2.19,marktguru-offers
2026-08-30,EDEKA,,Purina Felix Katzennahrung,3.99,marktguru-offers
2026-08-30,EDEKA,,Carefree Slipeinlagen,2.29,marktguru-offers
2026-08-30,EDEKA,,Milupa Kindermilch,5.99,marktguru-offers
2026-08-30,EDEKA,,Pampers Baby-Dry Pants,12.99,marktguru-offers
2026-08-30,EDEKA,,Persil Universal 4 in 1 Discs,18.99,marktguru-offers
2026-08-30,EDEKA,,Zewa Toilettenpapier Ultra Clean,3.99,marktguru-offers
2026-08-30,EDEKA,,Zewa Wisch & Weg Original,2.49,marktguru-offers
2026-08-30,EDEKA,,Vileda Turmwäschetrockner Mixer 3,25.0,marktguru-offers
2026-08-30,EDEKA,,Singer Clearwater Nähmaschine 2277,125.0,marktguru-offers
2026-08-30,EDEKA,,Maui Herren Basic T-Shirts 4er-Pack,9.0,marktguru-offers
2026-08-30,EDEKA,,Vivess Pizzaschneider,2.99,marktguru-offers
2026-08-30,EDEKA,,Vivess Zitruspresse,1.49,marktguru-offers
2026-08-30,EDEKA,,Trefl Lizenz-Puzzle,5.99,marktguru-offers
2026-08-30,EDEKA,,Augustiner Bräu Edelstoff,17.99,marktguru-offers
2026-08-30,EDEKA,,LEGO Traktor 60498,16.99,marktguru-offers
2026-08-30,EDEKA,,Homann Nudelsalat,1.79,marktguru-offers
2026-08-30,EDEKA,,Lavazza Caramel Latte,1.79,marktguru-offers
2026-08-30,EDEKA,,Rewe Beste Wahl Ajvar,3.38,marktguru-offers
2026-08-30,EDEKA,,Rewe Beste Wahl High Protein Wraps,3.38,marktguru-offers
2026-08-30,EDEKA,,Rewe Beste Wahl Express Reis,2.58,marktguru-offers
2026-08-30,EDEKA,,Rewe Beste Wahl Kidney-Bohnen,2.98,marktguru-offers
2026-08-30,EDEKA,,Coppenrath & Wiese Bunte Sahne Platte Auslese,8.88,marktguru-offers
2026-08-30,EDEKA,,Ültje Pistazien,2.99,marktguru-offers
2026-08-30,EDEKA,,Budweiser Budvar (CZ) Czech Premium Lager,14.79,marktguru-offers
2026-08-30,EDEKA,,Clatronic Mikrowelle MWG 792,55.0,marktguru-offers
2026-08-30,EDEKA,,Heinz Tomato-Ketchup,1.79,marktguru-offers
2026-08-30,EDEKA,,Alpia Schokolade,0.99,marktguru-offers
2026-08-30,EDEKA,,Rewe Bio Laktosefreier Joghurt,0.55,marktguru-offers
2026-08-30,EDEKA,,Rewe to go Granatapfelkerne,1.69,marktguru-offers
2026-08-30,EDEKA,,thisisnobrand123 Thunfisch-Loins,3.49,marktguru-offers
2026-08-30,EDEKA,,Rewe Back-Station Mehrkornbrötchen,0.29,marktguru-offers
2026-08-30,EDEKA,,Bonne Maman Konfitüre Weniger Zucker,2.49,marktguru-offers
2026-08-30,EDEKA,,Köstritzer Schwarzbier,12.99,marktguru-offers
2026-08-30,EDEKA,,Rewe to go Salatschale BBQ-Mix,2.99,marktguru-offers
2026-08-30,EDEKA,,Bonduelle Kopfsalat,1.79,marktguru-offers
2026-08-30,EDEKA,,Rewe Beste Wahl Kernlose Tafeltrauben,3.99,marktguru-offers
2026-08-30,EDEKA,,Rewe Beste Wahl Tafelbirnen,2.79,marktguru-offers
2026-08-30,EDEKA,,Chaumes Weichkäse,1.79,marktguru-offers
2026-08-30,EDEKA,,Mila Alta Badia,1.99,marktguru-offers
2026-08-30,EDEKA,,thisisnobrand123 Fleischsalat,1.39,marktguru-offers
2026-08-30,EDEKA,,thisisnobrand123 Smoky Rauchmatjesfilet,1.59,marktguru-offers
2026-08-30,EDEKA,,thisisnobrand123 Lachsfilets,1.99,marktguru-offers
2026-08-30,EDEKA,,Chiquita Bananen,1.99,marktguru-offers
2026-08-30,EDEKA,,Zum Dorfkrug Salatsauce Vegan,1.59,marktguru-offers
2026-08-30,EDEKA,,Rewe Regional Zucchini,1.11,marktguru-offers
2026-08-30,EDEKA,,thisisnobrand123 Bio Staudensellerie,1.79,marktguru-offers
2026-08-30,EDEKA,,Rewe Bio Bio Butternut Kürbis,1.99,marktguru-offers
2026-08-30,EDEKA,,Rewe Bio Bio-Snackmöhren,1.11,marktguru-offers
2026-08-30,EDEKA,,Rewe Feine Welt Aroma Datteln,2.49,marktguru-offers
2026-08-30,EDEKA,,Rewe Bio Bio-Speisekartoffeln,1.99,marktguru-offers
2026-08-30,EDEKA,,Rewe Back-Station Bauernbrot,1.59,marktguru-offers
2026-08-30,EDEKA,,Wasa Sesam & Vollkorn,1.79,marktguru-offers
2026-08-30,EDEKA,,Rewe Back-Station Pizzasnack Sucuk,1.19,marktguru-offers
2026-08-30,EDEKA,,Rewe Beste Wahl Nektarinen gelbfleischig,2.99,marktguru-offers
2026-08-30,EDEKA,,Fage Total Joghurt,0.99,marktguru-offers
2026-08-30,EDEKA,,Rewe Bio Bio Chili Mix,1.39,marktguru-offers
2026-08-30,EDEKA,,Rewe Bio Bio Lauchzwiebel,1.11,marktguru-offers
2026-08-30,EDEKA,,Storck Knoppers,1.79,marktguru-offers
2026-08-30,EDEKA,,Barilla Pesto Rosso Vegan,1.99,marktguru-offers
2026-08-30,EDEKA,,thisisnobrand123 Blumenstrauß Flower Festival,15.0,marktguru-offers
2026-08-30,EDEKA,,thisisnobrand123 Ginseng Bonsai Pure Balance,9.99,marktguru-offers
2026-08-30,EDEKA,,Aperol Aperitif-Bitter,9.49,marktguru-offers
2026-08-30,EDEKA,,Arla Kaergarden,1.29,marktguru-offers
2026-08-30,EDEKA,,thisisnobrand123 Rucola,0.69,marktguru-offers
2026-08-30,EDEKA,,thisisnobrand123 Grünpflanzen,10.0,marktguru-offers
2026-08-30,EDEKA,,Barilla Pasta Classic,0.88,marktguru-offers
2026-08-30,EDEKA,,Rewe Beste Wahl Topfrose,2.69,marktguru-offers
2026-08-30,EDEKA,,thisisnobrand123 Besenheide Calluna Beauty Ladies,1.49,marktguru-offers
2026-08-30,EDEKA,,thisisnobrand123 Chrysantheme Trio Pink Cadillac,2.29,marktguru-offers
2026-08-30,EDEKA,,Rewe Beste Wahl Buschbohnen,1.59,marktguru-offers
2026-08-30,EDEKA,,Rewe Bio Bio Champignons,1.79,marktguru-offers
2026-08-30,EDEKA,,Bitburger Pils,11.99,marktguru-offers
2026-08-30,EDEKA,,Weihenstephan Helles Alkoholfrei,14.99,marktguru-offers
2026-08-30,EDEKA,,Krumbach Mineralwasser,4.44,marktguru-offers
2026-08-30,EDEKA,,Beck's Pils,10.99,marktguru-offers
2026-08-30,EDEKA,,Heineken Premium Beer,15.99,marktguru-offers
2026-08-30,EDEKA,,Karlsberg MiXery Vodka Flav. Iced Blue,0.99,marktguru-offers
2026-08-30,EDEKA,,Carlsberg Elephant Beer,0.99,marktguru-offers
2026-08-30,EDEKA,,Pfanner Ice Tea,1.29,marktguru-offers
2026-08-30,EDEKA,,Desperados Tequila Beer,4.99,marktguru-offers
2026-08-30,EDEKA,,Powerade Mountain Blast,0.99,marktguru-offers
2026-08-30,EDEKA,,Hohes C Saft,1.79,marktguru-offers
2026-08-30,EDEKA,,Mövenpick 100% Direktsaft Orange,1.99,marktguru-offers
2026-08-30,EDEKA,,San Pellegrino Limonaden,0.89,marktguru-offers
2026-08-30,EDEKA,,Valensina Sport +,0.99,marktguru-offers
2026-08-30,EDEKA,,Obstwerk Wassermelone,2.99,marktguru-offers
2026-08-30,EDEKA,,Gut & Günstig Tafeläpfel,1.49,marktguru-offers
2026-08-30,EDEKA,,Costa Prawns,7.77,marktguru-offers
2026-08-30,EDEKA,,Frosta Fertiggericht Paprika Sahne Hähnchen,1.99,marktguru-offers
2026-08-30,EDEKA,,Nestlé Pirulo Kaktus,2.22,marktguru-offers
2026-08-30,EDEKA,,Mars Eisriegel,2.29,marktguru-offers
2026-08-30,EDEKA,,Häagen Dazs Eiscreme,3.99,marktguru-offers
2026-08-30,EDEKA,,Bäcker Bachmeier Bayerische Laugensemmeln,2.22,marktguru-offers
2026-08-30,EDEKA,,Coppenrath & Wiese Unsere Goldstücke 9 Weizenbrötchen,1.49,marktguru-offers
2026-08-30,EDEKA,,Hilcona Vegetarisch Originale Pesto Basilico Mezzelune,2.79,marktguru-offers
2026-08-30,EDEKA,,Edeka Herzstücke High Protein Skyr Natur,1.11,marktguru-offers
2026-08-30,EDEKA,,Rama Zum Streichen Backen & Kochen,1.29,marktguru-offers
2026-08-30,EDEKA,,thisisnobrand123 Schmetterlingsorchidee Unicorn,9.99,marktguru-offers
2026-08-30,EDEKA,,thisisnobrand123 Basilikum XL,1.99,marktguru-offers
2026-08-30,EDEKA,,thisisnobrand123 Eier Freilandhaltung,2.99,marktguru-offers
2026-08-30,EDEKA,,Hacker-Pschorr Münchner Hell,12.99,marktguru-offers
2026-08-30,EDEKA,,Berchtesgadener Land Bergbauern Milch,0.99,marktguru-offers
2026-08-30,EDEKA,,Gut & Günstig Thunfisch-Filets,0.99,marktguru-offers
2026-08-30,EDEKA,,Homann Kartoffel-Salat Klassische Art,1.79,marktguru-offers
2026-08-30,EDEKA,,Zottarella,1.99,marktguru-offers
2026-08-30,EDEKA,,Develey Ketchup,1.79,marktguru-offers
2026-08-30,EDEKA,,thisisnobrand123 Bepflanzter Spankorb,6.99,marktguru-offers
2026-08-30,EDEKA,,thisisnobrand123 Zinkschale,7.99,marktguru-offers
2026-08-30,EDEKA,,thisisnobrand123 Schmetterlings-Orchidee,9.99,marktguru-offers
2026-08-30,EDEKA,,thisisnobrand123 Eier aus Freilandhaltung,2.99,marktguru-offers
2026-08-30,EDEKA,,Obstwerk Wassermelone in Scheiben,2.99,marktguru-offers
2026-08-30,EDEKA,,Gut & Günstig Zitronen,1.79,marktguru-offers
2026-08-30,EDEKA,,Edeka Herzstücke Tafeltrauben,3.99,marktguru-offers
2026-08-30,EDEKA,,SanLucar Nektarine,2.99,marktguru-offers
2026-08-30,EDEKA,,thisisnobrand123 Zwetschgen,2.22,marktguru-offers
2026-08-30,EDEKA,,True Fruits Smoothies,2.29,marktguru-offers
2026-08-30,EDEKA,,Berchtesgadener Land Bio Joghurt,1.79,marktguru-offers
2026-08-30,EDEKA,,thisisnobrand123 Feigen,0.49,marktguru-offers
2026-08-30,EDEKA,,Berchtesgadener Land Bio-Fettarmer Kefir,0.99,marktguru-offers
2026-08-30,EDEKA,,Solobonta Bio Passierte Tomaten,1.99,marktguru-offers
2026-08-30,EDEKA,,Voelkel Bio Säfte,2.49,marktguru-offers
2026-08-30,EDEKA,,Varta Alkaline Batterien,7.77,marktguru-offers
2026-08-30,EDEKA,,WC Frisch Kraft-Aktiv Duftspüler,3.79,marktguru-offers
2026-08-30,EDEKA,,Calgon Wasserenthärter,7.99,marktguru-offers
2026-08-30,EDEKA,,Persil Waschmittel,15.99,marktguru-offers
2026-08-30,EDEKA,,Pampers XXL Windeln,28.99,marktguru-offers
2026-08-30,EDEKA,,Bernbacher Nudelsauce,1.49,marktguru-offers
2026-08-30,EDEKA,,Edeka Herzstücke Pesto,1.49,marktguru-offers
2026-08-30,EDEKA,,Edeka Weinschorle,1.69,marktguru-offers
2026-08-30,EDEKA,,Philippe de Lonsac Champagner,22.99,marktguru-offers
2026-08-30,EDEKA,,Backstube Wünsche Dinkel Buchweizen Krusti Vegan,2.0,marktguru-offers
2026-08-30,EDEKA,,Ferrero Nutella Nuss-Nugat Creme,4.29,marktguru-offers
2026-08-30,EDEKA,,Block House American Burger,7.99,marktguru-offers
2026-08-30,EDEKA,,Grecikos Imiglykos Weisswein,2.99,marktguru-offers
2026-08-30,EDEKA,,thisisnobrand123 Roséweine,1.99,marktguru-offers
2026-08-30,EDEKA,,Metaxa Weinbrand 5 Sterne,10.99,marktguru-offers
2026-08-30,EDEKA,,Jim Beam Mixgetränke,1.99,marktguru-offers
2026-08-30,EDEKA,,Jim Beam Bourbon Whiskey,10.99,marktguru-offers
2026-08-30,EDEKA,,Rosenmehl Weizenmehl,2.39,marktguru-offers
2026-08-30,EDEKA,,Dallmayr Prodomo Kaffee,6.99,marktguru-offers
2026-08-30,EDEKA,,Winzer Krems Sandgrube 13 Weine,3.99,marktguru-offers
2026-08-30,EDEKA,,Valdo Prosecco,7.99,marktguru-offers
2026-08-30,EDEKA,,Wein-Genuss Merlot,1.79,marktguru-offers
2026-08-30,EDEKA,,Chiemgauer Brauhaus Chiemseer Hell,14.99,marktguru-offers
2026-08-30,EDEKA,,thisisnobrand123 Wassermelonen,0.99,marktguru-offers
2026-08-30,EDEKA,,thisisnobrand123 Flusskrebscocktail,1.89,marktguru-offers
2026-08-30,EDEKA,,Oberdorfer Helles Helles,14.99,marktguru-offers
2026-08-30,EDEKA,,thisisnobrand123 Wolfsbarsch,1.89,marktguru-offers
2026-08-30,EDEKA,,thisisnobrand123 Makrelen geräuchert,1.29,marktguru-offers
2026-08-30,EDEKA,,thisisnobrand123 Lachsfilet,2.19,marktguru-offers
2026-08-30,EDEKA,,thisisnobrand123 Lachsfackel Bacon,1.99,marktguru-offers
2026-08-30,EDEKA,,Gösser Natur Radler,4.99,marktguru-offers
2026-08-30,EDEKA,,thisisnobrand123 Riesengarnelen,2.59,marktguru-offers
2026-08-30,EDEKA,,San Benedetto Mineralwasser,0.39,marktguru-offers
2026-08-30,EDEKA,,Frico Gouda Jung,0.79,marktguru-offers
2026-08-30,EDEKA,,Swizzrocker Schnittkäse,1.99,marktguru-offers
2026-08-30,EDEKA,,Saint Agur Weichkäse,1.79,marktguru-offers
2026-08-30,EDEKA,,Coca-Cola Cola,11.99,marktguru-offers
2026-08-30,EDEKA,,Trentin Parmigiano Reggiano,2.49,marktguru-offers
2026-08-30,EDEKA,,Spezi E:nergy,0.88,marktguru-offers
2026-08-30,EDEKA,,Red Bull Energy Drink,0.99,marktguru-offers
2026-08-30,EDEKA,,Pepsi Cola,0.88,marktguru-offers
2026-08-30,EDEKA,,thisisnobrand123 Bio Kräuterseitlinge,2.49,marktguru-offers
2026-08-30,EDEKA,,Durstlöscher Eistee Vegan,0.75,marktguru-offers
2026-08-30,EDEKA,,thisisnobrand123 Basilikum im Topf XXL,1.99,marktguru-offers
2026-08-30,EDEKA,,thisisnobrand123 Spitzkohl,1.11,marktguru-offers
2026-08-30,EDEKA,,thisisnobrand123 Lauchzwiebeln,0.66,marktguru-offers
2026-08-30,EDEKA,,thisisnobrand123 Karotten,0.99,marktguru-offers
2026-08-30,EDEKA,,thisisnobrand123 Bio Bananen,1.49,marktguru-offers
2026-08-30,EDEKA,,Albi Fruchtsaft,1.49,marktguru-offers
2026-08-30,EDEKA,,Zespri Jumbo Kiwi Gold,1.0,marktguru-offers
2026-08-30,EDEKA,,Gut & Günstig Tafelapfel rot,1.49,marktguru-offers
2026-08-30,EDEKA,,Gut & Günstig Paprika Rot,1.49,marktguru-offers
2026-08-30,EDEKA,,thisisnobrand123 Bio-Speisekartoffeln,1.99,marktguru-offers
2026-08-30,EDEKA,,Dokas Hundesnack,3.99,marktguru-offers
2026-08-30,EDEKA,,Anheuser Busch Bud,4.99,marktguru-offers
2026-08-30,EDEKA,,KitchenAid Küchenmaschine Classic,299.0,marktguru-offers
2026-08-30,EDEKA,,KitchenAid Küchenhandtücher,9.99,marktguru-offers
2026-08-30,EDEKA,,KitchenAid Schöpfkelle-Pastalöffel,9.99,marktguru-offers
2026-08-30,EDEKA,,KitchenAid Schmorpfanne 26 cm,44.99,marktguru-offers
2026-08-30,EDEKA,,Bernbacher Pasta Die Guten,0.79,marktguru-offers
2026-08-30,EDEKA,,KitchenAid Dampfgarer 26cm,19.99,marktguru-offers
2026-08-30,EDEKA,,KitchenAid Kochtopf mit Glasdeckel 20 cm,34.99,marktguru-offers
2026-08-30,EDEKA,,KitchenAid Grosse Backform,19.99,marktguru-offers
2026-08-30,EDEKA,,KitchenAid Mittlere Backform,14.99,marktguru-offers
2026-08-30,EDEKA,,KitchenAid Schüssel,12.99,marktguru-offers
2026-08-30,EDEKA,,Bergader Bergbauern Käse,3.49,marktguru-offers
2026-08-30,EDEKA,,Brita Wasserfilter-Kartuschen Maxtra Pro 5+1,24.99,marktguru-offers
2026-08-30,EDEKA,,YouCook Fertiggerichte,3.79,marktguru-offers
2026-08-30,EDEKA,,Exquisa Frischkäsezubereitung,0.99,marktguru-offers
2026-08-30,EDEKA,,LEGO Sammelbox mit Brettspiel,5.99,marktguru-offers
2026-08-30,EDEKA,,Shelma Katzennahrung,4.99,marktguru-offers
2026-08-30,EDEKA,,Vitakraft Beef-Stick,0.35,marktguru-offers
2026-08-30,EDEKA,,Odol-Med 3 Zahncreme,2.29,marktguru-offers
2026-08-30,EDEKA,,Henglein Frischer Blätterteig,1.49,marktguru-offers
2026-08-30,EDEKA,,Mowi Asian Wrap,3.99,marktguru-offers
2026-08-30,EDEKA,,Der grüne Altenburger Ziegencreme,2.39,marktguru-offers
2026-08-30,EDEKA,,Hochland Käse-Scheiben,1.79,marktguru-offers
2026-08-30,EDEKA,,Hilcona Pasta Originale,2.79,marktguru-offers
2026-08-30,EDEKA,,Purina Gourmet Gold Katzennahrung,0.44,marktguru-offers
2026-08-30,EDEKA,,thisisnobrand123 Kopfsalat mit Wurzelballen,1.49,marktguru-offers
2026-08-30,EDEKA,,Leerdammer Käsescheiben,1.39,marktguru-offers
2026-08-30,EDEKA,,Mazola Rapsöl,3.33,marktguru-offers
2026-08-30,EDEKA,,Hawesta Heringsfilets,1.11,marktguru-offers
2026-08-30,EDEKA,,Andechser Natur Bio-Fruchtjogurt,1.99,marktguru-offers
2026-08-30,EDEKA,,Weihenstephan Schlagsahne,2.35,marktguru-offers
2026-08-30,EDEKA,,mymuesli Bio Müsli,6.99,marktguru-offers
2026-08-30,EDEKA,,Gut & Günstig Eis Bourbon-Vanille,2.49,marktguru-offers
2026-08-30,EDEKA,,Nestlé Eis,2.22,marktguru-offers
2026-08-30,EDEKA,,Snickers Eisriegel,2.29,marktguru-offers
2026-08-30,EDEKA,,Coppenrath & Wiese Unsere Goldstücke,1.49,marktguru-offers
2026-08-30,EDEKA,,Coppenrath & Wiese Kuchenstücke,3.79,marktguru-offers
2026-08-30,EDEKA,,Bäcker Bachmeier Original Bayerische Laugenstangerl,2.22,marktguru-offers
2026-08-30,EDEKA,,Iglo Goldknusperfilet,2.99,marktguru-offers
2026-08-30,EDEKA,,Gustavo Gusto Pizza,3.69,marktguru-offers
2026-08-30,EDEKA,,Original Wagner Pizzeria Style,2.99,marktguru-offers
2026-08-30,EDEKA,,Frosta Gemüse­pfanne,1.99,marktguru-offers
2026-08-30,EDEKA,,Edeka Bäckerei Hähnchentasche Kebab-Style,0.89,marktguru-offers
2026-08-30,EDEKA,,Edeka Bäckerei Walnussbrötchen,0.44,marktguru-offers
2026-08-30,EDEKA,,Edeka Bäckerei Rustikale Weizenbrot,1.79,marktguru-offers
2026-08-30,EDEKA,,McCain 1-2-3 Frites Original Vegan,2.99,marktguru-offers
2026-08-30,EDEKA,,Costa Pacific Prawns,7.77,marktguru-offers
2026-08-30,EDEKA,,Bahlsen ABC Kekse,1.11,marktguru-offers
2026-08-30,EDEKA,,Bahlsen Leibniz  Zoo Mini Kekse,1.49,marktguru-offers
2026-08-30,EDEKA,,Trolli Fruchtgummis,0.79,marktguru-offers
2026-08-30,EDEKA,,Storck Super Dickmann’s,1.79,marktguru-offers
2026-08-30,EDEKA,,Balisto Riegel,1.99,marktguru-offers
2026-08-30,EDEKA,,Milka Schokolade,0.99,marktguru-offers
2026-08-30,EDEKA,,Edeka Herzstücke Tafelschokolade,1.79,marktguru-offers
2026-08-30,EDEKA,,Lorenz Crunchips Paprika XXL,1.79,marktguru-offers
2026-08-30,EDEKA,,Stark Choco Smoki Flips,0.79,marktguru-offers
2026-08-30,EDEKA,,Gut & Günstig Skyr Natur,1.11,marktguru-offers
2026-08-30,EDEKA,,Tchibo Feine Milde,15.99,marktguru-offers
2026-08-30,EDEKA,,Danone Activia Joghurt,1.49,marktguru-offers
2026-08-30,EDEKA,,CoffeeB Coffee Balls Cafe Royal,2.99,marktguru-offers
2026-08-30,EDEKA,,Rama Streichfett,1.29,marktguru-offers
2026-08-30,EDEKA,,Kerrygold Extra,1.79,marktguru-offers
2026-08-30,EDEKA,,Berchtesgadener Land Knusperjoghurt,0.59,marktguru-offers
2026-08-30,EDEKA,,Starbucks Kaffeegetränk,1.49,marktguru-offers
2026-08-30,EDEKA,,Danone Actimel Drink,2.22,marktguru-offers
2026-08-30,EDEKA,,Meßmer Kräutertee,1.49,marktguru-offers
2026-08-30,EDEKA,,Oatly Hafer Drink Barista,1.79,marktguru-offers
2026-08-30,EDEKA,,Zott Monte Snack,1.99,marktguru-offers
2026-08-30,EDEKA,,Milka Schokoladenmilch,0.88,marktguru-offers
2026-08-30,EDEKA,,Berchtesgadener Land Haltbare Berg und Alpen-Milch,0.99,marktguru-offers
2026-08-30,EDEKA,,Bio-Heumilch Bauern Bio-Heumilch,1.49,marktguru-offers
2026-08-30,EDEKA,,Gut & Günstig H-Milch,8.4,marktguru-offers
2026-08-30,EDEKA,,Backstube Wünsche Käsesahneschnitte,6.0,marktguru-offers
2026-08-30,EDEKA,,Backstube Wünsche Johannisbeer Streuselschnecke,3.95,marktguru-offers
2026-08-30,EDEKA,,Backstube Wünsche Dinkel Buchweizen Krusti,2.0,marktguru-offers
2026-08-30,EDEKA,,Backstube Wünsche Vegan Gassenhauer,4.4,marktguru-offers
2026-08-30,EDEKA,,Backstube Wünsche Schinken-Käsestange,5.6,marktguru-offers
2026-08-30,EDEKA,,Freixenet Sekt,3.99,marktguru-offers
2026-08-30,EDEKA,,Merlot Weingenuss,1.79,marktguru-offers
2026-08-30,EDEKA,,Freixenet Mia Bianco,2.99,marktguru-offers
2026-08-30,EDEKA,,Mezzacorona Merlot,3.99,marktguru-offers
2026-08-30,EDEKA,,Landliebe Konfitüre,1.69,marktguru-offers
2026-08-30,EDEKA,,Gut & Günstig Mandeln,1.99,marktguru-offers
2026-08-30,EDEKA,,Nestlé Cerealien,2.49,marktguru-offers
2026-08-30,EDEKA,,Ferrero Nutella Nuss-Nougat-Creme,4.29,marktguru-offers
2026-08-30,EDEKA,,Olympus Dairy Schafskäse,2.22,marktguru-offers
2026-08-30,EDEKA,,Zottarella Classic,1.99,marktguru-offers
2026-08-30,EDEKA,,Develey Tomaten Ketchup,1.79,marktguru-offers
2026-08-30,EDEKA,,Costa Lachs Filets,6.99,marktguru-offers
2026-08-30,EDEKA,,Kühne Grillfire-Sauce,0.99,marktguru-offers
2026-08-30,EDEKA,,Like Meat Like Chicken Filet,2.49,marktguru-offers
2026-08-30,EDEKA,,Edeka Herzstücke Thunfisch Filets,0.99,marktguru-offers
2026-08-30,EDEKA,,Homann Kartoffelsalat,1.79,marktguru-offers
2026-08-30,EDEKA,,Booster The Real Cola,0.49,marktguru-offers
2026-08-30,EDEKA,,Jever Pilsener,11.99,marktguru-offers
2026-08-30,EDEKA,,San Pellegrino Sanbittèr,3.33,marktguru-offers
2026-08-30,EDEKA,,Adelholzener Mineralwasser,3.33,marktguru-offers
2026-08-30,EDEKA,,Oberdorfer Helles Bier,14.99,marktguru-offers
2026-08-30,EDEKA,,Löwenbräu Oktoberfestbier,13.99,marktguru-offers
2026-08-30,EDEKA,,Edeka Bio Bio-Joghurt,1.19,marktguru-offers
2026-08-30,EDEKA,,Berchtesgadener Land Feinster Bio Schlagrahm,1.29,marktguru-offers
2026-08-30,EDEKA,,Edeka Bio Bio fettarmer Kefir Drink Natur,0.99,marktguru-offers
2026-08-30,EDEKA,,Peter Riegel Perla Terra Bio Weine,3.99,marktguru-offers
2026-08-30,EDEKA,,Voelkel Der Faire Saft,2.49,marktguru-offers
2026-08-30,EDEKA,,Campo Verde Bio Kichererbsen,1.49,marktguru-offers
2026-08-30,EDEKA,,Alnatura Bio-Getreideflocken,1.49,marktguru-offers
2026-08-30,EDEKA,,Solobonta Bio Tomatenmark,1.99,marktguru-offers
2026-08-30,EDEKA,,Followfood Junge Bio-Erbsen,1.99,marktguru-offers
2026-08-30,EDEKA,,Bio-Heumilch Bauern Bayern Bio-Heumilch,1.49,marktguru-offers
2026-08-30,EDEKA,,Pampers Windeln,7.99,marktguru-offers
2026-08-30,EDEKA,,Gut & Günstig Hello my Cat,0.45,marktguru-offers
2026-08-30,EDEKA,,Lenor Weichspüler,2.29,marktguru-offers
2026-08-30,EDEKA,,Vitakraft Beef-Stick Hundesnack,0.35,marktguru-offers
2026-08-30,EDEKA,,Persil Waschmittel Pulver,15.99,marktguru-offers
2026-08-30,EDEKA,,Fit Geschirrspülmittel,1.29,marktguru-offers
2026-08-30,EDEKA,,Itarol Aperitivo Rosa,4.99,marktguru-offers
2026-08-30,EDEKA,,Gut & Günstig CO2  Tauschzylinder Füllung,4.99,marktguru-offers
2026-08-30,EDEKA,,Itarol Sprizz Aperativo,1.29,marktguru-offers
2026-08-30,EDEKA,,Angelotti Amaro,6.29,marktguru-offers
2026-08-30,EDEKA,,Gaston Weinbrand Brandy,6.69,marktguru-offers
2026-08-30,EDEKA,,Katharos Imiglykos Weißwein,2.99,marktguru-offers
2026-08-30,EDEKA,,thisisnobrand123 Weinschorle,1.69,marktguru-offers
2026-08-30,EDEKA,,Rheinberg Kellerei Nordmazedonien Rotwein,1.99,marktguru-offers
2026-08-30,EDEKA,,thisisnobrand123 Sangria,2.49,marktguru-offers
2026-08-30,EDEKA,,Philippe de Lonsac Champagner Brut,22.99,marktguru-offers
2026-08-30,EDEKA,,Giolano Prosecco,5.49,marktguru-offers
2026-08-30,EDEKA,,Vescovino Limoncello Spritz,2.49,marktguru-offers
2026-08-30,EDEKA,,Edeka Herzstücke Ice Tea,1.18,marktguru-offers
2026-08-30,EDEKA,,Henderson London Dry Gin,10.99,marktguru-offers
2026-08-30,EDEKA,,Jim Beam Mischgetränk,1.99,marktguru-offers
2026-08-30,EDEKA,,Itarol Aperitivo,2.99,marktguru-offers
2026-08-30,EDEKA,,Metaxa Weinbrand 7 Sterne,10.99,marktguru-offers
2026-08-30,EDEKA,,Jim Beam Black Bourbon Whiskey,10.99,marktguru-offers
2026-08-30,EDEKA,,Baileys Irish Cream Liqueur,9.99,marktguru-offers
2026-08-30,EDEKA,,Ouzo 12,9.99,marktguru-offers
2026-08-30,EDEKA,,Jägermeister Kräuterlikör,11.99,marktguru-offers
2026-08-30,EDEKA,,Absolut Vodka,10.99,marktguru-offers
2026-08-30,EDEKA,,Edeka Herzstücke Mozzarella di Bufala Campana,1.49,marktguru-offers
2026-08-30,EDEKA,,Edeka Herzstücke Grana Padano,3.33,marktguru-offers
2026-08-30,EDEKA,,Edeka Herzstücke Crema con Aceto Balsamico di Modena,1.49,marktguru-offers
2026-08-30,EDEKA,,Edeka Herzstücke Antipasti,2.99,marktguru-offers
2026-08-30,EDEKA,,Edeka Herzstücke Antipasti Kirsch Paprika,1.99,marktguru-offers
2026-08-30,EDEKA,,Edeka Herzstücke Natives Olivenöl Extra,7.99,marktguru-offers
2026-08-30,EDEKA,,Edeka Herzstücke Pesto Rosso,1.49,marktguru-offers
2026-08-30,EDEKA,,Edeka Herzstücke Pasta,0.89,marktguru-offers
2026-08-30,EDEKA,,thisisnobrand123 Zanderfilet,2.49,marktguru-offers
2026-08-30,EDEKA,,thisisnobrand123 Lachssteak,1.29,marktguru-offers
2026-08-30,EDEKA,,Appenzeller Switzerland Hartkäse,1.99,marktguru-offers
2026-08-30,EDEKA,,Frico Gouda,0.79,marktguru-offers
2026-08-30,EDEKA,,Bergader Bavaria Blu,1.79,marktguru-offers
2026-08-30,EDEKA,,thisisnobrand123 Ochsenmaulsalat,1.69,marktguru-offers
2026-08-30,EDEKA,,Heiderbeck Kaiseralm Tiroler Bergkäse,1.99,marktguru-offers
2026-08-30,EDEKA,,thisisnobrand123 Forellen,1.29,marktguru-offers
2026-08-30,EDEKA,,Saint Albray Weichkäse,1.79,marktguru-offers
2026-08-30,EDEKA,,CoffeeB Café Royal Lungo,2.99,marktguru-offers
2026-08-30,EDEKA,,Meßmer Kräutertee Pfefferminze,1.49,marktguru-offers
2026-08-30,EDEKA,,Ovomaltine Trinkgenuss Der Klassiker,5.99,marktguru-offers
2026-08-30,EDEKA,,Nescafé Gold Löslicher Kaffee,7.99,marktguru-offers
2026-08-30,EDEKA,,Melitta BellaCrema,13.49,marktguru-offers
2026-08-30,EDEKA,,Pepsi Limonaden,0.88,marktguru-offers
2026-08-30,EDEKA,,Red Bull Organics,0.99,marktguru-offers
2026-08-30,EDEKA,,Durstlöscher Eistee Pfirsisch-Geschmack Vegan,0.75,marktguru-offers
2026-08-30,EDEKA,,Edeka Herzstücke Jakobus  Apfelschorle,0.79,marktguru-offers
2026-08-30,EDEKA,,Coca-Cola Limonade,11.99,marktguru-offers
2026-08-30,EDEKA,,Spezi Energy Drink,0.88,marktguru-offers
2026-08-30,EDEKA,,Käsemanufaktur Herz Allgäuer Bergkäse,1.19,marktguru-offers
2026-08-30,EDEKA,,Nestlé Choco Crossies,1.99,marktguru-offers
2026-08-30,EDEKA,,thisisnobrand123 Rosenstrauß Fairtrade,4.99,marktguru-offers
2026-08-30,EDEKA,,Storck Nimm2 Lachgummi,0.99,marktguru-offers
2026-08-30,EDEKA,,thisisnobrand123 Kopfsalat,1.49,marktguru-offers
2026-08-30,EDEKA,,Gut & Günstig Gurken,0.79,marktguru-offers
2026-08-30,EDEKA,,Franziskaner Weißbier,12.99,marktguru-offers
2026-08-30,EDEKA,,thisisnobrand123 Mini-Rispentomaten,1.99,marktguru-offers
2026-08-30,EDEKA,,Chio Tortillas,1.11,marktguru-offers
2026-08-30,EDEKA,,Bahlsen ABC Russisch Brot,1.11,marktguru-offers
2026-08-30,EDEKA,,Oreo Kekse,1.29,marktguru-offers
2026-08-30,EDEKA,,Bahlsen Leibniz Choco,1.99,marktguru-offers
2026-08-30,EDEKA,,Bahlsen Leibniz Zoo,1.49,marktguru-offers
2026-08-30,EDEKA,,Trolli Fruchtgummi,0.79,marktguru-offers
2026-08-30,EDEKA,,Ferrero Kinder Happy Hippo,1.79,marktguru-offers
2026-08-30,EDEKA,,Balisto Schokoriegel,1.99,marktguru-offers
2026-08-30,EDEKA,,Edeka Herzstücke Chocoluv Tafelschokolade,1.79,marktguru-offers
2026-08-30,EDEKA,,Edeka zuhause Profi-Edelstahlpfanne,19.99,marktguru-offers
2026-08-30,EDEKA,,Ben's Original Express Reis,1.29,marktguru-offers
2026-08-30,EDEKA,,Erasco Suppen,1.99,marktguru-offers
2026-08-30,EDEKA,,Barilla Collezione,1.49,marktguru-offers
2026-08-30,EDEKA,,Knorr Fix,0.39,marktguru-offers
2026-08-30,EDEKA,,thisisnobrand123 Spielgeschichten,7.99,marktguru-offers
2026-08-30,EDEKA,,Sodastream CO2-Tauschzylinder-Füllung,4.99,marktguru-offers
2026-08-30,EDEKA,,Pokémon Schreib-Set 5 tlg.,3.99,marktguru-offers
2026-08-30,EDEKA,,thisisnobrand123 Super-Sticker-Set,3.99,marktguru-offers
2026-08-30,EDEKA,,Edeka zuhause Essig-Ölsprüher,4.99,marktguru-offers
2026-08-30,EDEKA,,Brita Wasserfilter-Kanne Style Essential,19.99,marktguru-offers
2026-08-30,EDEKA,,Kesper Aufbewahrungsglas,2.99,marktguru-offers
2026-08-30,EDEKA,,thisisnobrand123 Einkaufstasche,8.99,marktguru-offers
2026-08-30,EDEKA,,Brita Wasserfilter-Kartusche Maxtra Pro Pure Performance,24.99,marktguru-offers
2026-08-30,EDEKA,,thisisnobrand123 Gorgonzola,1.79,marktguru-offers
2026-08-30,EDEKA,,Vinzenzmurr Norwegischer Räucherlachs,4.99,marktguru-offers
2026-08-30,EDEKA,,Vinzenzmurr Kräuter Matjes-Filet,1.89,marktguru-offers
2026-08-30,EDEKA,,thisisnobrand123 Emmentaler,1.19,marktguru-offers
2026-08-30,EDEKA,,thisisnobrand123 Viehscheidler,2.29,marktguru-offers
2026-08-30,EDEKA,,KitchenAid Mini-Cocotte,8.99,marktguru-offers
2026-08-30,EDEKA,,KitchenAid Tarte-Quicheform,16.99,marktguru-offers
2026-08-30,EDEKA,,KitchenAid Kochtopf mit Glasdeckel 22 cm,39.99,marktguru-offers
2026-08-30,EDEKA,,KitchenAid Stielkasserolle 20 cm,24.99,marktguru-offers
2026-08-30,EDEKA,,Tempo Taschentücher,1.99,marktguru-offers
2026-08-30,EDEKA,,Tena Discreet Einlagen,2.99,marktguru-offers
2026-08-30,EDEKA,,Nivea Pflegedusche,1.99,marktguru-offers
2026-08-30,EDEKA,,Rexona Deo-Spray,2.22,marktguru-offers
2026-08-30,EDEKA,,Varta Alkaline-Batterien Longlife Power,7.77,marktguru-offers
2026-08-30,EDEKA,,L'Oréal Paris Elnett Haarspray,3.79,marktguru-offers
2026-08-30,EDEKA,,Odol-Med 3 Zahncreme Extreme Fresh,2.29,marktguru-offers
2026-08-30,EDEKA,,thisisnobrand123 Merlot,1.79,marktguru-offers
2026-08-30,EDEKA,,Freixenet Mederaño,2.99,marktguru-offers
2026-08-30,EDEKA,,Zewa Ultra Toilettenpapier,3.99,marktguru-offers
2026-08-30,EDEKA,,Iglo Goldknusper-Filets Goldback,2.99,marktguru-offers
2026-08-30,EDEKA,,Bernbacher Die Guten Frischei-Nudeln,0.79,marktguru-offers
2026-08-30,EDEKA,,Oatly Bio Hafer-Drink,1.79,marktguru-offers
2026-08-30,EDEKA,,thisisnobrand123 Tafeltrauben,3.99,marktguru-offers
2026-08-30,EDEKA,,thisisnobrand123 Himbeeren,1.99,marktguru-offers
2026-08-30,EDEKA,,Berchtesgadener Land Butter,1.79,marktguru-offers
2026-08-30,Kaufland,,Dick&Durstig Küchentücher,2.22,marktguru-offers
2026-08-30,Kaufland,,K-Classic Muffins,1.49,marktguru-offers
2026-08-30,Kaufland,,Langnese Eis-Multipackungen,2.49,marktguru-offers
2026-08-30,Kaufland,,Frosta Fischstäbchen,2.79,marktguru-offers
2026-08-30,Kaufland,,Isidoros Arvanitis Ouzo of Plomari,8.99,marktguru-offers
2026-08-30,Kaufland,,Monkey Shoulder The Original Blended Malt Scotch Whisky,22.99,marktguru-offers
2026-08-30,Kaufland,,Grand Sud Wein,2.99,marktguru-offers
2026-08-30,Kaufland,,Capri Sun Fruchtsaftgetränk,3.49,marktguru-offers
2026-08-30,Kaufland,,Purina Felix Knabber-Mix,0.95,marktguru-offers
2026-08-30,Kaufland,,D’arbo Naturrein Konfitüre Extra,2.99,marktguru-offers
2026-08-30,Kaufland,,Eduscho Lieblingskaffee,5.49,marktguru-offers
2026-08-30,Kaufland,,Nestlé Nescafé Gold Typ Cappuccino,3.69,marktguru-offers
2026-08-30,Kaufland,,Milka Küchlein,1.99,marktguru-offers
2026-08-30,Kaufland,,K-Classic Toastbrot,0.69,marktguru-offers
2026-08-30,Kaufland,,Nestlé Choco Crossies Original,2.29,marktguru-offers
2026-08-30,Kaufland,,Storck Nimm 2 Fruchtbonbons,1.69,marktguru-offers
2026-08-30,Kaufland,,Brut Dargent Sekt,5.99,marktguru-offers
2026-08-30,Kaufland,,Don Papa Rum Masskara,29.99,marktguru-offers
2026-08-30,Kaufland,,Berentzen Fruchtige Liköre,4.99,marktguru-offers
2026-08-30,Kaufland,,Gordon's London Dry Gin,9.99,marktguru-offers
2026-08-30,Kaufland,,Jim Beam Alkoholisches Mischgetränk,1.79,marktguru-offers
2026-08-30,Kaufland,,Sarti Rosa,13.99,marktguru-offers
2026-08-30,Kaufland,,Beemster Pikant,1.49,marktguru-offers
2026-08-30,Kaufland,,thisisnobrand123 Heilbuttfilet,2.29,marktguru-offers
2026-08-30,Kaufland,,Milka Party Mix Pralinen,2.79,marktguru-offers
2026-08-30,Kaufland,,Nestlé KitKat Mini Schokoriegel,2.49,marktguru-offers
2026-08-30,Kaufland,,Käse Rebellen Bio Rebell,1.99,marktguru-offers
2026-08-30,Kaufland,,Hitschler Hitschies Fruchtgummi,0.99,marktguru-offers
2026-08-30,Kaufland,,thisisnobrand123 Oliven-Mix,0.99,marktguru-offers
2026-08-30,Kaufland,,thisisnobrand123 Sennenkäse,1.69,marktguru-offers
2026-08-30,Kaufland,,Milram Müritzer,0.99,marktguru-offers
2026-08-30,Kaufland,,thisisnobrand123 Grüne Peperoni,0.99,marktguru-offers
2026-08-30,Kaufland,,thisisnobrand123 Pangasiusfilet,0.99,marktguru-offers
2026-08-30,Kaufland,,Halloren O's,1.11,marktguru-offers
2026-08-30,Kaufland,,Kaufland Bäckerei Karotten-Krüstchen,0.33,marktguru-offers
2026-08-30,Kaufland,,Kaufland Bäckerei Rosenbrötchen,0.29,marktguru-offers
2026-08-30,Kaufland,,Kaufland Bäckerei Baguette Parisienne,0.99,marktguru-offers
2026-08-30,Kaufland,,Kaufland Bäckerei Pizza Margherita,0.79,marktguru-offers
2026-08-30,Kaufland,,Tymbark Frucht- Mischsaft,1.49,marktguru-offers
2026-08-30,Kaufland,,Kaufland Bäckerei Pizza Salami,0.69,marktguru-offers
2026-08-30,Kaufland,,Kaufland Bäckerei Weltmeister-Chia-Krüstchen,0.29,marktguru-offers
2026-08-30,Kaufland,,Kaufland Bäckerei Weltmeisterbrot,1.49,marktguru-offers
2026-08-30,Kaufland,,Kaufland Bäckerei Franzbrötchen,0.55,marktguru-offers
2026-08-30,Kaufland,,Kitekat Katzennahrung,2.99,marktguru-offers
2026-08-30,Kaufland,,Purina Beneful Hundevollnahrung,3.79,marktguru-offers
2026-08-30,Kaufland,,WOW Hundenahrung,2.69,marktguru-offers
2026-08-30,Kaufland,,DanKlorix Reiniger,1.99,marktguru-offers
2026-08-30,Kaufland,,Domestos Kraft & Frische WC Gel,1.59,marktguru-offers
2026-08-30,Kaufland,,Viss Scheuermilch,1.59,marktguru-offers
2026-08-30,Kaufland,,Coral Waschmittel,3.79,marktguru-offers
2026-08-30,Kaufland,,Vanish Oxi Action,7.99,marktguru-offers
2026-08-30,Kaufland,,Ajax Allzweckreiniger,1.49,marktguru-offers
2026-08-30,Kaufland,,Sunil Vollwaschmittel,7.99,marktguru-offers
2026-08-30,Kaufland,,O.B. Tampons Extra Protect,5.49,marktguru-offers
2026-08-30,Kaufland,,Dr. Oetker Götterspeise XXL,1.0,marktguru-offers
2026-08-30,Kaufland,,Harry Brot Toast,1.0,marktguru-offers
2026-08-30,Kaufland,,thisisnobrand123 Kulturchampignons,1.0,marktguru-offers
2026-08-30,Kaufland,,thisisnobrand123 Mango,1.0,marktguru-offers
2026-08-30,Kaufland,,Grünländer Schnittkäse,1.0,marktguru-offers
2026-08-30,Kaufland,,K-Classic Linsen,1.0,marktguru-offers
2026-08-30,Kaufland,,K-Classic Kartoffelgerichte,1.0,marktguru-offers
2026-08-30,Kaufland,,Argeta Aufstrich,1.0,marktguru-offers
2026-08-30,Kaufland,,Giovanni Rana Tradizionali,2.0,marktguru-offers
2026-08-30,Kaufland,,Dr. Oetker Kuchenbackmischung,2.0,marktguru-offers
2026-08-30,Kaufland,,Nestlé After Eight Hauchdünne Täfelchen,2.0,marktguru-offers
2026-08-30,Kaufland,,Hakle Toilettenpapier Traumweich,3.0,marktguru-offers
2026-08-30,Kaufland,,Vernel Weichspüler,2.0,marktguru-offers
2026-08-30,Kaufland,,Wellaflex Haarspray,2.0,marktguru-offers
2026-08-30,Kaufland,,Jack Daniel's Old Tennessee Whiskey & Coca Cola,2.0,marktguru-offers
2026-08-30,Kaufland,,Storck Knoppers Minis,2.0,marktguru-offers
2026-08-30,Kaufland,,Lenor Wäscheparfüm,3.0,marktguru-offers
2026-08-30,Kaufland,,Listerine Mundspülung,3.0,marktguru-offers
2026-08-30,Kaufland,,Dr. Oetker Die Ofenfrische Pizza,2.0,marktguru-offers
2026-08-30,Kaufland,,Lorenz NicNac's,1.0,marktguru-offers
2026-08-30,Kaufland,,K-Classic Ultra-Klumpstreu,3.0,marktguru-offers
2026-08-30,Kaufland,,Purina One Katzennahrung,3.0,marktguru-offers
2026-08-30,Kaufland,,Funny Frisch Erdnuss Flippies,1.0,marktguru-offers
2026-08-30,Kaufland,,Chio Tortillas Chips,1.0,marktguru-offers
2026-08-30,Kaufland,,Starbucks Kaffeekapseln,3.0,marktguru-offers
2026-08-30,Kaufland,,Storck Knoppers Riegel,1.49,marktguru-offers
2026-08-30,Kaufland,,L'Oréal Paris Men Expert Deodorant,1.99,marktguru-offers
2026-08-30,Kaufland,,Rotkäppchen Fruchtsecco,3.0,marktguru-offers
2026-08-30,Kaufland,,Ariel Vollwaschmittel,15.99,marktguru-offers
2026-08-30,Kaufland,,Rotwild Dornfelder,3.0,marktguru-offers
2026-08-30,Kaufland,,Funny Frisch Chipsfrisch,0.99,marktguru-offers
2026-08-30,Kaufland,,Lindt Pralinés,7.49,marktguru-offers
2026-08-30,Kaufland,,Ferrero Nutella Biscuits,2.79,marktguru-offers
2026-08-30,Kaufland,,Maybach Qualitätsweine,3.0,marktguru-offers
2026-08-30,Kaufland,,Nestlé KitKat Schokoriegel,1.99,marktguru-offers
2026-08-30,Kaufland,,Dovgan Plombir Eis,2.71,marktguru-offers
2026-08-30,Kaufland,,Quarki Kefir,1.49,marktguru-offers
2026-08-30,Kaufland,,Dovgan Plombir Dessert Syrki,2.49,marktguru-offers
2026-08-30,Kaufland,,thisisnobrand123 Seefisch Heringsfilets,2.25,marktguru-offers
2026-08-30,Kaufland,,Dovgan Napoleon Blätterteigtorte,5.99,marktguru-offers
2026-08-30,Kaufland,,Quarki Quark Frischkäse,1.59,marktguru-offers
2026-08-30,Kaufland,,Lutschij Wybor Sauerrahm,1.69,marktguru-offers
2026-08-30,Kaufland,,K-Classic Cashewkerne,2.0,marktguru-offers
2026-08-30,Kaufland,,Kaba Choco,2.0,marktguru-offers
2026-08-30,Kaufland,,Nadler Heringsfilets in Sahnesauce,2.0,marktguru-offers
2026-08-30,Kaufland,,Milkana Tolle Rolle,2.0,marktguru-offers
2026-08-30,Kaufland,,thisisnobrand123 Glattblattaster Trio,2.0,marktguru-offers
2026-08-30,Kaufland,,thisisnobrand123 Kulturheidelbeeren,2.0,marktguru-offers
2026-08-30,Kaufland,,Alpia Schokolade,1.0,marktguru-offers
2026-08-30,Kaufland,,Oreo Doppelkekse,1.0,marktguru-offers
2026-08-30,Kaufland,,Toblerone Schokolade,1.0,marktguru-offers
2026-08-30,Kaufland,,thisisnobrand123 Mixstrauß,6.99,marktguru-offers
2026-08-30,Kaufland,,Vileda Diamond S Bügeltisch,34.99,marktguru-offers
2026-08-30,Kaufland,,Vileda Komplett-Set UltraMax,19.99,marktguru-offers
2026-08-30,Kaufland,,Vileda Wäscheständer King Ultimate,29.99,marktguru-offers
2026-08-30,Kaufland,,Rowenta Beutelloser Bodenstaubsauger Swift Power RO2910EA,59.99,marktguru-offers
2026-08-30,Kaufland,,Rowenta Bodenstaubsauger City Space RO26- 11EA,54.99,marktguru-offers
2026-08-30,Kaufland,,Rowenta Beutelloser Akku Stielsauger Air Force Light RH6545,79.99,marktguru-offers
2026-08-30,Kaufland,,Vileda Spin Mop Wischsystem H2Pro,34.99,marktguru-offers
2026-08-30,Kaufland,,Metis Pflaumen,2.99,marktguru-offers
2026-08-30,Kaufland,,thisisnobrand123 Plattpfirsiche,2.99,marktguru-offers
2026-08-30,Kaufland,,Gourmetmaxx Frischhaltedosen Klick-it,17.99,marktguru-offers
2026-08-30,Kaufland,,emsa Folienschneider Click & Cut,7.99,marktguru-offers
2026-08-30,Kaufland,,Rotho Kühlschrankorganizer-Set Loft,6.99,marktguru-offers
2026-08-30,Kaufland,,Driscoll's Himbeeren,1.79,marktguru-offers
2026-08-30,Kaufland,,Tefal Heißluftfritteuse Easy Fry Compact EY1458,54.99,marktguru-offers
2026-08-30,Kaufland,,ELO Schnellkochtopf-Set Praktika XL 7-tlg.,59.99,marktguru-offers
2026-08-30,Kaufland,,Tefal Pfanne Simplicity+,9.99,marktguru-offers
2026-08-30,Kaufland,,Tefal Stabmixer-Set Easy Chef HB4531,29.99,marktguru-offers
2026-08-30,Kaufland,,Tefal Kontaktgrill Inicio Compact GC270D,34.99,marktguru-offers
2026-08-30,Kaufland,,thisisnobrand123 Kohlrabi,0.49,marktguru-offers
2026-08-30,Kaufland,,thisisnobrand123 Basilikum im Topf XXL,1.49,marktguru-offers
2026-08-30,Kaufland,,thisisnobrand123 Erdbeeren,2.99,marktguru-offers
2026-08-30,Kaufland,,thisisnobrand123 Tafelapfel,1.79,marktguru-offers
2026-08-30,Kaufland,,thisisnobrand123 Lauchzwiebeln,0.59,marktguru-offers
2026-08-30,Kaufland,,Bitburger Premium Pils,10.99,marktguru-offers
2026-08-30,Kaufland,,thisisnobrand123 Buschbohnen,1.99,marktguru-offers
2026-08-30,Kaufland,,thisisnobrand123 Grüne Kiwis,1.99,marktguru-offers
2026-08-30,Kaufland,,thisisnobrand123 Blattspinat,1.79,marktguru-offers
2026-08-30,Kaufland,,thisisnobrand123 Mandarinen,1.99,marktguru-offers
2026-08-30,Kaufland,,Markt Frisch Speisekartoffeln,2.99,marktguru-offers
2026-08-30,Kaufland,,K-Bio Bio-Zitronen,1.99,marktguru-offers
2026-08-30,Kaufland,,Spaten Münchner Hell,14.99,marktguru-offers
2026-08-30,Kaufland,,Grundig Elektronikzubehör,3.99,marktguru-offers
2026-08-30,Kaufland,,K-Bio Bio Mini-Romatomaten,1.49,marktguru-offers
2026-08-30,Kaufland,,K-Bio Bio-Zwetschgen,1.99,marktguru-offers
2026-08-30,Kaufland,,thisisnobrand123 Feigen,2.99,marktguru-offers
2026-08-30,Kaufland,,thisisnobrand123 Kaktusfeigen,1.49,marktguru-offers
2026-08-30,Kaufland,,Grundig USB-Ladekabel,4.99,marktguru-offers
2026-08-30,Kaufland,,K-Bio Bio-Zucchini,1.49,marktguru-offers
2026-08-30,Kaufland,,thisisnobrand123 USB Ladegerät,4.99,marktguru-offers
2026-08-30,Kaufland,,Denver Powerbank,17.99,marktguru-offers
2026-08-30,Kaufland,,Zeller Vorratsdosen,4.99,marktguru-offers
2026-08-30,Kaufland,,Bohemia Cristal Spout Karaffe,9.99,marktguru-offers
2026-08-30,Kaufland,,thisisnobrand123 Zuckermais,1.79,marktguru-offers
2026-08-30,Kaufland,,Erdinger Brauhaus Weißbier,13.99,marktguru-offers
2026-08-30,Kaufland,,K-Bio Bio-Speisekartoffeln,1.99,marktguru-offers
2026-08-30,Kaufland,,K-Bio Bio-Zwiebeln,1.79,marktguru-offers
2026-08-30,Kaufland,,Canon Multifunktionsdrucker Pixma TS3350,49.99,marktguru-offers
2026-08-30,Kaufland,,Ravensburger Kinderbücher,4.99,marktguru-offers
2026-08-30,Kaufland,,Jameson Blended Irish Whiskey,14.99,marktguru-offers
2026-08-30,Kaufland,,L'Oréal Paris Men Expert Gesichtspflege,5.99,marktguru-offers
2026-08-30,Kaufland,,Glasslock Frischhaltedose,3.99,marktguru-offers
2026-08-30,Kaufland,,Kaufland Mobil Starterpaket,1.99,marktguru-offers
2026-08-30,Kaufland,,Tekirdag Gold Rakisi,19.99,marktguru-offers
2026-08-30,Kaufland,,Batiste Trockenshampoo,2.99,marktguru-offers
2026-08-30,Kaufland,,emsa Isolierkanne Samba,12.99,marktguru-offers
2026-08-30,Kaufland,,Aptamil Pronutra Kindermilch,12.95,marktguru-offers
2026-08-30,Kaufland,,emsa Thermobecher Travel Mug Waves Grande,14.99,marktguru-offers
2026-08-30,Kaufland,,Monster Energy Energy Drink,0.75,marktguru-offers
2026-08-30,Kaufland,,DeLonghi Wasserfilter DLS C002,8.99,marktguru-offers
2026-08-30,Kaufland,,Liv&Bo LED-Tischlampe,9.99,marktguru-offers
2026-08-30,Kaufland,,Bosch Kapselkaffeemaschine Tassimo Style TAS112E,29.99,marktguru-offers
2026-08-30,Kaufland,,Freixenet Schaumwein,3.77,marktguru-offers
2026-08-30,Kaufland,,Blaupunkt TWS-In-Ear Kopfhörer TWS 25,14.99,marktguru-offers
2026-08-30,Kaufland,,Coca-Cola Cola,10.99,marktguru-offers
2026-08-30,Kaufland,,Denver Smartwatch SWC-156 MK2,7.99,marktguru-offers
2026-08-30,Kaufland,,Layenberger 3K Protein-Shake,9.99,marktguru-offers
2026-08-30,Kaufland,,DeLonghi Kaffeevollautomat ECAM223.61.GB,299.0,marktguru-offers
2026-08-30,Kaufland,,DeLonghi EcoDecalk Entkalker,8.99,marktguru-offers
2026-08-30,Kaufland,,Untouched-Water Mineralwasser,0.39,marktguru-offers
2026-08-30,Kaufland,,Baileys The Original Irish Cream Liqueur,9.99,marktguru-offers
2026-08-30,Kaufland,,Kaufland Bäckerei Muffin Buenissimo,0.99,marktguru-offers
2026-08-30,Kaufland,,Dove Deodorant,2.49,marktguru-offers
2026-08-30,Kaufland,,Captain Morgan Spiced Gold,9.99,marktguru-offers
2026-08-30,Kaufland,,Bull's  Eye BBQ-Sauce Grillsauce,1.99,marktguru-offers
2026-08-30,Kaufland,,Bruno Banani Men Duschgel,2.29,marktguru-offers
2026-08-30,Kaufland,,Kaufland Bäckerei Schinken Käse-Croissant,0.59,marktguru-offers
2026-08-30,Kaufland,,Sierra Tequila Blanco,10.99,marktguru-offers
2026-08-30,Kaufland,,Gillette Rasierschaum,1.99,marktguru-offers
2026-08-30,Kaufland,,Kaufland Bäckerei Riesenbrezen,1.29,marktguru-offers
2026-08-30,Kaufland,,Frosta Fertiggerichte,2.49,marktguru-offers
2026-08-30,Kaufland,,Mangaroca Batida de Coco Liqueur,7.99,marktguru-offers
2026-08-30,Kaufland,,Kerrygold Extra,1.49,marktguru-offers
2026-08-30,Kaufland,,Nivea Shampoo,2.49,marktguru-offers
2026-08-30,Kaufland,,Popp Fleischsalat,1.29,marktguru-offers
2026-08-30,Kaufland,,Holy Energy Milkshake,3.99,marktguru-offers
2026-08-30,Kaufland,,Ehrmann Almighurt Fruchtjoghurt,0.33,marktguru-offers
2026-08-30,Kaufland,,Guhl Shampoo,3.33,marktguru-offers
2026-08-30,Kaufland,,Nike Herren Tennissocken 3 Paar,9.99,marktguru-offers
2026-08-30,Kaufland,,Nike Rucksack,19.99,marktguru-offers
2026-08-30,Kaufland,,Melitta Auslese Klassisch Kaffeepads,1.99,marktguru-offers
2026-08-30,Kaufland,,Nike Herren Sweathose,27.99,marktguru-offers
2026-08-30,Kaufland,,LU Glico Mikado-Sticks,1.29,marktguru-offers
2026-08-30,Kaufland,,Switch On LED-Lichtband,1.99,marktguru-offers
2026-08-30,Kaufland,,Lindt Lindor Schokolade,2.79,marktguru-offers
2026-08-30,Kaufland,,Ültje Swavy Salted Caramel,1.99,marktguru-offers
2026-08-30,Kaufland,,Nike Herren Sweathoodie,34.99,marktguru-offers
2026-08-30,Kaufland,,Teekanne Teegenuss,1.59,marktguru-offers
2026-08-30,Kaufland,,Nike Herren Boxershorts 3er Pack,24.99,marktguru-offers
2026-08-30,Kaufland,,Harry Brot Unser Bäckerfrisches Brot,1.29,marktguru-offers
2026-08-30,Kaufland,,Funny Frisch Linsen Chips,1.49,marktguru-offers
2026-08-30,Kaufland,,Nike Herren Funktionsshorts,12.99,marktguru-offers
2026-08-30,Kaufland,,K-Classic Frischeiwaffeln,1.19,marktguru-offers
2026-08-30,Kaufland,,Langnese Bienenhonig,3.49,marktguru-offers
2026-08-30,Kaufland,,Nike Herren Funktionsshirt,12.99,marktguru-offers
2026-08-30,Kaufland,,Heyyy Kaugummi,2.29,marktguru-offers
2026-08-30,Kaufland,,Nike Herren-T-Shirt,14.99,marktguru-offers
2026-08-30,Kaufland,,Lay's Bugles,0.99,marktguru-offers
2026-08-30,Kaufland,,Switch On TV-Wandhalterung,4.99,marktguru-offers
2026-08-30,Kaufland,,MusicMan Bluetooth Lautsprecher BT-X61,9.99,marktguru-offers
2026-08-30,Kaufland,,Dr. Oetker Paradiescreme,1.99,marktguru-offers
2026-08-30,Kaufland,,Head & Shoulders Shampoo,3.29,marktguru-offers
2026-08-30,Kaufland,,Dr. Best Comfort Clean Zahnbürste,1.99,marktguru-offers
2026-08-30,Kaufland,,thisisnobrand123 Kräuter in Terrakotta,3.29,marktguru-offers
2026-08-30,Kaufland,,thisisnobrand123 Strauchveronika,5.99,marktguru-offers
2026-08-30,Kaufland,,thisisnobrand123 Herbstpflanzen,7.77,marktguru-offers
2026-08-30,Kaufland,,thisisnobrand123 Chrysantheme,2.99,marktguru-offers
2026-08-30,Kaufland,,thisisnobrand123 Orchidee,9.99,marktguru-offers
2026-08-30,Kaufland,,thisisnobrand123 Flamingoblume,4.99,marktguru-offers
2026-08-30,Kaufland,,Denver Party-Lautsprecher BPS-358RAK,49.99,marktguru-offers
2026-08-30,Kaufland,,Technaxx Bluetooth-Soundbar TX-311,29.99,marktguru-offers
2026-08-30,Kaufland,,Samsung 4K-UHD-TV GU55U7079FUXZG,349.0,marktguru-offers
2026-08-30,Kaufland,,Ferrero Eis,2.79,marktguru-offers
2026-08-30,Kaufland,,Mövenpick Caffè Crema,13.99,marktguru-offers
2026-08-30,Kaufland,,Original Wagner Piccolinis,1.79,marktguru-offers
2026-08-30,Kaufland,,Bahlsen Comtess Kuchen,1.49,marktguru-offers
2026-08-30,Kaufland,,Krüger Family Cappuccino,2.49,marktguru-offers
2026-08-30,Kaufland,,Lupilu Baby-Activity-Decke,24.99,marktguru-offers
2026-08-30,Kaufland,,Lupilu Kinder Socken 7 Paar,3.59,marktguru-offers
2026-08-30,Kaufland,,Lupilu Kinder-Thermoleggings,5.99,marktguru-offers
2026-08-30,Kaufland,,Lupilu Kinder-Sweatkleid,5.99,marktguru-offers
2026-08-30,Kaufland,,Lupilu Kinder-Pyjama,4.49,marktguru-offers
2026-08-30,Kaufland,,Lupilu Kinder Denim-Joggers,6.99,marktguru-offers
2026-08-30,Kaufland,,Lupilu Kinder Sweatjacke,7.99,marktguru-offers
2026-08-30,Kaufland,,K-Classic Süße Gerichte,0.59,marktguru-offers
2026-08-30,Kaufland,,K-Classic Hundenahrung Kroketten,7.99,marktguru-offers
2026-08-30,Kaufland,,K-Classic Sirup,1.59,marktguru-offers
2026-08-30,Kaufland,,San Pellegrino San Bittèr,2.99,marktguru-offers
2026-08-30,Kaufland,,Freixenet Mederaño,2.99,marktguru-offers
2026-08-30,Kaufland,,K-Classic Käse Stängli,1.11,marktguru-offers
2026-08-30,Kaufland,,Contessa Carola Primitivo Puglia,5.99,marktguru-offers
2026-08-30,Kaufland,,Waterdrop Microdrink,5.99,marktguru-offers
2026-08-30,Kaufland,,K-Classic Nuss-Frucht-Mix,1.89,marktguru-offers
2026-08-30,Kaufland,,K-Classic Gefüllte Croissants,1.19,marktguru-offers
2026-08-30,Kaufland,,K-Classic Refresher-Stieleis,1.49,marktguru-offers
2026-08-30,Kaufland,,WZG Möglingen Süß & Fruchtig,3.49,marktguru-offers
2026-08-30,Kaufland,,Martin Schongauer Grauer Burgunder,3.99,marktguru-offers
2026-08-30,Kaufland,,Heineken Premium Lager,4.99,marktguru-offers
2026-08-30,Kaufland,,Oberdorfer Helles Helles,14.99,marktguru-offers
2026-08-30,Kaufland,,Veltins Pülleken Helles,12.99,marktguru-offers
2026-08-30,Kaufland,,Coca-Cola Original Taste,5.99,marktguru-offers
2026-08-30,Kaufland,,Hohes C Vitamin Water,1.29,marktguru-offers
2026-08-30,Kaufland,,Lipton Sensations Ice Tea,1.49,marktguru-offers
2026-08-30,Kaufland,,Thomy Mayonnaise,1.79,marktguru-offers
2026-08-30,Kaufland,,Kühne Dressing,1.99,marktguru-offers
2026-08-30,Kaufland,,Followfood Thunfisch,1.99,marktguru-offers
2026-08-30,Kaufland,,K-Classic Müsliriegel,1.29,marktguru-offers
2026-08-30,Kaufland,,K-Classic Pesto,0.79,marktguru-offers
2026-08-30,Kaufland,,Barilla Pasta-Sauce,1.99,marktguru-offers
2026-08-30,Kaufland,,K-Classic Kartoffelpüree Vegan,0.99,marktguru-offers
2026-08-30,Kaufland,,Knorr Feinschmecker Suppe,0.79,marktguru-offers
2026-08-30,Kaufland,,K-Bio Bio Leinsamen,0.99,marktguru-offers
2026-08-30,Kaufland,,Reis-Fit Expressreis,1.29,marktguru-offers
2026-08-30,Kaufland,,Bad Reichenhaller Alpensalz,0.59,marktguru-offers
2026-08-30,Kaufland,,Podravka Vegeta Würzmischung mit Gemüse,2.99,marktguru-offers
2026-08-30,Kaufland,,Kölln Haferflocken vegan,1.0,marktguru-offers
2026-08-30,Kaufland,,Fa Duschgel,1.0,marktguru-offers
2026-08-30,Kaufland,,Colgate Zahncreme,1.0,marktguru-offers
2026-08-30,Kaufland,,K-Classic Tortilla-Wraps Vegan,0.99,marktguru-offers
2026-08-30,Kaufland,,K-Classic Kondensmilch,0.59,marktguru-offers
2026-08-30,Kaufland,,Thomas Henry Erfrischungsgetränk,1.0,marktguru-offers
2026-08-30,Kaufland,,Volvic Touch,1.0,marktguru-offers
2026-08-30,Kaufland,,K-Classic Hähnchen Knusperdinos,2.69,marktguru-offers
2026-08-30,Kaufland,,Pfanner Eistee,1.0,marktguru-offers
2026-08-30,Kaufland,,Bonduelle Gemüse,1.0,marktguru-offers
2026-08-30,Kaufland,,Moloko Erfrischungsgetränk,1.0,marktguru-offers
2026-08-30,Kaufland,,Zentis Fruchtaufstrich,1.0,marktguru-offers
2026-08-30,Kaufland,,Swiffer Starter-Set,7.99,marktguru-offers
2026-08-30,Kaufland,,Leicht&Cross Knusperbrot,1.0,marktguru-offers
2026-08-30,Kaufland,,Blaupunkt BT-Kopfhörer HPB 40,19.99,marktguru-offers
2026-08-30,Kaufland,,Mazola Keimöl,3.0,marktguru-offers
2026-08-30,Kaufland,,Terris Retro-Digitalkamera CNS 100,29.99,marktguru-offers
2026-08-30,Kaufland,,Terris Powerbank- Camera- Grip PB 100,19.99,marktguru-offers
2026-08-30,Kaufland,,Swiffer Bodentücher,7.99,marktguru-offers
2026-08-30,Kaufland,,Swiffer Staubmagnet Tücher,7.99,marktguru-offers
2026-08-30,Kaufland,,Escal King Prawns,3.0,marktguru-offers
2026-08-30,Kaufland,,Clean Maxx Bodenkehrer,9.99,marktguru-offers
2026-08-30,Kaufland,,Lupilu Holzspielbogen,14.99,marktguru-offers
2026-08-30,Kaufland,,Coppenrath & Wiese Lust auf Kuchen,3.0,marktguru-offers
2026-08-30,Kaufland,,Milka Haselnusscreme,3.0,marktguru-offers
2026-08-30,Kaufland,,MM Extra Sekt,3.0,marktguru-offers
2026-08-30,Kaufland,,Talentus Malkoffer,4.99,marktguru-offers
2026-08-30,Kaufland,,Clementoni BFF Schmuck-Atelier,12.99,marktguru-offers
2026-08-30,Kaufland,,thisisnobrand123 Kinder Kleiderbügel,4.99,marktguru-offers
2026-08-30,Kaufland,,YFood This is Food Trinkmahlzeit,3.0,marktguru-offers
2026-08-30,Kaufland,,Kuniboo Kinder Cargohose,4.99,marktguru-offers
2026-08-30,Kaufland,,Grundig Saugroboter VCR 2330,69.99,marktguru-offers
2026-08-30,Kaufland,,W5 Falt-Behälter,3.99,marktguru-offers
2026-08-30,Kaufland,,Hip & Hopps Kinder Shorty-Pyjama 2er-Pack,3.99,marktguru-offers
2026-08-30,Kaufland,,K-Classic Baguette XXL,1.49,marktguru-offers
2026-08-30,Kaufland,,easy! MAXX Aufbewahrungskorb,7.99,marktguru-offers
2026-08-30,Kaufland,,Swiffer Feuchte Bodentücher,4.99,marktguru-offers
2026-08-30,Kaufland,,K-Classic Feinkostsalat,1.19,marktguru-offers
2026-08-30,Kaufland,,K-Classic Brotaufstrich,0.99,marktguru-offers
2026-08-30,Kaufland,,Philips Dampfbügeleisen DST1030,14.99,marktguru-offers
2026-08-30,Kaufland,,Switch On Dampfbürste SODBF 1200,17.99,marktguru-offers
2026-08-30,Kaufland,,K-Classic Schmelzkäsescheiben,1.29,marktguru-offers
2026-08-30,Kaufland,,K-Classic Herzhafte Minis,0.99,marktguru-offers
2026-08-30,Kaufland,,Philips Dampfbügelstation PSG2000/20,69.99,marktguru-offers
2026-08-30,Kaufland,,K-Classic Sahnepudding Vanille,0.99,marktguru-offers
2026-08-30,Kaufland,,Philips Fusselrasierer GC026/80,9.99,marktguru-offers
2026-08-30,Kaufland,,thisisnobrand123 Tafeltrauben,0.99,marktguru-offers
2026-08-30,Kaufland,,Ready to eat Avocado Hass,1.49,marktguru-offers
2026-08-30,Kaufland,,thisisnobrand123 Dorade Royale,1.29,marktguru-offers
2026-08-30,Kaufland,,thisisnobrand123 Passionsfrucht,0.99,marktguru-offers
2026-08-30,Kaufland,,thisisnobrand123 Machelle Tropical,1.69,marktguru-offers
2026-08-30,Kaufland,,thisisnobrand123 Zwetschgen,1.49,marktguru-offers
2026-08-30,Kaufland,,thisisnobrand123 Wassermelone,4.99,marktguru-offers
2026-08-30,Kaufland,,thisisnobrand123 Garnelensalat Kokos-Paprika,2.49,marktguru-offers
2026-08-30,Kaufland,,thisisnobrand123 Tintenfische,2.69,marktguru-offers
2026-08-30,Kaufland,,Esmara Damen-Unterwäsche,4.99,marktguru-offers
2026-08-30,Kaufland,,thisisnobrand123 Rotbarschfilets,2.19,marktguru-offers
2026-08-30,Kaufland,,Milsy Villa Ben Käsezöpfe,1.59,marktguru-offers
2026-08-30,Kaufland,,Oyanda Damen Sneaker,9.99,marktguru-offers
2026-08-30,Kaufland,,Oyanda Damen Hausschuhe,9.99,marktguru-offers
2026-08-30,Kaufland,,Royal Orange Gouda Jung,0.89,marktguru-offers
2026-08-30,Kaufland,,Oyanda Shapewear Slip,4.99,marktguru-offers
2026-08-30,Kaufland,,Grasovka Vodka,7.99,marktguru-offers
2026-08-30,Kaufland,,Oyanda Damen Sneakersocken 10 Paar,3.79,marktguru-offers
2026-08-30,Kaufland,,Goplana Mega Grzeški,0.79,marktguru-offers
2026-08-30,Kaufland,,K-Bio Bio-Chiasamen Vegan,1.49,marktguru-offers
2026-08-30,Kaufland,,Smak Korolewskij Mayonnaise,1.99,marktguru-offers
2026-08-30,Kaufland,,K-Bio Bio-Eier,2.59,marktguru-offers
2026-08-30,Kaufland,,Semki Sonnenblumenkerne XXL,1.99,marktguru-offers
2026-08-30,Kaufland,,Townland Herren Grobstrickpullover,9.99,marktguru-offers
2026-08-30,Kaufland,,Dovgan Taschki Teigtaschen,1.99,marktguru-offers
2026-08-30,Kaufland,,K-Bio Bio Agavendicksaft Vegan,1.88,marktguru-offers
2026-08-30,Kaufland,,Esmara Pyjama,4.99,marktguru-offers
2026-08-30,Kaufland,,Dovgan Riga Sprotten,1.29,marktguru-offers
2026-08-30,Kaufland,,Vanela Bulgarischer Schafskäse,1.99,marktguru-offers
2026-08-30,Kaufland,,K-Bio Bio Express Mahlzeit Vegan,1.79,marktguru-offers
2026-08-30,Kaufland,,K-Bio Bio Oliven,0.99,marktguru-offers
2026-08-30,Kaufland,,thisisnobrand123 Chicken Crispies XXL,6.99,marktguru-offers
2026-08-30,Kaufland,,Kaufland GOLD EDITION Gekochter Oktopus,6.99,marktguru-offers
2026-08-30,Kaufland,,Varta Alkaline Batterien,1.0,marktguru-offers
2026-08-30,Kaufland,,K-Bio Bio-Kichererbsenwaffeln Vegan,0.99,marktguru-offers
2026-08-30,Kaufland,,WC Frisch Kraft-Aktiv  Duftspüler,1.0,marktguru-offers
2026-08-30,Kaufland,,Pampers Baby-Windeln,19.99,marktguru-offers
2026-08-30,Kaufland,,K-Classic Thunfischfilet,1.0,marktguru-offers
2026-08-30,Kaufland,,Philadelphia Frischkäsezubereitung,1.0,marktguru-offers
2026-08-30,Kaufland,,Hasseröder Premium Pils,7.99,marktguru-offers
2026-08-30,Kaufland,,Milram Schnittkäse,1.29,marktguru-offers
2026-08-30,Kaufland,,K-Bio Bio Basmati Reis,0.99,marktguru-offers
2026-08-30,Kaufland,,thisisnobrand123 Mini-Romatomaten,1.79,marktguru-offers
2026-08-30,Kaufland,,thisisnobrand123 Norwegische Lachsfiletseite,13.49,marktguru-offers
2026-08-30,Kaufland,,Frosta Gemüse,1.69,marktguru-offers
2026-08-30,Kaufland,,Zottarella Rolle Classic,1.99,marktguru-offers
2026-08-30,Kaufland,,Eatlean Protein Käse,2.39,marktguru-offers
2026-08-30,Kaufland,,Ergüllü Creme,1.99,marktguru-offers
2026-08-30,Kaufland,,Galbani Mascarpone,3.33,marktguru-offers
2026-08-30,Kaufland,,Kiri Dippi,2.79,marktguru-offers
2026-08-30,Kaufland,,Meica Mini Wini Würstchen,3.49,marktguru-offers
2026-08-30,Kaufland,,Authentic Asia Shrimp Wonton Nudelsuppe,1.99,marktguru-offers
2026-08-30,Kaufland,,Snack Master Mikrowellen Pommes,0.99,marktguru-offers
2026-08-30,Kaufland,,Ferrero Nutella Croissant,2.99,marktguru-offers
2026-08-30,Kaufland,,Nordsee Fischspezialitäten,2.49,marktguru-offers
2026-08-30,Kaufland,,Knack & Back Sonntags-Brötchen,1.69,marktguru-offers
2026-08-30,Kaufland,,Tante Fanny Frischer Blech-Pizzateig,1.99,marktguru-offers
2026-08-30,Kaufland,,Mövenpick Sahnepudding,0.69,marktguru-offers
2026-08-30,Kaufland,,Arla Skyr,1.49,marktguru-offers
2026-08-30,Kaufland,,Natrue Drinks Barista,1.99,marktguru-offers
2026-08-30,Kaufland,,Deli Reform Vegan Das Original Margarine,1.29,marktguru-offers
2026-08-30,Kaufland,,Weihenstephan Frische Milch,0.99,marktguru-offers
2026-08-30,Kaufland,,Andechser Natur Bio-Joghurt,1.39,marktguru-offers
2026-08-30,Kaufland,,Voelkel Ingwer-Shot,1.59,marktguru-offers
2026-08-30,Kaufland,,Nucao Crunchy Strawberries,2.29,marktguru-offers
2026-08-30,Kaufland,,HiPP Gute Nacht Bio-Mahlzeit,1.29,marktguru-offers
2026-08-30,Kaufland,,Gepa Bio Schokolade,5.0,marktguru-offers
2026-08-30,Kaufland,,Meica Bio-Saft-Bockwurst,3.49,marktguru-offers
2026-08-30,Kaufland,,Schwarmstedter Bio Lieblings-Puffer,2.22,marktguru-offers
2026-08-30,Kaufland,,Greenforce Veganes Bio-Hack,2.49,marktguru-offers
2026-08-30,Kaufland,,Käserei Oberli Schweizer Rote Hexe,2.29,marktguru-offers
2026-08-30,Kaufland,,Appenzeller Switzerland Kräftig-Würzig,2.22,marktguru-offers
2026-08-30,Kaufland,,Der Spanier Schnittkäse,1.79,marktguru-offers
2026-08-30,Kaufland,,Tête de Moine Schnittkäse,11.99,marktguru-offers
2026-08-30,Kaufland,,thisisnobrand123 Gefüllte Weinblätter,0.89,marktguru-offers
2026-08-30,Kaufland,,thisisnobrand123 Antipasti Creme,0.99,marktguru-offers
2026-08-30,Kaufland,,Meggle Laugen-Baguette Kräuterbutter,0.99,marktguru-offers
2026-08-30,Kaufland,,K-Classic Gouda,1.49,marktguru-offers
2026-08-30,Kaufland,,K-Classic Käse für den Ofen,1.99,marktguru-offers
2026-08-30,Kaufland,,Goldsteig Protinella,1.29,marktguru-offers
2026-08-30,Kaufland,,Pick Original Ungarische Salami,5.99,marktguru-offers
2026-08-30,Kaufland,,Mühlhäuser Thüringer Pflaumenmus,1.69,marktguru-offers
2026-08-30,Kaufland,,Stilfser Südtiroler Käse,1.79,marktguru-offers
2026-08-30,Kaufland,,Kaufland Bäckerei Doppelbrötchen,0.25,marktguru-offers
2026-08-30,Kaufland,,K-To Go Smoothie Vegan,1.0,marktguru-offers
2026-08-30,Kaufland,,Dr. Oetker Löffelglück Bourbon-Vanille-Soße,1.0,marktguru-offers
2026-08-30,Kaufland,,Kaufland Bäckerei Laugenstange,0.33,marktguru-offers
2026-08-30,Kaufland,,Hisense QLED-TV 58Q7S,349.0,marktguru-offers
2026-08-30,Kaufland,,Hawesta Heringsfilets,1.0,marktguru-offers
2026-08-30,Kaufland,,Bürger Maultaschen,1.0,marktguru-offers
2026-08-30,Kaufland,,Kuniboo Kinder Sweatpullover,3.49,marktguru-offers
2026-08-30,Kaufland,,Kidland Kinderhocker,7.99,marktguru-offers
2026-08-30,Kaufland,,Kuniboo Mädchen Tüllrock mit Leggings,4.99,marktguru-offers
2026-08-30,Kaufland,,Vileda Dampfreiniger Steam Plus,49.99,marktguru-offers
2026-08-30,Kaufland,,Vileda Komplett-Set Turbo,29.99,marktguru-offers
2026-08-30,Kaufland,,thisisnobrand123 Mini-Romanasalat,0.79,marktguru-offers
2026-08-30,Kaufland,,thisisnobrand123 Chinakohl,1.29,marktguru-offers
2026-08-30,Kaufland,,Intenso USB-Stick Jet Line,12.99,marktguru-offers
2026-08-30,Kaufland,,Canon Drucker PIXMA TR4756,59.99,marktguru-offers
2026-08-30,Kaufland,,Harry Brot Anno 1688 Klassisch,1.69,marktguru-offers
2026-08-30,Kaufland,,Schöfferhofer Grapefruit Weizen-Mix,3.99,marktguru-offers
2026-08-30,Kaufland,,Bäuerlichen Erzeugergemeinschaft Schwäbisch Hall Wurstspezialitäten,3.99,marktguru-offers
2026-08-30,Kaufland,,Zabler Hochzeit Nudeln,1.0,marktguru-offers
2026-08-30,Kaufland,,Hagen Feinkost Frikadellen,0.79,marktguru-offers
2026-08-30,Kaufland,,K-Bio Bio Nudeln,0.69,marktguru-offers
2026-08-30,Kaufland,,Landana Gouda Holland Pikant,0.89,marktguru-offers
2026-08-30,Lidl,,thisisnobrand123 Radieschen,0.49,marktguru-offers
2026-08-30,Lidl,,thisisnobrand123 Bio-Speisekartoffeln,2.19,marktguru-offers
2026-08-30,Lidl,,thisisnobrand123 Lauchzwiebeln,0.45,marktguru-offers
2026-08-30,Lidl,,thisisnobrand123 Bio-Möhren,1.49,marktguru-offers
2026-08-30,Lidl,,thisisnobrand123 Speisekürbisse Hokkaido,1.39,marktguru-offers
2026-08-30,Lidl,,thisisnobrand123 Nektarinen,2.22,marktguru-offers
2026-08-30,Lidl,,thisisnobrand123 Trauben,1.89,marktguru-offers
2026-08-30,Lidl,,Livarno Home Läufer,9.99,marktguru-offers
2026-08-30,Lidl,,Livarno Home Schmutzfangmatte,1.99,marktguru-offers
2026-08-30,Lidl,,Livarno Home LED-Windlicht,7.99,marktguru-offers
2026-08-30,Lidl,,Livarno Home Deko-Wichtel,4.49,marktguru-offers
2026-08-30,Lidl,,thisisnobrand123 Bepflanzter Korb,6.99,marktguru-offers
2026-08-30,Lidl,,thisisnobrand123 Heidekraut,0.99,marktguru-offers
2026-08-30,Lidl,,thisisnobrand123 Rosen im Topf,9.99,marktguru-offers
2026-08-30,Lidl,,thisisnobrand123 Mandarinen,1.49,marktguru-offers
2026-08-30,Lidl,,Pink Lady Äpfel,2.49,marktguru-offers
2026-08-30,Lidl,,thisisnobrand123 Zitronen,0.99,marktguru-offers
2026-08-30,Lidl,,thisisnobrand123 Birnen,1.69,marktguru-offers
2026-08-30,Lidl,,French Style Flammkuchenschnecken,1.99,marktguru-offers
2026-08-30,Lidl,,French Style Schweineleberterrine,3.49,marktguru-offers
2026-08-30,Lidl,,Duc De Coeur Käse-Aperitifbox,3.99,marktguru-offers
2026-08-30,Lidl,,Duc De Coeur 4 Käserollen,2.99,marktguru-offers
2026-08-30,Lidl,,Duc De Coeur Fisch Teigtaschen,2.99,marktguru-offers
2026-08-30,Lidl,,Duc De Coeur Mini-Eclairs,2.29,marktguru-offers
2026-08-30,Lidl,,Duc De Coeur Premium-Eiscreme,1.99,marktguru-offers
2026-08-30,Lidl,,Milbona Bio-Käsescheiben,1.79,marktguru-offers
2026-08-30,Lidl,,Milbona Käse,1.39,marktguru-offers
2026-08-30,Lidl,,Rheinhessen Wine Lovers Traumpaar Weissburgunder & Grauburgunder,3.99,marktguru-offers
2026-08-30,Lidl,,Perwoll Waschmittel,9.35,marktguru-offers
2026-08-30,Lidl,,Milbona Parmigiano Reggiano,2.79,marktguru-offers
2026-08-30,Lidl,,Rockstar Energy-Drink,0.75,marktguru-offers
2026-08-30,Lidl,,Barilla Pasta,1.29,marktguru-offers
2026-08-30,Lidl,,Barilla Pasta-Sauce,1.49,marktguru-offers
2026-08-30,Lidl,,Milbona Cheddar,1.79,marktguru-offers
2026-08-30,Lidl,,Milbona Butterkäse,1.99,marktguru-offers
2026-08-30,Lidl,,Milbona Gouda Holland,2.99,marktguru-offers
2026-08-30,Lidl,,Milbona Frischkäsebecher,1.19,marktguru-offers
2026-08-30,Lidl,,Pantene Pro-V Shampoo,7.99,marktguru-offers
2026-08-30,Lidl,,Milbona Mascarpone,1.49,marktguru-offers
2026-08-30,Lidl,,Jacobs Kaffeesticks 3-in-1,1.99,marktguru-offers
2026-08-30,Lidl,,Milbona Schmelzkäsezubereitung,1.69,marktguru-offers
2026-08-30,Lidl,,Reis-Fit Risbellis Reis-Cracker,1.19,marktguru-offers
2026-08-30,Lidl,,Galbani Mozzarella Tris,3.33,marktguru-offers
2026-08-30,Lidl,,Gazi Feta,4.99,marktguru-offers
2026-08-30,Lidl,,Cinzano Vermouth Bianco,6.99,marktguru-offers
2026-08-30,Lidl,,Erdbär Freche Freunde Bio Fruchtchips Banane & Erdbeere,2.99,marktguru-offers
2026-08-30,Lidl,,Exquisa Frischkäse XXL,1.59,marktguru-offers
2026-08-30,Lidl,,Giovanni Rana Pfannen-Gnocchi,1.99,marktguru-offers
2026-08-30,Lidl,,Ferrero Kinder Maxi King,1.59,marktguru-offers
2026-08-30,Lidl,,Nadler Sahne Heringfilets XXL,2.79,marktguru-offers
2026-08-30,Lidl,,Femeg Nordsee Schollenfilets,3.99,marktguru-offers
2026-08-30,Lidl,,Costières de Nîmes Vegan Roséwein,4.99,marktguru-offers
2026-08-30,Lidl,,3M Packband,4.99,marktguru-offers
2026-08-30,Lidl,,Alpina Weiß-Universal-Wandfarbe,17.99,marktguru-offers
2026-08-30,Lidl,,Parkside Deckenstütze,12.99,marktguru-offers
2026-08-30,Lidl,,Parkside Multifunktionstisch-Set,33.33,marktguru-offers
2026-08-30,Lidl,,Parkside Maler-Starter-Set,6.99,marktguru-offers
2026-08-30,Lidl,,Gros Manseng Côtes de Gascogne,4.99,marktguru-offers
2026-08-30,Lidl,,Château Dauzac Margaux 5éme Grand Cru Classé,39.99,marktguru-offers
2026-08-30,Lidl,,Bonot Pére & Fils Pinot Noir Tradition,7.99,marktguru-offers
2026-08-30,Lidl,,Plan de Dieu Côtes du Rhône Villages,7.99,marktguru-offers
2026-08-30,Lidl,,Kellerei Kaltern Lagrein Alto Adige,9.99,marktguru-offers
2026-08-30,Lidl,,San Marzano Sessantanni Primitivo di Manduria,17.9,marktguru-offers
2026-08-30,Lidl,,Sansibar Deluxe Corte al Passo Nero D’Avola,6.99,marktguru-offers
2026-08-30,Lidl,,Lenor Wäscheparfüm,5.99,marktguru-offers
2026-08-30,Lidl,,Kellerei Kaltern Sauvignon Alto Adige,9.99,marktguru-offers
2026-08-30,Lidl,,Sileni Estates Cellar Selection Sauvignon Blanc,9.99,marktguru-offers
2026-08-30,Lidl,,thisisnobrand123 Sauvignon Blanc Weißburgunder,4.99,marktguru-offers
2026-08-30,Lidl,,Funny Frisch Sticks,1.19,marktguru-offers
2026-08-30,Lidl,,Milka Pralinés,1.99,marktguru-offers
2026-08-30,Lidl,,Colgate Zahnpasta,4.99,marktguru-offers
2026-08-30,Lidl,,Rauch Bravo,0.79,marktguru-offers
2026-08-30,Lidl,,YFood This is Food Trinkmahlzeit,2.99,marktguru-offers
2026-08-30,Lidl,,Maggi Fix,0.49,marktguru-offers
2026-08-30,Lidl,,Nixe Thunfischfilets,0.99,marktguru-offers
2026-08-30,Lidl,,Nutripur Fruchtsnacks Erdbeere,5.99,marktguru-offers
2026-08-30,Lidl,,Arla Kaergarden Butter,1.39,marktguru-offers
2026-08-30,Lidl,,Brunch Brotaufstrich,1.29,marktguru-offers
2026-08-30,Lidl,,Müller Joghurt mit der Ecke,0.44,marktguru-offers
2026-08-30,Lidl,,thisisnobrand123 Candy Salmon,4.99,marktguru-offers
2026-08-30,Lidl,,Livarno Home Fleece-Plaid,1.79,marktguru-offers
2026-08-30,Lidl,,Juskys Sofa Davos,899.0,marktguru-offers
2026-08-30,Lidl,,Livarno Home Esszimmertisch,89.99,marktguru-offers
2026-08-30,Lidl,,Livarno Living Esszimmerstühle,54.99,marktguru-offers
2026-08-30,Lidl,,Menken Premium Küchenblock,1399.0,marktguru-offers
2026-08-30,Lidl,,Livarno Home LED-Deko Gesteck,4.99,marktguru-offers
2026-08-30,Lidl,,Livarno Home Dekokissen Set Kürbis Bouclé,9.99,marktguru-offers
2026-08-30,Lidl,,Livarno Home Deko-Figur,1.99,marktguru-offers
2026-08-30,Lidl,,Livarno Home LED-Deko,4.49,marktguru-offers
2026-08-30,Lidl,,Livarno Home Deko-Girlande,1.99,marktguru-offers
2026-08-30,Lidl,,Vans Damen-Sneaker,29.99,marktguru-offers
2026-08-30,Lidl,,Vero Moda Damen-Jeans,19.99,marktguru-offers
2026-08-30,Lidl,,Vero Moda Damen T-Shirt,7.99,marktguru-offers
2026-08-30,Lidl,,Vero Moda Damen-Sweatshirt,19.99,marktguru-offers
2026-08-30,Lidl,,Vero Moda Damen Cardigan Doffy,19.99,marktguru-offers
2026-08-30,Lidl,,Roba Höhenverstellbarer Lernturm,59.99,marktguru-offers
2026-08-30,Lidl,,Roba Hochstuhl Sit Up,59.99,marktguru-offers
2026-08-30,Lidl,,BabyGo Autokindersitz Move 360,129.0,marktguru-offers
2026-08-30,Lidl,,Kinderkraft Kinderwagen GRANDE Classic,109.0,marktguru-offers
2026-08-30,Lidl,,Joie Kindersitz i-Trillo FX,69.99,marktguru-offers
2026-08-30,Lidl,,Safety 1st Türschutzgitter,29.99,marktguru-offers
2026-08-30,Lidl,,Vans Rucksack,29.99,marktguru-offers
2026-08-30,Lidl,,Vans Tennissocken  3 Paar,12.99,marktguru-offers
2026-08-30,Lidl,,Jack & Jones Herren Boxer-Shorts 3er-Pack,14.99,marktguru-offers
2026-08-30,Lidl,,Jack & Jones Herren-Jeans,19.99,marktguru-offers
2026-08-30,Lidl,,Jack & Jones Herren T-Shirt,7.99,marktguru-offers
2026-08-30,Lidl,,Parkside Akku-Schrauber,9.99,marktguru-offers
2026-08-30,Lidl,,Parkside Gartenscheren,1.99,marktguru-offers
2026-08-30,Lidl,,Parkside Performance Akku-Kombihammer PKHAP 2034-Li B1,41.99,marktguru-offers
2026-08-30,Lidl,,Esmara Damen Spaghettiträgerhemden 3er Pack,4.79,marktguru-offers
2026-08-30,Lidl,,Esmara Damen Geripptes Bustier,4.99,marktguru-offers
2026-08-30,Lidl,,Esmara Damen Hipster 5 Stück,4.49,marktguru-offers
2026-08-30,Lidl,,Esmara Damen-Slips 5er-Pack,4.49,marktguru-offers
2026-08-30,Lidl,,Esmara Men Boxer 3er,5.49,marktguru-offers
2026-08-30,Lidl,,Esmara Men Feinripp-Achselhemden 3er,7.99,marktguru-offers
2026-08-30,Lidl,,Esmara Damen Achselhemden 3er,7.49,marktguru-offers
2026-08-30,Lidl,,Livarno Home Duftkerze,3.99,marktguru-offers
2026-08-30,Lidl,,Livarno Home LED-Deckenleuchte,14.99,marktguru-offers
2026-08-30,Lidl,,Livarno Home LED-Deko-Häuschen,2.99,marktguru-offers
2026-08-30,Lidl,,Livarno Home Stumpenkerzen,3.29,marktguru-offers
2026-08-30,Lidl,,Livarno Home Duftlichter,1.29,marktguru-offers
2026-08-30,Lidl,,Livarno Home Herbstdeko,9.99,marktguru-offers
2026-08-30,Lidl,,Formil Vollwaschmittel,3.99,marktguru-offers
2026-08-30,Lidl,,Frosta Fertiggericht XXL,4.49,marktguru-offers
2026-08-30,Lidl,,Three Sixty Vodka Original,8.99,marktguru-offers
2026-08-30,Lidl,,Schwip Schwap Limonade,0.66,marktguru-offers
2026-08-30,Lidl,,Solevita Bio Früchteteegetränk Vegan,0.51,marktguru-offers
2026-08-30,Lidl,,thisisnobrand123 Bio Mini Möhren,0.79,marktguru-offers
2026-08-30,Lidl,,Cheestrings Mozzarella Original,1.6,marktguru-offers
2026-08-30,Lidl,,Lord Nelson Bio Tee,1.39,marktguru-offers
2026-08-30,Lidl,,Ferrero Kinder Überraschung,0.99,marktguru-offers
2026-08-30,Lidl,,Lupilu 2 Baby-Jogginghosen,3.99,marktguru-offers
2026-08-30,Lidl,,Lupilu Baby-Hausschuhe,4.99,marktguru-offers
2026-08-30,Lidl,,Lupilu 3 Baby-Bodys,4.99,marktguru-offers
2026-08-30,Lidl,,Lupilu Premium Baby-Wolloverall,24.99,marktguru-offers
2026-08-30,Lidl,,Lupilu Baby-Strickhose,4.99,marktguru-offers
2026-08-30,Lidl,,Lupilu Baby-Strickjacke,4.99,marktguru-offers
2026-08-30,Lidl,,thisisnobrand123 Gemischter Blumenstrauß,6.99,marktguru-offers
2026-08-30,Lidl,,thisisnobrand123 Bunter Strauß,4.99,marktguru-offers
2026-08-30,Lidl,,thisisnobrand123 Grünpflanzenherz,5.99,marktguru-offers
2026-08-30,Lidl,,thisisnobrand123 Chrysanthemen Mehrtrieber,1.49,marktguru-offers
2026-08-30,Lidl,,thisisnobrand123 Astern Trio,1.99,marktguru-offers
2026-08-30,Lidl,,thisisnobrand123 Pampasgras Cortaderia,2.49,marktguru-offers
2026-08-30,Lidl,,thisisnobrand123 Orchidee Phalaenopsis Multiflora,7.99,marktguru-offers
2026-08-30,Lidl,,thisisnobrand123 Heidekraut­ Erica Gracilis,2.19,marktguru-offers
2026-08-30,Lidl,,thisisnobrand123 Chrysanthemen Mehrfarbig,3.99,marktguru-offers
2026-08-30,Lidl,,Korol Premium Vodka,6.66,marktguru-offers
2026-08-30,Lidl,,Claude Chatelier Cognac VSOP,34.99,marktguru-offers
2026-08-30,Lidl,,Pampelle Ruby LʼApéro,17.99,marktguru-offers
2026-08-30,Lidl,,Hennessy Very Special Cognac,29.99,marktguru-offers
2026-08-30,Lidl,,Citadelle Gin,21.99,marktguru-offers
2026-08-30,Lidl,,Pernod Pastis 51 Anis,14.99,marktguru-offers
2026-08-30,Lidl,,Sheba Fresh & Fine,14.99,marktguru-offers
2026-08-30,Lidl,,Heidsieck & Co Monopole Blue Top Champagner Brut,27.99,marktguru-offers
2026-08-30,Lidl,,Sansibar Deluxe Cuvée Prestige Crémant de Bourgogne,9.99,marktguru-offers
2026-08-30,Lidl,,Sagrotan Desinfektion Wäsche-Hygienespüler,5.99,marktguru-offers
2026-08-30,Lidl,,MM Extra Sekt,2.99,marktguru-offers
2026-08-30,Lidl,,Ferrero Kinder Riegel,5.39,marktguru-offers
2026-08-30,Lidl,,Deluxe Kalbs Kotelett,5.75,marktguru-offers
2026-08-30,Lidl,,Felix So gut wie es aussieht Geschmacksvielfalt,22.99,marktguru-offers
2026-08-30,Lidl,,Pril Pure Frische XXL,2.89,marktguru-offers
2026-08-30,Lidl,,Deluxe Dry Aged Rumpsteak,9.99,marktguru-offers
2026-08-30,Lidl,,Ferrero Kinder Schoko-Bons XXL,6.99,marktguru-offers
2026-08-30,Lidl,,Head & Shoulders Anti-Schuppen-Shampoo XXL,9.99,marktguru-offers
2026-08-30,Lidl,,Sondey Waffel-Mischung XXL,2.79,marktguru-offers
2026-08-30,Lidl,,Mister Choc Duo Schoko Creme XXL,3.39,marktguru-offers
2026-08-30,Lidl,,Alesto Erdnüsse XXL,1.29,marktguru-offers
2026-08-30,Lidl,,Freeway Eistee,0.89,marktguru-offers
2026-08-30,Lidl,,Snack Day Tortilla-Chips XXL,1.49,marktguru-offers
2026-08-30,Lidl,,Ferrero Nutella Nuss-Nugat Creme XXL,7.49,marktguru-offers
2026-08-30,Lidl,,Mövenpick Kaffee Der Himmlische,6.49,marktguru-offers
2026-08-30,Lidl,,Loacker Classic XXL,2.99,marktguru-offers
2026-08-30,Lidl,,Crownfield Zarte Haferflocken XXL,1.19,marktguru-offers
2026-08-30,Lidl,,Fin Carre Tafelschokolade,0.99,marktguru-offers
2026-08-30,Lidl,,Lillet Blanc,10.99,marktguru-offers
2026-08-30,Lidl,,thisisnobrand123 Doradenfilets,4.69,marktguru-offers
2026-08-30,Lidl,,Duc De Coeur Mini-Каrtoffelgratins,2.99,marktguru-offers
2026-08-30,Lidl,,Duc De Coeur Briochezopf,2.99,marktguru-offers
2026-08-30,Lidl,,Duc De Coeur Mini Brioche,1.39,marktguru-offers
2026-08-30,Lidl,,Claudel Käsespezialitäten,2.99,marktguru-offers
2026-08-30,Lidl,,Fol Epi Schnittkäse,2.99,marktguru-offers
2026-08-30,Lidl,,Ferrero Mon Chéri,6.99,marktguru-offers
2026-08-30,Lidl,,Duc De Coeur Brioche Brötchen,2.49,marktguru-offers
2026-08-30,Lidl,,Duc De Coeur Wolfsbarsch,9.99,marktguru-offers
2026-08-30,Lidl,,Parkside Performance Akku-Bohrschrauber PPABSS 20 Li A1,59.99,marktguru-offers
2026-08-30,Lidl,,Zündapp E-Bike Trekking Z810 700c,999.0,marktguru-offers
2026-08-30,Lidl,,Duc De Coeur Tartelettes,1.49,marktguru-offers
2026-08-30,Lidl,,Parkside Laser-Entfernungsmesser PLEM 50 D5,17.99,marktguru-offers
2026-08-30,Lidl,,Grey Goose Vodka,29.99,marktguru-offers
2026-08-30,Lidl,,Moët & Chandon Rosé Impérial Champagner,49.99,marktguru-offers
2026-08-30,Lidl,,Duc De Coeur Brioche Chinois,2.19,marktguru-offers
2026-08-30,Lidl,,Duc De Coeur Crêpes,1.99,marktguru-offers
2026-08-30,Lidl,,Duc De Coeur Grand Macarons Vanille-Himbeere,3.99,marktguru-offers
2026-08-30,Lidl,,Philips Heißluftfritteuse Airfryer NA229/00,54.99,marktguru-offers
2026-08-30,Lidl,,Parkside Kreuzlinienlaser PKLL 10 B4,24.99,marktguru-offers
2026-08-30,Lidl,,Toshiba Mikrowelle  MWP-MM20P(BK),59.99,marktguru-offers
2026-08-30,Lidl,,SilverCrest Eismaschine SEMK 210 A1,149.0,marktguru-offers
2026-08-30,Lidl,,Parkside Sicherungsfinder PFF 20 A1,19.99,marktguru-offers
2026-08-30,Lidl,,Parkside Multifunktionsdetektor PMME 5 A1,16.99,marktguru-offers
2026-08-30,Lidl,,Tefal OptiGrill GC7P08,79.99,marktguru-offers
2026-08-30,Lidl,,Parkside Spanplattenschrauben,4.99,marktguru-offers
2026-08-30,Lidl,,SilverCrest Slushy-Maker SESK 210 A1,169.0,marktguru-offers
2026-08-30,Lidl,,Parkside Diamant-Schleiftopf,9.99,marktguru-offers
2026-08-30,Lidl,,Parkside Kontaktloser Spannungsprüfer,5.99,marktguru-offers
2026-08-30,Lidl,,Krups Kaffeevollautomat LattEspress EA8298,369.0,marktguru-offers
2026-08-30,Lidl,,Hohes C All-in-One,1.49,marktguru-offers
2026-08-30,Lidl,,Chio Chips,0.99,marktguru-offers
2026-08-30,Lidl,,Ariel Waschmittel,21.99,marktguru-offers
2026-08-30,Lidl,,Meßmer Tee,1.49,marktguru-offers
2026-08-30,Lidl,,Floralys Küchentücher XXL,4.79,marktguru-offers
2026-08-30,Lidl,,Coshida Katzenstreu,3.49,marktguru-offers
2026-08-30,Lidl,,Zott Sahnejoghurt,0.39,marktguru-offers
2026-08-30,Lidl,,Dallmayr Crema d'Oro,13.99,marktguru-offers
2026-08-30,Lidl,,Dr. Oetker Die Ofenfrische Pizza,1.79,marktguru-offers
2026-08-30,Lidl,,Oreo Kekse,1.29,marktguru-offers
2026-08-30,Lidl,,Rama mit Butter XXL,1.99,marktguru-offers
2026-08-30,Lidl,,Ferrero Hanuta,2.79,marktguru-offers
2026-08-30,Lidl,,Ferrero Kinder Happy Hippo,1.99,marktguru-offers
2026-08-30,Lidl,,Ferrero Kinder Cards,2.29,marktguru-offers
2026-08-30,Lidl,,Ferrero Yogurette,1.29,marktguru-offers
2026-08-30,Lidl,,Nissin Cup Noodles,0.99,marktguru-offers
2026-08-30,Lidl,,Müllermilch,0.79,marktguru-offers
2026-08-30,Lidl,,Milram XXL Käsescheiben,2.89,marktguru-offers
2026-08-30,Lidl,,SilverCrest Küchenhelfer Set 4-tlg.,9.99,marktguru-offers
2026-08-30,Lidl,,SilverCrest Premium-Edelstahltopf,19.99,marktguru-offers
2026-08-30,Lidl,,SilverCrest Premium-Edelstahl-Wok,24.99,marktguru-offers
2026-08-30,Lidl,,SilverCrest Premium-Edelstahl Servierpfanne,19.99,marktguru-offers
2026-08-30,Lidl,,SilverCrest Premium Edelstahlpfanne,14.99,marktguru-offers
2026-08-30,Lidl,,Lidl Backshop Flammkuchen,0.99,marktguru-offers
2026-08-30,Lidl,,Lidl Backshop Mini-Calzone Margherita,1.29,marktguru-offers
2026-08-30,Lidl,,Lidl Backshop Käselaugenstange,1.18,marktguru-offers
2026-08-30,Lidl,,Lidl Backshop Apfel Berliner,3.99,marktguru-offers
2026-08-30,Lidl,,Lidl Backshop Krustenbrot,1.35,marktguru-offers
2026-08-30,Lidl,,Lidl Backshop Nuss-Nougat-Croissant,1.38,marktguru-offers
2026-08-30,Lidl,,Ferrero Kinder Pingui,2.39,marktguru-offers
2026-08-30,Lidl,,Mionetto Prosecco Treviso Brut,6.49,marktguru-offers
2026-08-30,Lidl,,Mangaroca Batida de Coco Liqueur,7.99,marktguru-offers
2026-08-30,Lidl,,Baileys Original Irish Cream Likör,9.99,marktguru-offers
2026-08-30,Lidl,,Tuc Bake Rolls,1.49,marktguru-offers
2026-08-30,Lidl,,Bad Reichenhaller Alpen Jodsalz,2.22,marktguru-offers
2026-08-30,Lidl,,Tillman‘s Toasty,2.79,marktguru-offers
2026-08-30,Lidl,,Dogan Adana Kebab Style,4.99,marktguru-offers
2026-08-30,Lidl,,Milram Frühlings Quark,1.99,marktguru-offers
2026-08-30,Lidl,,TORABHAIG Single Malt Scotch Whisky The Legacy,49.99,marktguru-offers
2026-08-30,Lidl,,Müller Milchreis XXL,0.59,marktguru-offers
2026-08-30,Lidl,,Hela Gewürz-Ketchup,1.49,marktguru-offers
2026-08-30,Lidl,,Ben's Original Express Reis,1.49,marktguru-offers
2026-08-30,Lidl,,Maggi 5 Minuten Terrine,0.99,marktguru-offers
2026-08-30,Lidl,,Torre de Ferro Dão Reserva,29.99,marktguru-offers
2026-08-30,Lidl,,Vegeta Würzmischung,3.33,marktguru-offers
2026-08-30,Lidl,,Büsumer Feinkost Premium Lachssortiment,3.29,marktguru-offers
2026-08-30,Lidl,,Beefeater London Dry Gin,14.99,marktguru-offers
2026-08-30,Lidl,,Maybach Grauer Burgunder,11.99,marktguru-offers
2026-08-30,Lidl,,Dr. Oetker Minikuchen,1.99,marktguru-offers
2026-08-30,Lidl,,Dr. Oetker Intermezzo,1.79,marktguru-offers
2026-08-30,Lidl,,Dovgan Plombir,2.89,marktguru-offers
2026-08-30,Lidl,,Ferrero Nutella-Eiscreme,3.99,marktguru-offers
2026-08-30,Lidl,,Bauer Frucht-Joghurt,0.49,marktguru-offers
2026-08-30,Lidl,,Küstennebel Sternanis Likör,6.99,marktguru-offers
2026-08-30,Lidl,,Glenfarclas Highland Single Malt Scotch Whisky,39.99,marktguru-offers
2026-08-30,Lidl,,Dulano Delikatess Frikadellen,2.99,marktguru-offers
2026-08-30,Lidl,,Nuk Trinkbecher,14.99,marktguru-offers
2026-08-30,Lidl,,Ansmann Mobiles LED-Sternenlicht,12.99,marktguru-offers
2026-08-30,Lidl,,Fisher Price Baby-Aktivitäts-Beißring,4.99,marktguru-offers
2026-08-30,Lidl,,Lupilu Mein erstes Bilder- und Beißbuch,2.99,marktguru-offers
2026-08-30,Lidl,,Bright Starts Baby Aktivitätsspielzeug,2.99,marktguru-offers
2026-08-30,Lidl,,Lupilu 5 Paar Baby Söckchen,2.49,marktguru-offers
2026-08-30,Lidl,,Lupilu Bio Baby-­Schlafoveralls,6.99,marktguru-offers
2026-08-30,Lidl,,Lupilu Baby-Schlafsack,7.99,marktguru-offers
2026-08-30,Lidl,,Cien HydraIntense Tagesund Nachtpflege-Gel,2.95,marktguru-offers
2026-08-30,Lidl,,Milbona Haltbare Fettarme Milch,8.5,marktguru-offers
2026-08-30,Lidl,,Bonduelle Goldmais,2.79,marktguru-offers
2026-08-30,Lidl,,Katjes Fruchtgummi,0.99,marktguru-offers
2026-08-30,Lidl,,Jacobs Kaffee Kapseln,7.49,marktguru-offers
2026-08-30,Lidl,,Ballantines Finest Blended Scotch Whisky,11.99,marktguru-offers
2026-08-30,Lidl,,Coca-Cola Limonade,1.19,marktguru-offers
2026-08-30,Lidl,,Fuze Tea Eistee,1.29,marktguru-offers
2026-08-30,Lidl,,Almondy Daim Schokoladen Torte,4.44,marktguru-offers
2026-08-30,Lidl,,Nestlé Schöller Family Box,1.99,marktguru-offers
2026-08-30,Lidl,,Rougette Ofenkäse,3.99,marktguru-offers
2026-08-30,Lidl,,Alpenhain Camembert Creme,1.49,marktguru-offers
2026-08-30,Lidl,,Duc De Coeur Butterkekse,3.99,marktguru-offers
2026-08-30,Lidl,,Bonot Pére & Fils Chardonnay,3.99,marktguru-offers
2026-08-30,Lidl,,Parkside Werkzeugkoffer,29.99,marktguru-offers
2026-08-30,Lidl,,Parkside Arbeitshosen,6.99,marktguru-offers
2026-08-30,Lidl,,Parkside Akku-Gehölzschneider PAGHS 20-Li A1,34.99,marktguru-offers
2026-08-30,Lidl,,Parkside Herren T-Shirts,4.99,marktguru-offers
2026-08-30,Lidl,,Parkside Ratschen-Set 46-tlg.,11.99,marktguru-offers
2026-08-30,Lidl,,Parkside Bohrer-Bit-Set,4.99,marktguru-offers
2026-08-30,Lidl,,Parkside Performance Arbeits bundhose,14.99,marktguru-offers
2026-08-30,Lidl,,Parkside Performance Akku-Winkelschleifer 20 V PPWSA 20-Li A1,59.99,marktguru-offers
2026-08-30,Lidl,,thisisnobrand123 Monalie Cotes de Provence,5.99,marktguru-offers
2026-08-30,Lidl,,Bonne Maman Konfitüre,2.59,marktguru-offers
2026-08-30,Lidl,,The Kraken Black Spiced Rum,19.99,marktguru-offers
2026-08-30,Lidl,,Genius Haartrockner Invictus Hair D7,59.99,marktguru-offers
2026-08-30,Lidl,,Livarno Home Frottier-Set,12.99,marktguru-offers
2026-08-30,Lidl,,Duc De Coeur Schneckenkuchen,2.49,marktguru-offers
2026-08-30,Lidl,,Duc De Coeur Rührkuchen,2.99,marktguru-offers
2026-08-30,Lidl,,Duc De Coeur Brique Französischer Weichkäse,2.49,marktguru-offers
2026-08-30,Lidl,,Livarno Home Waschbeckenunterschrank Oslo,29.99,marktguru-offers
2026-08-30,Lidl,,Bruichladdich The Classic Laddie Unpeated Islay Single Malt Scotch Whisky,39.99,marktguru-offers
2026-08-30,Lidl,,Livarno Home Bad-Seitenschrank Oslo,29.99,marktguru-offers
2026-08-30,Lidl,,Bowmore Islay Single Malt Scotch Whisky,22.99,marktguru-offers
2026-08-30,Lidl,,Livarno Home Bad-Hochschrank Oslo,44.99,marktguru-offers
2026-08-30,Lidl,,Livarno Home Bad-Spiegelschrank Oslo,39.99,marktguru-offers
2026-08-30,Lidl,,Duc De Coeur Duo Twists,1.39,marktguru-offers
2026-08-30,Lidl,,thisisnobrand123 Côtes du Rhône Villages,2.99,marktguru-offers
2026-08-30,Lidl,,thisisnobrand123 Terres du Midi,2.49,marktguru-offers
2026-08-30,Lidl,,Duc De Coeur Ziegenrolle,1.99,marktguru-offers
2026-08-30,Lidl,,Duc De Coeur Coulommiers de Caractere,3.79,marktguru-offers
2026-08-30,Lidl,,Parkside Nietmutternzange,29.99,marktguru-offers
2026-08-30,Lidl,,Parkside Automatik-Abisolier­ und Crimpzangen-Set,5.99,marktguru-offers
2026-08-30,Lidl,,Laiterie de le Montagne Tomme de Montagne,3.99,marktguru-offers
2026-08-30,Lidl,,Parkside Schraubendreher Set,9.99,marktguru-offers
2026-08-30,Lidl,,Deluxe Crème Brûlée,1.99,marktguru-offers
2026-08-30,Lidl,,Lidanis Pastis,8.99,marktguru-offers
2026-08-30,Lidl,,Duc De Coeur 12 Macarons,3.49,marktguru-offers
2026-08-30,Lidl,,Parkside Rasenkanten,8.99,marktguru-offers
2026-08-30,Lidl,,Parkside Doppelschleifer PDFW 120 B3,24.99,marktguru-offers
2026-08-30,Lidl,,Les Surgelés Eclair,2.99,marktguru-offers
2026-08-30,Lidl,,Parkside Akku 20 V/2 Ah PAP 202 A1,12.99,marktguru-offers
2026-08-30,Lidl,,Parkside Performance Smart-Akku PAPP 204 A1,14.99,marktguru-offers
2026-08-30,Lidl,,Parkside Performance Akku-Drehschlagschrauber PDSSAP 20-Li D3,19.99,marktguru-offers
2026-08-30,Lidl,,Parkside Akku-Bohrschrauber Starterset 20 V PABS 20-Li G8,24.99,marktguru-offers
2026-08-30,Lidl,,Parkside Performance Portabler Arbeitstisch PPUG 1600 A1,89.99,marktguru-offers
2026-08-30,Lidl,,Parkside Performance Benzin-Kettensäge PPBKS 56 A1,149.0,marktguru-offers
2026-08-30,Lidl,,Parkside Performance Hochdruckreiniger PHDP 180 D3,199.0,marktguru-offers
2026-08-30,Lidl,,Parkside Performance Akku-LED-Strahler PPBSTA 20-Li A1,99.99,marktguru-offers
2026-08-30,Lidl,,Crivit Herren Fleece Funktionsshirt,2.99,marktguru-offers
2026-08-30,Lidl,,Crivit Hula-Hoop-Reifen,12.99,marktguru-offers
2026-08-30,Lidl,,Crivit Fitnesszubehör,2.49,marktguru-offers
2026-08-30,Lidl,,Crivit Herren Sweathose,6.29,marktguru-offers
2026-08-30,Lidl,,Crivit Herren Sweatjacke,8.99,marktguru-offers
2026-08-30,Lidl,,Parkside Abbruchhammer PAH 1300 C3,59.99,marktguru-offers
2026-08-30,Lidl,,Parkside Akku-Winkelschleifer PWSA 20-Li G4,49.99,marktguru-offers
2026-08-30,Lidl,,Parkside Wärmebildkamera PWBKA B2 GRS,79.99,marktguru-offers
2026-08-30,Lidl,,Parkside Performance Akku-Kreuzlinienlaser Starterset PKLLP 3360 A1,119.0,marktguru-offers
2026-08-30,Lidl,,Crivit by Jette Sport Fitness- und Yogamatte,5.99,marktguru-offers
2026-08-30,Lidl,,Crivit Damen Socken 5 Paar,1.99,marktguru-offers
2026-08-30,Lidl,,Crivit Damen-Funktionstights,4.99,marktguru-offers
2026-08-30,Lidl,,Crivit Damen Sweathose,6.29,marktguru-offers
2026-08-30,Lidl,,Crivit Damen Fleece Funktionsshirt,2.99,marktguru-offers
2026-08-30,Lidl,,Crivit Damen-Sweatjacke,8.99,marktguru-offers
2026-08-30,Lidl,,Duc De Coeur Quiche Lorraine,2.49,marktguru-offers
2026-08-30,Lidl,,Duc De Coeur Lauchtarte,2.49,marktguru-offers
2026-08-30,Lidl,,Duc De Coeur Zwiebelkuchen,2.49,marktguru-offers
2026-08-30,Lidl,,Duc De Coeur Flammkuchen,1.99,marktguru-offers
2026-08-30,Lidl,,Qeridoo Fahrrad-Anhänger Sportrex 2,299.0,marktguru-offers
2026-08-30,Lidl,,Zündapp E-Bike City,999.0,marktguru-offers
2026-08-30,Lidl,,"Zündapp E-Bike Mountainbike 27,5",999.0,marktguru-offers
2026-08-30,Lidl,,Fischerstolz Norwegische Lachsfiletportion,4.79,marktguru-offers
2026-08-30,Lidl,,Deluxe Kalbsleber,6.79,marktguru-offers
2026-08-30,Lidl,,Fischerstolz White Tiger Garnelen XXL,5.99,marktguru-offers
2026-08-30,Lidl,,Smartwares Rauchwarnmelder RM520,5.99,marktguru-offers
2026-08-30,Lidl,,Parkside LED-Baustrahler PBBK 4 B1,8.99,marktguru-offers
2026-08-30,Lidl,,Parkside Isolier Lunchbehälter,7.99,marktguru-offers
2026-08-30,Lidl,,Parkside Performance LED-Arbeitsstrahler PALS 100 A1,59.99,marktguru-offers
2026-08-30,Lidl,,Parkside Sturmfeuerzeug,1.99,marktguru-offers
2026-08-30,Lidl,,Parkside Kabelbinder-Set,2.49,marktguru-offers
2026-08-30,Lidl,,Parkside Wand- und Deckenschleifer PWDS 920 E5,79.99,marktguru-offers
2026-08-30,Lidl,,Parkside Renovierungshelfer,2.49,marktguru-offers
2026-08-30,Lidl,,Parkside Malervlies,5.99,marktguru-offers
2026-08-30,Lidl,,Parkside Reparatursortiment,1.99,marktguru-offers
2026-08-30,Lidl,,Parkside Trockenbau-Handschleifer-Set,9.99,marktguru-offers
2026-08-30,Lidl,,Parkside Plattenträger,4.99,marktguru-offers
2026-08-30,Lidl,,Parkside Gipskarton-Klappstichsäge,4.99,marktguru-offers
2026-08-30,Lidl,,Parkside Blockhobel und Schaber,4.99,marktguru-offers
2026-08-30,Lidl,,Parkside Gipskarton Kantenhobel,4.99,marktguru-offers
2026-08-30,Lidl,,Vita D'or Bio Natives Kokosnussöl Vegan,4.39,marktguru-offers
2026-08-30,Lidl,,Crownfield Bio Dinkel Hafer Müsli Frücht,3.29,marktguru-offers
2026-08-30,Lidl,,Vemondo Veganer Bio Mandeldrink,1.35,marktguru-offers
2026-08-30,Lidl,,Golden Sun Bio Rote Linsen,1.45,marktguru-offers
2026-08-30,Lidl,,Milbona Bio Joghurt mit Knuspermüsli,0.95,marktguru-offers
2026-08-30,Lidl,,Baresa Gehackte Tomaten,0.65,marktguru-offers
2026-08-30,Lidl,,Milbona Speisequark,0.99,marktguru-offers
2026-08-30,Lidl,,Milbona Bio Cremiger Joghurt,1.79,marktguru-offers
2026-08-30,Lidl,,Chef Select Bio Hummus Vegan,1.49,marktguru-offers
2026-08-30,Lidl,,Nautica Bio-Räucherlachs,3.99,marktguru-offers
2026-08-30,Lidl,,Solevita Bio Koffein Shot Vegan,1.29,marktguru-offers
2026-08-30,Lidl,,Dilek Polenta,1.99,marktguru-offers
2026-08-30,Lidl,,Dilek Getrocknete Früchte,3.29,marktguru-offers
2026-08-30,Lidl,,Deluxe Törtchen,4.99,marktguru-offers
2026-08-30,Lidl,,Efe Raki Gold,16.99,marktguru-offers
2026-08-30,Lidl,,Alesto Cranberries XXL,1.99,marktguru-offers
2026-08-30,Lidl,,Alesto Walnuss­kerne XXL,5.99,marktguru-offers
2026-08-30,Lidl,,Alesto Cashewkerne XXL,2.99,marktguru-offers
2026-08-30,Lidl,,Alesto Pistazien XXL,5.99,marktguru-offers
2026-08-30,Lidl,,Ömür Hirtenkäse,6.49,marktguru-offers
2026-08-30,Lidl,,Gazi Tulum Nomadenkäse,4.49,marktguru-offers
2026-08-30,Lidl,,Gazi Schafkäse,1.0,marktguru-offers
2026-08-30,Lidl,,Dilek Çiğ Köfte,1.99,marktguru-offers
2026-08-30,Lidl,,1001 Delights Ziegenkäse,5.99,marktguru-offers
2026-08-30,Lidl,,1001 Delights Sahnejoghurt,2.19,marktguru-offers
2026-08-30,Lidl,,1001 Delights Hummus Classic XXL,0.99,marktguru-offers
2026-08-30,Lidl,,1001 Delights Dürüm Wraps,2.49,marktguru-offers
2026-08-30,Lidl,,1001 Delights Falafel,1.79,marktguru-offers
2026-08-30,Lidl,,Parkside Outdoor-Kehrgarnitur,4.99,marktguru-offers
2026-08-30,Lidl,,Parkside Pflanzenroller,2.99,marktguru-offers
2026-08-30,Lidl,,Parkside Pflanzenschutz Vlieshaube XXL,9.99,marktguru-offers
2026-08-30,Lidl,,Parkside Pflanzenschutz-Vlieshauben,6.99,marktguru-offers
2026-08-30,Lidl,,3M Gewebe-Klebeband,2.99,marktguru-offers
2026-08-30,Lidl,,Parkside Außenbesen,5.99,marktguru-offers
2026-08-30,Lidl,,thisisnobrand123 Double Cheeseburger,9.99,marktguru-offers
2026-08-30,Lidl,,Fischerstolz Knusper-Backfisch XXL,5.49,marktguru-offers
2026-08-30,Lidl,,van Volxem & Friends Handverlesen Riesling,6.99,marktguru-offers
2026-08-30,Lidl,,Parkside Elektro Messerhäcksler PEMH 2400 B2,49.99,marktguru-offers
2026-08-30,Lidl,,Parkside Messerhäcksler,4.99,marktguru-offers
2026-08-30,Lidl,,Parkside Gartenwerkzeuge,7.99,marktguru-offers
2026-08-30,Lidl,,thisisnobrand123 BACARDI Carta Blanca & COCA-COLA,10.99,marktguru-offers
2026-08-30,Lidl,,Ramazzotti Amaro,9.99,marktguru-offers
2026-08-30,Lidl,,Malibu Cocktails,1.99,marktguru-offers
2026-08-30,Lidl,,Coca-Cola Cola,8.49,marktguru-offers
2026-08-30,Lidl,,Monster Energy Energy Drink,0.89,marktguru-offers
2026-08-30,Lidl,,Funny Frisch Ofen Chips,1.11,marktguru-offers
2026-08-30,Lidl,,Hosta Mr. Tom Vegan Riegel,1.29,marktguru-offers
2026-08-30,Lidl,,Danone Actimel XXL,3.33,marktguru-offers
2026-08-30,Lidl,,Bayernkrone Butter,0.99,marktguru-offers
2026-08-30,Lidl,,Langnese Cremissimo Eis,1.99,marktguru-offers
2026-08-30,Lidl,,Nestlé Schöller Eis,1.99,marktguru-offers
2026-08-30,Lidl,,Rowenta Akku-Stielsauger,99.99,marktguru-offers
2026-08-30,Lidl,,Ecovacs Saug- und Wischroboter,169.0,marktguru-offers
2026-08-30,Lidl,,Dirt Devil Bodenstaubsauger,59.99,marktguru-offers
2026-08-30,Lidl,,Bosch Bodenstaubsauger BGDS2BAL,99.99,marktguru-offers
2026-08-30,Lidl,,SilverCrest Hand-Dampfreiniger SDR 1050 D2,19.99,marktguru-offers
2026-08-30,Lidl,,SilverCrest Akku-Polster- und Teppichreinigungsgerät SPRA 20 A1,99.99,marktguru-offers
2026-08-30,Lidl,,Esmara Damen-Stiefeletten,19.99,marktguru-offers
2026-08-30,Lidl,,Esmara Damen-Gerippter Pyjama,9.99,marktguru-offers
2026-08-30,Lidl,,Esmara Herren Lightweight-Weste,12.99,marktguru-offers
2026-08-30,Lidl,,Esmara Damen Hose,9.99,marktguru-offers
2026-08-30,Lidl,,Esmara Damen-Trenchjacke,17.99,marktguru-offers
2026-08-30,Lidl,,Esmara Herren-Cord-Freizeithemd,12.99,marktguru-offers
2026-08-30,Lidl,,Esmara Damen-Blazer,14.99,marktguru-offers
2026-08-30,Lidl,,Esmara Damen Bomberjacke,12.99,marktguru-offers
2026-08-30,Lidl,,thisisnobrand123 Germini Bund,1.99,marktguru-offers
2026-08-30,Lidl,,thisisnobrand123 Chrysanthemen Strauß,2.49,marktguru-offers
2026-08-30,Lidl,,thisisnobrand123 Heidekraut Calluna,6.99,marktguru-offers
2026-08-30,Lidl,,thisisnobrand123 Herbstpflanzenmix,5.99,marktguru-offers
2026-08-30,Lidl,,thisisnobrand123 Heidekraut Calluna Vulgaris,0.99,marktguru-offers
2026-08-30,Lidl,,thisisnobrand123 Blumenzwiebel-Highlights,1.99,marktguru-offers
2026-08-30,Lidl,,thisisnobrand123 Edler Tulpenmix Ton in Ton,4.99,marktguru-offers
2026-08-30,Lidl,,thisisnobrand123 Hollandische Blumenzwiebeln,1.29,marktguru-offers
2026-08-30,Lidl,,Géramont Weichkäse,2.29,marktguru-offers
2026-08-30,Lidl,,Grants Triple Wood Blended Scotch Whisky,9.99,marktguru-offers
2026-08-30,Lidl,,Gerolsteiner Mineralwasser Medium,0.89,marktguru-offers
2026-08-30,Lidl,,Somersby Zero Apple Cider,1.11,marktguru-offers
2026-08-30,Lidl,,Arizona Iced Tea XXL,1.39,marktguru-offers
2026-08-30,Lidl,,Hohes C Vitaminshots,1.99,marktguru-offers
2026-08-30,Lidl,,Milram Buttermilch-Drink,1.29,marktguru-offers
2026-08-30,Lidl,,Original Wagner Steinofen-Pizza,3.49,marktguru-offers
2026-08-30,Lidl,,Parkside Gartengeräte,5.99,marktguru-offers
2026-08-30,Lidl,,thisisnobrand123 Chicken Crispies,8.49,marktguru-offers
2026-08-30,Lidl,,Esmara Automatik-Partnerschirm,7.99,marktguru-offers
2026-08-30,Lidl,,Esmara Men Cargohose,12.99,marktguru-offers
2026-08-30,Lidl,,Esmara Men Strickfleece-Jacke,9.99,marktguru-offers
2026-08-30,Lidl,,Esmara MEN Regenparka,17.99,marktguru-offers
2026-08-30,Lidl,,thisisnobrand123 Plüschtier Shappulus,4.99,marktguru-offers
2026-08-30,Lidl,,Esmara KIDS Socken 7 Paar,3.59,marktguru-offers
2026-08-30,Lidl,,Lidl Backshop Pizza Donut Margherita,0.99,marktguru-offers
2026-08-30,Lidl,,Lidl Backshop Bio Vollkorn-Körner­-Krusti,0.98,marktguru-offers
2026-08-30,Lidl,,Lidl Backshop Weltmeisterbrötchen,0.78,marktguru-offers
2026-08-30,Lidl,,Esmara Kids Jeans,4.99,marktguru-offers
2026-08-30,Lidl,,Esmara KIDS Leggings,4.29,marktguru-offers
2026-08-30,Lidl,,thisisnobrand123 Kinderbuch Shappulus,9.99,marktguru-offers
2026-08-30,Lidl,,Lidl Backshop Apfeltasche,1.38,marktguru-offers
2026-08-30,Lidl,,Esmara KIDS Sweatpullover,7.99,marktguru-offers
2026-08-30,Lidl,,thisisnobrand123 Pak Choi,1.49,marktguru-offers
2026-08-30,Lidl,,Parkside Herren-Overshirt,14.99,marktguru-offers
2026-08-30,Lidl,,Parkside Herren Arbeitslatzhose,14.99,marktguru-offers
2026-08-30,Lidl,,Parkside Performance Herren Jeans-Arbeitsbundhose,9.99,marktguru-offers
2026-08-30,Lidl,,thisisnobrand123 Kopfsalat,1.39,marktguru-offers
2026-08-30,Lidl,,thisisnobrand123 Schalotten,1.49,marktguru-offers
2026-08-30,Lidl,,Hampstead London Dry Gin,9.99,marktguru-offers
2026-08-30,Lidl,,thisisnobrand123 Suppengrün,1.99,marktguru-offers
2026-08-30,Lidl,,Parkside Akku-Multifunktions­werkzeug PAMFW 20-Li C3,24.99,marktguru-offers
2026-08-30,Lidl,,thisisnobrand123 Chinakohl,1.99,marktguru-offers
2026-08-30,Lidl,,Weingut Rainer Bauer Riesling Weißburgunder,6.29,marktguru-offers
2026-08-30,Lidl,,thisisnobrand123 Knoblauch,0.99,marktguru-offers
2026-08-30,Lidl,,Eckerts Wacholder Brennerei Superb Vodka Doppelmagnum,29.99,marktguru-offers
2026-08-30,Lidl,,thisisnobrand123 Bananen,1.29,marktguru-offers
2026-08-30,Lidl,,Esmara Damen-Leggings,3.49,marktguru-offers
2026-08-30,Lidl,,Túnel de Mallorca Mezcladas,9.99,marktguru-offers
2026-08-30,Lidl,,Taittinger Réserve Champagner,42.99,marktguru-offers
2026-08-30,Lidl,,Esmara Damen Thermo-Leggings,1.49,marktguru-offers
2026-08-30,Lidl,,TCL Mini-LED-TV 55C61KS,279.0,marktguru-offers
2026-08-30,Lidl,,Comte de Senneval Brut Millésime,21.99,marktguru-offers
2026-08-30,Lidl,,thisisnobrand123 Kaktusfeigen,1.79,marktguru-offers
2026-08-30,Lidl,,Esmara Damen Strickkleid,9.99,marktguru-offers
2026-08-30,Lidl,,Esmara Damen Strickpullover,7.99,marktguru-offers
2026-08-30,Lidl,,Esmara Damen Weste,8.99,marktguru-offers
2026-08-30,Lidl,,Diplomatico Reserva Exclusiva,29.99,marktguru-offers
2026-08-30,Lidl,,Vale Tablet V10E LTE 464,59.99,marktguru-offers
2026-08-30,Lidl,,thisisnobrand123 Malblock,3.99,marktguru-offers
2026-08-30,Lidl,,Aberfeldy Highland Single Malt Scotch Whisky 16 Jahre,59.99,marktguru-offers
2026-08-30,Lidl,,Lupilu Kinder Funktionshose,6.99,marktguru-offers
2026-08-30,Lidl,,Lupilu Kinder-Sweatkleid,5.99,marktguru-offers
2026-08-30,Lidl,,Lupilu Kinder Funktionsjacke,6.99,marktguru-offers
2026-08-30,Lidl,,Lupilu Kinder Leggings,3.29,marktguru-offers
2026-08-30,Lidl,,Lupilu Kinder Sweatpullover,3.99,marktguru-offers
2026-08-30,Lidl,,Lupilu Kinder Sweathose,3.99,marktguru-offers
2026-08-30,Lidl,,Aberfeldy Highland Single Malt Scotch Whisky 12 Jahre,29.99,marktguru-offers
2026-08-30,Lidl,,Dilek Helva,2.99,marktguru-offers
2026-08-30,Lidl,,Grasovka Bisongrass Vodka,9.99,marktguru-offers
2026-08-30,Lidl,,1001 Delights Baklava-Sortiment,3.99,marktguru-offers
2026-08-30,Lidl,,Parkside Benzin-Rucksacklaubbläser PBRLB 52 A1,99.99,marktguru-offers
2026-08-30,Lidl,,Crelando Pin und Peg Board,6.99,marktguru-offers
2026-08-30,Lidl,,Crelando Ordner,1.69,marktguru-offers
2026-08-30,Lidl,,Livarno Home Monitorerhöhung,7.99,marktguru-offers
2026-08-30,Lidl,,Parkside Benzin-Sense PBS 2 F6,79.99,marktguru-offers
2026-08-30,Lidl,,Livarno Home Stehhilfe,49.99,marktguru-offers
2026-08-30,Lidl,,Parkside Spaten-Set,17.99,marktguru-offers
2026-08-30,Lidl,,Freeway Cola,0.29,marktguru-offers
2026-08-30,Lidl,,Livarno Lux LED-Lichtband,3.99,marktguru-offers
2026-08-30,Lidl,,Livarno Home Memory-Foam-Steißbeinkissen,7.99,marktguru-offers
2026-08-30,Lidl,,Parkside Performance Akku-Heckenschere PPAHS 40 A1,79.99,marktguru-offers
2026-08-30,Lidl,,1001 Delights Börek-Rolls,2.99,marktguru-offers
2026-08-30,Lidl,,Breckle Matratze Pro Somna TFK,169.0,marktguru-offers
2026-08-30,Lidl,,Gazi Grill- und Pfannenkäse,1.99,marktguru-offers
2026-08-30,Lidl,,Livarno Home Topper,79.99,marktguru-offers
2026-08-30,Lidl,,Parkside Akku-Schlagbohrschrauber 20 V PSBSA 20­Li E4,19.99,marktguru-offers
2026-08-30,Lidl,,Dilek Gerösteter Mais,0.99,marktguru-offers
2026-08-30,Lidl,,Mekka Dates Datteln,1.99,marktguru-offers
2026-08-30,Lidl,,Suntat Gefüllte Weinblätter Vegan,1.99,marktguru-offers
2026-08-30,Lidl,,1001 Delights Gelee-Würfel,1.99,marktguru-offers
2026-08-30,Lidl,,Dilek Doppelkeks,2.79,marktguru-offers
2026-08-30,Lidl,,Dilek Teigblätter,1.99,marktguru-offers
2026-08-30,Lidl,,1001 Delights Sonnenblumenkerne,0.99,marktguru-offers
2026-08-30,Lidl,,1001 Delights Kürbiskerne,1.99,marktguru-offers
2026-08-30,Lidl,,Livarno Home Tagesdecke,9.99,marktguru-offers
2026-08-30,Lidl,,Dilek Twist’n’Taste Waffelröllchen,1.49,marktguru-offers
2026-08-30,Lidl,,1001 Delights Steinofen-pizza Döner-Art,2.49,marktguru-offers
2026-08-30,Lidl,,Livarno Home Kuscheldecke,7.99,marktguru-offers
2026-08-30,Lidl,,1001 Delights Geflügelfleischbällchen,2.79,marktguru-offers
2026-08-30,Lidl,,Livarno Home Matratzenauflage,19.99,marktguru-offers
2026-08-30,Lidl,,Mumm & Co. Dry Jahrgangssekt,3.69,marktguru-offers
2026-08-30,Lidl,,Livarno Home Polsterbank,59.99,marktguru-offers
2026-08-30,Lidl,,Granini Die Limo,1.11,marktguru-offers
2026-08-30,Lidl,,Dallmayr Prodomo Kaffee,6.49,marktguru-offers
2026-08-30,Lidl,,Zündapp City-E-Bike Z510,899.0,marktguru-offers
2026-08-30,Lidl,,Luxxon E-Roller E3000,1499.0,marktguru-offers
2026-08-30,Lidl,,Hewlett Packard (HP) HP Office-Jet 4655 All-in-One-Drucker,39.99,marktguru-offers
2026-08-30,Lidl,,Esmara Herren Jeans,8.99,marktguru-offers
2026-08-30,Lidl,,"Zündapp E-Bike 27,5er Mountainbike X900",1449.0,marktguru-offers
2026-08-30,Lidl,,BIC Schreibwaren Sortiment,1.79,marktguru-offers
2026-08-30,Lidl,,Lay's Chips,0.99,marktguru-offers
2026-08-30,Lidl,,thisisnobrand123 Druckerpatronen,4.99,marktguru-offers
2026-08-30,Lidl,,Telefunken E-Scooter Synergie S 950,599.0,marktguru-offers
2026-08-30,Lidl,,Hewlett Packard (HP) Drucker-/Kopierpapier,3.99,marktguru-offers
2026-08-30,Lidl,,JBL Bluetooth-Lautsprecher Clip 5,49.99,marktguru-offers
2026-08-30,Lidl,,Corte Alle Mura Vernaccia di San Gimignano,29.99,marktguru-offers
2026-08-30,Lidl,,Tronic Thermo-Label-Printer,16.99,marktguru-offers
2026-08-30,Lidl,,1001 Delights Kebabsauce,1.99,marktguru-offers
2026-08-30,Lidl,,thisisnobrand123 Identità Primitivo di Manduria,39.99,marktguru-offers
2026-08-30,Lidl,,1001 Delights Fertiggericht,2.49,marktguru-offers
2026-08-30,Lidl,,Esmara Damen Jeans,9.99,marktguru-offers
2026-08-30,Lidl,,Esmara Damen Wide-Leg Jeanshose,12.99,marktguru-offers
2026-08-30,Lidl,,UHU Klebstoffsortiment,2.49,marktguru-offers
2026-08-30,Lidl,,Parkside Akku-Teleskop-Astschere PATA 20-Li A1,49.99,marktguru-offers
2026-08-30,Lidl,,Crelando Notizbuch,1.69,marktguru-offers
2026-08-30,Lidl,,Crelando Versandtaschen,0.99,marktguru-offers
2026-08-30,Lidl,,Sansibar Deluxe Pinot Grigio delle Venezie,6.99,marktguru-offers
2026-08-30,Lidl,,1001 Delights Pide Fertigteiggericht,2.49,marktguru-offers
2026-08-30,Lidl,,Boekoenhoutskloof The Chocolate Block,21.99,marktguru-offers
2026-08-30,Lidl,,Esmara Damen-Jeggings,6.99,marktguru-offers
2026-08-30,Lidl,,1001 Delights Hähnchen Geschnetzeltes,5.99,marktguru-offers
2026-08-30,Lidl,,Edding Glanzlackmarker,2.49,marktguru-offers
2026-08-30,Lidl,,1001 Delights Kebab Style-Pfanne,5.39,marktguru-offers
2026-08-30,Lidl,,thisisnobrand123 River Terrace Sauvignon Blanc Reserve Blush,7.99,marktguru-offers
2026-08-30,Lidl,,Tronic Akkus,3.99,marktguru-offers
2026-08-30,Lidl,,Esmara Herren Jeanshemd,9.99,marktguru-offers
2026-08-30,Lidl,,Tronic Powerbank,5.99,marktguru-offers
2026-08-30,Lidl,,thisisnobrand123 Candy Floss Zuckerwatte,1.99,marktguru-offers
2026-08-30,Lidl,,1001 Delights Dönerbrot vegan,1.39,marktguru-offers
2026-08-30,Lidl,,SilverCrest Heißluftfritteuse,49.99,marktguru-offers
2026-08-30,Lidl,,1001 Delights Hähnchen-Kebab,3.99,marktguru-offers
2026-08-30,Lidl,,Milka Schokolade,2.99,marktguru-offers
2026-08-30,Lidl,,Kerrygold Extra XXL,2.66,marktguru-offers
2026-08-30,Lidl,,SilverCrest Mikrowelle,69.99,marktguru-offers
2026-08-30,Lidl,,Parkside Amboss-Heckenschere,12.99,marktguru-offers
2026-08-30,Lidl,,Capri Sun Säfte,2.99,marktguru-offers
2026-08-30,Lidl,,Landliebe Haltbare Landmilch,0.95,marktguru-offers
2026-08-30,Lidl,,Parkside Gartengroßgerät,7.99,marktguru-offers
2026-08-30,Lidl,,Weißer Riese Waschmittelgel,11.99,marktguru-offers
2026-08-30,Lidl,,Somat Geschirrreiniger-Tabs,11.95,marktguru-offers
2026-08-30,Lidl,,Parkside Ambossschere,3.99,marktguru-offers
2026-08-30,Lidl,,Melitta Barista,11.99,marktguru-offers
2026-08-30,Lidl,,Parkside Pop-up Gartenabfallsack,3.49,marktguru-offers
2026-08-30,Lidl,,Parkside Holzspalter,19.99,marktguru-offers
2026-08-30,Lidl,,Milka Riegel,1.99,marktguru-offers
2026-08-30,Lidl,,Gazi Kasar Peyniri Schnittkäse,3.99,marktguru-offers
2026-08-30,Lidl,,1001 Delights Sonnenblumenöl,7.99,marktguru-offers
2026-08-30,Lidl,,Suntat Tel Peyniri Zupfkäse,3.49,marktguru-offers
2026-08-30,Lidl,,1001 Delights Zupfkäse,4.99,marktguru-offers
2026-08-30,Lidl,,1001 Delights Mini Käseschnecken,3.79,marktguru-offers
2026-08-30,Lidl,,SilverCrest Ice Shaver Slushy,24.99,marktguru-offers
2026-08-30,Lidl,,Hirtenstolz Lamm Vorderviertel,10.99,marktguru-offers
2026-08-30,Lidl,,SilverCrest Heißluftfritteuse SHFD 1000 A1,19.99,marktguru-offers
2026-08-30,Lidl,,SilverCrest EdelstahlIsolierbecher,6.99,marktguru-offers
2026-08-30,Lidl,,SilverCrest Silikon-Backform,2.69,marktguru-offers
2026-08-30,Lidl,,Bahlsen Pick Up!,1.99,marktguru-offers
2026-08-30,Lidl,,SilverCrest Silikon-Formen-Set,4.99,marktguru-offers
2026-08-30,Lidl,,Nestlé Minis,2.49,marktguru-offers
2026-08-30,Lidl,,Mister Choc Schoko-Bananen,1.99,marktguru-offers
2026-08-30,Lidl,,Valensina Kids Saft,0.88,marktguru-offers
2026-08-30,Lidl,,Purina Gourmet Gold Feine Pastete Katzennahrung,17.99,marktguru-offers
2026-08-30,Lidl,,SilverCrest Glas-Heißluftfritteuse SHFDG 1500,59.99,marktguru-offers
2026-08-30,Lidl,,Barilla Mulino Bianco Gebäck,2.22,marktguru-offers
2026-08-30,Lidl,,SilverCrest Glas-Frischhaltedosenset,7.99,marktguru-offers
2026-08-30,Lidl,,Krups Kaffeevollautomat Sensation EA910A10,333.0,marktguru-offers
2026-08-30,Lidl,,Ehrmann High Protein Pudding,0.99,marktguru-offers
2026-08-30,Lidl,,SilverCrest Digitaler Kontaktgrill SKGB 2000 A1,89.99,marktguru-offers
2026-08-30,Lidl,,Ehrmann Almighurt,0.39,marktguru-offers
2026-08-30,Lidl,,Combino Spaghetti,0.59,marktguru-offers
2026-08-30,Lidl,,Fischerstolz Norwegische Lachsfiletportionen,15.99,marktguru-offers
2026-08-30,Lidl,,Lidl Backshop Nuss Nougat Berliner,0.59,marktguru-offers
2026-08-30,Lidl,,Lidl Backshop Laugeneck,1.7,marktguru-offers
2026-08-30,Lidl,,SilverCrest Gusseisen-Pizzaplatte,12.99,marktguru-offers
2026-08-30,Lidl,,Dovgan Taschki Pelmeni,5.99,marktguru-offers
2026-08-30,Lidl,,Lidl Backshop Buttercroissant,0.98,marktguru-offers
2026-08-30,Lidl,,Langnese Magnum Eis,2.99,marktguru-offers
2026-08-30,Lidl,,Rauch Möbel Orange Drehtürenschrank Alabama,639.0,marktguru-offers
2026-08-30,Lidl,,SilverCrest Gusseisen-Brotbackform,19.99,marktguru-offers
2026-08-30,Lidl,,Tronic USB-Ladestation,11.99,marktguru-offers
2026-08-30,Lidl,,Dunlopillo Premium 4-Jahreszeiten-Bettdecke Life,59.99,marktguru-offers
2026-08-30,Lidl,,Tronic Funkmaus,4.99,marktguru-offers
2026-08-30,Lidl,,SilverCrest Messer-Set,5.99,marktguru-offers
2026-08-30,Lidl,,Dunlopillo Premium Ganzjahres-Bettdecke Life,34.99,marktguru-offers
2026-08-30,Lidl,,Fackelmann Silikon-Topfgriffhüllen-Set,3.49,marktguru-offers
2026-08-30,Lidl,,Dunlopillo Premium Kopfkissen Life,19.99,marktguru-offers
2026-08-30,Lidl,,Livarno Home Schreibtisch,49.99,marktguru-offers
2026-08-30,Lidl,,Tronic Knopfzellen,0.89,marktguru-offers
2026-08-30,Lidl,,Tefal Schnellkochtopf Secure Click,49.99,marktguru-offers
2026-08-30,Lidl,,Lupilu Kleinkinder-Socken 7 Paar,2.99,marktguru-offers
2026-08-30,Lidl,,Lupilu Kinder-Jeggings,4.99,marktguru-offers
2026-08-30,Lidl,,Lupilu Denimjogger,3.49,marktguru-offers
2026-08-30,Lidl,,Lupilu Premium Softshelljacke,12.99,marktguru-offers
2026-08-30,Lidl,,Lupilu Kinder Feinstrickpullover,6.99,marktguru-offers
2026-08-30,Lidl,,Lupilu Kinder-Pyjama,4.49,marktguru-offers
2026-08-30,Lidl,,Parkside Akku-Gehölzschneider PAGHS 20-Li C4,34.99,marktguru-offers
2026-08-30,Lidl,,Parkside Performance  Akku-Turbinenlaubbläser PPATLB 40 A1,49.99,marktguru-offers
2026-08-30,Lidl,,Parkside Akku-Kettensäge PAKS 20-Li F5,49.99,marktguru-offers
2026-08-30,Lidl,,Parkside Akku-Rasentrimmer PRTA 20-Li D3,24.99,marktguru-offers
2026-08-30,Lidl,,Parkside Akku-Heckenschere PHSA 20-Li D4,24.99,marktguru-offers
2026-08-30,Lidl,,Milbona Fruchtjoghurt,0.59,marktguru-offers
2026-08-30,Lidl,,Milbona Schlagsahne,1.19,marktguru-offers
2026-08-30,Lidl,,Milbona Süßrahmbutter,2.69,marktguru-offers
2026-08-30,Lidl,,SilverCrest Premium-Gusseisengrillpfanne,14.99,marktguru-offers
2026-08-30,Lidl,,Floralys Toilettenpapier XXL,7.49,marktguru-offers
2026-08-30,Lidl,,Henkel WC Frisch Kraft Aktiv Lemon XXL,6.95,marktguru-offers
2026-08-30,Lidl,,Surig Essig-Essenz,1.11,marktguru-offers
2026-08-30,Lidl,,Dovgan Family Körniger Frischkäse XXL,2.69,marktguru-offers
2026-08-30,Lidl,,SilverCrest Gusseisen-Servierpfanne 25cm,29.99,marktguru-offers
2026-08-30,Lidl,,Arla Finello XXL,1.99,marktguru-offers
2026-08-30,Lidl,,Nauticа Norwegischer Räucherlachs XXL,5.69,marktguru-offers
2026-08-30,Lidl,,SilverCrest Gusseisen-Bräter,29.99,marktguru-offers
2026-08-30,Lidl,,Rügenwalder Mühle Vegetarischer Aufschnitt,5.99,marktguru-offers
2026-08-30,Lidl,,SilverCrest Gusseisentopf  26 cm,29.99,marktguru-offers
2026-08-30,Lidl,,SilverCrest Gusseisentopf-Set 3-tlg.,49.99,marktguru-offers
2026-08-30,Lidl,,Chef Select Lasagne Bolognese XXL,3.99,marktguru-offers
2026-08-30,Lidl,,Parkside Abflammgerät,29.99,marktguru-offers
2026-08-30,Lidl,,Chef Select Gefüllte Knusperrollen XXL,3.99,marktguru-offers
2026-08-30,Lidl,,Parkside Elektro-Laubsauger und -bläser PELSB 2600 A1,34.99,marktguru-offers
2026-08-30,Lidl,,Blend-a-Med Zahncreme,1.59,marktguru-offers
2026-08-30,Lidl,,Oral-B Aufsteckbürsten Pro Precision Clean,26.99,marktguru-offers
2026-08-30,Lidl,,Oral-B Pro 1000 Elektrische Zahnbürste,29.99,marktguru-offers
2026-08-30,Lidl,,Parkside Oberflächenbürsten-Aufsatz,9.99,marktguru-offers
2026-08-30,Lidl,,Ajax Allzweckreiniger XXL,2.49,marktguru-offers
2026-08-30,Lidl,,Fa Duschgel,1.69,marktguru-offers
2026-08-30,Lidl,,Parkside Kabeltrommel,14.99,marktguru-offers
2026-08-30,Lidl,,Arla Buko Frischkäse,0.99,marktguru-offers
2026-08-30,Lidl,,WD-40 Specialist Silikonspray,4.99,marktguru-offers
2026-08-30,Lidl,,Parkside Oberflächenbürste PEOB 500 B2,49.99,marktguru-offers
2026-08-30,Lidl,,Kerrygold Käsescheiben,1.49,marktguru-offers
2026-08-30,Lidl,,Hammerite Metall-Schutzlack,9.99,marktguru-offers
2026-08-30,Lidl,,Iglo Rahm-Spinat,1.99,marktguru-offers
2026-08-30,Lidl,,Landliebe Joghurt,1.11,marktguru-offers
2026-08-30,Lidl,,Bitburger Premium Pils,0.79,marktguru-offers
2026-08-30,Lidl,,Calypso Ocean Blue Lemonade,2.29,marktguru-offers
2026-08-30,Lidl,,Alpro Nussdrinks,1.99,marktguru-offers
2026-08-30,Lidl,,Parkside Akku-Astschere PAAS 20-Li B1,29.99,marktguru-offers
2026-08-30,Lidl,,Parkside Akku-Teleskop-Heckenschere  PATHS 20 A1,39.99,marktguru-offers
2026-08-30,Lidl,,Toppits Air Fryer Backpapier,1.99,marktguru-offers
2026-08-30,Lidl,,Parkside Akku-Hochentaster PAHE E6,39.99,marktguru-offers
2026-08-30,Lidl,,8 Panda Frühlingsrollen,2.69,marktguru-offers
2026-08-30,Lidl,,Rügenwalder Mühle Vegetarischer Mühlen Snack,2.49,marktguru-offers
2026-08-30,Lidl,,Chef Select High Protein,2.79,marktguru-offers
2026-08-30,Lidl,,7 Days Croissants,1.79,marktguru-offers
2026-08-30,Lidl,,Anatol Babadag Gazoz,0.39,marktguru-offers
2026-08-30,Lidl,,Ferrero Kinder Country,4.89,marktguru-offers
2026-08-30,Lidl,,Ferrero Kinder Bueno,4.59,marktguru-offers
2026-08-30,Lidl,,Ferrero Kinder Schoko-Bons,3.99,marktguru-offers
2026-08-30,Lidl,,Ferrero Kinder Crunchy Cookies,3.49,marktguru-offers
2026-08-30,Lidl,,Déjà-Vu Oriental Aperitif,9.99,marktguru-offers
2026-08-30,Lidl,,Staropramen Pils,0.89,marktguru-offers
2026-08-30,Lidl,,Funny Frisch Goldfischli,1.11,marktguru-offers
2026-08-30,Lidl,,Ferrero Nutella B-ready,3.59,marktguru-offers
2026-08-30,Lidl,,Nestlé After Eight,1.99,marktguru-offers
2026-08-30,Lidl,,Bifi Roll,1.99,marktguru-offers
2026-08-30,Lidl,,Ritz Crackers,1.49,marktguru-offers
2026-08-30,Lidl,,Maltesers Maxi-Pack,3.99,marktguru-offers
2026-08-30,Lidl,,Ferrero Nutella Biscuits,2.99,marktguru-offers
2026-08-30,Lidl,,Hilcona Feinkost Teigwaren XXL,3.29,marktguru-offers
2026-08-30,Lidl,,Mars Celebrations,3.49,marktguru-offers
2026-08-30,Lidl,,Settele Dampfnudeln,1.49,marktguru-offers
2026-08-30,Lidl,,Settele Maultaschen,1.79,marktguru-offers
2026-08-30,Lidl,,Knorr Fix,0.49,marktguru-offers
2026-08-30,Lidl,,Ferrero Nutella kleiner Gruß,2.29,marktguru-offers
2026-08-30,Lidl,,Parkside Akku-Baustellenradio PBR 10 A1,69.99,marktguru-offers
2026-08-30,Lidl,,Parkside Herren-Boxershorts 3er,5.99,marktguru-offers
2026-08-30,Lidl,,Parkside Herren Arbeitssocken 5 Paar,4.99,marktguru-offers
2026-08-30,Lidl,,Parkside Herren Sicherheitsschuhe S3,19.99,marktguru-offers
2026-08-30,Lidl,,Parkside Akku-Schnellladegerät PLG 20 C3,9.99,marktguru-offers
2026-08-30,Lidl,,Parkside Akku-Handstaubsauger 20 V PHSSA 20-Li D2,19.99,marktguru-offers
2026-08-30,Lidl,,Deluxe Filet-Medaillon,9.59,marktguru-offers
2026-08-30,Lidl,,Duc De Coeur Mini-Hefeschnecken,2.49,marktguru-offers
2026-08-30,Lidl,,Duc De Coeur Camembert le Caractère,2.49,marktguru-offers
2026-08-30,Lidl,,1001 Delights Gefüllte Weinblätter,3.79,marktguru-offers
2026-08-30,Lidl,,Parkside Teleskop-Pflanzenroller,4.99,marktguru-offers
2026-08-30,Lidl,,Vale Tablet V12X LTE-8128,199.0,marktguru-offers
2026-08-30,Lidl,,SilverCrest Raclette-Grill SRGS 1400 E2,14.99,marktguru-offers
2026-08-30,Lidl,,Havana Club To Go Mischgetränk,1.99,marktguru-offers
2026-08-30,Lidl,,Alpenhain Obazda Original,1.49,marktguru-offers
2026-08-30,Lidl,,Milbona Bio-Schlagsahne,1.19,marktguru-offers
2026-08-30,Lidl,,Parkside PERFORMANCE Akku-Heißluftgebläse PPHLGA 20-Li B3,24.99,marktguru-offers
2026-08-30,Lidl,,Parkside Smart-Akku PAPP 208 A1,39.99,marktguru-offers
2026-08-30,Lidl,,Parkside Gefütterte Arbeitsjacke,19.99,marktguru-offers
2026-08-30,Lidl,,Philips 4K-Ultra-HD Smart-TV 55pus7800/12,279.0,marktguru-offers
2026-08-30,Lidl,,Parkside Elektro-Walzenhäcksler,129.0,marktguru-offers
2026-08-30,Lidl,,Parkside Akku-Kompressor und -Luftpumpe PKA 20-Li C3,24.99,marktguru-offers
2026-08-30,Nahkauf,,Powerade Mountain Blast,0.99,marktguru-offers
2026-08-30,Nahkauf,,Dallmayr Capsa,2.69,marktguru-offers
2026-08-30,Nahkauf,,Fürst Von Metternich Sekt,5.99,marktguru-offers
2026-08-30,Nahkauf,,Langnese Cremissimo Haselnuss Vanilla Schokolade,1.79,marktguru-offers
2026-08-30,Nahkauf,,Knorr Pasta-Snack-Pot Brokkoli & Kase,0.99,marktguru-offers
2026-08-30,Nahkauf,,Milram Buttermilch Drink,1.29,marktguru-offers
2026-08-30,Nahkauf,,Nestlé Smarties & Joghurt,0.69,marktguru-offers
2026-08-30,Nahkauf,,Knorr Schlemmersauce,0.99,marktguru-offers
2026-08-30,Nahkauf,,Funny Frisch Ofen Chips Paprika,1.11,marktguru-offers
2026-08-30,Nahkauf,,Pantene Pro-V Repair & Care Spülung,3.29,marktguru-offers
2026-08-30,Nahkauf,,Heineken Premium Beer,15.99,marktguru-offers
2026-08-30,Nahkauf,,Storck Knoppers,1.79,marktguru-offers
2026-08-30,Nahkauf,,Becel Gold,1.39,marktguru-offers
2026-08-30,Nahkauf,,Barilla Pasta Classic,0.88,marktguru-offers
2026-08-30,Nahkauf,,Griesson Soft-Cake Orange,1.99,marktguru-offers
2026-08-30,Nahkauf,,Dr. Oetker Rote Grütze,1.99,marktguru-offers
2026-08-30,Nahkauf,,Rewe Beste Wahl Mini Roma Rispentomaten Aromatica,1.79,marktguru-offers
2026-08-30,Nahkauf,,thisisnobrand123 Himbeeren,3.79,marktguru-offers
2026-08-30,Nahkauf,,thisisnobrand123 Besenheide Calluna Beauty Ladies,1.49,marktguru-offers
2026-08-30,Nahkauf,,Sarotti Eszet Schnitten,1.29,marktguru-offers
2026-08-30,Nahkauf,,Harry Brot 1688 Steinofenbrot,1.59,marktguru-offers
2026-08-30,Nahkauf,,Hella Near Water,0.89,marktguru-offers
2026-08-30,Nahkauf,,Rougette Ofenkäse,3.99,marktguru-offers
2026-08-30,Nahkauf,,Gervais Hüttenkäse,1.29,marktguru-offers
2026-08-30,Nahkauf,,Bünting Tee Grünpack,7.49,marktguru-offers
2026-08-30,Nahkauf,,Rotkäppchen Sekt,2.99,marktguru-offers
2026-08-30,Nahkauf,,Fage Total Joghurt,0.99,marktguru-offers
2026-08-30,Nahkauf,,Ramazzotti Amaro,9.99,marktguru-offers
2026-08-30,Nahkauf,,Osborne Veterano,9.99,marktguru-offers
2026-08-30,Nahkauf,,Barilla Pesto Rosso,1.99,marktguru-offers
2026-08-30,Nahkauf,,Le Rustique Camembert,2.79,marktguru-offers
2026-08-30,Nahkauf,,thisisnobrand123 Zucchini,1.11,marktguru-offers
2026-08-30,Nahkauf,,Hengstenberg Oro di Parma Tomatenmark,1.29,marktguru-offers
2026-08-30,Nahkauf,,Frico Gouda Jung,2.18,marktguru-offers
2026-08-30,Nahkauf,,Hochland Grünländer,1.67,marktguru-offers
2026-08-30,Nahkauf,,Westland Old Amsterdam,2.69,marktguru-offers
2026-08-30,Nahkauf,,Arla Esrom,2.38,marktguru-offers
2026-08-30,Nahkauf,,Metzgerei Wilhelm Brandenburg Griebenschmalz,0.99,marktguru-offers
2026-08-30,Nahkauf,,thisisnobrand123 Rote Johannisbeeren,1.99,marktguru-offers
2026-08-30,Nahkauf,,thisisnobrand123 Blumenstrauß Flower Festival,15.0,marktguru-offers
2026-08-30,Nahkauf,,Rewe Bio Braune Bio Champignons,1.79,marktguru-offers
2026-08-30,Nahkauf,,Rewe Beste Wahl Buschbohnen,1.59,marktguru-offers
2026-08-30,Nahkauf,,Rewe Beste Wahl Tafelbirnen,2.79,marktguru-offers
2026-08-30,Nahkauf,,Rewe Beste Wahl Kernlose Tafeltrauben,3.99,marktguru-offers
2026-08-30,Nahkauf,,Chiquita Bananen,1.99,marktguru-offers
2026-08-30,Nahkauf,,Aperol Aperitif-Bitter,9.49,marktguru-offers
2026-08-30,Nahkauf,,Arla Kaergarden,1.29,marktguru-offers
2026-08-30,Nahkauf,,thisisnobrand123 Rucola,0.69,marktguru-offers
2026-08-30,Nahkauf,,Bonne Maman Konfitüre Weniger Zucker,2.49,marktguru-offers
2026-08-30,Nahkauf,,Rewe Regional Zucchini,1.11,marktguru-offers
2026-08-30,Nahkauf,,Heinz Tomato Ketchup,1.79,marktguru-offers
2026-08-30,Nahkauf,,Pepsi Cola,2.38,marktguru-offers
2026-08-30,Nahkauf,,Tante Fanny Quiche & Tarteteig,1.49,marktguru-offers
2026-08-30,Nahkauf,,Mutti Pastasauce,2.49,marktguru-offers
2026-08-30,Nahkauf,,Goldsteig Mozzarella,0.99,marktguru-offers
2026-08-30,Nahkauf,,Coca-Cola Cola,1.49,marktguru-offers
2026-08-30,Nahkauf,,Amecke Sanfte Säfte,1.99,marktguru-offers
2026-08-30,Nahkauf,,Krüger Family Cappuccino,2.79,marktguru-offers
2026-08-30,Nahkauf,,Chaumes Weichkäse,1.79,marktguru-offers
2026-08-30,Nahkauf,,Leerdammer Original,1.11,marktguru-offers
2026-08-30,Nahkauf,,Rewe Bio Bio-Speisekartoffeln,1.99,marktguru-offers
2026-08-30,Nahkauf,,Rewe Feine Welt Aroma Datteln,2.49,marktguru-offers
2026-08-30,Nahkauf,,Rewe Beste Wahl Nektarinen,2.99,marktguru-offers
2026-08-30,Nahkauf,,Rewe Beste Wahl Tonic Water,0.69,marktguru-offers
2026-08-30,Nahkauf,,Rewe Beste Wahl Apfelschorle,0.49,marktguru-offers
2026-08-30,Nahkauf,,Rewe Beste Wahl Mineralwasser,0.29,marktguru-offers
2026-08-30,Nahkauf,,Rewe Beste Wahl Burger Gurken,0.79,marktguru-offers
2026-08-30,Nahkauf,,Rewe Beste Wahl Reines Sonnenblumenöl,1.99,marktguru-offers
2026-08-30,Nahkauf,,Rewe Beste Wahl Mangostreifen,1.99,marktguru-offers
2026-08-30,Nahkauf,,Rewe Beste Wahl Himbeeren,3.99,marktguru-offers
2026-08-30,Nahkauf,,Rewe Beste Wahl Pasta Sauce Tomaten-Basilikum,1.49,marktguru-offers
2026-08-30,Nahkauf,,Rewe Beste Wahl Tortelloni,2.79,marktguru-offers
2026-08-30,PENNY,,Krüger Family Cappuccino,2.79,marktguru-offers
2026-08-30,PENNY,,Paradiso Fruchtsaft Orangensaft,1.39,marktguru-offers
2026-08-30,PENNY,,Paradiso Orangen-Nektar,1.39,marktguru-offers
2026-08-30,PENNY,,Marktliebe Lauchzwiebeln,0.49,marktguru-offers
2026-08-30,PENNY,,Happy End Taschentücher Box,0.85,marktguru-offers
2026-08-30,PENNY,,Happy End Toilettenpapier,2.55,marktguru-offers
2026-08-30,PENNY,,Happy End Küchentücher,2.65,marktguru-offers
2026-08-30,PENNY,,thisisnobrand123 Feigen,0.39,marktguru-offers
2026-08-30,PENNY,,Well Well Tofu natur,1.99,marktguru-offers
2026-08-30,PENNY,,Mike Mitchell's XXL Tortilla Wraps,1.99,marktguru-offers
2026-08-30,PENNY,,Mike Mitchell's Bechergericht,0.89,marktguru-offers
2026-08-30,PENNY,,Mike Mitchell's Rib Burger,2.49,marktguru-offers
2026-08-30,PENNY,,Mike Mitchell's Chicken Burger,2.49,marktguru-offers
2026-08-30,PENNY,,Mike Mitchell's Coleslaw Weißkrautsalat mit Karotten,1.59,marktguru-offers
2026-08-30,PENNY,,thisisnobrand123 Schreibwaren und mehr,2.49,marktguru-offers
2026-08-30,PENNY,,Hasbro Monopoly Pokémon,19.99,marktguru-offers
2026-08-30,PENNY,,Bübchen Kinder Shampoo & Duschgel,1.49,marktguru-offers
2026-08-30,PENNY,,Pokémon Battle Spinner Pack,9.99,marktguru-offers
2026-08-30,PENNY,,Pokémon Plüsch-Pokéball,6.99,marktguru-offers
2026-08-30,PENNY,,Pokémon Sammelkoffer,29.99,marktguru-offers
2026-08-30,PENNY,,LEGO Pokémon Evoli 72151,44.99,marktguru-offers
2026-08-30,PENNY,,Naturgut Bio Chiasamen,1.49,marktguru-offers
2026-08-30,PENNY,,Naturgut Bio Haferriegel,1.29,marktguru-offers
2026-08-30,PENNY,,Naturgut Bio Naturjoghurt,0.45,marktguru-offers
2026-08-30,PENNY,,Naturgut Bio Zitronenwürze,0.59,marktguru-offers
2026-08-30,PENNY,,Naturgut Bio Hartweizen Couscous,1.39,marktguru-offers
2026-08-30,PENNY,,Naturgut Bio Reibekäse,1.29,marktguru-offers
2026-08-30,PENNY,,Naturgut Bio Lachsfilet,5.99,marktguru-offers
2026-08-30,PENNY,,Taste of Asia Kimchi,1.49,marktguru-offers
2026-08-30,PENNY,,Nestlé Knackige Mousse,1.99,marktguru-offers
2026-08-30,PENNY,,Ferrero Kinder Milchschnitte,2.19,marktguru-offers
2026-08-30,PENNY,,Kids World Dessertei,0.75,marktguru-offers
2026-08-30,PENNY,,Bärenmarke Haltbarer Kakao,1.59,marktguru-offers
2026-08-30,PENNY,,Zottarella Minis,1.79,marktguru-offers
2026-08-30,PENNY,,San Fabio Scamorza,3.49,marktguru-offers
2026-08-30,PENNY,,Coppenrath & Wiese Lust Auf Kuchen Hot Chocolate Brownie,3.79,marktguru-offers
2026-08-30,PENNY,,Food for Future Vegane Curry- grillspieße,2.69,marktguru-offers
2026-08-30,PENNY,,Sushi4you Pop up Sushi,3.99,marktguru-offers
2026-08-30,PENNY,,Singer Nähmaschine 2277,99.99,marktguru-offers
2026-08-30,PENNY,,Puma Herren Sneakersocken 5er-Pack,7.99,marktguru-offers
2026-08-30,PENNY,,Puma Herren-Retroshorts 4er-Pack,19.99,marktguru-offers
2026-08-30,PENNY,,Simply Sunny Cashewkerne vegan,2.49,marktguru-offers
2026-08-30,PENNY,,Bäckerkrönung Buttercroissant,1.0,marktguru-offers
2026-08-30,PENNY,,Bäckerkrönung Börekstick,0.79,marktguru-offers
2026-08-30,PENNY,,Mike Mitchell's Ketchup & Mayo,1.19,marktguru-offers
2026-08-30,PENNY,,Naturgut Bio-Zucchini,1.19,marktguru-offers
2026-08-30,PENNY,,Mike Mitchell's American Mustard,1.29,marktguru-offers
2026-08-30,PENNY,,Mike Mitchell's Röstzwiebeln,2.49,marktguru-offers
2026-08-30,PENNY,,Mike Mitchell's Hot Dog Gurken,1.59,marktguru-offers
2026-08-30,PENNY,,Mike Mitchell's Hot Dogs,1.99,marktguru-offers
2026-08-30,PENNY,,Mike Mitchell's Chicken Wings BBQ,4.99,marktguru-offers
2026-08-30,PENNY,,Mike Mitchell's Brioche Hot Dog Rolls,1.89,marktguru-offers
2026-08-30,PENNY,,Mike Mitchell's Knoblauchpizzabrot,1.59,marktguru-offers
2026-08-30,PENNY,,Mike Mitchell's American Diner,3.99,marktguru-offers
2026-08-30,PENNY,,Dreistern Gulasch,2.99,marktguru-offers
2026-08-30,PENNY,,Taste of Asia Mungobohnenkeimlinge,0.79,marktguru-offers
2026-08-30,PENNY,,Taste of Asia Maiskölbchen,0.99,marktguru-offers
2026-08-30,PENNY,,Taste of Asia Kokosmilch,1.19,marktguru-offers
2026-08-30,PENNY,,Taste of Asia Sauce Süß-Sauer,1.49,marktguru-offers
2026-08-30,PENNY,,Taste of Asia Saté Sauce,1.29,marktguru-offers
2026-08-30,PENNY,,Taste of Asia Reispapier,0.69,marktguru-offers
2026-08-30,PENNY,,Taste of Asia Soja-Sauce,0.99,marktguru-offers
2026-08-30,PENNY,,Taste of Asia Frühlingsrollen,1.99,marktguru-offers
2026-08-30,PENNY,,Taste of Asia Sambal Oelek,1.39,marktguru-offers
2026-08-30,PENNY,,Magnum Stieleis,2.79,marktguru-offers
2026-08-30,PENNY,,Penny Ready Bubble Tea,2.99,marktguru-offers
2026-08-30,PENNY,,Müller Reine Buttermilch,0.59,marktguru-offers
2026-08-30,PENNY,,Berchtesgadener Land Haltbare Bergbauern Milch,1.11,marktguru-offers
2026-08-30,PENNY,,Arla Kaergarden,1.29,marktguru-offers
2026-08-30,PENNY,,Penny Zukunftsbauer Fruchtjoghurt,0.99,marktguru-offers
2026-08-30,PENNY,,Milprima Skyr Natur XXL,1.99,marktguru-offers
2026-08-30,PENNY,,Zott Sahnejoghurt,0.44,marktguru-offers
2026-08-30,PENNY,,Danone Activia XXL,2.88,marktguru-offers
2026-08-30,PENNY,,thisisnobrand123 Pokemon Geschirr-Set,12.99,marktguru-offers
2026-08-30,PENNY,,thisisnobrand123 Kinder-Trinkflasche,7.99,marktguru-offers
2026-08-30,PENNY,,Pokémon Sammelkartenspiel FATALE FLAMMEN,4.89,marktguru-offers
2026-08-30,PENNY,,Funko POP Figuren,9.99,marktguru-offers
2026-08-30,PENNY,,thisisnobrand123 Plüschfiguren,12.99,marktguru-offers
2026-08-30,PENNY,,Tonies Hörfiguren,12.99,marktguru-offers
2026-08-30,PENNY,,thisisnobrand123 Mauerpfeffer,1.99,marktguru-offers
2026-08-30,PENNY,,thisisnobrand123 Bauernchrysanthemen,1.89,marktguru-offers
2026-08-30,PENNY,,thisisnobrand123 Sommerastern,1.99,marktguru-offers
2026-08-30,PENNY,,Marktliebe Mediterraner Pflücksalat,1.0,marktguru-offers
2026-08-30,PENNY,,thisisnobrand123 Bananen,1.0,marktguru-offers
2026-08-30,PENNY,,thisisnobrand123 Birnen,1.0,marktguru-offers
2026-08-30,PENNY,,thisisnobrand123 Granatapfel,1.0,marktguru-offers
2026-08-30,PENNY,,Argeta Aufstrich,0.99,marktguru-offers
2026-08-30,PENNY,,thisisnobrand123 Glattblatt-Aster,1.69,marktguru-offers
2026-08-30,PENNY,,thisisnobrand123 Gartenalpenveilchen,1.69,marktguru-offers
2026-08-30,PENNY,,thisisnobrand123 Topfrose,1.99,marktguru-offers
2026-08-30,PENNY,,thisisnobrand123 Zwetschgen,1.49,marktguru-offers
2026-08-30,PENNY,,Marktliebe Regional Radieschen,0.49,marktguru-offers
2026-08-30,PENNY,,Rival Wäschewanne,4.99,marktguru-offers
2026-08-30,PENNY,,thisisnobrand123 Klapphocker,4.99,marktguru-offers
2026-08-30,PENNY,,Kärcher Akku-Fenstersauger KWI 1 Plus,39.99,marktguru-offers
2026-08-30,PENNY,,Kärcher Abziehlippen,6.99,marktguru-offers
2026-08-30,PENNY,,Kärcher Mikrofaserwischbezüge,6.99,marktguru-offers
2026-08-30,PENNY,,Philips Dampfbügeleisen DST2010/40,17.99,marktguru-offers
2026-08-30,PENNY,,LICHTERBLITZ Polster-und-Teppich-Reiniger 19412,59.99,marktguru-offers
2026-08-30,PENNY,,thisisnobrand123 Lunchbox To Go,4.99,marktguru-offers
2026-08-30,PENNY,,Home Ideas Cooking Silikon-Backformen,9.99,marktguru-offers
2026-08-30,PENNY,,Tower Küchenmaschine Solace Retro,39.99,marktguru-offers
2026-08-30,PENNY,,Old Crow Bourbon Whiskey,8.99,marktguru-offers
2026-08-30,PENNY,,emsa Isolierkanne Samba,9.99,marktguru-offers
2026-08-30,PENNY,,Home Ideas Cooking Schneidebretter,3.49,marktguru-offers
2026-08-30,PENNY,,thisisnobrand123 Praktische Haushaltshelfer,2.0,marktguru-offers
2026-08-30,PENNY,,Philips Senseo Kaffeepadmaschine,54.99,marktguru-offers
2026-08-30,PENNY,,Stoneline Edelstahl-Pfanne Silverstar 20 cm,12.99,marktguru-offers
2026-08-30,PENNY,,thisisnobrand123 Küchenhelfer,1.0,marktguru-offers
2026-08-30,PENNY,,Gourmetmaxx Digitaler Kontaktgrill 19766,49.99,marktguru-offers
2026-08-30,PENNY,,Somat Klarspüler,1.99,marktguru-offers
2026-08-30,PENNY,,Coca-Cola Cola,1.69,marktguru-offers
2026-08-30,PENNY,,Somat All in 1 Extra,12.99,marktguru-offers
2026-08-30,PENNY,,St. Michel Choco Donut,1.79,marktguru-offers
2026-08-30,PENNY,,Lindt Pralinés,3.99,marktguru-offers
2026-08-30,PENNY,,Ferrero Küsschen,5.55,marktguru-offers
2026-08-30,PENNY,,Ferrero Kinder Delice,1.99,marktguru-offers
2026-08-30,PENNY,,Ferrero Yogurette,4.99,marktguru-offers
2026-08-30,PENNY,,Ferrero Kinder Überraschungsei,0.77,marktguru-offers
2026-08-30,PENNY,,Barilla Pasta,0.88,marktguru-offers
2026-08-30,PENNY,,Ferrero Nutella Biscuits,2.49,marktguru-offers
2026-08-30,PENNY,,Barilla Pasta-Sauce,1.79,marktguru-offers
2026-08-30,PENNY,,Barilla Pesto,1.79,marktguru-offers
2026-08-30,PENNY,,Mars Maltesers,1.79,marktguru-offers
2026-08-30,PENNY,,Catsan Klumpstreu Ultra,9.99,marktguru-offers
2026-08-30,PENNY,,Purina One Bifensis Adult,9.99,marktguru-offers
2026-08-30,PENNY,,Viss Scheuermilch,2.49,marktguru-offers
2026-08-30,PENNY,,Schwarzkopf Taft Haarspray,4.45,marktguru-offers
2026-08-30,PENNY,,Nivea Dusche,1.99,marktguru-offers
2026-08-30,PENNY,,Fanta Exotic,8.99,marktguru-offers
2026-08-30,PENNY,,Jules Mumm Sekt,3.99,marktguru-offers
2026-08-30,PENNY,,Krombacher Bier,0.79,marktguru-offers
2026-08-30,PENNY,,Veltins Pilsener,0.79,marktguru-offers
2026-08-30,PENNY,,Oreo Crunchies,1.49,marktguru-offers
2026-08-30,PENNY,,Persil Color Pulver,17.99,marktguru-offers
2026-08-30,PENNY,,thisisnobrand123 Cherry-Romatomaten,0.75,marktguru-offers
2026-08-30,PENNY,,Haribo Fruchtgummi,0.79,marktguru-offers
2026-08-30,PENNY,,Oatly Haferdrink,1.79,marktguru-offers
2026-08-30,PENNY,,Ritter Sport Bunte Vielfalt,1.11,marktguru-offers
2026-08-30,PENNY,,Milka Schokolade,0.88,marktguru-offers
2026-08-30,PENNY,,Milka Choco & Cake,1.99,marktguru-offers
2026-08-30,PENNY,,Mike Mitchell's Ahornsirup,3.39,marktguru-offers
2026-08-30,PENNY,,Küchle Knabber Esspapier,2.49,marktguru-offers
2026-08-30,PENNY,,Bonne Maman Konfitüre,2.49,marktguru-offers
2026-08-30,PENNY,,Meßmer Holunder-Kirsche,1.59,marktguru-offers
2026-08-30,PENNY,,Nescafé Farmers Origins Kaffeekapseln,2.49,marktguru-offers
2026-08-30,PENNY,,Just Spices Hähnchen Allrounder,2.99,marktguru-offers
2026-08-30,PENNY,,Mike Mitchell's American Pancakes,1.79,marktguru-offers
2026-08-30,PENNY,,Mike Mitchell's Bagels,1.69,marktguru-offers
2026-08-30,PENNY,,Heinz Tomato-Ketchup,1.79,marktguru-offers
2026-08-30,PENNY,,Mike Mitchell's New York Roll Blaubeere,1.29,marktguru-offers
2026-08-30,PENNY,,Storck Merci Finest Selection,6.49,marktguru-offers
2026-08-30,PENNY,,Mike Mitchell's Amerikaner,1.99,marktguru-offers
2026-08-30,PENNY,,Mike Mitchell's High Protein Pudding,0.85,marktguru-offers
2026-08-30,PENNY,,Mike Mitchell's Mini Brownies,1.99,marktguru-offers
2026-08-30,PENNY,,Mike Mitchell's Cookie Cream,2.99,marktguru-offers
2026-08-30,PENNY,,Hengstenberg Oro di Parma Tomatenmark,1.29,marktguru-offers
2026-08-30,PENNY,,Hengstenberg Bulgur Salat,1.99,marktguru-offers
2026-08-30,PENNY,,thisisnobrand123 Chicken Wings XXL,4.99,marktguru-offers
2026-08-30,PENNY,,thisisnobrand123 Hähnchen-Ecken Nacho-Style,4.99,marktguru-offers
2026-08-30,PENNY,,Mike Mitchell's Mini Donut Cake,1.79,marktguru-offers
2026-08-30,PENNY,,Mike Mitchell's Popcorn,2.49,marktguru-offers
2026-08-30,PENNY,,Mike Mitchell's BBQ Marshmallows,1.79,marktguru-offers
2026-08-30,PENNY,,Mike Mitchell's Jelly Beans,1.79,marktguru-offers
2026-08-30,PENNY,,Mike Mitchell's Cocktail,0.99,marktguru-offers
2026-08-30,PENNY,,Mike Mitchell's Jumbo Flips,1.79,marktguru-offers
2026-08-30,PENNY,,Mike Mitchell's Soft Ice Cones,2.29,marktguru-offers
2026-08-30,PENNY,,Mike Mitchell's Cookies,1.49,marktguru-offers
2026-08-30,PENNY,,Pril Kraftgel,1.39,marktguru-offers
2026-08-30,PENNY,,Ferrero Nutella Nuss-Nugat Creme,2.22,marktguru-offers
2026-08-30,PENNY,,Schwartau Corny Müsliriegel,1.79,marktguru-offers
2026-08-30,PENNY,,Garnier Wahre Schätze Shampoo,6.99,marktguru-offers
2026-08-30,PENNY,,Melitta Bella Crema La Crema Kaffeepads,3.49,marktguru-offers
2026-08-30,PENNY,,Kneipp Aroma-Pflegedusche,2.29,marktguru-offers
2026-08-30,PENNY,,Listerine Mundspülung Duopack,6.49,marktguru-offers
2026-08-30,PENNY,,Tetesept Elektrolyteintens,3.99,marktguru-offers
2026-08-30,PENNY,,Jacobs Barista-Editions,12.99,marktguru-offers
2026-08-30,PENNY,,Dallmayr Prodomo Kaffee,6.99,marktguru-offers
2026-08-30,PENNY,,Maggi Fix,0.49,marktguru-offers
2026-08-30,PENNY,,Mazola Öl,3.49,marktguru-offers
2026-08-30,PENNY,,Maggi 5 Minuten Terrine,0.99,marktguru-offers
2026-08-30,PENNY,,Lipton Ice Tea,1.29,marktguru-offers
2026-08-30,PENNY,,Schweppes Bittergetränke,1.49,marktguru-offers
2026-08-30,PENNY,,Maggi Magic Asia Gebratene Nudeln,0.99,marktguru-offers
2026-08-30,PENNY,,Home Ideas Cleaning Putzhelfer,2.99,marktguru-offers
2026-08-30,PENNY,,Home Ideas Cleaning Reinigungshelfer,2.99,marktguru-offers
2026-08-30,PENNY,,Home Ideas Cleaning Reinigungsschwämme,4.99,marktguru-offers
2026-08-30,PENNY,,Home Ideas Cleaning Nitril-Einmalhandschuhe,6.99,marktguru-offers
2026-08-30,PENNY,,Dreame Saug-Wisch-Roboter D20 AIR PLUS,159.0,marktguru-offers
2026-08-30,PENNY,,Gerstacker Nürnberger Deutscher Federweißer,2.69,marktguru-offers
2026-08-30,PENNY,,Iglo Fertiggericht XXL,3.99,marktguru-offers
2026-08-30,PENNY,,Gustavo Gusto Pizza Amore Napoli Mozzarella,2.99,marktguru-offers
2026-08-30,PENNY,,Block House Sour Cream,1.69,marktguru-offers
2026-08-30,PENNY,,Bresso Frischkäse,1.29,marktguru-offers
2026-08-30,PENNY,,Gazi Grill- und Pfannenkäse,1.99,marktguru-offers
2026-08-30,PENNY,,Géramont Cremig-Zarte Scheiben Sahnig-Mild,2.22,marktguru-offers
2026-08-30,PENNY,,Milram Reibekäse Pizza-Liebe,1.59,marktguru-offers
2026-08-30,PENNY,,Heiploeg Crevettes roses,3.49,marktguru-offers
2026-08-30,PENNY,,Taste of Asia Rice Noodles,0.79,marktguru-offers
2026-08-30,PENNY,,Taste of Asia Nudelgericht,1.49,marktguru-offers
2026-08-30,PENNY,,Taste of Asia Glasnudeln,0.59,marktguru-offers
2026-08-30,PENNY,,Taste of Asia Mie Nudeln,0.69,marktguru-offers
2026-08-30,PENNY,,Taste of Asia Jasmin Reis,1.99,marktguru-offers
2026-08-30,PENNY,,Taste of Asia Express Basmati Reis,1.19,marktguru-offers
2026-08-30,PENNY,,Beck's Pils,4.59,marktguru-offers
2026-08-30,PENNY,,Bench Strandtuch,4.99,marktguru-offers
2026-08-30,PENNY,,Bench Duschtuch,2.99,marktguru-offers
2026-08-30,PENNY,,Bench Gästehandtücher 4er-Set,1.49,marktguru-offers
2026-08-30,PENNY,,Bench Handtücher 2er-Set,2.99,marktguru-offers
2026-08-30,PENNY,,Bench Kinderponcho,3.99,marktguru-offers
2026-08-30,PENNY,,Dr. Oetker Götter Speise,0.44,marktguru-offers
2026-08-30,PENNY,,Pringles Chips,1.69,marktguru-offers
2026-08-30,PENNY,,Storck Knoppers Goodies,1.99,marktguru-offers
2026-08-30,PENNY,,Gerolsteiner Mineralwasser,0.89,marktguru-offers
2026-08-30,PENNY,,Knorr Asia Noodles,0.44,marktguru-offers
2026-08-30,PENNY,,Best Moments Tafeltrauben,3.49,marktguru-offers
2026-08-30,PENNY,,Naturgut Bio Hafercookies,1.79,marktguru-offers
2026-08-30,PENNY,,Naturgut Bio Leinsamen,1.29,marktguru-offers
2026-08-30,PENNY,,Naturgut Bio-Blütenhonig,3.99,marktguru-offers
2026-08-30,PENNY,,Naturgut Bio Käsestücke,2.29,marktguru-offers
2026-08-30,PENNY,,Naturgut Bio Kichererbsen,1.19,marktguru-offers
2026-08-30,PENNY,,Naturgut Bio-Kräuter,0.89,marktguru-offers
2026-08-30,PENNY,,Naturgut Getrocknete Bio Tomaten,1.99,marktguru-offers
2026-08-30,PENNY,,Jim Beam Bourbon Whiskey,19.99,marktguru-offers
2026-08-30,PENNY,,Baileys Irish Cream Liqueur,9.88,marktguru-offers
2026-08-30,PENNY,,Tanqueray Aperitivo,11.99,marktguru-offers
2026-08-30,PENNY,,Freixenet Mederaño,2.99,marktguru-offers
2026-08-30,PENNY,,König Ludwig Bier,4.44,marktguru-offers
2026-08-30,PENNY,,Storck Riesen,1.49,marktguru-offers
2026-08-30,PENNY,,Storck Toffifee,3.99,marktguru-offers
2026-08-30,PENNY,,Havana Club Añejo 3 Años,10.99,marktguru-offers
2026-08-30,PENNY,,Elephant Snacks Pretzels XXL,1.99,marktguru-offers
2026-08-30,PENNY,,Simply Sunny Paranusskerne,3.19,marktguru-offers
2026-08-30,PENNY,,Gerstacker Nürnberger Aperitif,1.99,marktguru-offers
2026-08-30,PENNY,,Kleiner Klopfer Der Party-Klopfer,7.99,marktguru-offers
2026-08-30,PENNY,,Reber Mozart-Kugeln,3.89,marktguru-offers
2026-08-30,PENNY,,Händlmaier's Mittelscharfer Senf,0.99,marktguru-offers
2026-08-30,PENNY,,Rival Wäschekorb,5.99,marktguru-offers
2026-08-30,PENNY,,Bäckerkrönung Laugenzopf mit Käse,1.0,marktguru-offers
2026-08-30,PENNY,,Kesper Klapphocker,4.99,marktguru-offers
2026-08-30,PENNY,,Kärcher Glasreinigerkonzentrat,3.99,marktguru-offers
2026-08-30,PENNY,,Tefal Dampfbügeleisen FV2C50,17.99,marktguru-offers
2026-08-30,PENNY,,thisisnobrand123 Pikachu-Jumbo-Spielfigur,34.99,marktguru-offers
2026-08-30,PENNY,,Paulaner Spezi,11.49,marktguru-offers
2026-08-30,PENNY,,Augustiner Bräu Münchner Hell,16.99,marktguru-offers
2026-08-30,PENNY,,Home Ideas Cooking Pfanne 24 cm,8.99,marktguru-offers
2026-08-30,PENNY,,Spaten Münchner Hell,0.79,marktguru-offers
2026-08-30,PENNY,,Catsan Hygienestreu,9.99,marktguru-offers
2026-08-30,PENNY,,Zabler Paradiso Bio-Teigwaren,1.99,marktguru-offers
2026-08-30,PENNY,,Goldsteig Käse,1.49,marktguru-offers
2026-08-30,PENNY,,Berchtesgadener Land High Protein Milch,1.49,marktguru-offers
2026-08-30,PENNY,,Henglein Knöpfle Eierspätzle,2.99,marktguru-offers
2026-08-30,PENNY,,Berchtesgadener Land Feinster Schlagrahm,0.79,marktguru-offers
2026-08-30,PENNY,,Bernbacher Die Guten XL,1.79,marktguru-offers
2026-08-30,PENNY,,Trolli Fruchtgummi,3.99,marktguru-offers
2026-08-30,REWE,,Edeka Regional Zucchini,1.11,marktguru-offers
2026-08-30,REWE,,Hengstenberg Oro di Parma Tomatenmark,1.29,marktguru-offers
2026-08-30,REWE,,Rewe Beste Wahl Nektarinen,2.99,marktguru-offers
2026-08-30,REWE,,Zum Dorfkrug Sylter Salatsauce,1.59,marktguru-offers
2026-08-30,REWE,,Rewe Beste Wahl Tafelbirnen,2.79,marktguru-offers
2026-08-30,REWE,,thisisnobrand123 Grünpflanzen,10.0,marktguru-offers
2026-08-30,REWE,,Rewe Beste Wahl Topfrosen Königin der Blumen,2.69,marktguru-offers
2026-08-30,REWE,,thisisnobrand123 Blumenstrauß Flower Festival,15.0,marktguru-offers
2026-08-30,REWE,,thisisnobrand123 Besenheide Calluna Beauty Ladies,1.49,marktguru-offers
2026-08-30,REWE,,thisisnobrand123 Ginseng Bonsai Pure Balance,9.99,marktguru-offers
2026-08-30,REWE,,thisisnobrand123 Chrysantheme Trio Pink Cadillac,2.29,marktguru-offers
2026-08-30,REWE,,Rewe Bio Bio Butternut Kürbis,1.99,marktguru-offers
2026-08-30,REWE,,thisisnobrand123 Knoblauch,0.99,marktguru-offers
2026-08-30,REWE,,Rewe Bio Bio Champignons,1.79,marktguru-offers
2026-08-30,REWE,,Zuegg Fruchtaufstrich,2.49,marktguru-offers
2026-08-30,REWE,,Le Pain des Fleurs Blumenbrot Bio-Knusprige,2.99,marktguru-offers
2026-08-30,REWE,,Humydry Raumentfeuchter Compact,5.99,marktguru-offers
2026-08-30,REWE,,Vivera Veganes Schnitzel,2.49,marktguru-offers
2026-08-30,REWE,,Leerdammer Original,1.11,marktguru-offers
2026-08-30,REWE,,Extaler Mineralwasser,3.99,marktguru-offers
2026-08-30,REWE,,Bitburger Pils,11.99,marktguru-offers
2026-08-30,REWE,,Hella Near Water,0.89,marktguru-offers
2026-08-30,REWE,,Oberdorfer Helles Helles,14.99,marktguru-offers
2026-08-30,REWE,,Heineken Premium Beer,15.99,marktguru-offers
2026-08-30,REWE,,Pfanner Ice Tea,1.29,marktguru-offers
2026-08-30,REWE,,Powerade Mountain Blast,0.99,marktguru-offers
2026-08-30,REWE,,Hohes C Saft,1.79,marktguru-offers
2026-08-30,REWE,,Granbeau Rosé,4.99,marktguru-offers
2026-08-30,REWE,,Weingut Tres Reyes Tempranillo-Syrah,5.49,marktguru-offers
2026-08-30,REWE,,ja! Starterpaket,4.98,marktguru-offers
2026-08-30,REWE,,Isidoros Arvanitis Ouzo of Plomari,8.99,marktguru-offers
2026-08-30,REWE,,Ramazzotti Amaro,9.99,marktguru-offers
2026-08-30,REWE,,Rügenwalder Mühle Vegane Pommersche,1.79,marktguru-offers
2026-08-30,REWE,,Lenor All in 1 Pods,4.99,marktguru-offers
2026-08-30,REWE,,Meister Proper Ultra Power Spray,2.29,marktguru-offers
2026-08-30,REWE,,Pantene Pro-V Repair & Care Spülung,3.29,marktguru-offers
2026-08-30,REWE,,Rewe Beste Wahl Rote Spitzpaprika Sweet Palermo,1.69,marktguru-offers
2026-08-30,REWE,,Rewe Bio Bio Crispy Salatmix,1.11,marktguru-offers
2026-08-30,REWE,,Rewe Beste Wahl Mini Roma Rispentomaten Aromatica,1.79,marktguru-offers
2026-08-30,REWE,,Rewe PWR Shaker,5.99,marktguru-offers
2026-08-30,REWE,,Ariel All in 1 Pods,4.99,marktguru-offers
2026-08-30,REWE,,Lenor Weichspüler,3.99,marktguru-offers
2026-08-30,REWE,,Head & Shoulders Shampoo 2in1 Classic Clean,3.49,marktguru-offers
2026-08-30,REWE,,Pantene Pro-V Spülung,3.29,marktguru-offers
2026-08-30,REWE,,Catsan Hygiene Plus,5.49,marktguru-offers
2026-08-30,REWE,,Bruno Banani Duschgel,2.29,marktguru-offers
2026-08-30,REWE,,Old Spice Deo stick Captain,2.99,marktguru-offers
2026-08-30,REWE,,Knorr Soße,0.99,marktguru-offers
2026-08-30,REWE,,Pampers Baby-Dry Pants,12.99,marktguru-offers
2026-08-30,REWE,,Knorr Pasta Pot,0.99,marktguru-offers
2026-08-30,REWE,,Dallmayr Capsa Lungo,2.69,marktguru-offers
2026-08-30,REWE,,Mutti Tomatenpesto,2.49,marktguru-offers
2026-08-30,REWE,,Persil Universal 4 in 1 Discs,18.99,marktguru-offers
2026-08-30,REWE,,Carefree Slipeinlagen,2.29,marktguru-offers
2026-08-30,REWE,,Purina Felix Katzennahrung,3.99,marktguru-offers
2026-08-30,REWE,,Milupa Kindermilch,5.99,marktguru-offers
2026-08-30,REWE,,Sheba Katzennahrung Fresh & Fine,2.19,marktguru-offers
2026-08-30,REWE,,Barilla Pasta La Collezione,1.49,marktguru-offers
2026-08-30,REWE,,Zewa Wisch & Weg Original,2.49,marktguru-offers
2026-08-30,REWE,,Zewa Toilettenpapier,3.99,marktguru-offers
2026-08-30,REWE,,Rewe to go Salatschale BBQ-Mix,2.99,marktguru-offers
2026-08-30,REWE,,Fairy Geschirrspülmittel,1.39,marktguru-offers
2026-08-30,REWE,,Bonduelle Kopfsalat,1.79,marktguru-offers
2026-08-30,REWE,,Rewe Beste Wahl Kernlose Tafeltrauben,3.99,marktguru-offers
2026-08-30,REWE,,thisisnobrand123 Himbeeren,3.79,marktguru-offers
2026-08-30,REWE,,Franziskaner Weißbier,12.99,marktguru-offers
2026-08-30,REWE,,Steitz & Beck Weinfreunde Wein,3.99,marktguru-offers
2026-08-30,REWE,,Harry Brot 1688 Korn an Korn,1.59,marktguru-offers
2026-08-30,REWE,,Rewe PWR Filled Protein Bar,1.19,marktguru-offers
2026-08-30,REWE,,Rewe PWR Protein Bar 50,0.85,marktguru-offers
2026-08-30,REWE,,Rewe PWR Protein Bar 30,0.95,marktguru-offers
2026-08-30,REWE,,Rewe PWR Clear Whey Protein,16.99,marktguru-offers
2026-08-30,REWE,,Rewe PWR Whey Protein,12.85,marktguru-offers
2026-08-30,REWE,,Meisterklasse Jagdwurst,3.99,marktguru-offers
2026-08-30,REWE,,Schär Landbrot,2.79,marktguru-offers
2026-08-30,REWE,,Dr. Oetker Ristorante Pizza Salame,1.79,marktguru-offers
2026-08-30,REWE,,Greenforce Veganer Leberkäse,2.49,marktguru-offers
2026-08-30,REWE,,Iglo 13 Backfischstäbchen,2.99,marktguru-offers
2026-08-30,REWE,,Rügenwalder Mühle Vegane Pommersche fein,1.79,marktguru-offers
2026-08-30,REWE,,Tante Fanny Frischer Flammkuchenteig,1.49,marktguru-offers
2026-08-30,REWE,,Dr. Oetker Suprema Calabrese & Nduja Tipo,3.99,marktguru-offers
2026-08-30,REWE,,Nuii Ice Cream Salted Caramel & Australian Macadamia,2.22,marktguru-offers
2026-08-30,REWE,,Langnese Cremissimo Haselnuss Vanilla Schokolade,1.79,marktguru-offers
2026-08-30,REWE,,Wodka Gorbatschow Original,6.49,marktguru-offers
2026-08-30,REWE,,Fürst Von Metternich Sekt,5.99,marktguru-offers
2026-08-30,REWE,,Jameson Irish Whiskey,14.99,marktguru-offers
2026-08-30,REWE,,Söhnlein Brillant Sekt,2.79,marktguru-offers
2026-08-30,REWE,,Baileys The Original Irish Cream Liqueur,9.99,marktguru-offers
2026-08-30,REWE,,Hendrick‘s Gin,27.99,marktguru-offers
2026-08-30,REWE,,Skyy Vodka,9.99,marktguru-offers
2026-08-30,REWE,,Campari Bitter Aperitif,10.99,marktguru-offers
2026-08-30,REWE,,Smirnoff Ice Vodka,1.99,marktguru-offers
2026-08-30,REWE,,J. Hettinger Qualitätswein,2.99,marktguru-offers
2026-08-30,REWE,,Maggi Fix Nudel-Schinken Gratin,0.49,marktguru-offers
2026-08-30,REWE,,Saupiquet Thunfisch-Salat,2.29,marktguru-offers
2026-08-30,REWE,,Barilla Pesto Rosso Vegan,1.99,marktguru-offers
2026-08-30,REWE,,Rewe Bio Bio Avocados Hass,1.29,marktguru-offers
2026-08-30,REWE,,Rewe Back-Station Ciabatta,0.79,marktguru-offers
2026-08-30,REWE,,Puma Sneaker-Socken 6er Pack,12.99,marktguru-offers
2026-08-30,REWE,,Mush Roots Pilz-Bällchen vegan,2.49,marktguru-offers
2026-08-30,REWE,,Harzbube Handkäse,2.29,marktguru-offers
2026-08-30,REWE,,NOA Hummus Vegan,1.79,marktguru-offers
2026-08-30,REWE,,Schwarzwaldmilch LAC lactosefrei Creme Fraiche,1.29,marktguru-offers
2026-08-30,REWE,,Einbecker Brauhaus Brauherren,11.49,marktguru-offers
2026-08-30,REWE,,Käfer Pinot Grigio,2.99,marktguru-offers
2026-08-30,REWE,,Fürst Bismarck Kornbrand,7.99,marktguru-offers
2026-08-30,REWE,,Afri Cola Cola,0.89,marktguru-offers
2026-08-30,REWE,,Freixenet Mederaño,2.99,marktguru-offers
2026-08-30,REWE,,Deutsches Weintor Exklusiv Qualitätswein,3.99,marktguru-offers
2026-08-30,REWE,,Granini Die Limo,1.29,marktguru-offers
2026-08-30,REWE,,Rotkäppchen Sekt,2.99,marktguru-offers
2026-08-30,REWE,,Carlsberg Lager Beer,4.99,marktguru-offers
2026-08-30,REWE,,Harry Brot 1688 Steinofenbrot,1.59,marktguru-offers
2026-08-30,REWE,,Oreo Mini Donuts,2.79,marktguru-offers
2026-08-30,REWE,,Wasa Sesam & Vollkorn,1.79,marktguru-offers
2026-08-30,REWE,,Rougette Ofenkäse,3.99,marktguru-offers
2026-08-30,REWE,,Gervais Hüttenkäse,1.29,marktguru-offers
2026-08-30,REWE,,Grünländer Scheiben,1.69,marktguru-offers
2026-08-30,REWE,,Bruno Gelato Eis,3.49,marktguru-offers
2026-08-30,REWE,,XXL Nutrition HP Fit Pudding,1.99,marktguru-offers
2026-08-30,REWE,,Ponti Balsamico Creme,2.49,marktguru-offers
2026-08-30,REWE,,Neoh Milky Choc,1.99,marktguru-offers
2026-08-30,REWE,,Trefl Lizenz-Puzzle,5.99,marktguru-offers
2026-08-30,REWE,,Rigoni Di Asiago Fiordifrutta Bio-Fruchtaufstrich,3.29,marktguru-offers
2026-08-30,REWE,,LEGO Traktor 60498,16.99,marktguru-offers
2026-08-30,REWE,,Vivess Pizzaschneider,2.99,marktguru-offers
2026-08-30,REWE,,Wholey Bio Cerealien Vegan,2.99,marktguru-offers
2026-08-30,REWE,,Vivess Zitruspresse,1.49,marktguru-offers
2026-08-30,REWE,,Adidas Damen Badepantoletten Aqua,15.0,marktguru-offers
2026-08-30,REWE,,Hosta Nippon Puffreis Häppchen,1.79,marktguru-offers
2026-08-30,REWE,,thisisnobrand123 Rückenbandage,9.99,marktguru-offers
2026-08-30,REWE,,Sarotti Eszet Schnitten,1.29,marktguru-offers
2026-08-30,REWE,,Bünting Tee Grünpack Echter Ostfriesen-Tee,7.49,marktguru-offers
2026-08-30,REWE,,Knorr Feinschmecker Suppen,0.88,marktguru-offers
2026-08-30,REWE,,Knorr Schlemmersauce,0.99,marktguru-offers
2026-08-30,REWE,,Nescafé Espresso Concentrate,4.44,marktguru-offers
2026-08-30,REWE,,Mövenpick Kaffee Der Himmlische,6.99,marktguru-offers
2026-08-30,REWE,,Mövenpick Caffè Crema,13.99,marktguru-offers
2026-08-30,REWE,,Capri Sun Soft Chews,1.99,marktguru-offers
2026-08-30,REWE,,Griesson Soft-Cake Orange,1.99,marktguru-offers
2026-08-30,REWE,,Nestlé KitKat Cookie Dough,1.79,marktguru-offers
2026-08-30,REWE,,Ferrero Kinder Schoko-Bons,2.99,marktguru-offers
2026-08-30,REWE,,Storck Knoppers,1.79,marktguru-offers
2026-08-30,REWE,,Deutsche See Lachsfilet,4.99,marktguru-offers
2026-08-30,REWE,,Funny Frisch Ofen Chips,1.11,marktguru-offers
2026-08-30,REWE,,Rewe Frischkäsezubereitungen,1.49,marktguru-offers
2026-08-30,REWE,,Beemster Mild,1.39,marktguru-offers
2026-08-30,REWE,,Appenzeller Switzerland Kräftig-Würzig,2.39,marktguru-offers
2026-08-30,REWE,,Mila Alta Badia,1.99,marktguru-offers
2026-08-30,REWE,,Ellesse Herren-Boxershorts 3er-Pack,15.99,marktguru-offers
2026-08-30,REWE,,Ellesse Herren Sportsocken 3er Pack,9.99,marktguru-offers
2026-08-30,REWE,,Ellesse Herren Sneaker,29.99,marktguru-offers
2026-08-30,REWE,,Ellesse Herren Jogginghose,26.99,marktguru-offers
2026-08-30,REWE,,Ellesse Herren Sweatshirt,26.99,marktguru-offers
2026-08-30,REWE,,Chaumes Weichkäse,1.79,marktguru-offers
2026-08-30,REWE,,Dallmayr Capsa,2.69,marktguru-offers
2026-08-30,REWE,,Le Rustique Camembert,2.79,marktguru-offers
2026-08-30,REWE,,Osborne Veterano,9.99,marktguru-offers
2026-08-30,REWE,,Fage Total Joghurt,0.99,marktguru-offers
2026-08-30,REWE,,Milka Choco Wafer,1.99,marktguru-offers
2026-08-30,REWE,,True Fruits Smoothies,2.29,marktguru-offers
2026-08-30,REWE,,Rewe Beste Wahl Buschbohnen,1.59,marktguru-offers
2026-08-30,REWE,,thisisnobrand123 Rote Johannisbeeren,1.99,marktguru-offers
2026-08-30,REWE,,Chiquita Bananen,1.99,marktguru-offers
2026-08-30,REWE,,Karlsberg MiXery Vodka Flav. Iced Blue,0.99,marktguru-offers
2026-08-30,REWE,,Barilla Pasta Spezialitäten Collezione,1.49,marktguru-offers
2026-08-30,REWE,,Beck's Pils,10.99,marktguru-offers
2026-08-30,REWE,,Müllermilch,0.79,marktguru-offers
2026-08-30,REWE,,Milram Buttermilch-Drink,1.29,marktguru-offers
2026-08-30,REWE,,Zott Monte Maxi,1.49,marktguru-offers
2026-08-30,REWE,,Der Große Bauer,0.49,marktguru-offers
2026-08-30,REWE,,Dr. Oetker Rote Grütze,1.99,marktguru-offers
2026-08-30,REWE,,Homann Nudelsalat,1.79,marktguru-offers
2026-08-30,REWE,,Nestlé Smarties & Joghurt,0.69,marktguru-offers
2026-08-30,REWE,,Becel Gold,1.39,marktguru-offers
2026-08-30,REWE,,Arla Bio Frische Weidemilch,1.29,marktguru-offers
2026-08-30,REWE,,Lavazza Caramel Latte,1.79,marktguru-offers
2026-08-30,REWE,,Arla Kaergarden,1.29,marktguru-offers
2026-08-30,REWE,,Aperol Aperitif-Bitter,9.49,marktguru-offers
2026-08-30,REWE,,Barilla Pasta Classic,0.88,marktguru-offers
2026-08-30,REWE,,thisisnobrand123 Rucola,0.69,marktguru-offers
2026-08-30,REWE,,Bonne Maman Konfitüre Weniger Zucker,2.49,marktguru-offers
2026-08-30,REWE,,thisisnobrand123 Zitronen,0.99,marktguru-offers
2026-08-30,REWE,,Rewe Feine Welt Aroma Datteln,2.49,marktguru-offers
2026-08-30,REWE,,Rewe Beste Wahl Snack Möhren,0.99,marktguru-offers
2026-08-30,REWE,,Rewe Beste Wahl Wildkräuter Salat,1.19,marktguru-offers
2026-08-30,REWE,,Lichtenauer Mineralwasser,5.99,marktguru-offers
2026-08-30,REWE,,Rewe Coleslaw,0.79,marktguru-offers
2026-08-30,REWE,,Rewe Frischkäsecreme Guacamole,1.29,marktguru-offers
2026-08-30,REWE,,Ruwisch & Zuck Schweizer Teufel,2.19,marktguru-offers
2026-08-30,REWE,,OM Altsteirer Hartkäse,1.79,marktguru-offers
2026-08-30,REWE,,Imlig Käserei St. Galler Rahmkäse,2.19,marktguru-offers
2026-08-30,REWE,,Rewe Back-Station Geflammtes Brot,1.69,marktguru-offers
2026-08-30,REWE,,thisisnobrand123 Anti-Stress-Bälle,5.99,marktguru-offers
2026-08-30,REWE,,Deutsche See Räucher-Garnele,3.99,marktguru-offers
2026-08-30,REWE,,Berliner Kindl Pilsener,10.49,marktguru-offers
2026-08-30,REWE,,III Freunde Grauburgunder,7.99,marktguru-offers
2026-08-30,REWE,,Rasgón Tempranillo Vino de la tierra,2.99,marktguru-offers
2026-08-30,REWE,,Rewe Feine Welt Appenzeller,3.99,marktguru-offers
2026-08-30,REWE,,Martin Schongauer Qualitätsweine,3.99,marktguru-offers
2026-08-30,REWE,,Wijngaard Kaas Affiné schwarzer Pfeffer,3.79,marktguru-offers
2026-08-30,REWE,,thisisnobrand123 Le Roulé Cranberry,3.79,marktguru-offers
2026-08-30,REWE,,thisisnobrand123 Zucchini,1.11,marktguru-offers
2026-08-30,REWE,,Le Gruyère Premier Cru,2.99,marktguru-offers
2026-08-30,REWE,,Chalet du Papillon Merlot Rosé,2.49,marktguru-offers
2026-08-30,REWE,,Weinhaus 1112 Grauburgunder,3.99,marktguru-offers
2026-08-30,REWE,,Torre Oria El Cortez XO Extra Ordinario,4.99,marktguru-offers
2026-08-30,REWE,,Famille Perrin La Vieille Ferme Rosé,4.99,marktguru-offers
2026-08-30,REWE,,Corte Parma Apéritiv‘O Spezialitäten,9.99,marktguru-offers
2026-08-30,REWE,,Rotwild Müller-Thurgau,2.99,marktguru-offers
2026-08-30,REWE,,Imlig Käserei Roter Stier,2.69,marktguru-offers
2026-08-30,REWE,,Heiderbeck Blütenhof Frischcreme Kräuter,2.19,marktguru-offers
2026-08-30,REWE,,Yellow Tail Shiraz,3.99,marktguru-offers
2026-08-30,REWE,,Maybach Qualitätsweine,2.99,marktguru-offers
2026-08-30,REWE,,WZG Riesling Süss & Fruchtig,2.99,marktguru-offers
2026-08-30,REWE,,Heiderbeck Alpen Purist,2.69,marktguru-offers
2026-08-30,REWE,,Cantine Bertoldi Merlot Veneto Barrique,4.99,marktguru-offers
2026-08-30,REWE,,Potzblitz Schnittkäse,2.69,marktguru-offers
2026-08-30,REWE,,Val Duna Grauburgunder,2.99,marktguru-offers
2026-08-30,REWE,,Alpenswiss Berghof Säntis Barrique,1.89,marktguru-offers
2026-08-30,REWE,,Famiglia Angelo Rocca Primitivo Susumaniello,5.99,marktguru-offers
2026-08-30,REWE,,Bree Chardonnay,2.99,marktguru-offers
2026-08-30,REWE,,Gerstacker Nürnberger Federweißer,2.49,marktguru-offers
2026-08-30,REWE,,Donauherbst Wein,2.49,marktguru-offers
2026-08-30,REWE,,Gotano Red Choc,3.49,marktguru-offers
2026-08-30,REWE,,Heiderbeck Blütenhof Wiesenblume,2.39,marktguru-offers
2026-08-30,REWE,,Vivess Kristallgläser,5.99,marktguru-offers
2026-08-30,REWE,,Vivess Hebelkorkenzieher,5.99,marktguru-offers
2026-08-30,REWE,,Rotkäppchen Weine,2.99,marktguru-offers
2026-08-30,REWE,,Doppio Passo Wein,4.99,marktguru-offers
2026-08-30,REWE,,Moselland Akzente Riesling,3.99,marktguru-offers
2026-08-30,REWE,,Alpenswiss Berghof Toggenburger Sonntagskäse,1.59,marktguru-offers
2026-08-30,REWE,,Osborne Solaz Tempranillo & Cabernet Sauvignon,4.29,marktguru-offers
2026-08-30,REWE,,Baldauf Käse Senner Alpenfeuer,2.59,marktguru-offers
2026-08-30,REWE,,Cavit I Mastri Vernacoli Pinot Grigio,4.99,marktguru-offers
2026-08-30,REWE,,Schloss Wackerbarth Elbterrassen Wein,7.99,marktguru-offers
2026-08-30,REWE,,Weingut Contessa Marina 14 Primitivo di Manduria,5.99,marktguru-offers
2026-08-30,REWE,,Plangger Steinsalzkäse,2.19,marktguru-offers
2026-08-30,REWE,,Villa Puccini Chianti Riserva,5.99,marktguru-offers
2026-08-30,REWE,,Latentia Winery Novantaceppi 90 Primitivo,4.99,marktguru-offers
2026-08-30,REWE,,thisisnobrand123 Cicciata Rosato,5.49,marktguru-offers
2026-08-30,REWE,,Snofrisk Frischkäse,2.49,marktguru-offers
2026-08-30,REWE,,Weingut Peterhof Riesling,4.79,marktguru-offers
2026-08-30,REWE,,Ur Krostitzer Pils,9.99,marktguru-offers
2026-08-30,REWE,,thisisnobrand123 Kaktusfeigen,1.29,marktguru-offers
2026-08-30,REWE,,thisisnobrand123 Pfifferlinge,2.79,marktguru-offers
2026-08-30,REWE,,Rewe Back-Station Laugenzopf,0.39,marktguru-offers
2026-08-30,REWE,,Pema Dinobrot vegan,1.49,marktguru-offers
2026-08-30,REWE,,Deutsche See Makrele,1.79,marktguru-offers
2026-08-30,REWE,,Wiesbauer Spare Ribs,7.99,marktguru-offers
2026-08-30,REWE,,Deutsche See Pulpo-Arme,7.99,marktguru-offers
2026-08-30,REWE,,Sonnendorfer Bio Eier OKT,3.19,marktguru-offers
2026-08-30,REWE,,Rewe Beste Wahl Barbarieentenbrust,5.29,marktguru-offers
2026-08-30,REWE,,Burgis Knödelinos Vegan,1.79,marktguru-offers
2026-08-30,REWE,,Endori Veganes Chicken Cheese Sticks,2.49,marktguru-offers
2026-08-30,REWE,,Andechser Natur Bio-Käse,2.49,marktguru-offers
2026-08-30,REWE,,Settele Eier-Spätzle,3.33,marktguru-offers
2026-08-30,REWE,,Alpenhain Camembert-Creme Natur,1.49,marktguru-offers
2026-08-30,REWE,,Berchtesgadener Land Körniger Frischkäse,1.29,marktguru-offers
2026-08-30,REWE,,Rewe Back-Station Süße Biene,0.59,marktguru-offers
2026-08-30,REWE,,Scheller Mühle Mehlzauber Weizenmehl,1.19,marktguru-offers
2026-08-30,REWE,,Bayernglück Haferflocken,1.29,marktguru-offers
2026-08-30,REWE,,Berchtesgadener Land Frucht & Knusper Joghurt,0.59,marktguru-offers
2026-08-30,REWE,,Berchtesgadener Land Latte Macchiato,0.79,marktguru-offers
2026-08-30,REWE,,Berchtesgadener Land Frische Bio-Alpenmilch,1.39,marktguru-offers
2026-08-30,REWE,,Rewe Bio Bio Pommes Frites,1.99,marktguru-offers
2026-08-30,REWE,,Vita Coco Kokosnusswasser,1.59,marktguru-offers
2026-08-30,REWE,,Minus L H-Milch,1.29,marktguru-offers
2026-08-30,REWE,,Rewe Beste Wahl Himbeeren gefroren,3.99,marktguru-offers
2026-08-30,REWE,,thisisnobrand123 Bio Kürbis Butternut,1.99,marktguru-offers
2026-08-30,REWE,,thisisnobrand123 Bio Staudensellerie,1.79,marktguru-offers
2026-08-30,REWE,,thisisnobrand123 Bio-Snack Möhren,1.11,marktguru-offers
2026-08-30,REWE,,Rewe Bio Bio-Speisekartoffeln,1.99,marktguru-offers
2026-08-30,REWE,,Rewe Bio Bio Lauchzwiebel,1.11,marktguru-offers
2026-08-30,REWE,,Rewe Bio Bio Chili Mix,1.39,marktguru-offers
2026-08-30,REWE,,Weihenstephan Brauerei Helles,14.99,marktguru-offers
2026-08-30,REWE,,Krumbach Mineralwasser,4.44,marktguru-offers
2026-08-30,REWE,,thisisnobrand123 Riesengarnelen Aioli,2.99,marktguru-offers
2026-08-30,REWE,,thisisnobrand123 Seelachsfilet,1.69,marktguru-offers
2026-08-30,REWE,,thisisnobrand123 Wolfsbarsch,1.69,marktguru-offers
2026-08-30,REWE,,thisisnobrand123 Smoky Rauchmatjesfilet,1.59,marktguru-offers
2026-08-30,REWE,,thisisnobrand123 Lachsfilet,1.99,marktguru-offers
2026-08-30,REWE,,Cavit Mastri Vernacoli Weine,4.99,marktguru-offers
2026-08-30,REWE,,Arcobräu Mooser Liesl,15.99,marktguru-offers
2026-08-30,REWE,,Lösch-Zwerg Bierspezialität,12.99,marktguru-offers
2026-08-30,REWE,,Gönrgy Energy Drink,0.99,marktguru-offers
2026-08-30,REWE,,Crodo Soda Limonade,0.79,marktguru-offers
2026-08-30,REWE,,Vinzenzmurr Norwegischer Räucherlachs,4.99,marktguru-offers
2026-08-30,REWE,,Vinzenzmurr Kräuter Matjes-Filet,1.89,marktguru-offers
2026-08-30,REWE,,thisisnobrand123 Gorgonzola,1.79,marktguru-offers
2026-08-30,REWE,,thisisnobrand123 Emmentaler,1.79,marktguru-offers
2026-08-30,REWE,,Käsemanufaktur Herz Viehscheidler,2.29,marktguru-offers
2026-08-30,REWE,,Rewe Back-Station Chocolate Cake Donut,1.0,marktguru-offers
2026-08-30,REWE,,Ellesse Herren T-Shirt,14.99,marktguru-offers
2026-08-30,REWE,,Comfortisse Posture Rückenstabilisator Pro,9.99,marktguru-offers
2026-08-30,REWE,,Ellesse Herren Badepantoletten,14.99,marktguru-offers
2026-08-30,REWE,,Arla Lacto Free Frischmilch,1.29,marktguru-offers
2026-08-30,REWE,,Mila Bergmilch Dolomitenkönig,1.79,marktguru-offers
2026-08-30,REWE,,thisisnobrand123 Fleischsalat,1.39,marktguru-offers
2026-08-30,REWE,,Bonbel Butterkäse,1.79,marktguru-offers
2026-08-30,REWE,,Kapuziner Weißbier,12.99,marktguru-offers
2026-08-30,REWE,,Franken Brunnen Mineralwasser,5.49,marktguru-offers
2026-08-30,REWE,,Amecke Sanfte Säfte,1.99,marktguru-offers
2026-08-30,dm,,Ivorell Erfrischungsgetränk Wasser + Koffein,0.95,marktguru-offers
2026-08-30,dm,,Babylove Bio Knusperriegel Apfel-Kirsche,0.45,marktguru-offers
2026-08-30,dm,,dmBio Müsli Riegel Hafer Nuss,1.95,marktguru-offers
2026-08-30,dm,,TeeFee Bio Tee Saft,0.95,marktguru-offers
2026-08-30,dm,,Dr. Scheller Anti-Falten Argan Tagescreme,8.45,marktguru-offers
2026-08-30,dm,,Alverde Naturkosmetik After Sun Fluid Gesicht & Dekolleté,3.95,marktguru-offers
2026-08-30,dm,,Lacura Verwöhnendes Salz-Öl-Körperpeeling Bio-Sanddorn,3.45,marktguru-offers
2026-08-30,dm,,Alverde Men Anti-Aging Gesichtscreme Q10,3.95,marktguru-offers
2026-08-30,dm,,Mivolis GehirnFit,4.95,marktguru-offers
2026-08-30,dm,,Energizer Ultimate Child Shield Batterie,6.95,marktguru-offers
2026-08-30,dm,,Denkmit All-in-One Waschmittel Quick & Fresh,2.45,marktguru-offers
2026-08-30,dm,,Denkmit Colorwaschmittel 3in1 Aktiv Caps,4.45,marktguru-offers
2026-08-30,dm,,Denkmit Flecken-Gel Power-Formel,1.45,marktguru-offers
2026-08-30,dm,,Denkmit Wäscheparfüm Perlen Golden Feeling,2.95,marktguru-offers
2026-08-30,dm,,Denkmit Gallseife,0.75,marktguru-offers
2026-08-30,dm,,Fairy Spülmittel,1.85,marktguru-offers
2026-08-30,dm,,Frosch Mandelmilch Weichspüler,1.95,marktguru-offers
2026-08-30,dm,,Persil Universal Vollwaschmittel,7.45,marktguru-offers
2026-08-30,Netto,0000444280921,kinder Country,1.99,open-prices
2026-08-30,EDEKA,00111210,Edeka Erdbeeren,5.98,open-prices
2026-08-30,Netto,0011210002173,McIlhenny Tabasco Brand Pepper Sauce,3.49,open-prices
2026-08-30,Kaufland,0015700050026,Swiss Miss Hot cocoa mix,5.99,open-prices
2026-08-30,Kaufland,0039047001138,Walkers Pure Butter Shortbread,3.19,open-prices
2026-08-30,Kaufland,0046800000970,Develey Süss-Sauer Sauce,1.79,open-prices
2026-08-30,Netto,0054300090018,Rocky Mountain Marshmallows classic,2.49,open-prices
2026-08-30,Netto,0078548293024,Stiratini Grissini,1.69,open-prices
2026-08-30,Netto,0346209304236,Pure & Basic Flüssigseife Sanft & Sensitiv Nachfüllbeutel,0.99,open-prices
2026-08-30,Netto,0590008657998,Rauch 100% Zitrone,0.89,open-prices
2026-08-30,EDEKA,0710702009620,Gasthaus Stern - Heilbronner Straße 16-73635 Schlechtbach Pikante Kuttelsuppe,3.4,open-prices
2026-08-30,EDEKA,0710702009996,Gasthaus Stern - Heilbronner Straße 16-73635 Schlechtbach Pikantes Gulasch vom Rind,5.9,open-prices
2026-08-30,V-MARKT,0742832990929,Biohof Dötz 6 frische Bio-Eier,3.49,open-prices
2026-08-30,Kaufland,0746775036744,Mattel UNO,9.99,open-prices
2026-08-30,CAP-Markt,0750022403784,WARTH pinot blanc Trocken,7.9,open-prices
2026-08-30,Nahkauf,0764137500009,Karls Kola,1.29,open-prices
2026-08-30,Kaufland,0778988419571,Rubik's Cube,9.99,open-prices
2026-08-30,dm,17854100169,"Baylis & Harding Flüssigseife Goodness Lemongrass & Ginger, 500 ml",3.95,dm-website
2026-08-30,dm,17854100176,"Baylis & Harding Flüssigseife Goodness Oud, Cedar & Amber, 500 ml",3.95,dm-website
2026-08-30,dm,17854100213,"Baylis & Harding Duschgel Goodness Oud, Cedar & Amber, 500 ml",3.95,dm-website
2026-08-30,dm,17854116528,"Baylis & Harding Duschgel Goodness Tonka Bean & Neroli, 500 ml",3.95,dm-website
2026-08-30,dm,17854116535,"Baylis & Harding Flüssigseife Goodness Tonka Bean & Neroli, 500 ml",3.95,dm-website
2026-08-30,dm,17854116955,"Baylis & Harding Flüssigseife Twilight Amber, 400 ml",3.95,dm-website
2026-08-30,dm,17854120815,"Baylis & Harding Flüssigseife Vanilla Seduction, 400 ml",3.95,dm-website
2026-08-30,Lidl,20000295,Kania Paprikapulver,0.85,open-prices
2026-08-30,Lidl,20004132,Baresa Chopped Tomatoes,0.5,open-prices
2026-08-30,Lidl,20005535,Inter Biscuits Choco Wafer Röllchen Vollmilch,1.79,open-prices
2026-08-30,Lidl,20005672,"Alesto Erdnüsse, pikant gewürzt",0.89,open-prices
2026-08-30,Lidl,20005689,Alesto Erdnüsse geröstet und gesalzen,0.99,open-prices
2026-08-30,Lidl,20005733,Alesto Cerneaux de Noix,2.49,open-prices
2026-08-30,Lidl,20005771,Fin Carre Whole Nut Milk Chocolate with Roasted Hazelnuts,1.29,open-prices
2026-08-30,Lidl,20005825,FIN CARRE Melk Lait,0.79,open-prices
2026-08-30,Lidl,20005832,fin CARRE Dark chocolate 50% Cocoa,0.89,open-prices
2026-08-30,Lidl,20007362,floraly Klopapier,3.77,open-prices
2026-08-30,Lidl,20026394,Eridanous Bohnen weiß eingelegt in Tomatensoße,1.79,open-prices
2026-08-30,Lidl,20029838,fin CARRE Hazelnut Milk Chocolate,0.79,open-prices
2026-08-30,Lidl,20036232,Favorina Dominos dark chocolate,3.49,open-prices
2026-08-30,Lidl,20036911,Milbona Café latte Espresso,0.75,open-prices
2026-08-30,Lidl,20047238,Alesto Nussmix,2.99,open-prices
2026-08-30,Lidl,20051013,Alesto Cashewkerne geröstet & gesalzen,2.25,open-prices
2026-08-30,Lidl,20053468,Milbona Gorgonzola DOP mild,1.81,open-prices
2026-08-30,Lidl,20053475,Deluxe Gorgonzola dop piccante,1.81,open-prices
2026-08-30,Lidl,20055912,spazzolini soft dentalux,1.45,open-prices
2026-08-30,Lidl,20055929,Dentalux Zahnbürste,1.45,open-prices
2026-08-30,Lidl,20061166,Sondey Gaufres Liégeoises aux perles de sucre,2.49,open-prices
2026-08-30,Lidl,20068820,"Inter Biscuits Schoko Waffeln, 48% Vollmilchschokolade",2.59,open-prices
2026-08-30,Lidl,20071943,LIDL Früchte Hafer-Müsli,2.49,open-prices
2026-08-30,Lidl,20089955,Alesto Erdnüsse – geröstet & gesalzen,2.29,open-prices
2026-08-30,ALDI,2009010044736,Gut Bio Bio-Kiwi,2.29,open-prices
2026-08-30,ALDI,2009010124698,Trader Joe's Kalifornische Pistazien XXL geröstet & gesalzen,5.29,open-prices
2026-08-30,ALDI,2009010142173,ALDI Plattnektarinen Weißfleischig Klasse 1 Spanien 1.89€ 500g Packung 1kg 3.78€,1.99,open-prices
2026-08-30,ALDI,2009010182865,Goldähren Toastbrötchen - Dinkel,0.99,open-prices
2026-08-30,ALDI,2009010234281,ALDI Hafer-Heidi Haferbrot mit Leinsamen 1.89€ 450g Packung 1kg 4.20€,1.89,open-prices
2026-08-30,ALDI,2009010241180,Kokett Toilettenpapier 3 Lagen soft & saugstark,3.59,open-prices
2026-08-30,ALDI,2009010250557,Golden Bridge Churros,2.49,open-prices
2026-08-30,ALDI,2009010292526,Gut Bio Bio-Zitronen,1.49,open-prices
2026-08-30,ALDI,2009010373713,Delikato Pommes sauce,1.39,open-prices
2026-08-30,Lidl,20111724,Eredanous Grüne Oliven Glas,5.99,open-prices
2026-08-30,Lidl,20112745,Taste of Lidl Easy Cook Long Grain Rice,1.59,open-prices
2026-08-30,Lidl,20114671,Maribel Confiture extra fraise bio,1.29,open-prices
2026-08-30,Lidl,20114701,Maribel Meruňkový džem,1.29,open-prices
2026-08-30,Lidl,20118761,Alesto Орехи макадамия,2.49,open-prices
2026-08-30,Lidl,20143077,McEnnedy American Style Chicken strips with Curry Dip,3.99,open-prices
2026-08-30,Lidl,20149819,Freshona Sauerkirschen,1.99,open-prices
2026-08-30,Lidl,20155087,Lidl Fischstäbchen,2.49,open-prices
2026-08-30,Lidl,20169268,nautica Garnelen - Party-Garnelen,1.99,open-prices
2026-08-30,Lidl,20173074,Kania Crispy Fried Onions,1.19,open-prices
2026-08-30,Norma,20178246,"Ferdinand Wolff Goldora Feine Nürnberger Oblaten-Lebkuchen, natur",1.99,open-prices
2026-08-30,Lidl,20194987,Lidl Weißer Knoblauch,1.49,open-prices
2026-08-30,Lidl,20197353,Fude + Serrahn Minis Edelschimmel,1.19,open-prices
2026-08-30,Lidl,20198268,Lidl Harzer Käse,1.59,open-prices
2026-08-30,Lidl,20202392,Alesto Brazil Nuts,2.79,open-prices
2026-08-30,Lidl,20203450,Deluxe Cantuccini mit Pistazien,2.49,open-prices
2026-08-30,Lidl,20203467,Lidl Deluxe Cantuccini mit Haselnüssen 20203467 Kekse mit Haselnüssen,2.49,open-prices
2026-08-30,Norma,20204457,"Ardilla Cashewkerne, Naturell",2.99,open-prices
2026-08-30,Lidl,20224912,Favorina Feinste Baumkuchenspitzen Orengenlikör Vollmilch,2.99,open-prices
2026-08-30,Norma,20232481,Pfiff Macadamia,2.69,open-prices
2026-08-30,Lidl,20233655,Eridanous Halva Vanille,1.99,open-prices
2026-08-30,Lidl,20233662,Eridanous Halva Kakao,1.99,open-prices
2026-08-30,Norma,20236359,Excelsior Alpenvollmilchschokolade,0.99,open-prices
2026-08-30,Norma,20236366,Excelsior Chocolat noir supérieur,0.99,open-prices
2026-08-30,Norma,20236373,NORMA Schokolade Alpenvollmilch Haselnuss,0.99,open-prices
2026-08-30,Lidl,20240059,Bio Organic Organic Vine Tomatoes,2.15,open-prices
2026-08-30,Lidl,20240066,BiO Organic Courgettes bio,1.25,open-prices
2026-08-30,Lidl,20241742,CARREFOUR Mandarinen,2.19,open-prices
2026-08-30,Lidl,20241971,Lidl Erdbeeren,0.99,open-prices
2026-08-30,Lidl,20241988,Sanifrutta Pfirsiche gelbfleischig,2.19,open-prices
2026-08-30,Lidl,20242039,Côté Marché Aprikosen,2.69,open-prices
2026-08-30,Lidl,20242145,Lidl rajčica mini grappolo,1.99,open-prices
2026-08-30,Lidl,20242220,Nosibe Marseille Speisefrühkartoffeln,1.99,open-prices
2026-08-30,Norma,20249830,Excelsior Exselsior Schokolierte Mandeln,2.49,open-prices
2026-08-30,Lidl,20250263,Hortiful GmbH grožđe,1.69,open-prices
2026-08-30,Lidl,20250416,Lidl Red onions,1.29,open-prices
2026-08-30,Norma,20256838,Tao Snackbar Mix,1.69,open-prices
2026-08-30,Lidl,20261580,Nixe Thon aux legumes  couscous,1.36,open-prices
2026-08-30,Norma,20266226,Delicia biscuits fourrés goût chocolat,1.79,open-prices
2026-08-30,Lidl,20267605,Alesto Anacardo/Castanha-de-caju natural,1.79,open-prices
2026-08-30,Norma,20288846,Pfiff Paprika Chips,1.09,open-prices
2026-08-30,Norma,20292119,Belgix Mandel-Banane,2.89,open-prices
2026-08-30,Lidl,20293710,ERIDANOUS Grüne Oliven mit Mandeln gefüllt,1.99,open-prices
2026-08-30,Lidl,20301804,Lidl Soft baked cookies Weiße Schokolade & Zitrone,1.59,open-prices
2026-08-30,Lidl,20301965,Deluxe Mini Gnocchi tricolore,2.29,open-prices
2026-08-30,Lidl,20303037,Fin Carré Whole Nuts White Chocolate,1.29,open-prices
2026-08-30,Lidl,20305185,BiancoForno Blätterteigherzen,1.99,open-prices
2026-08-30,Norma,20305277,Delica Schoko-Waffeln Vollmilch,2.89,open-prices
2026-08-30,Norma,20311469,ST. ALPINE Klassische Prussien,2.99,open-prices
2026-08-30,Lidl,20316488,Lidl Dattelcherrytomaten,2.49,open-prices
2026-08-30,Lidl,20319281,Freshona Italienische Tomaten gehackt Oregano,0.75,open-prices
2026-08-30,Norma,20327545,Caffeciao Typ Cappuccino Classic,2.29,open-prices
2026-08-30,Norma,20327569,Caffeciao Typ Cappuccino weniger süß,2.29,open-prices
2026-08-30,Norma,20336882,Delicia Blätterteig Herzen,1.99,open-prices
2026-08-30,Lidl,20353032,Alesto Mélange de noix et d'olives,2.79,open-prices
2026-08-30,Lidl,20353889,Crownfield Raisin-nuts Müsli,2.59,open-prices
2026-08-30,Lidl,20364625,Golden Sun Reis - Basmati Reis,1.91,open-prices
2026-08-30,Lidl,20368197,fin CARRE Weiße Schokolade,0.89,open-prices
2026-08-30,Lidl,20379735,Lidl Romaine Hearts,0.85,open-prices
2026-08-30,Lidl,20388508,nautica Norwegian Smoked Salmon,4.19,open-prices
2026-08-30,Lidl,20399689,Lidl Kartoffeln festkochend,1.69,open-prices
2026-08-30,Lidl,20403027,Nixe Thon entier au naturel,0.99,open-prices
2026-08-30,Lidl,20441951,Vitasia Glass Noodles,0.39,open-prices
2026-08-30,Lidl,20443375,Baresa Grüne Oliven ohne Stein,1.29,open-prices
2026-08-30,Lidl,20486099,Freshona Festtagsgemüse,1.99,open-prices
2026-08-30,Lidl,20524838,Alesto Cashews gewürzt,2.25,open-prices
2026-08-30,Lidl,20532864,Eridanous Grüne Peperoncini,1.99,open-prices
2026-08-30,Lidl,20532871,Eridanous Guindilla Roja y queso Malagueta,1.99,open-prices
2026-08-30,Lidl,20532888,Eridanous Grüne Pfefferonen gefüllt mit Frischkäsezubereitung,1.99,open-prices
2026-08-30,Lidl,20552633,Chef Select Hähnchen süß-sauer,2.69,open-prices
2026-08-30,Lidl,20569662,Favorina Torrone (fruit),1.99,open-prices
2026-08-30,Lidl,20569679,Lidl Deluxe Weiche Torrone,1.99,open-prices
2026-08-30,Lidl,20569686,Deluxe Torrone chocolat noir,1.99,open-prices
2026-08-30,Lidl,20614089,Milbona Maasdam Caractère,1.79,open-prices
2026-08-30,Lidl,20633257,Italiamo Crema da pistacchio,2.49,open-prices
2026-08-30,Lidl,20649784,Chef Select Saladinettes Salat Mexicana,2.49,open-prices
2026-08-30,Lidl,20699369,Fossa Eugenia B.V. Minze,0.99,open-prices
2026-08-30,Lidl,20772970,Alesto Snack mix,2.79,open-prices
2026-08-30,Lidl,20774998,Crownfield Schoko Hafer-Müsli,2.49,open-prices
2026-08-30,Lidl,20814847,Primadonna Natives Olivenöl,9.99,open-prices
2026-08-30,Lidl,20815356,fin CARRE Dunkle Schokolade mit ganzen Haselnüssen,0.99,open-prices
2026-08-30,Lidl,20816384,Flämische Keksfabrik Jaffa cakes orange,2.49,open-prices
2026-08-30,Lidl,20816544,Milbona Creme Fraiche,0.99,open-prices
2026-08-30,Lidl,20816568,Milbona Saure Sahne,0.69,open-prices
2026-08-30,Lidl,20816759,sondey Biscuits au muesli,2.79,open-prices
2026-08-30,Lidl,20851255,Milbona Emmentaler in Scheiben,2.59,open-prices
2026-08-30,Lidl,20852887,Frutas Esther Pêches plates,2.09,open-prices
2026-08-30,Lidl,20872717,Eridanous Kritharaki,0.89,open-prices
2026-08-30,Lidl,20884222,"Baresa Tomaten gehackt, Basilikum",0.75,open-prices
2026-08-30,Lidl,20884253,Baresa Bio-Tomaten gehackt -  Zwiebel & Knoblauch,0.75,open-prices
2026-08-30,Lidl,20884260,Freshona Feinste passierte Tomaten Bio,0.69,open-prices
2026-08-30,Lidl,20884604,fin CARRE Honig-Salz-Mandel,2.39,open-prices
2026-08-30,Lidl,20884611,Fin Carré Weiße Nussschokolade,1.79,open-prices
2026-08-30,Lidl,20891985,Lidl Cocktailstrauchtomaten,1.49,open-prices
2026-08-30,Lidl,20964955,dentalux LIDL dentalux,0.85,open-prices
2026-08-30,Lidl,20979508,Lidl Champignons Bio,2.19,open-prices
2026-08-30,Lidl,20996147,Confiserie Firenze Muffins aux pepites de chocolat noir,1.99,open-prices
2026-08-30,REWE,21169779,Butcher's Burger Burger Buns Sesam,1.19,open-prices
2026-08-30,REWE,2155782000897,REWE Baguette,0.89,open-prices
2026-08-30,REWE,21661914,Popz Europe KFT Mikrowellen Popcorn süß,1.29,open-prices
2026-08-30,ALDI,2205898000004,"Meine Käsetheke Erzherzog Johann, kräftig-würzig",13.99,open-prices
2026-08-30,ALDI,2206412000005,"Meine Käsetheke Gmundner Berg Premium, würzig-atomatisch",13.99,open-prices
2026-08-30,ALDI,22160195,"Bio Zitronen, Primfiori",2.29,open-prices
2026-08-30,REWE,22200785,Ja Tuna Olive Oil,1.69,open-prices
2026-08-30,CAP-Markt,22386311,Berida Portion vom Lachsfilet mit Haut,5.49,open-prices
2026-08-30,REWE,22386939,today Cremeseife Milch & Honig,0.75,open-prices
2026-08-30,CAP-Markt,2276756006032,EDEKA Südwest Fleisch GmbH Schweinefilet mit Kette,3.02,open-prices
2026-08-30,CAP-Markt,2330714003829,Setzer Landmetzgerei Krakauer,2.99,open-prices
2026-08-30,CAP-Markt,2331171003063,Setzer Landmetzgerei Weißwurst &quot;Münchner Art&quot;,2.0,open-prices
2026-08-30,Norma,26015422,Nespoli Lackier-Set,3.99,open-prices
2026-08-30,Norma,26059785,"protanic Rasenkantenband, pulverbeschichtet, 5 m x 15 cm",9.99,open-prices
2026-08-30,REWE,26405834,Today Flüssigseife Aqua Nachfüllpack,0.99,open-prices
2026-08-30,REWE,2720220002896,Käse Rebellen Heublumen Rebell,4.79,open-prices
2026-08-30,REWE,2746112002195,Bio Naturland Vollkorn,2.19,open-prices
2026-08-30,Lidl,2816360001933,Fischerstolz Goldlocken,4.24,open-prices
2026-08-30,ALDI,29011032,GutBio (Aldi) Braune Champions,2.19,open-prices
2026-08-30,ALDI,29039111,"PapriCo ALDI GEMÜSE Paprika rot  Klasse 1; Marokko, Spanien -28 % 1.39 0.99 ** 500-g-Packung kg = 1.98",2.59,open-prices
2026-08-30,ALDI,29061211,Hauschildts Obsthof Äpfel rot,2.99,open-prices
2026-08-30,ALDI,29061631,Marks & Spencer Süßkirschen,2.0,open-prices
2026-08-30,ALDI,29061914,ALDI GEMÜSE Tasty Tom Mini-Rispentomaten 1.79€ 500g 1kg,2.39,open-prices
2026-08-30,ALDI,29061983,Gut Bio Bio Rispentomaten,2.15,open-prices
2026-08-30,ALDI,29062256,Aldi Pfirsiche,2.49,open-prices
2026-08-30,ALDI,29062287,Marks & Spencer Chopped Italian Tomatoes with Onion & Garlic,2.19,open-prices
2026-08-30,ALDI,29062584,Frankort & Koning Chicorée,1.99,open-prices
2026-08-30,ALDI,29062966,Redstar Mini-Roma-Rispentomaten,1.29,open-prices
2026-08-30,ALDI,29062997,Marks & Spencer Salade de poulet à l’italienne,2.59,open-prices
2026-08-30,ALDI,29063048,Feine Nugat Spitzen,3.69,open-prices
2026-08-30,ALDI,29064366,Aldi Romatomaten,1.99,open-prices
2026-08-30,ALDI,29067121,Pizz'Ah Steinofenpizza Margherita,2.99,open-prices
2026-08-30,ALDI,29068401,Mama Mancini Salami Startpaket,3.99,open-prices
2026-08-30,ALDI,29068760,Mama Mancini Pizzeria Quattro Formaggi,3.59,open-prices
2026-08-30,Kaufland,3012996012001,Canadou Sucre de canne liquide,5.49,open-prices
2024-02-29,E-Center,3023260033424,Schafskäse,1.59,open-prices
2024-03-14,E-Center,3023260033424,Schafskäse,1.59,open-prices
2026-08-30,E-Center,3023260033424,Salakis Schafskäse,1.59,open-prices
2025-07-28,EDEKA,3023260033424,Schafskäse,2.19,open-prices
2026-04-14,EDEKA,3023260033424,Schafskäse,1.99,open-prices
2026-08-30,EDEKA,3023260033424,Salakis Schafskäse,1.99,open-prices
2026-03-05,Lidl,3023260033424,Schafskäse,2.19,open-prices
2026-08-30,Lidl,3023260033424,Salakis Schafskäse,2.19,open-prices
2026-06-15,Netto,3023260033424,Schafskäse,2.29,open-prices
2026-08-30,Netto,3023260033424,Salakis Schafskäse,2.29,open-prices
2026-08-30,ALDI,3036810201280,Maille Dijon Originale Senf,1.89,open-prices
2026-08-30,EDEKA,3045320090062,Bonne Maman Rotes Johannisbeer Gelee Konfitüre,2.59,open-prices
2026-08-30,V-MARKT,3046920029681,LINDT EXCELLENCE Excellence Noir Délicat Doux 85% Cacao,4.99,open-prices
2024-04-16,E-Center,3047670000692,Camembert Cremig-Würzig,1.48,open-prices
2026-08-30,E-Center,3047670000692,Géramont Camembert Cremig-Würzig,1.48,open-prices
2025-07-26,Netto,3047670000692,Camembert Cremig-Würzig,3.49,open-prices
2026-08-15,Netto,3047670000692,Camembert Cremig-Würzig,2.49,open-prices
2026-08-30,Netto,3047670000692,Géramont Camembert Cremig-Würzig,2.49,open-prices
2026-08-26,Kaufland,3057640518058,"Volvic Bio Tee Hibiskus 0,75L EW",1.69,open-prices
2026-08-30,Kaufland,3057640518058,"Volvic Bio Tee Hibiskus 0,75L EW",1.69,open-prices
2025-12-27,REWE,3057640518058,"Volvic Bio Tee Hibiskus 0,75L EW",1.29,open-prices
2026-08-30,REWE,3057640518058,"Volvic Bio Tee Hibiskus 0,75L EW",1.29,open-prices
2026-08-30,Lidl,3057640574658,"Volvic Tee Sugarfree ZERO Pfirsich 1,5 L EW",0.89,open-prices
2025-11-19,REWE,3083680009508,Crveni pasulj,1.79,open-prices
2026-01-28,REWE,3083680009508,Crveni pasulj,1.79,open-prices
2026-08-30,REWE,3083680009508,Bonduelle Crveni pasulj,1.79,open-prices
2026-01-31,V-MARKT,3083680009508,Crveni pasulj,1.79,open-prices
2026-08-30,V-MARKT,3083680009508,Bonduelle Crveni pasulj,1.79,open-prices
2026-08-30,V-MARKT,3083681117769,Bonduelle Goldmais Junge Ernte,2.29,open-prices
2026-08-30,V-MARKT,3083681133172,Bonduelle Kidney Bohnen,2.49,open-prices
2026-08-30,Netto,3090291116044,Géramont cremig-zarte Scheiben,3.49,open-prices
2026-08-30,CAP-Markt,3090291386041,Käse Fol Epi classic,0.84,open-prices
2026-08-30,REWE,3090291386584,"Fromages Perreault Fol Epi, classic",2.79,open-prices
2026-08-30,E-Center,3090291435077,Chaumes,2.22,open-prices
2026-08-30,Netto,3090291516301,Käse-Saint Albray Mild-würzig & Cremig Geschnitten,2.49,open-prices
2026-08-30,E-Center,3151380003024,Gabriel Coulet Roquefort (32 % MG),2.49,open-prices
2026-08-30,Netto,3153126826003,Camembert Le Rustique,2.99,open-prices
2026-08-30,CAP-Markt,3155250346327,President Carré Gourmet,1.75,open-prices
2026-08-30,Netto,3161710000678,Géramont Weichkäse,3.49,open-prices
2026-08-30,Netto,3161710001309,Géramont Geramont Cremig-leicht,2.49,open-prices
2026-08-30,Netto,3161711001551,Géramont mit gerösteten Kürbiskernen,2.49,open-prices
2026-08-30,E-Center,3161712866104,Pié d'Angloys,2.75,open-prices
2026-08-30,Netto,3161712985492,Géramont Tomate & feine Kräuter,2.49,open-prices
2026-08-30,Netto,3161716740011,Géramont Camembert mit Joghurt,2.29,open-prices
2026-08-30,HIT,3165950052015,Saupiquet Thunfisch Brotaufstrich,3.19,open-prices
2026-08-30,HIT,3165950054019,Saupiquet Thunfisch & Knoblauch,3.19,open-prices
2026-08-30,V-MARKT,3165950578164,Saupiquet Tuna natural without oil,7.99,open-prices
2026-08-30,CAP-Markt,3165950580860,Saupiquet RIO mare Thunfisch-Salat  Western,2.99,open-prices
2026-08-30,HIT,3165955527013,Saupiquet RIO mare Thunfisch-Filets ohne Öl,2.22,open-prices
2026-08-30,EDEKA,3175460000062,BOURSIN Black pepper,1.65,open-prices
2026-08-30,REWE,3175690201376,La Monegasque Avocadoöl,9.29,open-prices
2026-08-30,EDEKA,3176580101301,CF&R Lebt Rustique,2.49,open-prices
2025-01-17,CAP-Markt,3176580107617,Raclette L'originale 400 g Pro Packung,2.99,open-prices
2025-01-31,CAP-Markt,3176580107617,Raclette L'originale 400 g Pro Packung,2.99,open-prices
2026-08-30,CAP-Markt,3176580107617,Le Rustique Raclette L'originale 400 g Pro Packung,2.99,open-prices
2024-12-27,EDEKA,3176580107617,Raclette L'originale 400 g Pro Packung,3.49,open-prices
2025-12-23,EDEKA,3176580107617,Raclette L'originale 400 g Pro Packung,3.29,open-prices
2026-08-30,EDEKA,3176580107617,Le Rustique Raclette L'originale 400 g Pro Packung,3.29,open-prices
2026-08-30,EDEKA,3176580107730,Le Rustique Raclette,3.49,open-prices
2026-08-30,EDEKA,3184670016930,Picandou Picandine en Périgord,2.63,open-prices
2026-08-30,Kaufland,3191220051112,K-Classic Soft Feigen,1.8,open-prices
2026-08-30,EDEKA,3222110010695,Käse - Saint Albray,2.29,open-prices
2026-08-30,E-Center,3222110025026,Saint Albray l'intense,2.22,open-prices
2026-08-30,E-Center,3222110029994,Saint Albray,2.22,open-prices
2026-08-30,Netto,3234510068077,Pierre Schmidt Croissants gefüllt mit Schinken & Emmentaler,2.99,open-prices
2026-08-30,E-Center,3254550035402,Isigny Ste Mère Camembert Au lait cru,3.5,open-prices
2026-08-30,EDEKA,3272320012361,Fromagerie Milleret l'Ortolan,5.59,open-prices
2026-08-30,E-Center,3272770003148,Chavroux Frischkäse aus 100% Ziegenmilch,2.22,open-prices
2026-08-30,E-Center,3272770088732,Chavroux Chives,2.22,open-prices
2026-08-30,Netto,3279840006993,Fonteneau Laugen Brioche Rolls,1.69,open-prices
2026-08-30,EDEKA,3307904400125,Fromager d'Affinois Florette 24 % M.G.,3.37,open-prices
2026-08-30,dm,3326240005320,"ULRIC DE VARENS Deo Naturalspray Gold-Issime pour elle, 125 ml",2.45,dm-website
2024-01-29,E-Center,3341504003935,Edler Blauschimmelkäse aus Frankreich,2.22,open-prices
2026-08-30,E-Center,3341504003935,Saint Agur Edler Blauschimmelkäse aus Frankreich,2.22,open-prices
2023-05-20,EDEKA,3341504003935,Edler Blauschimmelkäse aus Frankreich,2.22,open-prices
2024-11-16,EDEKA,3341504003935,Edler Blauschimmelkäse aus Frankreich,2.29,open-prices
2025-05-02,EDEKA,3341504003935,Edler Blauschimmelkäse aus Frankreich,2.29,open-prices
2026-06-02,EDEKA,3341504003935,Edler Blauschimmelkäse aus Frankreich,2.29,open-prices
2026-08-30,EDEKA,3341504003935,Saint Agur Edler Blauschimmelkäse aus Frankreich,2.29,open-prices
2026-08-30,EDEKA,3370569804447,Prince de Bretagne Bio Schalotten,1.49,open-prices
2026-08-30,EDEKA,3456700100064,Briau Kartoffel Lachs Auflauf,5.75,open-prices
2026-08-30,Kaufland,3487400000019,Ebly Sonnenweizen,2.59,open-prices
2026-08-30,Kaufland,3487400000415,2 Beutel Ebly Zartweizen,2.59,open-prices
2025-08-01,Kaufland,3487400006318,Uncle Bens REIS Langkorn-Reis,2.29,open-prices
2026-08-30,Kaufland,3487400006318,Ben's Original Uncle Bens REIS Langkorn-Reis,2.29,open-prices
2026-06-06,Netto,3487400006318,Uncle Bens REIS Langkorn-Reis,1.49,open-prices
2026-07-20,Netto,3487400006318,Uncle Bens REIS Langkorn-Reis,2.29,open-prices
2026-07-27,Netto,3487400006318,Uncle Bens REIS Langkorn-Reis,1.49,open-prices
2026-08-04,Netto,3487400006318,Uncle Bens REIS Langkorn-Reis,2.29,open-prices
2026-08-30,Netto,3487400006318,Ben's Original Uncle Bens REIS Langkorn-Reis,1.49,open-prices
2023-12-09,PENNY,3487400006318,Uncle Bens REIS Langkorn-Reis,2.29,open-prices
2025-08-01,Kaufland,3487400006325,Express-Reis Basmati,2.29,open-prices
2026-08-30,Kaufland,3487400006325,BEN’S ORIGINAL Express-Reis Express-Reis Basmati,2.29,open-prices
2026-06-06,Netto,3487400006325,Express-Reis Basmati,1.49,open-prices
2026-07-20,Netto,3487400006325,Express-Reis Basmati,2.29,open-prices
2026-07-27,Netto,3487400006325,Express-Reis Basmati,1.49,open-prices
2026-08-30,Netto,3487400006325,BEN’S ORIGINAL Express-Reis Express-Reis Basmati,1.49,open-prices
2025-08-01,Kaufland,3487400006332,Mediterran Reis,2.29,open-prices
2026-08-30,Kaufland,3487400006332,Ben's Original Mediterran Reis,2.29,open-prices
2026-06-06,Netto,3487400006332,Mediterran Reis,1.49,open-prices
2026-07-20,Netto,3487400006332,Mediterran Reis,2.29,open-prices
2026-07-27,Netto,3487400006332,Mediterran Reis,1.49,open-prices
2026-08-30,Netto,3487400006332,Ben's Original Mediterran Reis,1.49,open-prices
2026-08-30,Kaufland,3487400006349,Bens Original Express-Reis - Mexikanisch,2.29,open-prices
2026-08-30,Kaufland,3487400006356,Ben's Original Express-Reis - Curryreis Indien,2.29,open-prices
2025-08-01,Kaufland,3487400006363,Reis mit Mascarpone,2.29,open-prices
2026-08-30,Kaufland,3487400006363,Ben's Original Reis mit Mascarpone,2.29,open-prices
2026-07-27,Netto,3487400006363,Reis mit Mascarpone,1.49,open-prices
2026-08-30,Netto,3487400006363,Ben's Original Reis mit Mascarpone,1.49,open-prices
2025-08-01,Kaufland,3487400006370,Bens griechischer Djuvec Reis,2.29,open-prices
2026-08-30,Kaufland,3487400006370,Ben's Original Bens griechischer Djuvec Reis,2.29,open-prices
2026-07-27,Netto,3487400006370,Bens griechischer Djuvec Reis,1.49,open-prices
2026-08-30,Netto,3487400006370,Ben's Original Bens griechischer Djuvec Reis,1.49,open-prices
2026-08-30,Kaufland,3487400006387,Ben's Original Express-Reis - Risi Bisi,2.29,open-prices
2026-08-30,Kaufland,3487400006394,Ben's Original Express Reis Langkorn & Wild,2.29,open-prices
2026-08-30,Kaufland,3487400006400,Bens Original Basmati und Jasminreis,2.29,open-prices
2026-08-30,dm,3574661336640,"Neutrogena Gesichtswasser Anti-Mitesser, 200 ml",3.95,dm-website
2026-08-30,dm,3574661384382,"bebe Cremedusche Soft Shower Cream, 250 ml",1.25,dm-website
2026-08-30,dm,3574661643014,"Penaten Seifenstück mit Babyöl & Honig, 90 g",1.15,dm-website
2026-08-30,dm,3574661685977,"Neutrogena Handcreme konzentriert, parfumfrei, 50 ml",2.95,dm-website
2026-08-30,dm,3574661687018,"Neutrogena Handcreme sofort einziehend, 75 ml",2.95,dm-website
2026-08-30,dm,3574661687049,"Neutrogena Hand- & Nagelcreme, schnell einziehend, 75 ml",2.95,dm-website
2026-08-30,dm,3574661726632,"bebe Abschminktücher erfrischend mit Rosenwasser, 30 St",2.25,dm-website
2026-08-30,Kaufland,3574661730936,Listerine total care,4.95,open-prices
2026-08-11,Kaufland,3574661731056,Fresh Mint  3574661731056 Tägliche Mundspülung,3.95,open-prices
2026-08-30,Kaufland,3574661731056,Listerine Fresh Mint  3574661731056 Tägliche Mundspülung,3.95,open-prices
2026-08-07,Netto,3574661731056,Fresh Mint  3574661731056 Tägliche Mundspülung,3.99,open-prices
2026-08-30,Netto,3574661731056,Listerine Fresh Mint  3574661731056 Tägliche Mundspülung,3.99,open-prices
2026-08-30,Netto,3574661731100,Listerine Mundspülung,3.99,open-prices
2026-08-30,dm,3574661750521,"Neutrogena Pflegecreme Deep Moisture, 200 ml",2.95,dm-website
2026-08-30,dm,3574661799438,"OGX Shampoo renewing, Argan Oil of marocco, 385 ml",6.95,dm-website
2026-08-30,dm,3574661800202,"OGX Shampoo thick & full, Biotin & Collagen, 385 ml",6.95,dm-website
2026-08-30,dm,3574661800769,"Neutrogena Handcreme Intense Repair, 50 ml",2.95,dm-website
2026-08-30,dm,3574661818450,"OGX Shampoo Bond Protein Repair, 385 ml",6.95,dm-website
2026-08-30,dm,3574661874883,"Neutrogena Sonnenfluid Gesicht, ultra sheer age shield, LSF 50, 50 ml",12.95,dm-website
2026-08-30,dm,3574661875163,"Neutrogena Sonnenfluid Gesicht, ultra sheer feuchtigkeitsspendend, LSF 50, 50 ml",12.95,dm-website
2026-08-30,dm,3574661875255,"Neutrogena Sonnenfluid Gesicht, ultra sheer oil control, LSF 50+, 50 ml",12.95,dm-website
2026-08-30,dm,3574661876450,"OGX Shampoo ProGrowth + Peptide, 385 ml",6.95,dm-website
2026-08-30,dm,3574661914848,"Neutrogena Handcreme Hydro Boost Gel Creme, 75 ml",3.45,dm-website
2026-08-30,Netto,3587220005734,La Fournée Dorée Laugen Brioche Rolls,1.99,open-prices
2026-08-30,Netto,3587220006007,La Fournée Dorée Laugen Burger Buns,1.69,open-prices
2026-08-30,dm,36000183399,"Huggies Little Swimmers Schwimmwindeln, Gr. 3-4 (7-15 kg), 12 St",6.95,dm-website
2026-08-30,EDEKA,3600523715473,L‘Oréal Men Deo schwarz,2.49,open-prices
2026-08-30,dm,3600523814053,"L'ORÉAL PARiS Gesichtswasser Age Perfect erfrischend, 200 ml",3.95,dm-website
2026-08-30,dm,3600524062637,"L'ORÉAL PARiS ELVITAL Shampoo Dream Length, 1.000 ml",9.95,dm-website
2026-08-30,dm,3600524074654,"L'ORÉAL PARiS ELVITAL Shampoo Bond Repair Anti-Haarschäden, 200 ml",6.95,dm-website
2026-08-30,dm,3600524099299,"L'ORÉAL PARiS ELVITAL Shampoo Hydra Hyaluronic, feuchtigkeitsspendend, 1.000 ml",9.95,dm-website
2026-08-30,dm,3600524128005,"L'ORÉAL PARiS ELVITAL Shampoo Glycolic Gloss, 200 ml",6.95,dm-website
2026-08-30,dm,3600524137380,"L'ORÉAL PARiS ELVITAL Shampoo Hydra Hyaluronic, feuchtigkeitsauffüllend, 400 ml",4.75,dm-website
2026-08-30,dm,3600524137731,"L'ORÉAL PARiS ELVITAL Shampoo Color Glanz, 400 ml",4.75,dm-website
2026-08-30,dm,3600524138110,"L'ORÉAL PARiS ELVITAL Shampoo Full Resist, 400 ml",4.75,dm-website
2026-08-30,dm,3600524138660,"L'ORÉAL PARiS ELVITAL Shampoo Dream Length, 400 ml",4.75,dm-website
2026-08-30,dm,3600541250406,"GARNIER olia Haarfarbe 4.15 Schokobraun, 1 St",6.95,dm-website
2026-08-30,dm,3600541698482,"Garnier Skin Active Mizellenwasser empfindliche Haut All in 1, 400 ml",3.95,dm-website
2026-08-30,dm,3600541744554,"Garnier Skin Active Mizellenwasser Waterproof All in 1, 400 ml",3.95,dm-website
2026-08-30,dm,3600541970533,"GARNIER FRUCTIS Shampoo Coco Water, fettiger Ansatz & trockene Spitzen, 400 ml",3.45,dm-website
2026-08-30,dm,3600541979918,"GARNIER FRUCTIS Shampoo Kraft & Glanz, stärkeres & glänzendes Haar, 400 ml",3.45,dm-website
2026-08-30,dm,3600542040013,"GARNIER FRUCTIS Conditioner Coco Water, 250 ml",2.75,dm-website
2026-08-30,dm,3600542117920,"GARNIER FRUCTIS Shampoo Hydra Aloe, 300 ml",2.75,dm-website
2026-08-30,dm,3600542227322,"GARNIER mineral Antitranspirant Deo Roll-on Ultra Dry 48h, 50 ml",2.75,dm-website
2026-08-30,dm,3600542227384,"GARNIER mineral Antitranspirant Deo Roll-on Mineral Protection 5, 50 ml",2.75,dm-website
2026-08-30,dm,3600542298209,"Garnier Ambre Solaire Sonnenfluid Gesicht super UV mit Hyaluronsäure, LSF 50+, 40 ml",12.45,dm-website
2026-08-30,dm,3600542391061,"Garnier Skin Active Mizellenwasser All-in-1, Reisegröße, 100 ml",1.55,dm-website
2026-08-30,dm,3600542397735,"Garnier Ambre Solaire Sonnencreme Gesicht super UV Anti-Age, LSF 50+, 50 ml",9.95,dm-website
2026-08-30,dm,3600542461030,"Wahre Schätze Shampoo Honig Schätze, 400 ml",3.45,dm-website
2026-08-30,dm,3600542461856,"Wahre Schätze Shampoo Argan & Camelia Öl, 300 ml",2.75,dm-website
2026-08-30,dm,3600542462365,"Wahre Schätze Shampoo Kokosmilch & Macadamia, 400 ml",3.45,dm-website
2026-08-30,dm,3600542512466,"Wahre Schätze Shampoo Aktivkohle, fettige Kopfhaut, 300 ml",2.75,dm-website
2026-08-30,dm,3600542520300,"Garnier Ambre Solaire Sonnenmilch sensitive expert+, LSF 50+, 175 ml",8.95,dm-website
2026-08-30,dm,3600542571586,"Wahre Schätze Haarkur 1-Minute Reiswasser Ritual & Stärke, 340 ml",4.95,dm-website
2026-08-30,dm,3600542571739,"GARNIER FRUCTIS Shampoo Locken Methode Feuchtigkeit, 200 ml",3.95,dm-website
2026-08-30,dm,3600542572026,"Wahre Schätze Shampoo Reiswasser Ritual & Stärke, 300 ml",2.75,dm-website
2026-08-30,dm,3600542573740,"Garnier Ambre Solaire Sonnenfluid Gesicht super UV mit Niacinamid, LSF 50+, 40 ml",12.45,dm-website
2026-08-30,dm,3600542624909,"Garnier Ambre Solaire Sonnenmilch HYDRA 24h protect, LSF 30, 175 ml",7.95,dm-website
2026-08-30,dm,3600542656757,"Garnier Ambre Solaire Sonnenspray sensitiv expert+ hydrating sun water, LFS 50, 150 ml",12.95,dm-website
2026-08-30,dm,3600542657969,"Garnier Ambre Solaire Sonnenfluid getönt UV water fluid, LSF 50, 40 ml",12.45,dm-website
2026-08-30,dm,3600542658065,"Garnier Ambre Solaire Sonnenfluid UV water fluid, LSF 50, 40 ml",12.45,dm-website
2026-08-30,dm,3600542681117,"Garnier Ambre Solaire Sonnenspray sensitive expert +, hydrating UV water, LSF 30, 150 ml",12.95,dm-website
2026-08-30,dm,3600551043203,"Mixa Hand- & Nagelcreme Shea ultra soft mit Glycerin, 100 ml",2.95,dm-website
2026-08-30,dm,3600551057712,"Mixa Pflegecreme Shea Ultra Soft, 400 ml",7.95,dm-website
2026-08-30,dm,3600551068749,"Mixa Pflegecreme 10% Urea Cica Repair, 400 ml",7.95,dm-website
2026-08-30,dm,3600551101408,"Mixa Pflegecreme Ceramide Protect, 400 ml",7.95,dm-website
2026-08-30,dm,3600551124803,"Mixa Pflegecreme Panthenol Comfort, 400 ml",7.95,dm-website
2026-08-30,dm,3600551147307,"Mixa Bodybalsam 10in1 Cica Repair+ Urea, 150 ml",6.95,dm-website
2026-08-30,dm,3600551183398,"Mixa Balm Cica+ Multi-Use Reparierender Balm, 50 ml",5.95,dm-website
2026-08-30,EDEKA,3608580171201,Bonne Maman Erdbeere-Vanille Konfitüre,2.59,open-prices
2026-08-30,dm,3616305448286,"bruno banani Duschgel Man 3in1, 250 ml",2.75,dm-website
2026-08-30,Netto,3700476611133,Äpfel Pink Lady,2.22,open-prices
2026-08-30,EDEKA,3701690400671,Sushi Daily Albert Heijn Zalm Poké Bowl,10.99,open-prices
2026-08-30,Kaufland,3760163670010,K-Classic Express Reis mediterrane Art,1.19,open-prices
2026-08-30,Kaufland,3760163670027,Kaufland Express Reis Mexikanische Art,1.19,open-prices
2026-08-30,Kaufland,3760163670034,K-CLASSIC Express Reis asiatische Art,1.29,open-prices
2026-08-30,Lidl,3760278209983,Mochis,3.99,open-prices
2026-08-30,EDEKA,3760299913074,Sushi Daily Yakisoba,9.29,open-prices
2026-08-30,HIT,3760308500035,Agrieuropa Feldsalat,1.19,open-prices
2026-08-30,EDEKA,3760386469194,Waitrose Korean Chicken,8.49,open-prices
2026-08-30,Netto,3800020411957,Nestlé KitKat Chunky 4-pack,3.19,open-prices
2026-08-30,REWE,3800020491423,Nestlé Tablette caramel salé,2.29,open-prices
2026-08-30,Netto,3838471045940,Argeta Poulet piquant halal,1.0,open-prices
2026-08-30,Kaufland,3850102522545,Kras Jadro,3.69,open-prices
2026-08-30,V-MARKT,4000007036879,"Fruca Eisbergsalat, Kl. II",1.39,open-prices
2026-08-30,Netto,4000140700118,Schweppes Bitter Lemon,1.49,open-prices
2026-08-30,EDEKA,4000140711947,Schweppes Ginger Ale Zero,1.69,open-prices
2026-08-30,Kaufland,4000145760926,Dieter Hein American Rip-Hacksteak,1.25,open-prices
2026-08-30,Kaufland,4000145761428,Dieter Hein Chicken Rip-Hacksteak,2.79,open-prices
2026-08-30,Kaufland,4000186037919,LEIMER Panko Paniermehl,1.99,open-prices
2026-08-30,dm,4000196031099,"Kamill Hand- & Nagelcreme Balsam, 100 ml",1.55,dm-website
2026-08-30,dm,4000196031136,"Hand- & Nagelcreme mit Kamille in der Dose, 150 ml",1.55,dm-website
2026-08-30,dm,4000196031846,"Kamill Handcreme Protect, 100 ml",1.95,dm-website
2026-08-30,dm,4000196032287,"Kamill Handcreme daily protection & hydration, LSF 30, 75 ml",3.45,dm-website
2026-08-30,Netto,4000246096863,Farmländer Salami Sticks Classic,1.69,open-prices
2026-08-30,Netto,4000246096870,Farmländer Salami Sticks Pikant,1.69,open-prices
2026-08-30,Netto,4000281348514,Treets Peanuts vegan,1.99,open-prices
2026-08-30,Kaufland,4000286004620,Müllers Mühle Basmati Reis,2.99,open-prices
2026-08-30,Kaufland,4000286004644,Müllers Mühle Basmatireis,1.99,open-prices
2026-08-30,Kaufland,4000286004668,Müller's Mühle Langkorn-Reis,1.99,open-prices
2026-08-30,Kaufland,4000286004682,Müller's Mühle Langkornreis,1.99,open-prices
2026-08-30,Kaufland,4000286004705,Müllers Mühle Milchreis,1.99,open-prices
2026-08-30,Kaufland,4000286004729,Müllers Mühle Risotto Reis,2.29,open-prices
2026-08-30,Kaufland,4000286004743,Müller's Mühle Jasmin Reis,2.19,open-prices
2026-08-30,Kaufland,4000286004989,Müllers Mühle Langkorn Reis,1.89,open-prices
2026-08-30,Kaufland,4000286005009,Müller’s Mühle Mediterran (rice),1.89,open-prices
2026-08-30,Kaufland,4000286005023,Müller's Mühle Griechische Art,1.89,open-prices
2026-08-30,Kaufland,4000286005047,Müller's Mühle Bowl-Mix,1.89,open-prices
2026-08-30,HIT,4000286216979,Müller's Mühle Tellerlinsen,1.0,open-prices
2026-08-30,HIT,4000286216993,Müller's Mühle Grüne Erbsen,1.0,open-prices
2026-08-30,HIT,4000286217037,Müller's Mühle Gelbe Schälerbsen,1.0,open-prices
2026-08-30,dm,4000388179004,"Dove Flüssigseife, pflegende Handwaschlotion, Nachfüllpack, 500 ml",2.55,dm-website
2026-08-30,EDEKA,4000398254128,Oberschwäbische Land-nudeln,2.99,open-prices
2026-08-30,ALDI,4000400008053,Bresso Kräuter der Provence,2.39,open-prices
2026-08-30,ALDI,4000400008602,Bresso - Kirschtomaten & Chili,2.39,open-prices
2026-08-30,ALDI,4000400008633,Bresso Grüner Pfeffer,2.39,open-prices
2026-08-30,CAP-Markt,4000400008732,ALDI BRESSO Frischkäse-Spezialität Leichtgenuss feine Kräuter Aus der Kühlung 150g Becher 1.11€ 1kg 7.40€,0.72,open-prices
2026-08-30,Kaufland,4000400130570,Pfanni Knödel Halb,1.99,open-prices
2026-08-30,Kaufland,4000400130655,Pfanni Kartoffel Klöße mit rohen Kartoffeln,1.99,open-prices
2026-08-30,Kaufland,4000400130792,Pfanni Klösse Teig,2.79,open-prices
2026-08-30,Kaufland,4000400130815,Pfanni Teig für Kartoffelknödel,2.79,open-prices
2026-08-30,Kaufland,4000400130822,Pfanni Klöße roh,2.79,open-prices
2026-08-30,Netto,4000401300101,Arnold Holste Kaiser-Natron,0.79,open-prices
2026-08-30,Kaufland,4000401300187,Holste Kaiser-Natron,1.95,open-prices
2026-08-30,dm,4000401338012,"Handreiniger Kaiser-Natron, 200 ml",2.55,dm-website
2026-08-30,Kaufland,4000404122915,Gutfried Geflügel -Wiener,3.29,open-prices
2026-08-30,WEZ,4000405001783,Rügenwalder Mühle Mühlen Geschnetzeltes,3.29,open-prices
2026-08-30,EDEKA,4000405002018,Pommersche Apfel und Zwiebel,2.15,open-prices
2026-08-30,EDEKA,4000405002087,Rügenwalder Mühle Pommersche Grobe Gutsleberwurst,2.15,open-prices
2026-08-30,Nahkauf,4000405002353,Rügenwalder Mühle Vegane Pommersche fein,2.49,open-prices
2026-08-30,EDEKA,4000405002360,Rügenwalder Vegane Pommersche - Schnittlauch,2.49,open-prices
2026-08-30,EDEKA,4000405002612,Rügenwalder Frikadellen,1.4,open-prices
2026-08-30,E-Center,4000405002728,Rügenwalder Mühle Mühlenschinken,1.25,open-prices
2026-08-30,EDEKA,4000405003206,Rügenwalder Mühle Vegane Mühlen Fischstäbchen,3.29,open-prices
2026-08-30,REWE,4000405004470,Rügenwalder Mühle Veganer Schinkenspicker Schnittlauch,1.11,open-prices
2026-08-30,REWE,4000405004593,Rügenwalder Mühle Schinken Spicker - Grillgemüse,1.11,open-prices
2026-06-06,Kaufland,4000405004982,Veganer Schinken Spicker Bunte Paprika,1.59,open-prices
2026-08-30,Kaufland,4000405004982,Rügenwalder Mühle Veganer Schinken Spicker Bunte Paprika,1.59,open-prices
2026-08-07,Lidl,4000405004982,Veganer Schinken Spicker Bunte Paprika,1.59,open-prices
2026-07-22,REWE,4000405004982,Veganer Schinken Spicker Bunte Paprika,1.11,open-prices
2026-08-21,REWE,4000405004982,Veganer Schinken Spicker Bunte Paprika,1.11,open-prices
2026-08-30,REWE,4000405004982,Rügenwalder Mühle Veganer Schinken Spicker Bunte Paprika,1.11,open-prices
2026-08-30,Nahkauf,4000405005002,Rügenwalder Mühle Vegane Mühlen-Schnitzel auf Basis von Soja,2.49,open-prices
2026-08-30,REWE,4000406072317,Aurora Weizenmehl  Type 405,3.29,open-prices
2026-08-30,EDEKA,4000417601216,Ritter Sport Rum Trauben Nuss Schokolade,1.11,open-prices
2025-02-01,Kaufland,4000417601810,Alpenmilch,1.89,open-prices
2026-08-30,Kaufland,4000417601810,Ritter Sport Alpenmilch,1.89,open-prices
2024-10-28,Lidl,4000417601810,Alpenmilch,1.49,open-prices
2026-08-30,Lidl,4000417601810,Ritter Sport Alpenmilch,1.49,open-prices
2025-01-08,Netto,4000417601810,Alpenmilch,1.89,open-prices
2025-05-15,REWE,4000417601810,Alpenmilch,1.19,open-prices
2026-08-30,Lidl,4000417602015,Ritter Sport Schokolade Halbbitter,0.95,open-prices
2026-08-30,Lidl,4000417602114,Ritter Sport Edel-Vollmilch,1.49,open-prices
2026-08-30,REWE,4000417602213,Ritter Sport Trauben Nuss,1.99,open-prices
2026-08-30,EDEKA,4000417602510,Ritter Sport Marzipan,1.11,open-prices
2025-12-16,EDEKA,4000417602619,Ritter Sport Nugat,1.11,open-prices
2026-08-30,EDEKA,4000417602619,Ritter Sport Nugat,1.11,open-prices
2026-04-28,REWE,4000417602619,Ritter Sport Nugat,1.99,open-prices
2026-08-30,REWE,4000417602619,Ritter Sport Nugat,1.99,open-prices
2026-08-30,REWE,4000417602718,Ritter Sport Joghurt,1.99,open-prices
2026-08-30,REWE,4000417602817,Ritter Sport Pfefferminz,1.99,open-prices
2026-08-30,Norma,4000417620613,Ritter Sport Smarties,1.89,open-prices
2025-04-07,Lidl,4000417622211,Haselnuss,0.95,open-prices
2026-08-30,Lidl,4000417622211,RITTER SPORT Haselnuss,0.95,open-prices
2026-04-28,REWE,4000417622211,Haselnuss,1.99,open-prices
2026-08-30,REWE,4000417622211,RITTER SPORT Haselnuss,1.99,open-prices
2026-08-30,Netto,4000417628312,Ritter Sport Chill out creamy Milk,2.29,open-prices
2026-08-30,Netto,4000417628411,Ritter Sport Groovy ritter,2.29,open-prices
2026-08-30,Netto,4000417629012,RITTER SPORT Weisse Spekulatius,2.29,open-prices
2026-08-30,REWE,4000417629210,Ritter Sport Weiße Crisp,1.99,open-prices
2026-08-30,Netto,4000417670014,Ritter Sport Nussklasse Voll-Nuss,2.29,open-prices
2026-01-22,Netto,4000417670113,Weiße Nuss,2.29,open-prices
2026-08-30,Netto,4000417670113,Ritter Sport Weiße Nuss,2.29,open-prices
2026-04-28,REWE,4000417670113,Weiße Nuss,2.29,open-prices
2026-08-30,REWE,4000417670113,Ritter Sport Weiße Nuss,2.29,open-prices
2026-01-22,Netto,4000417670212,Schokolade Dunkle Voll-Nuss,2.29,open-prices
2026-08-30,Netto,4000417670212,Ritter Sport Schokolade Dunkle Voll-Nuss,2.29,open-prices
2026-04-28,REWE,4000417670212,Schokolade Dunkle Voll-Nuss,2.29,open-prices
2026-08-30,REWE,4000417670212,Ritter Sport Schokolade Dunkle Voll-Nuss,2.29,open-prices
2026-08-30,Netto,4000417670311,Ritter Sport Nussklasse Ganze Mandel,2.29,open-prices
2026-01-22,Netto,4000417670410,Ritter Sport Honig Salz Mandel,2.29,open-prices
2026-08-30,Netto,4000417670410,Ritter Sport Honig Salz Mandel,2.29,open-prices
2026-04-28,REWE,4000417670410,Ritter Sport Honig Salz Mandel,2.29,open-prices
2026-08-30,REWE,4000417670410,Ritter Sport Honig Salz Mandel,2.29,open-prices
2026-08-30,Netto,4000417670717,Ritter Sport Cashew,2.29,open-prices
2026-08-30,REWE,4000417670915,Ritter Sport Pistachio,2.29,open-prices
2026-08-30,Netto,4000417693310,Ritter Sport Kakao-Klasse Die Kräftige 74%,2.29,open-prices
2026-08-30,REWE,4000417693815,Ritter Sport Kakao Klasse die Starke - 81%,2.29,open-prices
2026-08-30,Netto,4000436151143,Ammerländer Unsere Weidebutter,1.49,open-prices
2026-08-30,V-MARKT,4000446015497,Mestemacher Dinkel Wraps,2.69,open-prices
2026-08-30,V-MARKT,4000446016456,Mestemacher Weizen Pita,2.29,open-prices
2026-08-30,REWE,4000503102306,Meica Würstchen - Wiener Art,4.49,open-prices
2026-08-30,V-MARKT,4000503141305,Meica Würstchen Frankfurter Art,4.49,open-prices
2026-08-30,EDEKA,4000504102916,Rougette Ofenkäse - Gyros Style,1.85,open-prices
2026-08-30,EDEKA,4000504171134,Rougette Ofenkäse Knoblauch,1.9,open-prices
2026-08-30,Netto,4000504171622,Käserei Champignon Mein Ofenkäse fein-würzig,3.69,open-prices
2026-08-30,EDEKA,4000504176528,ROUGETTE Ofenkäse,3.99,open-prices
2025-02-08,EDEKA,4000504176627,Ofenkäse cremig-mild,3.99,open-prices
2026-08-30,EDEKA,4000504176627,ROUGETTE Ofenkäse cremig-mild,3.99,open-prices
2025-10-27,Netto,4000504176627,Ofenkäse cremig-mild,3.99,open-prices
2026-08-30,Netto,4000504176627,ROUGETTE Ofenkäse cremig-mild,3.99,open-prices
2025-05-09,REWE,4000504176627,Ofenkäse cremig-mild,5.99,open-prices
2026-08-30,REWE,4000504176627,ROUGETTE Ofenkäse cremig-mild,5.99,open-prices
2026-08-30,Netto,4000504177525,Rougette Ofenkäse Gartenkräuter,3.99,open-prices
2026-08-30,Netto,4000504177730,Rougette Ofenkäse Pizza,3.99,open-prices
2026-08-30,EDEKA,4000512463429,TROLLIS,1.09,open-prices
2026-08-30,EDEKA,4000512463436,Trolli Pfirsich Ringe,1.09,open-prices
2026-08-30,EDEKA,4000512463443,Trolli Apelringe,1.09,open-prices
2026-08-30,EDEKA,4000512463634,Trolli Dinorex,1.09,open-prices
2026-08-30,Kaufland,4000512463733,Trolli Play Mouse,0.81,open-prices
2026-08-30,REWE,4000521002930,Dr. Oetker Paradies Creme Nougat,1.29,open-prices
2026-08-30,Kaufland,4000521004842,Dr. Oetker Backmischung Marmor Wolke,2.49,open-prices
2026-08-30,REWE,4000521010423,Dr. Oetker Vitalis Vitalis Weniger süß Knusper Himbeere,2.49,open-prices
2026-08-30,Lidl,4000521021894,Dr. Oetker Vitalis Knusper Müsli PLUS Nussmischung,1.99,open-prices
2026-08-30,REWE,4000521023881,Dr. Oetker Seelenwärmer,1.29,open-prices
2026-08-30,EDEKA,4000521026769,Dr. Oetker Götterspeise Zitrone,1.39,open-prices
2026-08-30,EDEKA,4000521029487,Dr. Oetker High Protein-Mahlzeit Milchreis,2.19,open-prices
2026-08-30,Netto,4000521030292,Dr. Oetker Kleine Kuchen Zitrone,1.99,open-prices
2026-08-30,Netto,4000521030315,Dr. Oetker Kleine Schokoladenkuchen - Rührkuchen 4 Stück,1.99,open-prices
2026-08-30,REWE,4000521038830,Dr. Oetker Seelenwärmer Grieß,1.29,open-prices
2026-08-30,Lidl,4000521040680,Dr. Oetker Vitalis Knusper Schoko Müsli,1.99,open-prices
2026-08-30,REWE,4000521041977,Dr. Oetker Müsli Schoko weniger süss,2.49,open-prices
2025-09-17,Lidl,4000521041991,Dr Oetker Schoko Müsli klassisch,2.49,open-prices
2026-08-30,Lidl,4000521041991,Vitalis Dr Oetker Schoko Müsli klassisch,2.49,open-prices
2025-07-02,Netto,4000521041991,Dr Oetker Schoko Müsli klassisch,2.79,open-prices
2026-04-27,Netto,4000521041991,Dr Oetker Schoko Müsli klassisch,2.49,open-prices
2026-01-07,REWE,4000521041991,Dr Oetker Schoko Müsli klassisch,3.99,open-prices
2026-08-30,REWE,4000521041991,Vitalis Dr Oetker Schoko Müsli klassisch,3.99,open-prices
2026-08-30,Lidl,4000521042103,Dr. Oetker schokomüsli klassisch,5.99,open-prices
2026-08-30,REWE,4000521043889,Dr Oetker Quarkbällchen,3.79,open-prices
2026-08-30,Lidl,4000521103019,Dr. Oetker Backpulver - Backin,1.29,open-prices
2026-08-30,REWE,4000521110314,Dr. Oetker Hefe,1.29,open-prices
2026-08-30,Netto,4000521170608,Dr. Oetker Sahnesteif,0.79,open-prices
2026-08-30,REWE,4000521464400,Dr. Oetker Paradies Creme Vanille,1.29,open-prices
2026-08-30,REWE,4000521465407,Dr. Oetker Paradies Creme Schoko,1.29,open-prices
2026-08-30,REWE,4000521466404,Dr. Oetker Paradies Creme Sahne-Karamell,1.29,open-prices
2026-08-30,REWE,4000521466503,Dr. Oetker Paradies Creme Stracciatella,1.29,open-prices
2024-11-16,Bayern,4000521579005,Creme fraiche Classic,0.99,open-prices
2025-08-15,CAP-Markt,4000521579005,Creme fraiche Classic,0.42,open-prices
2026-08-30,CAP-Markt,4000521579005,Dr. Oetker Creme fraiche Classic,0.42,open-prices
2026-06-05,V-MARKT,4000521579005,Creme fraiche Classic,1.39,open-prices
2026-08-30,V-MARKT,4000521579005,Dr. Oetker Creme fraiche Classic,1.39,open-prices
2026-05-23,Netto,4000521593704,Griess Pudding Natur,2.69,open-prices
2026-08-30,Netto,4000521593704,Dr. Oetker Griess Pudding Natur,2.69,open-prices
2024-12-13,REWE,4000521593704,Griess Pudding Natur,2.49,open-prices
2026-01-13,REWE,4000521593704,Griess Pudding Natur,1.99,open-prices
2026-08-30,REWE,4000521593704,Dr. Oetker Griess Pudding Natur,1.99,open-prices
2026-08-30,Lidl,4000521661304,Dr. Oetker Vitalis Knusper müsli Honeys,2.49,open-prices
2026-08-30,REWE,4000521662103,Dr. Oetker Vitalis Vitalis Knuspermüsli Weniger Süß Knusper pur ohne Rosinen,3.99,open-prices
2026-08-30,EDEKA,4000521663407,Dr. Oetker vitalis Müsli Joghurt,2.49,open-prices
2026-08-30,REWE,4000521761516,Dr. Oetker Natron,0.89,open-prices
2025-08-18,ALDI,4000522105210,POM-BÄR Original,1.79,open-prices
2026-08-30,ALDI,4000522105210,BOM-BAR POM-BÄR Original,1.79,open-prices
2024-04-17,Netto,4000522105210,POM-BÄR Original,1.69,open-prices
2026-03-23,Netto,4000522105210,POM-BÄR Original,1.11,open-prices
2026-06-13,Netto,4000522105210,POM-BÄR Original,1.19,open-prices
2026-08-30,Netto,4000522105210,BOM-BAR POM-BÄR Original,1.19,open-prices
2025-08-18,ALDI,4000522105227,Pom-Bär Ketchup Style,1.79,open-prices
2026-08-30,ALDI,4000522105227,funny-frisch Pom-Bär Ketchup Style,1.79,open-prices
2024-04-17,Netto,4000522105227,Pom-Bär Ketchup Style,1.69,open-prices
2026-03-23,Netto,4000522105227,Pom-Bär Ketchup Style,1.11,open-prices
2026-08-12,Netto,4000522105227,Pom-Bär Ketchup Style,1.79,open-prices
2026-08-30,Netto,4000522105227,funny-frisch Pom-Bär Ketchup Style,1.79,open-prices
2026-08-30,V-MARKT,4000539102080,Lindt 78% Edelbitter Vollmundig,4.99,open-prices
2026-08-30,V-MARKT,4000539113185,Lindt Excellence 50% cacao Zartbitter,4.99,open-prices
2026-08-30,Kaufland,4000539150920,Lindt Dubai Style Chocolade,12.99,open-prices
2026-08-30,EDEKA,4000539243202,Lindt HELLO Salted Caramel,1.59,open-prices
2026-08-30,EDEKA,4000539701122,Lindt Blätterkrokant Dunkel,1.89,open-prices
2026-08-30,EDEKA,4000539702648,Lindt & Sprüngli Lindt Nougat,1.89,open-prices
2026-08-30,EDEKA,4000539732584,Lindt Feiner Marc de Champagne,1.89,open-prices
2026-08-30,Netto,4000540000108,Kölln Vollkorn-Haferflocken,1.0,open-prices
2026-08-30,Netto,4000540000306,Kölln Kernige Haferflocken,1.0,open-prices
2026-08-30,V-MARKT,4000540000740,Kölln Hafer-Porridge Apfel-Zimt,3.49,open-prices
2026-08-30,Netto,4000540001341,Kölln Früchte Hafer-Müsli,3.79,open-prices
2026-08-30,Kaufland,4000540001501,Kölln Hafer Müsli Beere Apfel,1.99,open-prices
2026-08-30,EDEKA,4000540001549,Kölln Zartes Bircher,2.49,open-prices
2026-08-30,dm,4000540002553,"Kölln Getreidebrei Hafer Schmelzflocken ab dem 5. Monat, 275 g",2.45,dm-website
2026-08-30,Kaufland,4000540003314,Kölln Crunchy Berry Hafer-Müsli,1.99,open-prices
2026-08-30,V-MARKT,4000540010732,Kölln Cremig-zartes Hafer-Porridge Schoko,3.49,open-prices
2026-08-30,EDEKA,4000540011050,Knusprige Haferfleks Klassik Kölln,2.89,open-prices
2026-08-30,EDEKA,4000540011517,Kölln Zartes Bircher Müsli,2.49,open-prices
2026-08-30,dm,4000540012569,"Kölln Getreidebrei 5-Korn Schmelzflocken ab dem 6. Monat, 250 g",2.45,dm-website
2026-08-30,Kaufland,4000540013429,Kölln schoko feinherb,1.99,open-prices
2026-08-30,dm,4000540022544,"Kölln Getreidebrei Dinkel-Hafer Schmelzflocken ab dem 5. Monat, 250 g",2.45,dm-website
2026-08-30,EDEKA,4000540031881,Kölln Schoko Müsli,3.79,open-prices
2026-08-30,Kaufland,4000540053586,Kölln Knusper Schoko-Krokant Hafer-Müsli,1.99,open-prices
2026-08-30,Netto,4000540063868,Kölln Schoko Hafer-Müsli,3.79,open-prices
2026-08-30,Netto,4000540083224,Kölln Schoko & Kekse Müsli,3.49,open-prices
2026-08-30,EDEKA,4000540091069,Kölln Knusprige Haferfleks Schoko,2.89,open-prices
2026-08-30,EDEKA,4000582185290,Herta Schinken,1.39,open-prices
2026-08-30,Netto,4000582189595,Herta Hähnchenbrust mit Geflügelbouillon & Butternote verfeinert nach indischer Art,1.79,open-prices
2026-08-30,EDEKA,4000582265190,Herta Fleischwurst,2.44,open-prices
2026-08-30,E-Center,4000582309993,Herta Saftschinken,1.15,open-prices
2026-08-30,REWE,4000607002243,Gold Edition Edle Tropfen,3.59,open-prices
2026-08-30,Norma,4000607151002,Schogetten - Edel-Alpenvollmilchschokolade,1.99,open-prices
2025-03-21,Netto,4000607151101,Edel-Alpenvollmilch-Haselnuss,0.99,open-prices
2025-04-28,Netto,4000607151101,Edel-Alpenvollmilch-Haselnuss,1.11,open-prices
2025-07-02,Netto,4000607151101,Edel-Alpenvollmilch-Haselnuss,1.29,open-prices
2026-02-24,Netto,4000607151101,Edel-Alpenvollmilch-Haselnuss,1.0,open-prices
2026-08-30,Netto,4000607151101,Schogetten Edel-Alpenvollmilch-Haselnuss,1.0,open-prices
2025-03-25,Norma,4000607151101,Edel-Alpenvollmilch-Haselnuss,1.99,open-prices
2026-08-30,Norma,4000607151101,Schogetten Edel-Alpenvollmilch-Haselnuss,1.99,open-prices
2026-08-30,Netto,4000607164002,Joghurt-Erdbeer Schogetten,1.0,open-prices
2026-08-30,REWE,4000607432804,Trumpf Edle Tropfen in Nuss Obstbrände,4.49,open-prices
2026-08-30,REWE,4000607469008,Trumpf Edle Tropfen in Nuss GinGin,2.99,open-prices
2026-07-20,Netto,4000607536007,Wild Berry,0.99,open-prices
2026-08-30,Netto,4000607536007,Fritt Wild Berry,0.99,open-prices
2025-12-18,REWE,4000607536007,Wild Berry,0.89,open-prices
2026-08-30,REWE,4000607536007,Fritt Wild Berry,0.89,open-prices
2026-08-30,REWE,4000607790706,Krüger Group Edle Tropfen in Nuss - Klassische Brände,4.49,open-prices
2026-08-30,ALDI,4000647576919,PE.WE. Big Burrito Chicken Curry,2.99,open-prices
2026-08-30,ALDI,4000647576926,Big Burrito Chicken TexMex,2.99,open-prices
2026-08-30,REWE,4000735359653,Billa Basic Küchenrolle,1.99,open-prices
2026-08-30,Kaufland,4000742105014,Heimatsmühle Weizenmehl T 1050,1.69,open-prices
2026-08-30,Kaufland,4000742410026,Heumatmühle Weizendunst,4.19,open-prices
2026-08-30,Kaufland,4000742415335,Heimatsmühle Bandnudeln 12 mm,3.89,open-prices
2026-08-30,Kaufland,4000742463022,Heimatsmühle Dinkelmehl,4.89,open-prices
2026-08-30,Netto,4000789073208,Stolle Hot Wings,2.59,open-prices
2026-06-01,Netto,4000832203057,Zaziki,1.99,open-prices
2026-06-20,Netto,4000832203057,Zaziki,1.59,open-prices
2026-08-30,Netto,4000832203057,APOSTELS Zaziki,1.59,open-prices
2026-06-20,REWE,4000832203057,Zaziki,2.69,open-prices
2026-08-30,REWE,4000832203057,APOSTELS Zaziki,2.69,open-prices
2026-08-30,Kaufland,4000851024602,K Classic Taschentücher Box 100bl 4lg,0.95,open-prices
2026-08-30,EDEKA,4000856003688,Warsteiner Pilsener,0.95,open-prices
2026-08-30,Netto,4000917542071,Design Collection Herren Motiv Socken,4.99,open-prices
2026-08-30,Netto,4000930013213,Ponnath Hausmacher Kräuter Griebenschmalz,2.19,open-prices
2026-08-30,REWE,4000930585048,PONNATH DIE MEISTERMETZGER Delikatess Prosciutto Cotto,2.79,open-prices
2026-08-30,EDEKA,4001163000148,Henglein Klöße halb&halb,1.25,open-prices
2026-08-30,Kaufland,4001163111288,K Classic Frischer Flammkuchenteig,1.39,open-prices
2026-08-30,REWE,4001242003626,Chio Popcorn Süß,1.89,open-prices
2026-08-30,Netto,4001242105917,Chio Tortillas Nacho Cheese,1.11,open-prices
2026-08-30,Netto,4001257154009,Meßmer Kamille - Fach 1 o2,2.35,open-prices
2026-08-30,Kaufland,4001257218404,Meßmer Earl Grey Teebeutel,2.35,open-prices
2026-08-30,WEZ,4001432090429,Sontino Tradizionale 2022 Weißwein,1.89,open-prices
2026-08-30,Kaufland,4001450143732,K-Classic Schokokekse mit 63% Vollmilchschokolade,1.59,open-prices
2024-06-04,ALDI,4001475101601,Alpensalz,0.75,open-prices
2024-06-17,ALDI,4001475101601,Alpensalz,0.75,open-prices
2026-05-22,ALDI,4001475101601,Alpensalz,0.75,open-prices
2026-08-30,ALDI,4001475101601,Bad Reichenhaller Alpensalz,0.75,open-prices
2026-05-23,Bayern,4001475101601,Alpensalz,0.75,open-prices
2026-06-20,Netto,4001475101601,Alpensalz,0.75,open-prices
2026-08-30,Netto,4001475101601,Bad Reichenhaller Alpensalz,0.75,open-prices
2026-08-30,ALDI,4001475101632,Bad Reichenhaller Alpensalz Vorratspack,0.99,open-prices
2026-05-22,ALDI,4001475105609,"Alpen JodSalz, Fluorid, Folsäure",0.85,open-prices
2026-08-30,ALDI,4001475105609,"Bad Reichenhaller Alpen JodSalz, Fluorid, Folsäure",0.85,open-prices
2026-05-23,Bayern,4001475105609,"Alpen JodSalz, Fluorid, Folsäure",0.85,open-prices
2026-06-20,Netto,4001475105609,"Alpen JodSalz, Fluorid, Folsäure",0.85,open-prices
2026-08-30,Netto,4001475105609,"Bad Reichenhaller Alpen JodSalz, Fluorid, Folsäure",0.85,open-prices
2025-06-18,EDEKA,4001475112607,feines Meersalz mit Jod,1.19,open-prices
2026-08-30,EDEKA,4001475112607,Aquasale feines Meersalz mit Jod,1.19,open-prices
2026-06-20,Netto,4001475112607,feines Meersalz mit Jod,1.29,open-prices
2026-08-30,Netto,4001475112607,Aquasale feines Meersalz mit Jod,1.29,open-prices
2026-08-30,Netto,4001475112638,Aquasale Grobes Meersalz,1.99,open-prices
2026-08-30,dm,4001499908347,"Frosch baby Baby Spülreiniger, 500 ml",2.95,dm-website
2026-08-30,dm,4001499939013,"Frosch baby Baby Spülreiniger Nachfüllpack, 500 ml",2.55,dm-website
2026-08-30,dm,4001499943973,"Frosch Senses Duschgel Sensitiv Aloe Vera, 300 ml",2.15,dm-website
2026-08-30,dm,4001499943980,"Frosch Senses Duschgel Granatapfel sensitiv, 300 ml",2.15,dm-website
2026-08-30,dm,4001499949180,Frosch Duschgel,2.45,dm-website
2026-08-30,dm,4001499954993,Frosch WC-Reiniger,2.35,dm-website
2026-08-30,dm,4001499957482,Frosch Pfirsichblüte Sensitiv Seife,2.45,dm-website
2026-08-30,dm,4001499959844,"Bionicdry Sportwaschmittel, 24 Wl",5.95,dm-website
2026-08-30,dm,4001499960260,Frosch Voll-Waschpulver,4.75,dm-website
2026-08-30,dm,4001499960284,Frosch bunt-waschpulver Granatapfel,4.75,dm-website
2026-08-30,dm,4001499963506,"Frosch Spülmittel Zitronenminze, 500 ml",1.95,dm-website
2026-08-30,dm,4001499964428,"Frosch Spülmittel-Lotion Aloe Vera Nachfüllbeutel, 800 ml",2.75,dm-website
2025-02-28,EDEKA,4001499964510,Spül-Lotion Aloe Vera,1.85,open-prices
2026-08-30,EDEKA,4001499964510,Frosch Spül-Lotion Aloe Vera,1.85,open-prices
2026-08-30,dm,4001499964510,"Frosch Spülmittel-Lotion Aloe Vera, 500 ml",1.95,dm-website
2026-08-30,dm,4001499964541,"Frosch Spülmittel Limonenfrische, 750 ml",1.95,dm-website
2026-08-30,dm,4001499964558,"Frosch Spülmittel-Gel Himbeer, 500 ml",1.95,dm-website
2026-08-30,dm,4001499966705,"Frosch Fein&Woll-Waschmittel flüssig, 30 Wl",5.95,dm-website
2026-08-30,dm,4001499967429,"Frosch Flüssigseife sensitiv reine Pflege Nachfüllpack, 500 ml",2.45,dm-website
2026-08-30,dm,4001499968976,"Frosch Senses Flüssigseife sensitiv, 300 ml",1.95,dm-website
2026-08-30,dm,4001499969386,"Frosch baby Vollwaschmittel flüssig Baby, 22 Wl",6.45,dm-website
2026-08-30,dm,4001499969478,"Frosch Colorwaschmittel Flüssig Granatapfel Flasche, 25 Wl",5.95,dm-website
2026-08-30,dm,4001499969485,"Frosch Vollwaschmittel Flüssig Aloe Vera, 25 Wl",5.95,dm-website
2026-08-30,dm,4001499969492,"Frosch Vollwaschmittel Flüssig Citrus Flasche, 25 Wl",5.95,dm-website
2026-08-30,dm,4001499969508,"Frosch Vollwaschmittel Pulver Aloe Vera Sensitive, 22 Wl",5.45,dm-website
2026-08-30,dm,4001499969522,"Frosch Vollwaschmittel Pulver Citrus, 22 Wl",5.45,dm-website
2026-08-30,dm,4001499969546,"Frosch Colorwaschmittel Pulver Granatapfel, 52 Wl",10.95,dm-website
2026-08-30,dm,4001499969799,"Frosch Spül-Gel All-in-1, 40 Spülgänge, 650 ml",6.95,dm-website
2026-08-30,dm,4001499972560,"Frosch Senses Flüssigseife sensitiv, 300 ml",1.95,dm-website
2026-08-30,dm,4001499972867,"Frosch Senses Duschgel & Shampoo sensitiv Meeresmineralien ""Meer für dich!"", 300 ml",2.15,dm-website
2026-08-30,EDEKA,4001513000880,Gerolsteiner Apfelschorle,1.19,open-prices
2026-08-30,EDEKA,4001513001382,Gerolsteiner Leichte Schorle Apfel,1.19,open-prices
2026-08-30,EDEKA,4001518116999,Griesson Chocolate Mountain Cookies,1.39,open-prices
2026-08-30,Netto,4001518117071,De Beukelaer Prinzenrolle Minis Schoko,1.69,open-prices
2025-08-18,ALDI,4001518117316,Prinzenrolle Schoko,2.49,open-prices
2026-08-30,ALDI,4001518117316,De Beukelaer Prinzenrolle Schoko,2.49,open-prices
2025-12-01,Bayern,4001518117316,Prinzenrolle Schoko,1.49,open-prices
2026-07-06,Bayern,4001518117316,Prinzenrolle Schoko,1.69,open-prices
2025-08-20,Garbe Industrial Real Es,4001518117316,Prinzenrolle Schoko,2.49,open-prices
2026-03-17,Netto,4001518117316,Prinzenrolle Schoko,2.29,open-prices
2026-07-11,Netto,4001518117316,Prinzenrolle Schoko,2.59,open-prices
2026-08-30,Netto,4001518117316,De Beukelaer Prinzenrolle Schoko,2.59,open-prices
2026-08-30,Nahkauf,4001518117408,Griesson Fair Cookies,1.69,open-prices
2026-08-30,Netto,4001518117866,Griesson soft cake Orange,1.99,open-prices
2026-08-30,Netto,4001518117910,Griesson Soft Cake Cherry,2.49,open-prices
2026-08-30,EDEKA,4001568200525,Vita malz Malzbier,0.79,open-prices
2026-08-30,dm,4001638081863,"WELEDA Zahnpasta Gel Kinder fluoridfrei, 50 ml",4.45,dm-website
2026-08-30,dm,4001638088459,"WELEDA Handcreme Granatapfel, 50 ml",6.95,dm-website
2026-08-30,dm,4001638095235,"WELEDA Deo Roll-on Citrus, 50 ml",6.95,dm-website
2026-08-30,dm,4001638097079,"WELEDA Deo Zerstäuber Citrus, 100 ml",9.95,dm-website
2026-08-30,dm,4001638098014,"WELEDA Zahnpasta Calendula fluoridfrei, 75 ml",4.95,dm-website
2026-08-30,dm,4001638500203,"WELEDA Deo Roll On Deodorant Granatapfel, 50 ml",6.95,dm-website
2026-08-30,dm,4001638523028,"WELEDA Handcreme Express Sanddorn, 50 ml",5.45,dm-website
2026-08-30,dm,4001638526708,"WELEDA Körperbutter Skin Food im Glastiegel, 150 ml",14.95,dm-website
2026-08-30,dm,4001638530378,"WELEDA Shampoo Rosmarin Revitalising, 250 ml",6.95,dm-website
2026-08-30,dm,4001638591089,"WELEDA Handcreme Pink Peach, 50 ml",5.45,dm-website
2026-08-30,E-Center,4001653002249,Bad Pyrmonter Geschmack +Lemon,0.69,open-prices
2026-08-30,EDEKA,4001686002513,Haribo Color-Rado,4.79,open-prices
2026-08-30,Kaufland,4001686006733,Haribo Tropifrutti Typ Joghurt,0.77,open-prices
2026-08-30,EDEKA,4001686009338,Haribo rainbow,1.19,open-prices
2026-08-30,EDEKA,4001686009703,Haribo Pasta Penne Sauer,1.19,open-prices
2026-08-30,Netto,4001686011225,Haribo Goldbären,1.49,open-prices
2026-08-30,Netto,4001686013120,Haribo Pfirsiche,1.19,open-prices
2026-08-30,E-Center,4001686102862,Haribo Balla Stixx - Limo Mixx sauer,1.69,open-prices
2026-08-30,E-Center,4001686102947,Haribo Balla balla,1.19,open-prices
2026-08-30,REWE,4001686103241,Haribo Stafetten,0.79,open-prices
2024-09-24,E-Center,4001686103272,Haribo Super Gurken,1.19,open-prices
2026-08-30,E-Center,4001686103272,Haribo Super Gurken,1.19,open-prices
2025-04-12,EDEKA,4001686103272,Haribo Super Gurken,1.19,open-prices
2026-08-30,EDEKA,4001686103272,Haribo Super Gurken,1.19,open-prices
2024-06-12,Lidl,4001686103272,Haribo Super Gurken,0.88,open-prices
2026-08-30,Lidl,4001686103272,Haribo Super Gurken,0.88,open-prices
2026-08-30,REWE,4001686120279,Haribo Color-Rado Mini,0.79,open-prices
2026-08-30,Kaufland,4001686151105,Haribo Konfekt,0.77,open-prices
2025-04-25,E-Center,4001686322536,Haribo Frösche,1.19,open-prices
2026-08-30,E-Center,4001686322536,Haribo Frösche,1.19,open-prices
2025-03-22,Netto,4001686322536,Haribo Frösche,1.19,open-prices
2026-02-10,Netto,4001686322536,Haribo Frösche,0.79,open-prices
2026-04-28,REWE,4001686322536,Haribo Frösche,0.79,open-prices
2026-08-30,REWE,4001686322536,Haribo Frösche,0.79,open-prices
2026-08-30,EDEKA,4001686322628,Haribo Milchbären,1.19,open-prices
2026-08-30,E-Center,4001686322871,Haribo Happy Cherries,1.19,open-prices
2026-08-30,E-Center,4001686327425,Haribo Bunte Tüte,1.19,open-prices
2026-08-30,E-Center,4001686327456,Haribo Vampire,1.19,open-prices
2025-04-11,E-Center,4001686327517,Happy Cola,0.77,open-prices
2026-08-30,E-Center,4001686327517,HARIBO Happy Cola,0.77,open-prices
2024-05-10,Netto,4001686327517,Happy Cola,1.19,open-prices
2025-02-19,PENNY,4001686327517,Happy Cola,1.19,open-prices
2026-04-28,REWE,4001686327517,Happy Cola,0.79,open-prices
2026-08-30,REWE,4001686327517,HARIBO Happy Cola,0.79,open-prices
2026-08-30,E-Center,4001686327548,Haribo Konfekties,1.19,open-prices
2026-08-30,E-Center,4001686327579,HARIBO Fruchtgummi Pfirsich 175g 4001686327579,1.19,open-prices
2025-04-25,E-Center,4001686327692,Haribo Weinland,1.19,open-prices
2026-08-30,E-Center,4001686327692,Haribo Weinland,1.19,open-prices
2026-07-13,Kaufland,4001686327692,Haribo Weinland,0.77,open-prices
2026-08-30,Kaufland,4001686327692,Haribo Weinland,0.77,open-prices
2026-04-28,REWE,4001686327692,Haribo Weinland,0.79,open-prices
2026-08-30,REWE,4001686327692,Haribo Weinland,0.79,open-prices
2026-08-30,Netto,4001686327784,Haribo Lakritz Parade,0.89,open-prices
2026-08-30,E-Center,4001686327845,Haribo Berries,1.19,open-prices
2026-08-30,E-Center,4001686328941,Haribo Kinder Schnuller,1.19,open-prices
2026-08-30,REWE,4001686329849,Haribo WineGums,0.79,open-prices
2026-08-30,EDEKA,4001686329870,Haribo Saure Pommes,1.19,open-prices
2026-08-30,E-Center,4001686331668,Haribo Bärchen Pärchen,1.19,open-prices
2025-04-11,E-Center,4001686331842,Haribo Kirsch Cola,0.77,open-prices
2025-04-22,E-Center,4001686331842,Haribo Kirsch Cola,1.19,open-prices
2025-05-24,E-Center,4001686331842,Haribo Kirsch Cola,1.19,open-prices
2026-08-30,E-Center,4001686331842,Haribo Kirsch Cola,1.19,open-prices
2026-04-28,REWE,4001686331842,Haribo Kirsch Cola,0.79,open-prices
2026-08-30,REWE,4001686331842,Haribo Kirsch Cola,0.79,open-prices
2026-08-30,EDEKA,4001686334591,Haribo Fruity-Bussi Fruchtgummi mit Schaumzucker Fruchtfüllung,1.19,open-prices
2026-08-30,Kaufland,4001686335802,Haribo Color-Rado,0.77,open-prices
2026-08-30,E-Center,4001686372852,Haribo Roulette,1.19,open-prices
2026-08-30,V-MARKT,4001686480267,Haribo Riesenschlangen,7.99,open-prices
2026-08-30,REWE,4001686505021,Haribo Maoam Karamell,0.79,open-prices
2026-08-30,V-MARKT,4001686524497,Maoam Kracher Halloween,1.39,open-prices
2026-08-30,EDEKA,4001724010906,Dr. Oetker Die Ofenfrische Diavolo,1.99,open-prices
2025-12-12,EDEKA,4001724011057,Die Ofenfrische Speciale,1.99,open-prices
2026-08-30,EDEKA,4001724011057,Dr. Oetker Die Ofenfrische Speciale,1.99,open-prices
2025-06-05,Netto,4001724011057,Die Ofenfrische Speciale,3.69,open-prices
2025-12-10,Netto,4001724011057,Die Ofenfrische Speciale,2.95,open-prices
2026-07-15,Netto,4001724011057,Die Ofenfrische Speciale,2.22,open-prices
2026-08-30,Netto,4001724011057,Dr. Oetker Die Ofenfrische Speciale,2.22,open-prices
2026-07-29,REWE,4001724011057,Die Ofenfrische Speciale,1.79,open-prices
2026-08-30,EDEKA,4001724011088,Dr. Oetker Die Ofenfrische Pepperoni Salami,1.99,open-prices
2026-08-30,ALDI,4001724019831,Dr. Oetker Pizza tradizionale - Salame romano,2.22,open-prices
2026-08-30,Netto,4001724036739,Dr. Oetker Die Ofenfrische Thunfisch,2.95,open-prices
2026-08-30,EDEKA,4001724038054,Dr. Oetker Bistro Baguette Bolognese,2.29,open-prices
2026-08-30,EDEKA,4001724038238,Dr. Oetker Bistro Baguette a la Provence,2.29,open-prices
2026-08-30,EDEKA,4001724038474,Dr. Oetker Salame Romano pizza,1.99,open-prices
2026-08-30,EDEKA,4001724038504,Dr. Oetker Pizza Mozzarella e Pesto,2.22,open-prices
2026-08-30,EDEKA,4001724038535,Dr. Oetker Pizza Tradizionale Diavola Calabrese,1.99,open-prices
2026-08-30,Kaufland,4001724039112,Dr. Oetker Ristorante Pizza,2.0,open-prices
2026-08-30,Lidl,4001724039891,Dr. Oetker Ristorante Pizza Tonno,3.79,open-prices
2026-08-30,Netto,4001724041139,Dr. Oetker Die Ofenfrische Schinken-Ananas,2.95,open-prices
2026-08-30,REWE,4001724049906,Dr. Oetker Suprema Pizza Calabrese & ‘Nduja,3.99,open-prices
2026-08-30,REWE,4001724049913,Dr. Oetker Suprema Margherita,3.99,open-prices
2026-08-30,REWE,4001724055235,Dr. Oetker Pizza Suprema Tonno,5.49,open-prices
2026-08-30,Netto,4001743016170,Karina Feine Weiße Schokolade,0.99,open-prices
2026-08-30,Netto,4001743019195,Karina Feine Kaffee Sahneschokolade,2.39,open-prices
2026-08-30,Netto,4001743019201,Karina Edel Alpen Sahne Schokolade,0.85,open-prices
2026-08-30,Netto,4001743019232,Karina Feine Weiße Crisp Schokolade,0.99,open-prices
2026-08-30,Netto,4001743019249,Karina Edel Vollmilch Trauben Nuss Schokolade,2.39,open-prices
2026-08-30,Netto,4001743019348,Karina Herbe Sahne Schokolade,2.39,open-prices
2026-08-30,Netto,4001743019355,Karina Edel Rahm Mandel Schokolade,2.39,open-prices
2026-08-30,REWE,4001743754539,Bensdorp Kakao,2.79,open-prices
2026-08-30,Netto,4001743760189,Alpia Alpen Vollmilch Schokolade,1.29,open-prices
2026-08-30,Netto,4001743760196,Alpia Feine Zartbitter Schokolade,1.29,open-prices
2026-08-30,Netto,4001743760202,Alpia Knackige Haselnuss Vollmilch,1.29,open-prices
2026-08-30,Kaufland,4001743761407,Vollmilchschokolade,0.69,open-prices
2026-08-30,Kaufland,4001762030553,Nudeln,3.49,open-prices
2026-08-30,E-Center,4001766001252,Kumpf Johannisbeer-Nektar,2.08,open-prices
2026-08-30,E-Center,4001766031549,Kumpf Zaubersaft,1.67,open-prices
2026-08-30,E-Center,4001766031556,Kumpf Starke Früchtchen,1.67,open-prices
2026-08-30,Kaufland,4001896132185,Lets BBQ Kaufland Feta Käsekrainer,1.14,open-prices
2026-08-30,Netto,4001929028157,Farmländer Geflügel Fleischwurst,1.34,open-prices
2023-12-16,E-Center,4001954161010,Original irische Butter,1.39,open-prices
2026-08-30,E-Center,4001954161010,Kerrygold Original irische Butter,1.39,open-prices
2023-08-12,EDEKA,4001954161010,Original irische Butter,1.59,open-prices
2023-11-04,EDEKA,4001954161010,Original irische Butter,1.59,open-prices
2023-12-11,EDEKA,4001954161010,Original irische Butter,1.39,open-prices
2024-03-11,EDEKA,4001954161010,Original irische Butter,2.99,open-prices
2025-04-28,EDEKA,4001954161010,Original irische Butter,3.99,open-prices
2026-06-16,EDEKA,4001954161010,Original irische Butter,3.49,open-prices
2026-08-30,EDEKA,4001954161010,Kerrygold Original irische Butter,3.99,open-prices
2024-05-27,HIT,4001954161010,Original irische Butter,1.69,open-prices
2026-08-30,HIT,4001954161010,Kerrygold Original irische Butter,1.69,open-prices
2026-01-08,Lidl,4001954161010,Original irische Butter,1.88,open-prices
2024-07-29,Netto,4001954161010,Original irische Butter,3.39,open-prices
2024-08-30,Netto,4001954161010,Original irische Butter,1.79,open-prices
2025-04-09,Netto,4001954161010,Original irische Butter,1.99,open-prices
2025-07-26,Netto,4001954161010,Original irische Butter,2.16,open-prices
2025-11-17,Netto,4001954161010,Original irische Butter,2.39,open-prices
2026-03-23,Netto,4001954161010,Original irische Butter,1.39,open-prices
2026-08-27,Netto,4001954161010,Original irische Butter,1.79,open-prices
2026-08-30,Netto,4001954161010,Kerrygold Original irische Butter,1.79,open-prices
2026-03-27,REWE,4001954161010,Original irische Butter,3.49,open-prices
2026-08-30,HIT,4001954161294,Kerrygold Irische Butter gesalzen,1.69,open-prices
2026-08-30,E-Center,4001954161904,Kerrygold Irische Butter,3.99,open-prices
2025-04-09,E-Center,4001954165018,Kerrygold extra Butter & Rapsöl - ungesalzen,3.99,open-prices
2025-05-12,E-Center,4001954165018,Kerrygold extra Butter & Rapsöl - ungesalzen,3.99,open-prices
2026-08-30,E-Center,4001954165018,Kerrygold extra Butter & Rapsöl - ungesalzen,3.99,open-prices
2026-03-23,Netto,4001954165018,Kerrygold extra Butter & Rapsöl - ungesalzen,1.39,open-prices
2026-08-27,Netto,4001954165018,Kerrygold extra Butter & Rapsöl - ungesalzen,1.79,open-prices
2026-08-30,Netto,4001954165018,Kerrygold extra Butter & Rapsöl - ungesalzen,1.79,open-prices
2026-08-30,E-Center,4001954165513,Kerrygold extra gesalzen,3.99,open-prices
2026-08-30,E-Center,4001954165803,"Kerrygold extra XXL, ungesalzen",5.99,open-prices
2026-08-30,E-Center,4001954166053,Kerrygold Extra Butter & Rapsöl - Ungesalzen,2.29,open-prices
2026-08-30,E-Center,4001956315992,WILTMANN Schinken Lyoner,2.49,open-prices
2026-08-30,E-Center,4001956401541,Wiltmann Leber-Pastete mit Geflügelfleisch,1.15,open-prices
2026-08-30,Kaufland,4002015000095,Krini Pfefferoni mild,3.29,open-prices
2026-08-30,Kaufland,4002015000477,Krini Pfefferoni griechisch,2.49,open-prices
2026-08-30,Kaufland,4002015003096,Krini Weiße Bohnen,1.89,open-prices
2026-08-30,Kaufland,4002015003102,Krini Weiße Riesenbohnen,1.89,open-prices
2026-08-30,Kaufland,4002015526229,Krini Grüne Oliven ohne Stein,3.19,open-prices
2026-08-30,Kaufland,4002015529114,Krini Paprikafilets,4.79,open-prices
2026-08-30,Kaufland,4002015529817,Krini Borettane-Zwiebeln,3.69,open-prices
2026-08-30,Kaufland,4002084548108,Kaufland Végane Steinoffenpizza Classic,1.79,open-prices
2026-08-30,EDEKA,4002156023816,Alpengipfel Rotweinkäse Voralberg,3.83,open-prices
2026-08-30,Kaufland,4002239385008,"Dittmann Pfeffer, Eingelegter Grüner Pfeffer",1.99,open-prices
2026-08-30,REWE,4002239403009,"Feinkost Dittmann Kräuter Oliven grün, trocken eingelegt",3.49,open-prices
2026-08-30,REWE,4002239420907,Feinkost Dittmann Spanische Oliven ohne Stein,2.99,open-prices
2026-08-30,REWE,4002239431507,"Dittmann Spanische Oliven grün, gefüllt mit Paprikapaste",2.79,open-prices
2026-08-30,Kaufland,4002239639705,Feinkost Dittmann Grüne Jalapeño Pfefferonen,2.49,open-prices
2026-08-30,Kaufland,4002239685009,"Dittmann Artischockenherzen Geschnitten, Mariniert (feinkos...",4.29,open-prices
2026-08-30,Kaufland,4002239856805,K-classic Peperoni mild,2.45,open-prices
2026-08-30,CAP-Markt,4002268091833,Kühlmann Nouilles thaïlandaises,2.09,open-prices
2026-08-30,EDEKA,4002334112738,Der kleine Bauer Kirsche,0.28,open-prices
2026-08-30,REWE,4002334113032,Bauer Fruchtjoghurt Kirsche,0.49,open-prices
2026-08-30,EDEKA,4002334113131,Bauer Yoghurt,0.49,open-prices
2026-08-30,Netto,4002334113193,frija Joghurt mild,0.89,open-prices
2026-08-30,Lidl,4002334114626,Bauer Joghurt Kirsch-Banane,0.44,open-prices
2026-08-30,EDEKA,4002334116057,Der Grosse Bauer Joghurt Schokobälle Vanille,0.49,open-prices
2025-11-14,EDEKA,4002334116064,Joghurt Banane Schokobälle,0.49,open-prices
2026-02-06,EDEKA,4002334116064,Joghurt Banane Schokobälle,0.49,open-prices
2026-03-07,EDEKA,4002334116064,Joghurt Banane Schokobälle,0.49,open-prices
2026-06-10,EDEKA,4002334116064,Joghurt Banane Schokobälle,0.49,open-prices
2026-08-30,EDEKA,4002334116064,Der große Bauer Joghurt Banane Schokobälle,0.49,open-prices
2025-06-14,REWE,4002334116064,Joghurt Banane Schokobälle,0.49,open-prices
2026-08-30,REWE,4002334116064,Der große Bauer Joghurt Banane Schokobälle,0.49,open-prices
2026-08-30,Lidl,4002334116200,Bauer Joghurt Pfirsich Maracuja,0.44,open-prices
2026-08-30,Lidl,4002334116224,Bauer Aprikosenjoghurt weniger Zucker,0.44,open-prices
2026-08-30,Netto,4002334116835,Mövenpick Klein & Fein - Pfirsich-Maracuja,1.69,open-prices
2026-08-30,Lidl,4002334116859,Privatmolkerei Bauer Der Große Bauer - Mango,0.44,open-prices
2026-08-30,Kaufland,4002334116958,K-Classic Joghurt,1.0,open-prices
2026-08-30,Lidl,4002334118303,Der Große Bauer - Lemon Cheesecake,0.44,open-prices
2026-08-30,Netto,4002359015229,Ben's Original Süss-Sauer-Sauce,2.79,open-prices
2026-08-30,Netto,4002359015250,Ben's Original Süß-Sauer pikant Soße,2.79,open-prices
2026-08-30,Netto,4002359015267,Ben's Original Süß-Sauer-Sauce - Extra Gemüse,2.79,open-prices
2026-08-30,Netto,4002359018671,Mirácoli Miracoli Klassiker - Spaghetti,4.49,open-prices
2026-08-30,Kaufland,4002359021640,Ben’s Original Reis XXL,3.99,open-prices
2026-08-30,Kaufland,4002359021664,Ben‘s Original Langkornreis,3.99,open-prices
2026-08-30,Kaufland,4002359041150,Ben's Original Street Food - Thai Style,2.99,open-prices
2026-08-30,Kaufland,4002442819192,K-Favourites Premium Cornichons,0.99,open-prices
2026-08-30,Kaufland,4002442819208,Kaufland Cornichons mitChili Note,0.99,open-prices
2026-08-30,Kaufland,4002442821560,K-Classic Cremige Curry Sauce,1.79,open-prices
2026-08-30,dm,4002448046424,"Finish Spülmaschinen-Salz Spezialsalz, 1,2 kg",1.45,dm-website
2026-08-30,dm,4002448046486,"Finish Spülmaschinen-Deo Citrus & Limette, 1 St",1.95,dm-website
2026-08-30,dm,4002448083399,"Finish Spülmaschinen-Pulver, 150 Spülgänge, 3 kg",9.95,dm-website
2026-08-30,dm,4002448099871,"Sagrotan Flüssigseife sanft zur Haut Aloe Vera, 250 ml",2.45,dm-website
2026-08-30,dm,4002448101635,"Sagrotan Schaumhandseife Vanille & Orchidee, 250 ml",2.95,dm-website
2026-08-30,dm,4002448101659,"Sagrotan Schaumhandseife Kirschblüte & Rose, 250 ml",2.95,dm-website
2026-08-30,dm,4002448101901,"Sagrotan Flüssigseife sanft zur Haut Aloe Vera Nachfüllpack, 500 ml",3.45,dm-website
2026-08-30,dm,4002448120681,"Sagrotan Schaumhandseife Kirschblüte & Rose Nachfüllpack, 250 ml",2.45,dm-website
2026-08-30,dm,4002448122500,"Sagrotan Seifenspender No Touch Apfel & Jasmin, Nachfüllpack, 250 ml",3.25,dm-website
2026-08-30,dm,4002448144717,"Finish Spülmaschinen-Pulver Classic, 65 Spülgänge, 1,3 kg",5.45,dm-website
2026-08-30,EDEKA,4002464015107,Kessler Sekt BRUT,8.49,open-prices
2026-08-30,EDEKA,4002468084000,Almette Natur 4002468084000 Frischkäse,0.99,open-prices
2026-08-30,EDEKA,4002468084017,Frischkäse Almette Kräuter,0.99,open-prices
2025-06-11,Nahkauf,4002468180825,Veganer Streichzart Natur aus Mandel,2.49,open-prices
2026-08-30,Nahkauf,4002468180825,Simply V Veganer Streichzart Natur aus Mandel,2.49,open-prices
2025-04-04,REWE,4002468180825,Veganer Streichzart Natur aus Mandel,2.49,open-prices
2026-08-30,REWE,4002468180825,Simply V Veganer Streichzart Natur aus Mandel,2.49,open-prices
2026-08-30,REWE,4002468228893,Grünländer Chili & Paprika herzhaft pikant,2.69,open-prices
2026-08-30,Kaufland,4002473832450,Sonnen Bassermann Brokkoli-Cremesuppe,1.99,open-prices
2026-08-30,Lidl,4002566010703,GAZI Grill- und Pfannenkäse,1.99,open-prices
2026-08-30,Lidl,4002566010710,Gazi Grill- und Pfannenkäse Natur,1.99,open-prices
2026-08-30,Netto,4002566010765,GAZi Grillkäse Honey-BBQ,1.49,open-prices
2026-08-30,Lidl,4002566010901,GAZİ Grill- & Pfannenkäse 4in1 Mix,3.79,open-prices
2026-08-30,EDEKA,4002575610659,Zentis Erdnussbutter Crunchy,1.99,open-prices
2026-08-30,Kaufland,4002646020134,tahedl Soße zu Braten cholestarinfrei,4.99,open-prices
2026-08-30,Kaufland,4002646020530,tahedl Feinkostsoße Braten pflanzlich,4.99,open-prices
2026-08-30,ALDI,4002671135537,Almette - Kräuter Leicht,0.99,open-prices
2026-08-30,Netto,4002671146953,PATROS Grill & Ofen Kräuter & Knoblauch,1.99,open-prices
2026-08-30,Netto,4002671149138,Patros Grill & Ofen Tomaten & Basilikum,1.99,open-prices
2024-04-16,E-Center,4002671151353,Patros Natur,2.69,open-prices
2026-08-30,E-Center,4002671151353,Patros Natur,2.69,open-prices
2026-03-13,EDEKA,4002671151353,Patros Natur,1.79,open-prices
2026-08-30,EDEKA,4002671151353,Patros Natur,1.79,open-prices
2026-08-30,REWE,4002671169778,Gervais Hüttenkäse Light,1.99,open-prices
2026-08-30,Nahkauf,4002674041446,"Ostmann Chili-Gewürzmischung, mild",2.29,open-prices
2026-08-30,Nahkauf,4002674041453,Ostmann Chilli scharf,2.39,open-prices
2025-06-07,EDEKA,4002674041460,Chili con Carne Gewürzmischung,2.49,open-prices
2026-08-30,EDEKA,4002674041460,Ostmann Chili con Carne Gewürzmischung,2.49,open-prices
2025-07-11,Nahkauf,4002674041460,Chili con Carne Gewürzmischung,2.29,open-prices
2026-08-30,Nahkauf,4002674041460,Ostmann Chili con Carne Gewürzmischung,2.29,open-prices
2025-07-11,Nahkauf,4002674041484,Chillies & Knoblauch Gewürzmischung,2.49,open-prices
2026-08-30,Nahkauf,4002674041484,Ostmann Chillies & Knoblauch Gewürzmischung,2.49,open-prices
2026-04-28,REWE,4002674041484,Chillies & Knoblauch Gewürzmischung,2.59,open-prices
2026-08-30,REWE,4002674041484,Ostmann Chillies & Knoblauch Gewürzmischung,2.59,open-prices
2026-08-30,REWE,4002674041491,Ostmann Chiliflocken,2.49,open-prices
2026-08-30,REWE,4002674041637,Ostmann China Gewürz,2.29,open-prices
2026-08-30,REWE,4002674043112,Ostmann Salz knoblauch,2.49,open-prices
2026-08-30,EDEKA,4002674053197,Ostmann Kurkuma - gemahlen,2.99,open-prices
2026-08-30,HIT,4002674054699,Ostmann Pfeffer weiß ganze Körner,2.09,open-prices
2026-08-30,Netto,4002674072808,Ostmann Italienische Kräuter,2.59,open-prices
2026-08-30,HIT,4002674073249,Ostmann Kurkuma,3.49,open-prices
2026-08-30,HIT,4002674076004,Fuchs-Gruppe Wacholderbeeren,3.29,open-prices
2026-08-30,EDEKA,4002683005200,Harzinger Harzer Käse,1.0,open-prices
2026-08-30,Netto,4002720002117,Melitta Kaffee Auslese Klassisch-Mild,6.99,open-prices
2026-08-30,Netto,4002720002124,Melitta Auslese Klassisch,4.69,open-prices
2026-08-30,Netto,4002720002261,Melitta Auslese Klassisch Kaffee gemahlen,6.99,open-prices
2026-08-30,Rossmann,4002720008102,Melitta BellaCrema La Crema,19.99,open-prices
2026-08-30,Rossmann,4002720008508,Melitta BellaCrema Speciale,19.99,open-prices
2026-08-30,Netto,4002784014309,Bille Geflügesalami mit Pflanzenfett - Pfeffer,1.49,open-prices
2026-08-30,Netto,4002809001307,RUF Kartoffel Mehl,1.49,open-prices
2026-07-06,Netto,4002809018862,Tassencremepudding Vanille,0.59,open-prices
2026-08-30,Netto,4002809018862,RUF Tassencremepudding Vanille,0.59,open-prices
2026-04-28,REWE,4002809018862,Tassencremepudding Vanille,0.89,open-prices
2026-08-30,REWE,4002809018862,RUF Tassencremepudding Vanille,0.89,open-prices
2026-07-06,Netto,4002809018879,Tassenpudding Schoko,0.59,open-prices
2026-08-30,Netto,4002809018879,Ruf Tassenpudding Schoko,0.59,open-prices
2026-04-28,REWE,4002809018879,Tassenpudding Schoko,0.89,open-prices
2026-08-30,REWE,4002809018879,Ruf Tassenpudding Schoko,0.89,open-prices
2026-08-30,REWE,4002809018893,Ruf Glücklichmacher Tassencremepudding Grieß,0.89,open-prices
2026-07-06,Netto,4002809018985,Tassenpudding Haselnuss,0.59,open-prices
2026-08-30,Netto,4002809018985,Ruf Tassenpudding Haselnuss,0.59,open-prices
2026-04-28,REWE,4002809018985,Tassenpudding Haselnuss,0.89,open-prices
2026-08-30,REWE,4002809018985,Ruf Tassenpudding Haselnuss,0.89,open-prices
2026-08-30,Kaufland,4002823000379,Hähnchenteile,1.29,open-prices
2026-08-30,Kaufland,4002823001284,Roh Hähnchenleber,1.99,open-prices
2026-08-30,Nahkauf,4002846034306,Mio Mio Cola Original,1.05,open-prices
2026-08-30,V-MARKT,4002846034603,Mio Mio Mate Ginger,0.99,open-prices
2025-05-06,EDEKA,4002859121314,EDEKA Wein Doppio Passo Weißwein 750ml 4.99€ 1l 6.65€,4.49,open-prices
2026-08-30,EDEKA,4002859121314,EDEKA Wein Doppio Passo Weißwein 750ml 4.99€ 1l 6.65€,4.49,open-prices
2024-03-02,HIT,4002859121314,EDEKA Wein Doppio Passo Weißwein 750ml 4.99€ 1l 6.65€,4.99,open-prices
2026-08-30,HIT,4002859121314,EDEKA Wein Doppio Passo Weißwein 750ml 4.99€ 1l 6.65€,4.99,open-prices
2026-08-30,EDEKA,4002859121710,Doppio Passo Grillo weiß,4.49,open-prices
2026-08-30,Netto,4002966004067,3 Glocken Nudeln Weizen Spiralen,1.0,open-prices
2026-08-30,Netto,4002966004074,3 Glocken Spaghetti,0.99,open-prices
2026-08-30,Netto,4002966004135,3 Glocken Nudeln - Korkenzieher,0.99,open-prices
2026-08-30,EDEKA,4002971006407,"Ehrmann Almighurt, Joghurt nach griechischer Art, 9,7 % Fett",1.19,open-prices
2026-08-30,REWE,4002971010107,Ehrmann Almighurt - Erdbeere,0.79,open-prices
2026-08-30,REWE,4002971010206,Ehrmann Almighurt - Kirsche,0.33,open-prices
2026-08-30,REWE,4002971012408,Ehrmann Almighurt - Waldbeeren,0.33,open-prices
2026-08-30,REWE,4002971013207,Almighurt - Apfel-Birne,0.33,open-prices
2026-08-30,Kaufland,4002971013306,Almighurt laktosefrei - Bourbon-Vanille,0.89,open-prices
2026-08-30,REWE,4002971013801,Ehrmann Zitronen Joghurt,0.33,open-prices
2026-08-30,EDEKA,4002971014105,Almighurt - Erdbeere-Limette-Mascarpone,0.45,open-prices
2026-08-30,REWE,4002971045000,Ehrmann Almighurt - Obstsalat,0.33,open-prices
2026-08-30,EDEKA,4002971200201,Ehrmann Stracciatella Style Mousse,1.99,open-prices
2026-08-30,Kaufland,4002971243703,Ehrmann High-Protein-Pudding - Chocolate Flavour,1.0,open-prices
2025-06-30,Bayern,4002971243802,High-Protein-Pudding - Vanilla,0.89,open-prices
2026-07-31,Kaufland,4002971243802,High-Protein-Pudding - Vanilla,1.0,open-prices
2026-08-30,Kaufland,4002971243802,Ehrmann High-Protein-Pudding - Vanilla,1.0,open-prices
2024-08-05,Lidl,4002971243802,High-Protein-Pudding - Vanilla,1.49,open-prices
2026-08-30,Lidl,4002971243802,Ehrmann High-Protein-Pudding - Vanilla,1.49,open-prices
2026-08-30,Lidl,4002971243901,Ehrmann High-Protein-Pudding - Caramel Style,1.49,open-prices
2026-08-30,EDEKA,4002971247503,Ehrmann Chocolate &amp; Topping,1.59,open-prices
2024-04-20,EDEKA,4002971247602,High Protein Vanilla & Topping,1.59,open-prices
2024-07-29,EDEKA,4002971247602,High Protein Vanilla & Topping,1.59,open-prices
2024-12-30,EDEKA,4002971247602,High Protein Vanilla & Topping,1.59,open-prices
2025-08-12,EDEKA,4002971247602,High Protein Vanilla & Topping,0.99,open-prices
2026-05-16,EDEKA,4002971247602,High Protein Vanilla & Topping,1.59,open-prices
2026-08-30,EDEKA,4002971247602,Ehrmann High Protein Vanilla & Topping,1.59,open-prices
2026-07-31,Kaufland,4002971247602,High Protein Vanilla & Topping,1.0,open-prices
2026-08-30,Kaufland,4002971247602,Ehrmann High Protein Vanilla & Topping,1.0,open-prices
2024-04-20,EDEKA,4002971247909,High protein double choc,1.59,open-prices
2024-07-29,EDEKA,4002971247909,High protein double choc,1.59,open-prices
2024-12-30,EDEKA,4002971247909,High protein double choc,1.59,open-prices
2026-08-30,EDEKA,4002971247909,Ehrmann High protein double choc,1.59,open-prices
2026-07-31,Kaufland,4002971247909,High protein double choc,1.0,open-prices
2026-08-30,Kaufland,4002971247909,Ehrmann High protein double choc,1.0,open-prices
2026-08-30,Netto,4002971253009,Ehrmann Grand dessert chocolade,0.44,open-prices
2026-02-11,REWE,4002971253108,Grand Dessert - Vanille,1.19,open-prices
2026-08-30,REWE,4002971253108,Ehrmann Grand Dessert - Vanille,1.19,open-prices
2026-02-26,V-MARKT,4002971253108,Grand Dessert - Vanille,1.19,open-prices
2026-08-30,V-MARKT,4002971253108,Ehrmann Grand Dessert - Vanille,1.19,open-prices
2026-08-30,EDEKA,4002971253207,Ehrmann Grand Dessert - Double Choc,0.59,open-prices
2025-10-25,EDEKA,4002971253900,Grand Dessert Dark Chocolate,0.59,open-prices
2026-08-30,EDEKA,4002971253900,Ehrmann Grand Dessert Dark Chocolate,0.59,open-prices
2026-07-24,Netto,4002971253900,Grand Dessert Dark Chocolate,0.44,open-prices
2026-08-30,Netto,4002971253900,Ehrmann Grand Dessert Dark Chocolate,0.44,open-prices
2026-08-30,EDEKA,4002971274301,Ehrmann Grand Dessert Typ Pistazie,0.49,open-prices
2024-05-29,EDEKA,4002971275902,High Protein Pudding - White Choc Style,1.59,open-prices
2026-08-30,EDEKA,4002971275902,Ehrmann High Protein Pudding - White Choc Style,1.59,open-prices
2024-06-12,Lidl,4002971275902,High Protein Pudding - White Choc Style,1.59,open-prices
2026-08-30,Lidl,4002971275902,Ehrmann High Protein Pudding - White Choc Style,1.59,open-prices
2026-08-30,EDEKA,4002971277005,Ehrmann High protein banana & choc topping flavour,1.59,open-prices
2026-08-30,Kaufland,4002971280906,Ehrmann Pistachio style pudding,1.0,open-prices
2026-08-30,ALDI,4002971281507,Almighurt Mousse - Stracciatella,0.99,open-prices
2026-08-30,EDEKA,4002971282108,Ehrmann High Protein Double White Choc style,1.59,open-prices
2026-08-30,Lidl,4002971283907,Ehrmann Vanilla Mousse High-Protein,1.29,open-prices
2026-08-30,EDEKA,4002971286601,Ehrmann White Choc Style Mousse High-Protein,1.99,open-prices
2025-01-22,EDEKA,4002971287707,Pistacia Style Mousse High-Protein,0.99,open-prices
2026-08-30,EDEKA,4002971287707,Ehrmann Pistacia Style Mousse High-Protein,0.99,open-prices
2024-06-12,Lidl,4002971287707,Pistacia Style Mousse High-Protein,1.99,open-prices
2026-08-29,Lidl,4002971287707,Pistacia Style Mousse High-Protein,1.29,open-prices
2026-08-30,Lidl,4002971287707,Ehrmann Pistacia Style Mousse High-Protein,1.29,open-prices
2026-08-30,Lidl,4002971296709,Ehrmann Skyr Natural 450g.,1.49,open-prices
2026-03-25,Lidl,4002971296808,Skyr Vanille,1.49,open-prices
2026-08-30,Lidl,4002971296808,Ehrmann Skyr Vanille,1.49,open-prices
2026-07-17,Netto,4002971296808,Skyr Vanille,0.99,open-prices
2026-08-30,Netto,4002971296808,Ehrmann Skyr Vanille,0.99,open-prices
2026-08-30,Kaufland,4002971320206,Ehrmann Chocolate Drink - High Protein,1.0,open-prices
2026-08-30,Kaufland,4002971320503,Ehrmann Pistacia Style Drink - High Protein,1.0,open-prices
2025-12-02,EDEKA,4002971345605,Creative Choclate Flavour Pudding,1.99,open-prices
2026-08-30,EDEKA,4002971345605,Ehrmann Creative Choclate Flavour Pudding,1.99,open-prices
2026-07-20,Netto,4002971345605,Creative Choclate Flavour Pudding,0.99,open-prices
2026-08-30,Netto,4002971345605,Ehrmann Creative Choclate Flavour Pudding,0.99,open-prices
2026-08-30,CAP-Markt,4002971453102,Ehrmann High Protein Joghurt Kirsche-Aronia,1.04,open-prices
2026-08-30,Nahkauf,4002971453201,Ehrmann High Protein Heidelbeere Joghurt-Erzeugnis,1.49,open-prices
2024-03-27,EDEKA,4002971454703,High-Protein-Joghurterzeugnis - Stracciatella,1.59,open-prices
2024-05-29,EDEKA,4002971454703,High-Protein-Joghurterzeugnis - Stracciatella,1.59,open-prices
2026-08-30,EDEKA,4002971454703,Ehrmann High-Protein-Joghurterzeugnis - Stracciatella,1.59,open-prices
2024-06-12,Lidl,4002971454703,High-Protein-Joghurterzeugnis - Stracciatella,1.59,open-prices
2026-08-30,Lidl,4002971454703,Ehrmann High-Protein-Joghurterzeugnis - Stracciatella,1.59,open-prices
2026-08-30,Netto,4002971665208,Ehrmann Obstgarten - Erdbeere,0.44,open-prices
2026-08-30,EDEKA,4002971840209,Ehrmann Almighurt Kirsche,1.11,open-prices
2026-08-30,EDEKA,4002971840704,"Almighurt Joghurt mild, Stracciatella",1.11,open-prices
2026-08-30,EDEKA,4002971842203,Ehrmann Almighurt Joghurt Vanille,1.11,open-prices
2026-08-30,EDEKA,4002971843200,"Ehrmann Almighurt, Bircher Müsli",1.11,open-prices
2026-08-30,EDEKA,4002971844603,Ehrmann Almighurt - Zitrone,1.11,open-prices
2026-08-30,EDEKA,4002971844702,"Ehrmann Almighurt, Mango-Orange",1.19,open-prices
2026-08-30,EDEKA,4002971847109,"Ehrmann Almighurt, Heidelbeere",1.11,open-prices
2026-08-30,EDEKA,4002971848007,"Ehrmann Almighurt, Pfirsich-Maracuja, weniger süss",1.11,open-prices
2026-08-30,E-Center,4002993094758,Bernard Matthews Oldenburg Hähnchen-Kasseler,3.0,open-prices
2026-08-30,Kaufland,4003082044852,K-Bio Würziger Erbseneintopf,1.45,open-prices
2026-08-30,Kaufland,4003082044982,Kaufland Tomaten-Cremesuppe,1.29,open-prices
2026-08-30,dm,4003086005309,"anti svet Deo Zerstäuber, 50 ml",3.45,dm-website
2026-08-30,dm,4003086360002,"algemarin Duschgel Freshness, 300 ml",2.15,dm-website
2026-08-30,Netto,4003160216409,Weiss Nürnberger Oblaten-Lebkuchen,2.49,open-prices
2026-08-30,EDEKA,4003160340807,Weiss Oblaten Lebkuchen schokoliert,1.99,open-prices
2026-08-30,EDEKA,4003240919008,Albi Himbeer-Maracuja-Apfelsaft,2.69,open-prices
2026-08-30,EDEKA,4003240939006,"albi Saft, Pfirsich-Maracuja",2.69,open-prices
2026-08-30,HIT,4003301018459,Biorebe Chardonnay 2021,3.49,open-prices
2026-08-30,HIT,4003301027468,Rotwild Dornfelder trocken,2.99,open-prices
2026-08-30,HIT,4003301034589,Bioerbe Tempranillo,3.49,open-prices
2023-10-25,E-Center,4003301038143,Bree Chardonnay Weisswein,2.99,open-prices
2024-02-29,E-Center,4003301038143,Bree Chardonnay Weisswein,2.99,open-prices
2026-08-30,E-Center,4003301038143,Bree Chardonnay Weisswein,2.99,open-prices
2023-08-07,EDEKA,4003301038143,Bree Chardonnay Weisswein,3.33,open-prices
2025-05-06,EDEKA,4003301038143,Bree Chardonnay Weisswein,2.99,open-prices
2025-07-25,EDEKA,4003301038143,Bree Chardonnay Weisswein,2.99,open-prices
2026-08-30,EDEKA,4003301038143,Bree Chardonnay Weisswein,2.99,open-prices
2026-08-30,HIT,4003301051340,Maybach Riesling trocken 4003301051340 Riesling  2023 trocken Deutschland Pfalz,3.33,open-prices
2026-08-30,HIT,4003301055546,Maybach Grauburgunder,3.33,open-prices
2026-08-30,HIT,4003301055621,Biorebe Pinot Grigio 2019,3.49,open-prices
2026-08-30,HIT,4003301058486,Maybach Sauvignon Blanc Weißwein,2.99,open-prices
2026-08-30,HIT,4003301081835,Maybach Chardonnay trocken,2.99,open-prices
2026-08-30,Norma,4003310016095,Mangaroca Batida de Coco,7.99,open-prices
2026-08-30,Kaufland,4003362032869,BELLAVITANO,5.99,open-prices
2026-08-30,Netto,4003387001314,ALDI SURIG Essigessenz,1.49,open-prices
2026-08-30,Netto,4003419000582,la campagna Prosciutto crudo,1.99,open-prices
2026-08-30,Netto,4003419025790,Familie Wein Schwarzwälder Schinken,2.19,open-prices
2026-08-30,Kaufland,4003473061901,Eifeler Fleischwaren Rahmgeschnetzeltes Züricher Art mit schwäbischen Spätzle,3.49,open-prices
2026-08-30,Kaufland,4003490071235,Kaufland Classik Eis Schoko Milch,1.39,open-prices
2026-08-30,Netto,4003490323617,Elinas Joghurt nach griechischer Art Honig 4003490323617 Joghurt nach griechischer Art mit Zucker und Honig,1.99,open-prices
2026-08-30,Netto,4003490323709,Elinas Joghurt nach griechischer Art Kirsche,1.99,open-prices
2026-08-30,REWE,4003490332787,"ELINAS Leichter Joghurt, Natur",2.15,open-prices
2026-08-30,CAP-Markt,4003514001002,Butaris Butterschmalz,3.33,open-prices
2026-08-30,dm,4003573023144,"Schaebens Tuchmaske Reiswasser, 1 St",1.45,dm-website
2025-02-01,E-Center,4003586000347,"Salziges, Riffels Naturell",2.49,open-prices
2026-08-30,E-Center,4003586000347,"Funny-frisch Salziges, Riffels Naturell",2.49,open-prices
2025-03-18,EDEKA,4003586000347,"Salziges, Riffels Naturell",2.49,open-prices
2026-08-30,EDEKA,4003586000347,"Funny-frisch Salziges, Riffels Naturell",2.49,open-prices
2026-08-30,EDEKA,4003586002914,funny-frisch Kesselchips Sweet Chili & Red Pepper,2.49,open-prices
2026-08-30,Kaufland,4003586100214,Funnyfrisch Chipsfrisch Ungarisch,1.99,open-prices
2025-08-18,ALDI,4003586100306,Chipsfrisch Peperoni,1.29,open-prices
2026-08-30,ALDI,4003586100306,funny-frisch Chipsfrisch Peperoni,1.29,open-prices
2026-07-06,Netto,4003586100306,Chipsfrisch Peperoni,1.29,open-prices
2026-08-30,Netto,4003586100306,funny-frisch Chipsfrisch Peperoni,1.29,open-prices
2026-08-30,Netto,4003586100399,funny-frisch Chipsfrisch Oriental,1.29,open-prices
2026-08-30,Netto,4003586100795,funny-frisch Kessel Chips Cross Cut - Spicy BBQ,1.49,open-prices
2025-08-18,ALDI,4003586101310,Chipsfrisch ungarisch,1.29,open-prices
2026-08-30,ALDI,4003586101310,Funny frisch Chipsfrisch ungarisch,1.29,open-prices
2025-06-18,EDEKA,4003586101310,Chipsfrisch ungarisch,1.99,open-prices
2026-08-30,EDEKA,4003586101310,Funny frisch Chipsfrisch ungarisch,1.99,open-prices
2025-04-17,Lidl,4003586101310,Chipsfrisch ungarisch,1.99,open-prices
2026-08-30,Lidl,4003586101310,Funny frisch Chipsfrisch ungarisch,1.99,open-prices
2025-09-02,Netto,4003586101310,Chipsfrisch ungarisch,1.29,open-prices
2026-08-30,Netto,4003586101310,Funny frisch Chipsfrisch ungarisch,1.29,open-prices
2025-04-14,EDEKA,4003586101389,EDEKA funnyfrisch Chipsfrisch gesalzen,0.99,open-prices
2025-04-15,EDEKA,4003586101389,EDEKA funnyfrisch Chipsfrisch gesalzen,0.99,open-prices
2026-08-30,EDEKA,4003586101389,funny-frisch EDEKA funnyfrisch Chipsfrisch gesalzen,0.99,open-prices
2026-07-06,Netto,4003586101389,EDEKA funnyfrisch Chipsfrisch gesalzen,1.29,open-prices
2026-08-30,Netto,4003586101389,funny-frisch EDEKA funnyfrisch Chipsfrisch gesalzen,1.29,open-prices
2025-03-18,EDEKA,4003586102072,Ofenchips paprika,1.99,open-prices
2026-08-30,EDEKA,4003586102072,Funny-frisch Ofenchips paprika,1.99,open-prices
2025-04-22,REWE,4003586102072,Ofenchips paprika,1.99,open-prices
2026-08-30,REWE,4003586102072,Funny-frisch Ofenchips paprika,1.99,open-prices
2026-08-30,Lidl,4003586102089,funny-frisch Ofen Chips Sour Cream,1.49,open-prices
2026-08-30,EDEKA,4003586104120,funny-frisch Linsen Chips Paprika Style,1.99,open-prices
2026-08-30,REWE,4003586105165,funny-frisch Popchips Potato - Red Paprika,1.99,open-prices
2026-08-30,REWE,4003586105196,funny-frisch Frit-Sticks ungarisch,1.11,open-prices
2026-08-30,Netto,4003586105295,Funny Frisch PopChips Sour Cream & Onion Style,1.49,open-prices
2026-08-30,E-Center,4003586107251,funny-frisch Erdnuss Flippies,2.29,open-prices
2026-08-30,Kaufland,4003586108456,Edeka Chipsfrisch Salt & Vinegar Style,2.49,open-prices
2026-08-30,Netto,4003655032637,Coburger Bayerischer Weichkäse cremig mild,1.49,open-prices
2026-08-30,Netto,4003655032644,Coburger Bayrischer Weichkäse würzig,1.49,open-prices
2026-08-30,Netto,4003655032651,Coburger Weichkäse Blauschimmel,1.49,open-prices
2026-08-30,Netto,4003655032668,Coburger Bayerischer Weichkäse Jalapeno-Paprika,1.49,open-prices
2026-08-30,Netto,4003655831810,Meierie Weichkäse Doppelrahmstufe mild-cremig,2.99,open-prices
2026-08-30,Netto,4003655831827,Meierie Weichkäse Doppelrahmstufe würzig-cremig,2.99,open-prices
2026-08-30,EDEKA,4003721010965,Schumacher GmbH Avocado 2 Stück,1.29,open-prices
2026-08-30,EDEKA,4003721010972,Schumacher GmbH Avocado Hass,1.29,open-prices
2026-08-30,EDEKA,4003721010989,Schumacher GmbH Avocado 2 Stück,0.99,open-prices
2026-06-15,EDEKA,4003751002848,Obazda klassisch,2.39,open-prices
2026-04-04,Lidl,4003751002848,Obazda klassisch,1.49,open-prices
2026-08-30,Lidl,4003751002848,Alpenhain Obazda klassisch,1.49,open-prices
2026-04-11,Netto,4003751002848,Obazda klassisch,1.49,open-prices
2026-08-30,Netto,4003751002848,Alpenhain Obazda klassisch,1.49,open-prices
2025-07-31,tegut,4003751002848,Obazda klassisch,1.49,open-prices
2026-08-30,EDEKA,4003751005757,Alpenhain Camembert-Creme Natur,1.49,open-prices
2026-08-30,Netto,4003751019785,Alpenhain Obazda m. Röstzwiebel,1.49,open-prices
2026-08-30,REWE,4003786612258,MAX Pistazien,6.49,open-prices
2026-08-30,EDEKA,4003786915106,MAX Hot Thai Cashews,4.69,open-prices
2026-08-30,EDEKA,4003786924504,"MAX Salziges, Erdnüsse geröstet und gesalzen",4.99,open-prices
2026-08-30,EDEKA,4003840008188,Hitschler Bunte Schnüre,1.49,open-prices
2026-08-30,EDEKA,4003840008751,Hitschies Saure Drachenzungen,1.49,open-prices
2026-08-30,dm,4004148313561,"Floradix mit Eisen, 700 ml",19.25,dm-website
2026-08-30,dm,4004191016464,"Rotbäckchen Stillsaft Mama, 450 ml",2.45,dm-website
2026-08-30,dm,4004191016501,"Rotbäckchen Saft Mama Eisen +, 450 ml",6.95,dm-website
2026-08-30,dm,4004191016525,"Rotbäckchen Vital Immun Formel, 450 ml",7.45,dm-website
2026-08-30,dm,4004191016570,"Rotbäckchen Vital Magnesium Saft, 450 ml",6.95,dm-website
2026-08-30,dm,4004191017737,"Rotbäckchen Minisaft Kleine Pause, 200 ml",1.45,dm-website
2026-08-30,dm,4004191500017,"Rabenhorst Direktsaft, Wohlfühlen mit Eisen, 700 ml",4.75,dm-website
2026-08-30,dm,4004191500086,"Rabenhorst Saft, Pflaumi, 700 ml",4.75,dm-website
2026-08-30,dm,4004191502011,"Rabenhorst Direktsaft, Aronia, 700 ml",6.95,dm-website
2026-08-30,dm,4004191502066,"Rabenhorst Direktsaft, Granatapfel, 700 ml",8.95,dm-website
2026-08-25,Kaufland,4004363000413,Madeleines mit Rosinen,2.49,open-prices
2026-08-30,Kaufland,4004363000413,PICO Food Madeleines mit Rosinen,2.49,open-prices
2024-05-10,Netto,4004363000413,Madeleines mit Rosinen,1.99,open-prices
2026-08-10,Netto,4004363000413,Madeleines mit Rosinen,2.29,open-prices
2026-08-30,Netto,4004363000413,PICO Food Madeleines mit Rosinen,2.29,open-prices
2026-08-30,Netto,4004363061056,PICO Food Shortbread Fingers,1.99,open-prices
2026-08-30,EDEKA,4004790042208,"Berief Keine M!lch 1,8%",1.79,open-prices
2026-08-30,EDEKA,4004790043281,Berief Bio Barista ohne Zucker,1.49,open-prices
2026-08-30,REWE,4004953005514,Eifrisch Frische Bio Eier,3.99,open-prices
2026-08-30,Netto,4004980401907,ültje Erdnüsse geröstet & gesalzen,1.69,open-prices
2026-08-30,Netto,4004980404007,ültje Erdnüsse geröstet & ungesalzen,1.69,open-prices
2026-04-18,EDEKA,4004980514003,Erdnüsse pikant gewürzt,1.99,open-prices
2026-08-30,EDEKA,4004980514003,ültje Erdnüsse pikant gewürzt,1.99,open-prices
2026-03-23,Netto,4004980514003,Erdnüsse pikant gewürzt,1.69,open-prices
2026-07-20,Netto,4004980514003,Erdnüsse pikant gewürzt,1.69,open-prices
2026-08-30,Netto,4004980514003,ültje Erdnüsse pikant gewürzt,1.69,open-prices
2026-08-30,EDEKA,4004980516809,ültje Kessel Nüsse Paprika,1.99,open-prices
2026-08-30,REWE,4005009106797,BIO ZENTRALE Leinsamen geschrotet,2.49,open-prices
2026-08-30,Netto,4005049025133,Farmländer Geflügel-Filet-Roulade,1.69,open-prices
2026-08-30,EDEKA,4005249001142,"Veltins Pilsener (4,8%)",0.95,open-prices
2026-08-30,EDEKA,4005249007120,Original,1.19,open-prices
2026-08-30,Kaufland,4005500081128,Nestlé Kondensmilch gezuckert,2.75,open-prices
2026-08-30,REWE,4005500087120,Nestlé Remoulade,2.19,open-prices
2026-08-30,Kaufland,4005500319177,Maggi Reiskugeln Risi-Bisi,1.39,open-prices
2026-08-30,Kaufland,4005500319276,Maggi Reiskugeln Curry,1.39,open-prices
2026-08-30,Kaufland,4005500325352,Maggi Kartoffelknödel,1.99,open-prices
2026-08-30,Netto,4005500339205,Maggi Ravioli  in pikanter Sauce1,2.99,open-prices
2026-08-30,Kaufland,4005528126160,K-Classic Honey & Nuts Flakes,2.79,open-prices
2026-08-30,Kaufland,4005528126207,K-Classic Mini Wonder Zimties,2.79,open-prices
2026-08-30,Kaufland,4005528126269,K-Classic Cornflakes,1.59,open-prices
2026-08-30,REWE,40056012,Nestlé Mayonnaise Delikatesse,2.79,open-prices
2026-08-30,REWE,40056029,Thomy Delikatess Remoulade,1.59,open-prices
2024-04-16,E-Center,40056265,Les Sauces Hollandaise,1.49,open-prices
2026-08-30,E-Center,40056265,Nestlé Les Sauces Hollandaise,1.49,open-prices
2025-04-11,Lidl,40056265,Les Sauces Hollandaise,1.49,open-prices
2026-06-15,Netto,40056265,Les Sauces Hollandaise,0.99,open-prices
2026-08-30,Netto,40056265,Nestlé Les Sauces Hollandaise,0.99,open-prices
2026-08-30,EDEKA,4005696402158,eier,2.49,open-prices
2026-08-30,EDEKA,4005696602152,Henne & Hahn 6 frische Bio Eier,3.29,open-prices
2026-08-30,E-Center,4005766052009,Mainzer Handkäse,1.75,open-prices
2026-05-09,EDEKA,40057705,Sauce Hollandaise,1.69,open-prices
2026-08-30,EDEKA,40057705,Thomy Sauce Hollandaise,1.69,open-prices
2026-08-25,Kaufland,40057705,Sauce Hollandaise,1.69,open-prices
2026-08-30,Kaufland,40057705,Thomy Sauce Hollandaise,1.69,open-prices
2025-05-28,Netto,40057705,Sauce Hollandaise,1.49,open-prices
2026-08-30,dm,4005800280689,"Hansaplast Pflaster Strips Aqua Protect wasserdicht, 20 St",2.95,dm-website
2026-08-30,dm,4005808920518,"NIVEA Pflegedusche Creme Soft & Almond Oil, 500 ml",3.75,dm-website
2026-08-30,dm,4005900917133,"NIVEA Pflegecreme in der Dose, 150 ml",2.85,dm-website
2026-08-30,dm,4005900917218,"NIVEA Creme in der Dose, 400 ml",5.95,dm-website
2026-08-30,EDEKA,4005900922212,Nivea Men Rasierschaum Sensitive,2.49,open-prices
2026-08-30,dm,4005900939616,"NIVEA Seifenstück Creme Soft Pflegeseife, 100 g",1.45,dm-website
2026-08-30,dm,4005900964441,"NIVEA Feuchtigkeitscreme soft im Tiegel, 200 ml",3.85,dm-website
2026-08-30,dm,4005900998088,"NIVEA SUN Sonnenfluid Gesicht Anti Pigmentflecken LSF 50+, 40 ml",17.45,dm-website
2026-08-30,dm,4006000057927,"atrix Handcreme trockene Haut, intensive in der Dose, 150 ml",1.75,dm-website
2026-08-30,dm,4006000061221,"atrix Handcreme trockene Haut, professional repair, 100 ml",2.45,dm-website
2026-08-30,dm,4006000061887,"NIVEA SUN Sonnenfluid Gesicht derma skin clear UV Fluid mit Niacinamid, LSF 50+, 40 ml",13.45,dm-website
2025-04-30,EDEKA,4006000088587,Deodorant frisch&stark men,3.99,open-prices
2026-08-30,EDEKA,4006000088587,Hidro Fugal Deodorant frisch&stark men,3.99,open-prices
2024-07-06,dm,4006000088587,Deodorant frisch&stark men,1.45,open-prices
2026-08-30,dm,4006000088587,Hidro Fugal Deodorant frisch&stark men,1.45,dm-website
2026-08-30,EDEKA,4006000127767,Hidrofugal classic Anti Transpirant,6.49,open-prices
2026-08-30,dm,4006000128221,"NIVEA SUN Sonnenfluid 2in1 Primer & UV Serum, LSF 50+, 30 ml",13.95,dm-website
2026-08-30,dm,4006000130910,"NIVEA SUN Sonnenmilch invisible finish, Schutz & Pflege, LSF 50+, 150 ml",10.95,dm-website
2026-08-30,dm,4006000131078,"NIVEA SUN Sonnenmilch Schutz & Pflege LSF 50+, 200 ml",8.95,dm-website
2026-08-30,dm,4006000136264,"NIVEA SUN Sonnenmilch Schutz & Pflege LSF 30, 200 ml",8.85,dm-website
2026-08-30,dm,4006000169132,"NIVEA Creme Repair & Care Intensive Pflege Tiegel, 400 ml",7.95,dm-website
2026-08-30,dm,4006000184036,"NIVEA Flüssigseife Creme soft Nachfüllpack, 500 ml",2.95,dm-website
2026-08-30,dm,4006000190860,"NIVEA Gesichtswasser erfrischend, 200 ml",3.95,dm-website
2026-08-30,dm,4006000191027,"NIVEA Mizellenwasser beruhigend, 400 ml",3.95,dm-website
2026-08-30,dm,4006000192345,"NIVEA Shampoo Classic Care, 250 ml",2.95,dm-website
2026-08-30,dm,4006000192505,"NIVEA Shampoo Volume Wonder, 400 ml",3.95,dm-website
2026-08-30,dm,4006000192543,"NIVEA Shampoo Power Repair, 250 ml",2.95,dm-website
2026-08-30,dm,4006000193991,"NIVEA Shampoo & Conditioner Express 2in1, 400 ml",3.95,dm-website
2026-08-30,dm,4006000204376,"NIVEA Antitranspirant Deo Roll-on Dry Comfort (6x50 ml), 300 ml",15.95,dm-website
2026-08-30,dm,4006000208190,"NIVEA Deospray Fresh Natural, 150 ml",2.75,dm-website
2026-08-30,dm,4006000214580,"NIVEA SUN Sonnenfluid Gesicht sensitiv, LSF 50+, 40 ml",10.45,dm-website
2026-08-30,dm,4006000214627,"NIVEA SUN Sonnenfluid Gesicht mattierend, LSF 50+, 40 ml",10.45,dm-website
2026-08-30,dm,4006000214665,"NIVEA SUN Sonnenfluid Gesicht Anti Age Q10, LSF 50+, 40 ml",10.45,dm-website
2026-08-30,dm,4006000214702,"NIVEA SUN Sonnenfluid Gesicht mattierend & getönt, LSF 50+, 40 ml",10.45,dm-website
2026-08-30,dm,4006000218854,"NIVEA Duschgel Waterlily & Oil, 250 ml",2.15,dm-website
2026-08-30,dm,4006000218892,"NIVEA Pflegedusche Creme Soft & Almond Oil, 250 ml",2.15,dm-website
2026-08-30,dm,4006000218939,"NIVEA Pflegedusche Derma Control Sensitive, 250 ml",2.15,dm-website
2026-08-30,dm,4006000219011,"NIVEA Pflegedusche Rose & Almond Oil, 250 ml",2.15,dm-website
2026-08-30,dm,4006000219257,"NIVEA Duschgel Lemongrass & Oil, 250 ml",2.15,dm-website
2026-08-30,dm,4006000219295,"NIVEA Pflegedusche summer happiness, 250 ml",2.15,dm-website
2026-08-30,dm,4006000219370,"Pflegedusche Creme Care & Nivea Scent, 250 ml",2.15,dm-website
2026-08-30,dm,4006000219417,"NIVEA Duschgel summer happiness, 250 ml",2.15,dm-website
2026-08-30,dm,4006000220673,"NIVEA Flüssigseife Creme soft, 250 ml",2.25,dm-website
2026-08-30,dm,4006000226552,"NIVEA Handcreme intensive Pflege, trockene Haut, 75 ml",2.45,dm-website
2026-08-30,dm,4006000226637,"NIVEA Handcreme Anti-Age Q10, 75 ml",3.45,dm-website
2026-08-30,dm,4006000226675,"NIVEA Handcreme Repair & Care, 75 ml",3.45,dm-website
2026-08-30,dm,4006000228365,"NIVEA Duschöl rechhaltige Pflege, 200 ml",4.55,dm-website
2026-08-30,dm,4006000230627,"NIVEA SUN Sonnenmilch Kids sensitiv, daily uv Schutz, LSF 50+, 100 ml",9.95,dm-website
2026-08-30,dm,4006000244211,"NIVEA Creme in der Dose Natural Touch, 150 ml",2.85,dm-website
2026-08-30,dm,4006000247038,"NIVEA Antitranspirant Deospray Black & White Invisible Clear, 150 ml",2.75,dm-website
2026-08-30,dm,4006000265667,"NIVEA Feuchtigkeitscreme soft im Tiegel, 375 ml",5.95,dm-website
2026-08-30,dm,4006000265742,"NIVEA Feuchtigkeitscreme soft in der Tube, 75 ml",2.75,dm-website
2026-08-30,dm,4006000265780,"NIVEA Feuchtigkeitscreme soft im Tiegel, 100 ml",2.95,dm-website
2026-08-30,dm,4006000279442,"NIVEA SUN Sonnenfluid sensitiv Gesicht LSF 50+ & Sonnenstick sensitiv LSF 50+, 1 St",17.95,dm-website
2026-08-30,dm,4006000289588,"8x4 women Deo Bodyspray Cherry Crush, 150 ml",3.95,dm-website
2026-08-30,dm,4006000289625,"8x4 women Deo Bodyspray Sunny Spirit, 150 ml",3.95,dm-website
2026-08-30,dm,4006000289663,"8x4 women Deo Bodyspray Coral Charm, 150 ml",3.95,dm-website
2026-08-30,dm,4006000293363,"Hidrofugal Antitranspirant Deospray Stark+ Anti Flecken, 150 ml",3.95,dm-website
2026-08-30,dm,4006000293837,"Hidrofugal Antitranspirant Deospray Dusch Frische, 150 ml",3.95,dm-website
2026-08-30,dm,4006000294896,"Hidrofugal Antitranspirant Deo Zerstäuber Classic, 75 ml",5.95,dm-website
2026-08-30,dm,4006000317731,"NIVEA Duschgel Dark Chocolate Cookie, 250 ml",2.15,dm-website
2026-08-30,dm,4006000317779,"NIVEA Duschgel Vanilla Pecan Praline, 250 ml",2.15,dm-website
2026-08-30,Kaufland,4006034003242,Kaufland kartoffeltaschen,1.59,open-prices
2026-08-30,dm,4006040007999,"bionella Schokocreme Nuss Nougat Creme, 400 g",4.45,dm-website
2026-08-30,Netto,4006084025737,Bell's Nussriegel Schokolade,1.79,open-prices
2026-08-30,Netto,4006084025744,Bell's Nussriegel Schokolade & Erdnussbutter,1.79,open-prices
2026-08-30,Netto,4006084025751,Bell's Nussriegel geröstete Nüsse & Meersalz,1.79,open-prices
2026-08-30,Kaufland,4006099673503,K-Classic Jalapènos,1.29,open-prices
2026-08-30,Kaufland,4006099673725,K-Classic Jalapenos,1.39,open-prices
2026-08-30,Kaufland,4006153100501,Zimmermann Original bayrische Bierkugel,5.49,open-prices
2026-08-30,EDEKA,4006170001676,Lieken Urkorn Vollkornsaftiges fein,1.0,open-prices
2026-08-30,Kaufland,4006196029623,K-Classic Tortellini Formaggi,0.99,open-prices
2026-08-30,Kaufland,4006196029661,K Classic Tortelloni,0.69,open-prices
2026-08-30,Kaufland,4006237090193,Uncle Ben's Natur-Reis,1.99,open-prices
2026-08-30,Kaufland,4006237091039,Reis-Fit Risbellis - Reiscracker Apfel-Zimt,1.39,open-prices
2026-08-30,HIT,4006237630016,EDEKA Oryza Natur Reis 250g 1.29€ 1kg 5.16€,1.19,open-prices
2026-08-30,REWE,4006237640398,Natur & Wildreis ORYZA,2.29,open-prices
2026-08-30,Kaufland,4006237642118,reis-fit Express Basmati-Reis gedämpft,1.89,open-prices
2026-08-30,Kaufland,4006237642125,Reis-Fit Express Parboiled Reis Gedämpfter Spitzen-Langkorn-Reis 4006237642125 Gedämpfter Spitzen-Langkorn-Reis,1.89,open-prices
2026-08-30,Lidl,4006237642507,reis-fit Risbellis High Protein Linsen Cracker,1.19,open-prices
2026-08-30,Kaufland,4006237642644,Reis fit Express Mediterran-Reis,1.89,open-prices
2026-08-30,Kaufland,4006237642880,Euryza Reis-Fit Express - Griechisch Djuvec-Art,1.89,open-prices
2026-08-30,E-Center,4006272401114,Gutshof-Ei 10 Eier aus Bodenhaltung,3.19,open-prices
2026-08-30,Netto,4006276023916,Sachsengold Würzfleisch,3.49,open-prices
2026-08-30,ALDI,4006276213119,Dreistern-Schmalzfleisch,2.49,open-prices
2026-08-30,ALDI,4006276214116,Dreistern Schmalzfleisch,2.49,open-prices
2026-08-30,dm,4006303008770,"Töpfer Anfangsmilch Pre von Geburt an, 600 g",12.45,dm-website
2025-07-09,Netto,4006363109554,Pizza Mehl,1.11,open-prices
2026-07-30,Netto,4006363109554,Pizza Mehl,0.99,open-prices
2026-08-30,Netto,4006363109554,Frießinger Mühle Pizza Mehl,0.99,open-prices
2026-06-05,V-MARKT,4006363109554,Pizza Mehl,0.99,open-prices
2026-08-30,V-MARKT,4006363109554,Frießinger Mühle Pizza Mehl,0.99,open-prices
2026-08-30,Kaufland,4006371002137,Filder Spitzbüble Feinmildes Weinsauerkraut,1.99,open-prices
2026-08-30,Kaufland,4006402020413,Bergader Bavaria Blu,2.0,open-prices
2026-08-30,Kaufland,4006402025418,Bergader Bavaria blu - der Milde,1.7,open-prices
2026-08-30,Netto,4006402027139,Bergader Bavaria Blu - Der Sanfte,1.69,open-prices
2026-08-30,EDEKA,4006402030511,Bergader Almzeit,1.79,open-prices
2026-08-30,Netto,4006402035530,Bergader Almzeit-Pfefer,1.69,open-prices
2024-12-28,EDEKA,4006402046192,Bergbauern mild nussig Käse,2.69,open-prices
2025-11-14,EDEKA,4006402046192,Bergbauern mild nussig Käse,1.79,open-prices
2026-08-30,EDEKA,4006402046192,Bergader Bergbauern mild nussig Käse,1.79,open-prices
2025-06-23,REWE,4006402046192,Bergbauern mild nussig Käse,2.89,open-prices
2025-08-30,REWE,4006402046192,Bergbauern mild nussig Käse,1.79,open-prices
2026-08-30,REWE,4006402046192,Bergader Bergbauern mild nussig Käse,2.89,open-prices
2026-08-30,EDEKA,4006402047199,Bergader Butterkäse Bergbauern,1.89,open-prices
2025-05-02,EDEKA,4006402049193,"Bergbauern Käse, würzig-nussig",1.89,open-prices
2026-08-30,EDEKA,4006402049193,"Bergader Bergbauern Käse, würzig-nussig",1.89,open-prices
2026-02-02,Netto,4006402049193,"Bergbauern Käse, würzig-nussig",1.5,open-prices
2026-03-30,Netto,4006402049193,"Bergbauern Käse, würzig-nussig",1.69,open-prices
2026-08-30,Netto,4006402049193,"Bergader Bergbauern Käse, würzig-nussig",1.69,open-prices
2025-07-26,REWE,4006402049193,"Bergbauern Käse, würzig-nussig",2.89,open-prices
2025-08-30,REWE,4006402049193,"Bergbauern Käse, würzig-nussig",1.79,open-prices
2026-01-14,REWE,4006402049193,"Bergbauern Käse, würzig-nussig",1.69,open-prices
2026-08-21,REWE,4006402049193,"Bergbauern Käse, würzig-nussig",2.69,open-prices
2026-08-30,REWE,4006402049193,"Bergader Bergbauern Käse, würzig-nussig",2.69,open-prices
2026-08-30,EDEKA,4006402064196,Bergader Bergbauern Käse Rauchkäse,1.79,open-prices
2025-11-24,Netto,4006402071538,Almzeit (cremig-würzig),1.69,open-prices
2026-03-23,Netto,4006402071538,Almzeit (cremig-würzig),1.69,open-prices
2026-08-30,Netto,4006402071538,Bergader Almzeit (cremig-würzig),1.69,open-prices
2026-04-28,REWE,4006402071538,Almzeit (cremig-würzig),1.99,open-prices
2026-08-30,REWE,4006402071538,Bergader Almzeit (cremig-würzig),1.99,open-prices
2026-08-30,Netto,4006402101228,Bergader Heumilch Käse herzhaft,1.69,open-prices
2026-08-30,CAP-Markt,4006402102409,Bergader Bergbauern Käse milder Tilsiter,1.88,open-prices
2026-08-30,EDEKA,4006431706845,Abraham Landschinken mild geräuchert,1.99,open-prices
2026-08-30,EDEKA,4006451001661,Krone Fisch Räucher-Lachs,1.5,open-prices
2026-08-30,CAP-Markt,4006451004709,Krone Forellenfilets geräuchert,0.9,open-prices
2026-08-30,dm,4006508123834,"Melitta Kaffee-Filtertüten Original 1x6 naturbraun, 40 St",2.25,dm-website
2026-08-30,Kaufland,4006508179343,swirl Pure Air A 08,9.99,open-prices
2022-06-04,CAP-Markt,4006508206810,Melita Filtertüten,2.19,open-prices
2026-08-30,CAP-Markt,4006508206810,Melitta Melita Filtertüten,2.19,open-prices
2024-03-02,HIT,4006508206810,Melita Filtertüten,1.99,open-prices
2026-08-30,HIT,4006508206810,Melitta Melita Filtertüten,1.99,open-prices
2023-01-13,dm,4006508206810,Melita Filtertüten,1.95,open-prices
2026-08-30,dm,4006508206810,"Melitta Kaffee-Filtertüten Original 1x4 Aroma naturbraun, 80 St",2.45,dm-website
2026-08-30,E-Center,4006508206827,Melitta Filtertüten Original,2.49,open-prices
2026-08-30,Netto,4006529003061,Borggreve Gewürzspekulatius,1.79,open-prices
2026-08-30,Netto,4006529031644,Borggreve Butterspekulatius,2.49,open-prices
2026-08-30,Netto,4006544205006,Luis Zucker Raffinade,0.79,open-prices
2026-08-30,E-Center,4006581001753,"J. J. DARBOVEN GmbH & Co. KG Kaffee, Der Himmlische 5x",3.99,open-prices
2026-08-30,E-Center,4006581012407,Mövenpick Kaffee Auténtico,3.99,open-prices
2026-08-30,E-Center,4006581017303,Mövenpick Kaffee Der Milde,3.99,open-prices
2026-08-30,HIT,4006581020006,Eilles Kaffee Gourmet,4.65,open-prices
2026-08-30,REWE,4006581020686,Lemonaid Beverages GmbH Café Intención eclógico,19.99,open-prices
2026-08-30,HIT,4006581021119,Eilles Coffee,4.65,open-prices
2026-08-30,HIT,4006581071466,Idee Kaffee Kaffee Klassische Röstung,4.65,open-prices
2026-08-30,Kaufland,4006624065407,Kaufland classic Hühnerfrikassee,2.69,open-prices
2026-08-30,Kaufland,4006624065513,K-Classuc Penne Bolognese,2.99,open-prices
2026-08-30,Kaufland,4006624065599,K-Classic Järgerklößchen,1.99,open-prices
2026-08-30,Kaufland,4006624065704,K-Classic Traditionelle Käse-Spätzle,2.99,open-prices
2026-08-30,Netto,4006639062309,Leberwurst mit Geflügelfleisch,1.29,open-prices
2026-08-30,Netto,4006639128708,Stockmeyer Hähnchen-Salami mit Putenfleisch & Palmfett,1.79,open-prices
2026-08-30,Netto,4006639191405,Farmländer Edel-Salami Mild Geräuchert,1.49,open-prices
2026-08-30,Netto,4006639213909,Stockmeyer Salami-Auslese ummantelt - Tropical Pepper,2.49,open-prices
2026-08-30,Netto,4006639221706,Stockmeyer Mortadella-Traum mit Tomate & Basilikum,0.99,open-prices
2026-08-30,Kaufland,4006639230203,Ferdi Fuchs Mini Leberwurst,1.0,open-prices
2026-08-30,dm,4006643011874,"Multaben Energieriegel Joghurt Müsli, 38 g",1.25,dm-website
2026-08-30,dm,4006643012208,"MULTIPOWER Collagen Peanut Butter Cups, 70 g",4.75,dm-website
2026-08-30,dm,4006643012222,"MULTIPOWER Collagen Vanilla Cashew Butter Cups, 70 g",4.75,dm-website
2026-08-30,dm,4006643012246,"MULTIPOWER Collagen Hazelnut Butter Cups, 70 g",4.75,dm-website
2026-08-30,Netto,4006714001100,Pabst & Richarz Monkey Island Vanilla Flavoured,6.79,open-prices
2026-08-30,Netto,4006743909828,Weimaer Bierwurst,1.19,open-prices
2026-08-30,Kaufland,4006763003209,Heimatnühle Weizendunst Spätzlesmehl,4.19,open-prices
2026-08-30,Netto,4006795360066,la Perla Ananasscheiben / Ananas en tranches,1.79,open-prices
2026-08-30,REWE,4006814001796,Müller & Müller GmbH Blockschokolade,2.99,open-prices
2025-08-11,Bayern,4006824000970,Süß-sauer Sauce,1.29,open-prices
2025-08-15,Bayern,4006824000970,Süß-sauer Sauce,0.99,open-prices
2025-07-16,EDEKA,4006824000970,Süß-sauer Sauce,1.29,open-prices
2026-08-30,EDEKA,4006824000970,Develey Süß-sauer Sauce,1.29,open-prices
2025-08-01,Kaufland,4006824000970,Süß-sauer Sauce,1.79,open-prices
2026-08-30,Kaufland,4006824000970,Develey Süß-sauer Sauce,1.79,open-prices
2026-08-30,EDEKA,4006824008723,Develey-Sauce - Texmex-Salsa,1.29,open-prices
2026-08-30,EDEKA,4006824997195,Develey Spicy Burger Sauce,1.79,open-prices
2026-08-30,EDEKA,4006835331155,Fischer Selleriesalat in Streifen,1.99,open-prices
2026-08-30,EDEKA,4006840101002,WZG  Württembergische Weingärtner Zentralgenossenschaft e.G. D-71696 Möglingen Schillerwein,2.99,open-prices
2026-08-30,EDEKA,4006840145006,WZG Trollinger Qualitätswein,3.59,open-prices
2026-08-30,EDEKA,4006840261003,WZG Trollinger mit Lemberger Qualitätswein,3.59,open-prices
2026-08-30,EDEKA,4006840340005,WZG SCHWARZRIESLING,3.59,open-prices
2023-10-25,E-Center,4006840341002,Haberschlachter Heuchelberg Schwarzriesling mit Spätburgunder,3.99,open-prices
2024-02-09,E-Center,4006840341002,Haberschlachter Heuchelberg Schwarzriesling mit Spätburgunder,3.99,open-prices
2026-08-30,E-Center,4006840341002,WZG Haberschlachter Heuchelberg Schwarzriesling mit Spätburgunder,3.99,open-prices
2024-04-16,EDEKA,4006840341002,Haberschlachter Heuchelberg Schwarzriesling mit Spätburgunder,3.79,open-prices
2026-08-30,EDEKA,4006840341002,WZG Haberschlachter Heuchelberg Schwarzriesling mit Spätburgunder,3.79,open-prices
2026-08-30,EDEKA,4006840710006,WZG Württembergische Weingärtner Zentralgenossenschaft Möglingen Qualitätswein Riesling,3.69,open-prices
2026-08-30,EDEKA,4006888000565,Dobler Milchbauernhof Joghurt mild,1.0,open-prices
2026-08-30,Netto,4006894519303,Lambertz Compliments,4.99,open-prices
2026-08-30,Kaufland,4006894554403,Lambertz Baumkuchen Vollmilch,4.99,open-prices
2026-08-30,Kaufland,4006894554908,Lambertz Baumkuchen Edel-Zartbitter-Schokolade,4.99,open-prices
2026-08-30,Kaufland,4006894570700,Lambertz Nussecken 22% Haselnüsse,2.49,open-prices
2026-03-19,Kaufland,4006894581607,Mandelhörnchen,2.49,open-prices
2026-08-30,Kaufland,4006894581607,Lambertz Mandelhörnchen,2.49,open-prices
2024-01-26,Netto,4006894581607,Mandelhörnchen,2.49,open-prices
2026-08-30,Netto,4006894581607,Lambertz Mandelhörnchen,2.49,open-prices
2026-08-30,V-MARKT,4006922002005,Hawesta Makrelenfilets Tomatensauce,2.49,open-prices
2026-08-30,EDEKA,4006952008138,Dr. Oetker Conditorei Coppenrath & Wiese Choco Cookies,1.99,open-prices
2026-08-30,EDEKA,4006986005189,Settele Gemüsemaultaschen,1.14,open-prices
2026-08-30,EDEKA,4006986015102,Settele Spinat-Spätzle,1.5,open-prices
2026-08-30,EDEKA,4006986025101,Settele Leberspätzle,2.79,open-prices
2026-08-30,E-Center,4006986644104,Settele Vegan Gemüse-Suppen-Maultaschen,1.25,open-prices
2026-08-30,EDEKA,4007354229787,EDORA Schwarzkümmel,3.69,open-prices
2026-08-30,Netto,4007415029943,Spreegold Gewürzgurken Gurkentopf frisch eingemacht,2.59,open-prices
2026-08-30,HIT,4007452000318,Bittenfelder Spezialitäten Biramost,1.65,open-prices
2026-08-30,Nahkauf,4007552308826,Fuego Tortilla Wraps,3.49,open-prices
2026-08-30,REWE,4007680105359,Feine Küche Jürgen Langbein Gemüsefond,2.99,open-prices
2026-08-30,Netto,4007802398409,Finton's Kokosmakronen mit Zartbitterschokolade,1.59,open-prices
2026-08-30,Netto,4007802398508,Finton's Kokostörtchen mit Aprikosen-Kirsch-Füllung,1.59,open-prices
2026-08-30,EDEKA,4007887025207,Dietz Leberwürstchen Hausmacher Art,1.95,open-prices
2026-08-30,Netto,4007933457419,Go Bio Pumpernickel,1.59,open-prices
2026-08-30,Kaufland,4007951002660,Grocholl Rösti,1.49,open-prices
2026-08-30,Kaufland,4007951002707,Grocholl Bratkartoffeln mit Schinken und Zwiebeln,1.49,open-prices
2026-08-30,Kaufland,4007951002721,Grocholl Bratkartoffeln mit Zwiebeln,1.39,open-prices
2026-08-30,dm,4007965015007,"elmex Zahnpasta Kariesschutz, 75 ml",4.45,dm-website
2026-08-30,dm,4007965015557,"elmex Zahnpasta Kariesschutz mentholfrei, 75 ml",4.95,dm-website
2026-08-30,dm,4007965146008,"elmex Zahnpasta Kinder Junior, 6-12 Jahren, 75 ml",3.95,dm-website
2026-08-30,dm,4007965146503,"elmex Zahnpasta Kinder Junior 6-12 Jahren (2x75ml), 150 ml",6.95,dm-website
2026-08-30,Kaufland,4008021000074,K-Classic Knusprige Stapelchips Paprika Style,1.49,open-prices
2026-08-30,Kaufland,4008021000098,K-Classic Knusprige Stapelchips Chili Style,1.49,open-prices
2026-08-30,Kaufland,4008021000111,Lorenz Knusprige Stapelchips Sourcream & Onion Style,1.49,open-prices
2026-08-30,Kaufland,4008033614405,Fackelmann Türstopper Home,2.79,open-prices
2026-08-30,Netto,4008088035859,"Maryland Bananenchips, geröstet, gezuckert",2.39,open-prices
2026-08-30,Netto,4008088184038,"Maryland SNACK Nüsse, geröstet & gesalzen",2.99,open-prices
2026-08-30,Netto,4008088184298,Maryland Snack Nüsse Ungarisch Style,2.99,open-prices
2026-08-30,Netto,4008088184373,Maryland Snack Nüsse Oriental Style,2.99,open-prices
2026-08-30,Netto,4008088184458,Maryland Snack Nüsse Honig & Salz,3.89,open-prices
2026-08-30,EDEKA,4008088244084,Maryland Studentenfutter,2.99,open-prices
2026-08-30,Netto,4008088245333,Maryland Studentenfutter,3.99,open-prices
2026-08-30,Netto,4008088888745,Maryland Snack Nüsse Salz & Pfeffer,2.99,open-prices
2026-08-30,HIT,4008100120068,Hengstenberger Rotweinessig,1.59,open-prices
2026-08-30,HIT,4008100120167,Hengstenberg Essig - Klassischer Weißwein Essig,1.59,open-prices
2026-08-30,HIT,4008100120181,Hengstenberg Essig mit Walnuss,2.79,open-prices
2026-08-30,HIT,4008100120549,"Hengstenberg Balsamico-Essig, weiß",2.79,open-prices
2026-08-30,V-MARKT,4008100120679,Hengstenberg Milder Apfel Balsamessig,3.89,open-prices
2026-08-30,HIT,4008100141568,Hengstenberg Essiggurken Polnische Art,1.99,open-prices
2026-08-30,HIT,4008100141605,"Hengstenberg Gewürzgurken, scharf-würzig",1.99,open-prices
2026-08-30,HIT,4008100141612,Hengstenberg Knax Gurken,1.99,open-prices
2026-08-30,E-Center,4008100142565,HENGSTENBERG Gurken - Cornichons,1.79,open-prices
2026-08-30,Kaufland,4008100151529,Hengstenberg Weinsauerkraut,2.19,open-prices
2026-08-30,Kaufland,4008100152489,Hengstenberg Mildessa Weinsauerkraut mit Riesling aus Deutschland,2.19,open-prices
2026-08-30,Kaufland,4008100152557,Hengstenberg Mildessa Weinsauerkraut,2.19,open-prices
2026-08-30,Kaufland,4008100154537,Hengstenberg Mildes Sauerkraut,1.99,open-prices
2026-08-30,Kaufland,4008100154551,Hengstenberg Mildessa Mildes Sauerkraut mit Ananas,1.99,open-prices
2026-08-30,REWE,4008100168220,Oro di Parma Pizzasauce Oregano,1.99,open-prices
2025-05-27,EDEKA,4008100168237,Pizzasauce Pikant,2.19,open-prices
2025-07-26,EDEKA,4008100168237,Pizzasauce Pikant,1.29,open-prices
2026-08-30,EDEKA,4008100168237,ORO DI PARMA Pizzasauce Pikant,1.29,open-prices
2025-05-27,Nahkauf,4008100168237,Pizzasauce Pikant,2.29,open-prices
2026-08-30,Nahkauf,4008100168237,ORO DI PARMA Pizzasauce Pikant,2.29,open-prices
2026-08-30,REWE,4008100168244,ORO DI PARMA Tomaten stückig mit Basilikum,1.99,open-prices
2026-08-30,REWE,4008100168473,Hengstenberg Tomaten stückig mit Kräutern,1.99,open-prices
2026-08-30,REWE,4008100168480,ORO di Parma Tomaten stückig scharf,1.99,open-prices
2026-08-30,Kaufland,4008100173019,Hengstenberg Genießer Rotkohl,1.99,open-prices
2026-08-30,Kaufland,4008100173026,Hengstenberg Mildessa Genießer Rotkohl / Rotkraut,1.99,open-prices
2026-08-30,Kaufland,4008100173033,"Hengstenberg Mildessa Genießer Rotkohl, Mit Portwein",1.99,open-prices
2026-08-30,HIT,4008100173460,Hengstenberg Rotkohl,2.19,open-prices
2026-08-30,EDEKA,40081076,Tomatenmark-Oro di Parma Tomatenmark mit Knoblauch 200g,1.29,open-prices
2025-10-13,EDEKA,40081236,"Tomaten, stückig",1.29,open-prices
2026-08-30,EDEKA,40081236,"Hengstenberg Tomaten, stückig",1.29,open-prices
2026-07-31,Lidl,40081236,"Tomaten, stückig",1.99,open-prices
2026-08-30,Lidl,40081236,"Hengstenberg Tomaten, stückig",1.99,open-prices
2025-05-27,Nahkauf,40081236,"Tomaten, stückig",1.99,open-prices
2026-08-30,Nahkauf,40081236,"Hengstenberg Tomaten, stückig",1.99,open-prices
2025-03-19,REWE,40081236,"Tomaten, stückig",1.99,open-prices
2026-08-30,REWE,40081236,"Hengstenberg Tomaten, stückig",1.99,open-prices
2026-08-30,REWE,40081243,Hengstenberg Tomaten - Passiert,1.99,open-prices
2026-08-30,dm,4008137030156,"Bad Heilbrunner Teegetränk, Immun-Komplex & mikrobiotische Bakterien (10 Sticks), 10 g",3.45,dm-website
2024-04-06,HIT,40081410,KNAX Gewürzgurken,1.99,open-prices
2026-08-30,HIT,40081410,Hengstenberg KNAX Gewürzgurken,1.99,open-prices
2025-04-22,REWE,40081410,KNAX Gewürzgurken,1.99,open-prices
2026-08-30,REWE,40081410,Hengstenberg KNAX Gewürzgurken,1.99,open-prices
2026-08-30,EDEKA,4008155013254,Hachez Cocoa Selection,3.99,open-prices
2026-08-30,EDEKA,4008155021303,Chocolatier Hachez Cocoa D'arriba Classic,3.99,open-prices
2026-08-30,EDEKA,4008155021402,Hachez Cocoa d'Arriba orange,2.99,open-prices
2026-08-30,EDEKA,4008155021457,Hachez Cocoa De Maracaibo Classic 55%,3.99,open-prices
2026-08-30,EDEKA,4008155021600,Hachez Cocoa Premier Cru 88%,3.99,open-prices
2026-08-30,EDEKA,4008155021631,Hachez Chocolate mango chili 77%,3.99,open-prices
2026-08-30,REWE,4008167010807,Dallmayr decaffeinato espresso,2.69,open-prices
2026-08-30,EDEKA,4008167035503,Dallmayr Crema d'Oro do Brasil,12.99,open-prices
2026-08-30,EDEKA,4008167042709,Dallmayr Crema d‘Oro Intensa,12.99,open-prices
2026-08-30,EDEKA,4008167055105,Dallmayr Kaffee Crema Prodomo,13.99,open-prices
2026-08-30,EDEKA,4008167092704,Dallmayr Crema d'Oro,13.99,open-prices
2026-08-30,Netto,4008167103714,Dallmayr Prodomo Kaffee,6.49,open-prices
2026-08-30,EDEKA,4008167152729,Dallmayr Crema d'Oro,12.99,open-prices
2026-08-30,EDEKA,4008167734802,Dallmayr Gran verde café crème,10.99,open-prices
2026-08-30,Kaufland,40081915,Hengstenberg Sauerkraut,2.29,open-prices
2026-08-30,Kaufland,40081939,Hengstenberg Mildessa weinsauerdraut mit räucherspeck,2.19,open-prices
2026-08-30,Kaufland,40081953,Hengstenberg Mildessa Rotkohl,2.49,open-prices
2026-08-30,Kaufland,4008210261200,Kuchenmeister Koala Milch,1.49,open-prices
2026-08-30,EDEKA,4008211005124,Mövenpick Cookie Dough Eis,1.69,open-prices
2026-08-30,EDEKA,4008211006411,Froneri Strawberry cheesecake,1.69,open-prices
2026-08-30,EDEKA,4008211006480,ALDI EIS Mövenpick Mövenpick BourbonVanille,1.99,open-prices
2026-08-30,EDEKA,4008211006602,Mövempick Schwarzwälder Kirsch,1.99,open-prices
2026-08-30,EDEKA,4008211006640,ALDI EIS Mövenpick Maple Walnut 850ml 3.99€ 1l 4.99€,3.99,open-prices
2026-08-30,dm,4008233114781,"Kneipp Duschgel Lebensfreude, 200 ml",2.75,dm-website
2026-08-30,dm,4008233133614,"Kneipp Handcreme Sekunden Zitronenverbene & Avocadobutter, 75 ml",2.95,dm-website
2026-08-30,dm,4008233143583,"Kneipp Duschgel Sei frei, verrückt und glücklich, 200 ml",2.75,dm-website
2026-08-30,dm,4008233146690,"Kneipp Handcreme repair Winterpflege, Cupuaco Nuss & Vanille, 75 ml",4.35,dm-website
2026-08-30,dm,4008233149288,"Kneipp Handcreme Intensiv, Blütentraum, 75 ml",2.95,dm-website
2026-08-30,dm,4008233181639,"Kneipp Pflegedusche Sonne IM HERZEN, 200 ml",2.75,dm-website
2026-08-30,dm,4008233183510,"Kneipp Pflegedusche Sommerflirt, 200 ml",2.75,dm-website
2026-08-30,dm,4008233183756,"Kneipp Handcreme Kirschblütentraum, 75 ml",3.25,dm-website
2026-08-30,Kaufland,4008258109007,Seeberger Geröstete Cashews ohne Salz,4.38,open-prices
2026-08-30,dm,4008258157008,"Seeberger Nuss- & Trockenfrüchtemischung, Schoko-Mix mit Pekannüssen, 150 g",3.65,dm-website
2026-08-30,Kaufland,4008258276020,Seeberger Mangue,11.99,open-prices
2026-08-30,Kaufland,4008258296004,Seeberger Cranberries,2.89,open-prices
2026-08-30,dm,4008258464007,"Seeberger Nussmischung, Schoko & Meersalz, 110 g",2.95,dm-website
2026-08-30,REWE,4008258525043,Seeberger Mikrowellen-Popcorn Karamell,1.19,open-prices
2026-08-30,REWE,4008258526064,Seeberger Mikrowellen-Popcorn süss,1.19,open-prices
2026-08-30,REWE,4008258527054,Seeberger Mikrowellen-Popcorn salzig,1.19,open-prices
2026-08-30,REWE,4008258528020,Seeberger Popcorn-Mais,1.99,open-prices
2026-08-30,dm,4008268001285,"Bettina Barty Duschgel Love Vanilla, 500 ml",3.25,dm-website
2026-08-30,dm,4008268002800,"Bettina Barty Duschgel Vanilla, 500 ml",3.25,dm-website
2026-08-30,Kaufland,4008284999177,Kaufland classic Backpapier,0.95,open-prices
2026-08-30,Lidl,4008287050134,"Krombacher GT-Mobility - Tankstelle , KFZ-Service , Abschlepp- & Bergedienst",0.95,open-prices
2026-08-30,REWE,4008287919974,Krombacher's Fassbrause Maracuja,1.05,open-prices
2026-08-30,ALDI,4008287957723,Krombacher‘s Fassbrause,0.79,open-prices
2026-08-30,EDEKA,4008287959192,Drinks & More GmbH & Co. KG Knabe Malz,1.29,open-prices
2026-08-30,Kaufland,4008300004311,Bols Grenadine Syrup,6.49,open-prices
2026-08-30,Kaufland,4008366001460,FRoSTA Hähnchen-Geschnetzeltes mit Bandnudeln,4.79,open-prices
2026-08-30,Kaufland,4008366001484,FROSTA Bratkartoffel Hähnchen Pfanne,2.99,open-prices
2026-08-30,Kaufland,4008366003587,Frosta Butter Chicken,4.79,open-prices
2026-08-30,Kaufland,4008366003686,Frosta Hackbällchen Pfanne,4.79,open-prices
2025-03-24,Bayern,4008366008582,Hühner Frikassee,2.49,open-prices
2024-10-02,EDEKA,4008366008582,Hühner Frikassee,4.69,open-prices
2025-03-18,EDEKA,4008366008582,Hühner Frikassee,4.79,open-prices
2025-06-18,EDEKA,4008366008582,Hühner Frikassee,2.49,open-prices
2025-10-06,EDEKA,4008366008582,Hühner Frikassee,2.99,open-prices
2026-08-30,EDEKA,4008366008582,Frosta Hühner Frikassee,2.99,open-prices
2026-08-18,Kaufland,4008366008582,Hühner Frikassee,4.79,open-prices
2026-08-30,Kaufland,4008366008582,Frosta Hühner Frikassee,4.79,open-prices
2026-08-30,Kaufland,4008366008704,Frosta Hähnchen Paella,4.79,open-prices
2026-08-30,Lidl,4008366008742,Frosta Nudel-Hähnchen-Pfanne XXL,4.79,open-prices
2026-08-30,EDEKA,4008366010387,Fischstäbchen ( Frosta),2.99,open-prices
2025-08-01,Kaufland,4008366010967,Rahmgeschnetzeltes mit Hähnchen und Spätzle,2.0,open-prices
2026-08-30,Kaufland,4008366010967,FRoSTA Rahmgeschnetzeltes mit Hähnchen und Spätzle,2.0,open-prices
2026-04-14,Netto,4008366010967,Rahmgeschnetzeltes mit Hähnchen und Spätzle,2.99,open-prices
2026-05-09,Netto,4008366010967,Rahmgeschnetzeltes mit Hähnchen und Spätzle,3.59,open-prices
2026-06-29,Netto,4008366010967,Rahmgeschnetzeltes mit Hähnchen und Spätzle,3.59,open-prices
2026-08-30,Netto,4008366010967,FRoSTA Rahmgeschnetzeltes mit Hähnchen und Spätzle,3.59,open-prices
2025-08-01,Kaufland,4008366010981,Paprika Sahne Hähnchen mit Bandnudeln,2.0,open-prices
2026-08-30,Kaufland,4008366010981,Frosta Paprika Sahne Hähnchen mit Bandnudeln,2.0,open-prices
2026-04-14,Netto,4008366010981,Paprika Sahne Hähnchen mit Bandnudeln,2.99,open-prices
2026-06-29,Netto,4008366010981,Paprika Sahne Hähnchen mit Bandnudeln,3.59,open-prices
2026-08-30,Netto,4008366010981,Frosta Paprika Sahne Hähnchen mit Bandnudeln,3.59,open-prices
2026-08-30,Kaufland,4008366013852,FRoSTA Thai Style Hähnchen mit Bandnudeln,2.0,open-prices
2026-08-30,Kaufland,4008366015337,Frosta Paella,4.79,open-prices
2026-08-30,Kaufland,4008366015498,FRoSTA Tagliatelle Wildlachs,4.79,open-prices
2025-10-06,EDEKA,4008366015511,Fettuccine Wildlachs,2.99,open-prices
2026-08-30,EDEKA,4008366015511,FRoSTA Fettuccine Wildlachs,2.99,open-prices
2026-08-18,Kaufland,4008366015511,Fettuccine Wildlachs,4.79,open-prices
2026-08-30,Kaufland,4008366015511,FRoSTA Fettuccine Wildlachs,4.79,open-prices
2026-08-30,Kaufland,4008366015535,Frosta Wildlachs in Kräuterrahm,4.79,open-prices
2026-08-30,EDEKA,4008366017157,FRoSTA Hühner Frikassee Veggie,4.69,open-prices
2026-08-30,EDEKA,4008366017195,FRoSTA Veganes Bami Goreng,4.69,open-prices
2025-08-01,Kaufland,4008366017331,Rotes Curry mit Hähnchen und Reis,2.0,open-prices
2026-08-30,Kaufland,4008366017331,Frosta Rotes Curry mit Hähnchen und Reis,2.0,open-prices
2026-05-09,Netto,4008366017331,Rotes Curry mit Hähnchen und Reis,3.59,open-prices
2026-06-29,Netto,4008366017331,Rotes Curry mit Hähnchen und Reis,3.59,open-prices
2026-08-30,Netto,4008366017331,Frosta Rotes Curry mit Hähnchen und Reis,3.59,open-prices
2026-08-30,EDEKA,4008366017355,Frosta Lieblingsgemüsemix ungewürzt,2.22,open-prices
2026-08-30,EDEKA,4008366883301,Frosta Nice Rice,4.69,open-prices
2026-08-30,Lidl,4008381141004,Diamant Rübenzucker,0.99,open-prices
2026-08-30,V-MARKT,4008391003682,Seitenbacher Carbs 19.0 Himbeere,6.49,open-prices
2026-08-30,Kaufland,4008391004214,Seitenbacher Klare Suppe,3.49,open-prices
2026-08-30,Kaufland,4008391004238,Braune Seitenbacher Soße,3.59,open-prices
2026-08-30,EDEKA,4008391005679,Seitenbacher Protein Schoko,4.99,open-prices
2026-08-30,V-MARKT,4008391005693,Seitenbacher Müsli zuckerarm,5.99,open-prices
2026-08-30,REWE,4008391023956,Seitenbacher Protein-Riegel Kakao,1.99,open-prices
2026-08-30,V-MARKT,4008391040052,Seitenbacher Energy-Müsli,7.99,open-prices
2026-08-30,EDEKA,4008391041905,Apfel-HaferMüsli,6.99,open-prices
2026-08-30,V-MARKT,4008391050419,Seitenbacher Fitness-Mischung,6.99,open-prices
2026-08-30,EDEKA,4008391051508,Seitenbacher Müsli 508 Dinos Frühstück,5.99,open-prices
2026-08-30,REWE,4008391213869,Seitenbacher Protein-Riegel (Klassik),2.19,open-prices
2026-08-30,REWE,4008391213890,Seitenbacher Protein-Riegel,2.19,open-prices
2026-08-30,REWE,4008400102528,Ferrero Mon Chéri,3.99,open-prices
2026-08-06,Kaufland,4008400182827,Raffaello,3.49,open-prices
2026-08-30,Kaufland,4008400182827,Ferrero Raffaello,3.49,open-prices
2025-11-05,Netto,4008400182827,Raffaello,4.39,open-prices
2025-11-17,Netto,4008400182827,Raffaello,4.38,open-prices
2026-08-04,Netto,4008400182827,Raffaello,2.99,open-prices
2026-08-30,Netto,4008400182827,Ferrero Raffaello,4.38,open-prices
2026-08-30,Netto,4008400183022,RAFFAELLO T23,3.99,open-prices
2026-08-30,Netto,4008400191423,Kinder Milchschnitte 10er-Pack,2.96,open-prices
2026-08-30,V-MARKT,4008400204222,Ferrero Kinder Schokolade,1.49,open-prices
2026-08-30,ALDI,4008400221021,Kinder Maxi,3.29,open-prices
2026-08-30,Netto,4008400221120,Ferrero Kinder Riegel 10er + 1 Gratis,3.29,open-prices
2026-08-30,Kaufland,4008400222028,Kinder Riegel 18+2er Big Pack,5.39,open-prices
2026-08-30,ALDI,4008400231327,Ferrero Kinder Überraschung Maxi,3.99,open-prices
2026-08-30,Netto,4008400260921,Kinder Country,3.29,open-prices
2026-08-30,Netto,4008400290829,Kinder Pinguin,2.39,open-prices
2026-08-30,Kaufland,4008400300825,Ferrero Duplo - Big Pack,5.39,open-prices
2026-05-07,ALDI,4008400301020,Duplo Riegel 10er-Pack,3.29,open-prices
2026-05-22,ALDI,4008400301020,Duplo Riegel 10er-Pack,3.29,open-prices
2026-08-30,ALDI,4008400301020,Ferrero Duplo Riegel 10er-Pack,3.29,open-prices
2025-10-27,Netto,4008400301020,Duplo Riegel 10er-Pack,2.29,open-prices
2026-08-30,Netto,4008400301020,Ferrero Duplo Riegel 10er-Pack,2.29,open-prices
2025-04-04,PENNY,4008400301020,Duplo Riegel 10er-Pack,2.99,open-prices
2026-08-30,Netto,4008400301327,Ferrero Duplo,2.22,open-prices
2026-08-30,ALDI,4008400351926,Ferrero Hanuta Minis,3.29,open-prices
2026-08-30,REWE,4008400401829,Nutella,7.59,open-prices
2026-08-30,Netto,4008400551920,Kinder Maxi King 3er-Pack,1.79,open-prices
2026-08-30,Kaufland,4008401579763,Bud Spencer Schinken-Krakauer Chili & Cheese,4.99,open-prices
2024-03-14,E-Center,4008452010017,Weihenstephan Milch 3.5%,1.11,open-prices
2024-04-22,E-Center,4008452010017,Weihenstephan Milch 3.5%,1.11,open-prices
2026-08-30,E-Center,4008452010017,Weihenstephan Milch 3.5%,1.11,open-prices
2024-12-23,EDEKA,4008452010017,Weihenstephan Milch 3.5%,1.11,open-prices
2025-01-23,EDEKA,4008452010017,Weihenstephan Milch 3.5%,1.11,open-prices
2025-09-18,EDEKA,4008452010017,Weihenstephan Milch 3.5%,1.29,open-prices
2026-03-12,EDEKA,4008452010017,Weihenstephan Milch 3.5%,1.19,open-prices
2026-08-30,EDEKA,4008452010017,Weihenstephan Milch 3.5%,1.19,open-prices
2024-03-30,EDEKA,4008452010031,"Alpenmilch 1,5% Fett",0.75,open-prices
2025-12-30,EDEKA,4008452010031,"Alpenmilch 1,5% Fett",1.69,open-prices
2026-01-20,EDEKA,4008452010031,"Alpenmilch 1,5% Fett",0.85,open-prices
2026-08-30,EDEKA,4008452010031,"Weihenstephan Alpenmilch 1,5% Fett",0.85,open-prices
2025-03-28,Netto,4008452010031,"Alpenmilch 1,5% Fett",1.11,open-prices
2025-06-24,Netto,4008452010031,"Alpenmilch 1,5% Fett",1.0,open-prices
2025-03-28,Norma,4008452010031,"Alpenmilch 1,5% Fett",1.11,open-prices
2026-08-30,Norma,4008452010031,"Weihenstephan Alpenmilch 1,5% Fett",1.11,open-prices
2026-02-13,REWE,4008452010031,"Alpenmilch 1,5% Fett",1.69,open-prices
2026-08-30,REWE,4008452010031,"Weihenstephan Alpenmilch 1,5% Fett",1.69,open-prices
2024-07-13,CAP-Markt,4008452010222,Butter,1.69,open-prices
2026-08-30,CAP-Markt,4008452010222,Weihenstephan Butter,1.69,open-prices
2024-03-30,EDEKA,4008452010222,Butter,1.39,open-prices
2025-02-08,EDEKA,4008452010222,Butter,2.29,open-prices
2025-08-29,EDEKA,4008452010222,Butter,2.29,open-prices
2026-03-06,EDEKA,4008452010222,Butter,1.11,open-prices
2026-08-30,EDEKA,4008452010222,Weihenstephan Butter,1.11,open-prices
2024-12-20,Netto,4008452010222,Butter,2.22,open-prices
2026-04-25,Netto,4008452010222,Butter,1.11,open-prices
2026-08-30,Netto,4008452010222,Weihenstephan Butter,1.11,open-prices
2024-04-16,E-Center,4008452011007,"Joghurt Natur 3,5 % Fett",0.88,open-prices
2026-08-30,E-Center,4008452011007,"Weihenstephan Joghurt Natur 3,5 % Fett",0.88,open-prices
2024-08-09,Netto,4008452011007,"Joghurt Natur 3,5 % Fett",0.88,open-prices
2026-06-01,Netto,4008452011007,"Joghurt Natur 3,5 % Fett",0.99,open-prices
2026-08-30,Netto,4008452011007,"Weihenstephan Joghurt Natur 3,5 % Fett",0.99,open-prices
2026-02-26,V-MARKT,4008452011007,"Joghurt Natur 3,5 % Fett",1.59,open-prices
2026-08-30,V-MARKT,4008452011007,"Weihenstephan Joghurt Natur 3,5 % Fett",1.59,open-prices
2026-08-26,ALDI,4008452027589,Milch,1.11,open-prices
2026-01-23,Feneberg,4008452027589,Milch,1.99,open-prices
2026-04-15,Feneberg,4008452027589,Milch,1.79,open-prices
2026-05-11,Feneberg,4008452027589,Milch,1.79,open-prices
2026-05-16,Feneberg,4008452027589,Milch,1.79,open-prices
2025-11-19,REWE,4008452027589,Milch,1.69,open-prices
2026-02-16,REWE,4008452027589,Milch,1.59,open-prices
2026-08-30,REWE,4008452027589,Weihenstephan Milch,1.59,open-prices
2025-12-13,V-MARKT,4008452027589,Milch,1.69,open-prices
2026-01-14,V-MARKT,4008452027589,Milch,0.99,open-prices
2026-01-31,V-MARKT,4008452027589,Milch,1.69,open-prices
2026-06-05,V-MARKT,4008452027589,Milch,0.95,open-prices
2026-07-20,V-MARKT,4008452027589,Milch,1.49,open-prices
2026-08-08,V-MARKT,4008452027589,Milch,0.99,open-prices
2026-08-30,V-MARKT,4008452027589,Weihenstephan Milch,0.99,open-prices
2025-06-18,Kaufland,4008452027602,"H-Milch 3,5%",1.79,open-prices
2026-08-30,Kaufland,4008452027602,"Weihenstephan H-Milch 3,5%",0.95,open-prices
2026-01-14,V-MARKT,4008452027602,"H-Milch 3,5%",0.99,open-prices
2026-08-30,V-MARKT,4008452027602,"Weihenstephan H-Milch 3,5%",0.99,open-prices
2026-08-30,Netto,4008452031067,"Weihenstephan Joghurt mild 1,5% Fett",0.99,open-prices
2026-08-30,Kaufland,4008452033986,"Weihenstephan Milch-H-Milch 3,5% Fett",1.05,open-prices
2026-08-30,EDEKA,4008452037717,Weihenstephan Rahmjogurt - Walnuss,0.5,open-prices
2026-08-30,Netto,4008452044111,Weihenstephan Cremig & Quarkig - Erdbeere,1.99,open-prices
2026-08-30,Netto,4008452044135,Weihenstepham Cremig & Quarkig - Himbeere,1.99,open-prices
2026-08-30,REWE,4008452044227,Weihenstephan Cremig & Quarkig - Pfirsich-Maracuja,2.39,open-prices
2026-08-30,Netto,4008452044241,Weihenstephan Cremig & Quarkig Bourbon Vanille,1.99,open-prices
2026-08-30,REWE,4008452044326,Weihenstephan Cremig & Quarkig Mango,2.39,open-prices
2026-08-30,EDEKA,4008452044920,Weihenstephan Rahmjoghurt Kokos Mandel-Creme,0.5,open-prices
2026-08-30,dm,4008455004082,"Dr. Beckmann Fleckenentferner Fleckenteufel Obst & Getränke, 50 g",2.45,dm-website
2026-08-30,dm,4008455028712,"Dr. Beckmann Kaffeemaschinenreiniger Tabs, 6 St",2.95,dm-website
2026-08-30,dm,4008455049113,"Dr. Beckmann Spülmaschinen-Reiniger Hygiene, 75 ml",2.35,dm-website
2026-08-30,Kaufland,4008455064611,Dr. Beckmann Intensiv-Schwarz-Tücher 3in1,2.75,open-prices
2026-08-30,dm,4008455095615,"Dr. Beckmann Waschmittel Blätter Vollwaschmittel universal, 30 Wl",4.75,dm-website
2026-08-30,dm,4008455095714,"Dr. Beckmann Waschmittel Blätter Color, 30 Wl",4.75,dm-website
2026-08-30,EDEKA,4008460243056,Kamar Sucuk,2.47,open-prices
2026-08-30,Netto,4008467003196,COSTA Pacific Prawns - Original,9.99,open-prices
2026-08-30,Netto,4008467007767,Costa Tintenfisch-Ringe,5.99,open-prices
2026-08-30,dm,4008491111928,"tetesept Hustensaft Pflanzlicher Reizhusten Stiller, 125 ml",4.85,dm-website
2026-08-30,REWE,4008491276283,tetesept: Biotin 1000 Kieselerde,4.49,open-prices
2026-08-30,ALDI,4008496083459,"Varta Batterien, AAA, Alkaline",1.99,open-prices
2026-08-30,Netto,4008496659203,Varta Longlife Power AAA 8 + 4,4.99,open-prices
2026-08-30,Netto,4008496659234,Varta Longlife Power AA 8 + 4,4.99,open-prices
2026-08-30,E-Center,4008533204441,Bauern Gut Mettwurst nach Friesoyther Art,1.19,open-prices
2026-08-30,E-Center,4008533211937,Bauern Gut Salami geräuchert,1.29,open-prices
2026-08-30,Kaufland,4008577006001,Conditorei Coppenrath & Wiese Weltmeister-Brötchen,3.29,open-prices
2026-08-30,Kaufland,4008577006025,Conditorei Unsere Goldstücke Mehrkornbrötchen,2.29,open-prices
2026-08-30,Netto,4008577006087,Bäcker Brötchen,2.29,open-prices
2025-07-16,EDEKA,4008577006186,Dinkelbrötchen,3.29,open-prices
2026-04-22,EDEKA,4008577006186,Dinkelbrötchen,3.49,open-prices
2026-08-30,EDEKA,4008577006186,Coppenrath & Wiese Dinkelbrötchen,3.49,open-prices
2025-08-01,Kaufland,4008577006186,Dinkelbrötchen,3.29,open-prices
2026-08-30,Kaufland,4008577006186,Coppenrath & Wiese Dinkelbrötchen,3.29,open-prices
2025-07-19,Nahkauf,4008577006186,Dinkelbrötchen,3.29,open-prices
2026-08-30,Nahkauf,4008577006186,Coppenrath & Wiese Dinkelbrötchen,3.29,open-prices
2025-07-16,EDEKA,4008577006223,Landbrötchen,3.29,open-prices
2026-08-30,EDEKA,4008577006223,Coppenrath & Wiese Landbrötchen,3.29,open-prices
2025-08-01,Kaufland,4008577006223,Landbrötchen,3.29,open-prices
2026-08-30,Kaufland,4008577006223,Coppenrath & Wiese Landbrötchen,3.29,open-prices
2026-08-30,Kaufland,4008577006278,Coppenrath Roggen Brötchen,3.29,open-prices
2024-04-02,ALDI,4008577006315,Unsere Goldstücke - Weizen-Brötchen,2.29,open-prices
2024-06-04,ALDI,4008577006315,Unsere Goldstücke - Weizen-Brötchen,2.29,open-prices
2024-06-21,ALDI,4008577006315,Unsere Goldstücke - Weizen-Brötchen,2.29,open-prices
2026-08-30,ALDI,4008577006315,Conditorei Coppenrath & Wiese Unsere Goldstücke - Weizen-Brötchen,2.29,open-prices
2025-08-01,Kaufland,4008577006315,Unsere Goldstücke - Weizen-Brötchen,2.29,open-prices
2026-08-30,Kaufland,4008577006315,Conditorei Coppenrath & Wiese Unsere Goldstücke - Weizen-Brötchen,2.29,open-prices
2024-08-07,Lidl,4008577006315,Unsere Goldstücke - Weizen-Brötchen,2.29,open-prices
2025-04-17,Lidl,4008577006315,Unsere Goldstücke - Weizen-Brötchen,1.11,open-prices
2025-04-19,Lidl,4008577006315,Unsere Goldstücke - Weizen-Brötchen,1.11,open-prices
2025-09-15,Lidl,4008577006315,Unsere Goldstücke - Weizen-Brötchen,1.59,open-prices
2025-11-08,Lidl,4008577006315,Unsere Goldstücke - Weizen-Brötchen,2.29,open-prices
2025-12-06,Lidl,4008577006315,Unsere Goldstücke - Weizen-Brötchen,2.29,open-prices
2025-12-27,Lidl,4008577006315,Unsere Goldstücke - Weizen-Brötchen,2.29,open-prices
2026-08-30,Lidl,4008577006315,Conditorei Coppenrath & Wiese Unsere Goldstücke - Weizen-Brötchen,2.29,open-prices
2024-03-20,Netto,4008577006315,Unsere Goldstücke - Weizen-Brötchen,2.29,open-prices
2024-04-15,Netto,4008577006315,Unsere Goldstücke - Weizen-Brötchen,2.29,open-prices
2024-07-09,Netto,4008577006315,Unsere Goldstücke - Weizen-Brötchen,2.29,open-prices
2024-07-17,Netto,4008577006315,Unsere Goldstücke - Weizen-Brötchen,2.29,open-prices
2024-07-29,Netto,4008577006315,Unsere Goldstücke - Weizen-Brötchen,2.29,open-prices
2024-08-22,Netto,4008577006315,Unsere Goldstücke - Weizen-Brötchen,2.29,open-prices
2024-08-30,Netto,4008577006315,Unsere Goldstücke - Weizen-Brötchen,2.29,open-prices
2024-09-12,Netto,4008577006315,Unsere Goldstücke - Weizen-Brötchen,2.29,open-prices
2024-09-21,Netto,4008577006315,Unsere Goldstücke - Weizen-Brötchen,1.49,open-prices
2026-08-30,Netto,4008577006315,Conditorei Coppenrath & Wiese Unsere Goldstücke - Weizen-Brötchen,1.49,open-prices
2025-04-11,REWE,4008577006315,Unsere Goldstücke - Weizen-Brötchen,1.49,open-prices
2026-08-30,REWE,4008577006315,Conditorei Coppenrath & Wiese Unsere Goldstücke - Weizen-Brötchen,1.49,open-prices
2026-08-30,Netto,4008577006322,Conditorei Coppenrath & Wiese Usere Goldstücke - Fußballbrötchen,2.29,open-prices
2026-08-30,Kaufland,4008577006346,Coppenrath & Wiese Kaisersemmeln,2.29,open-prices
2025-08-01,Kaufland,4008577006391,Brötchen,2.29,open-prices
2026-08-30,Kaufland,4008577006391,Conditorei Coppenrath & Wiese Brötchen,2.29,open-prices
2025-04-19,Lidl,4008577006391,Brötchen,1.11,open-prices
2026-08-30,Lidl,4008577006391,Conditorei Coppenrath & Wiese Brötchen,1.11,open-prices
2025-03-20,REWE,4008577006391,Brötchen,2.29,open-prices
2025-05-05,REWE,4008577006391,Brötchen,1.59,open-prices
2025-06-14,REWE,4008577006391,Brötchen,2.29,open-prices
2026-08-30,REWE,4008577006391,Conditorei Coppenrath & Wiese Brötchen,2.29,open-prices
2026-08-30,Lidl,4008577006902,Coppenrath & Wiese Blaubeer-Cheesecake,4.99,open-prices
2026-08-30,Netto,4008617011668,Taxofit Zink 15 Histidin Vitamin C Selen,3.99,open-prices
2026-08-30,Netto,4008617032168,"Klosterfrau Vitamin D3, 2500 I.E.",3.59,open-prices
2026-08-30,Netto,4008617040293,Klosterfrau Eisen+Folsäure+Vitamin C,3.25,open-prices
2026-08-30,REWE,4008617133957,Klosterfrau Heißer Granatapfel-Sandorn Immun & Abwehrkraft,3.79,open-prices
2026-08-30,dm,4008666212016,"Alpecin Haarwasser Coffein Liquid, 200 ml",9.95,dm-website
2026-08-30,dm,4008666272218,"Alpecin Haarwasser Medicinal Forte Intensiv, 200 ml",8.95,dm-website
2026-08-30,dm,4008666272416,"Alpecin Shampoo Coffein C1 Black Edition, 250 ml",6.95,dm-website
2026-08-30,dm,4008666755520,"Plantur 21 Shampoo Nutri-Coffein #langehaare, 200 ml",7.95,dm-website
2026-08-30,dm,4008666770004,"Plantur Shampoo DMG Clinical, 250 ml",19.95,dm-website
2026-08-30,dm,4008666812186,"KAREX Zahnpasta Kinder, 0-6 Jahren fluoridfrei, 50 ml",4.45,dm-website
2026-08-30,dm,4008666830982,"Bioniq® Zahnpasta White Filler, 75 ml",7.95,dm-website
2026-08-30,dm,4008666831125,"Bioniq® Zahnpasta Plus Zahnfleisch-Schutz, 75 ml",6.95,dm-website
2026-08-30,dm,4008666831170,"Bioniq® Zahnpasta Repair fluoridfrei, 75 ml",5.95,dm-website
2026-08-30,EDEKA,4008671025205,Nordzucker AG Krustenkandis,2.29,open-prices
2026-08-30,Netto,4008671033002,"Nordzucker Zucker, Feiner",1.49,open-prices
2026-08-30,EDEKA,4008671816476,Nordzucker AG Rohrzucker weiß,1.59,open-prices
2026-08-30,Netto,4008713708844,Bell's Honey Wheat,2.49,open-prices
2026-08-30,Netto,4008713708851,Bell's Schoko Rice,2.49,open-prices
2026-08-30,Netto,4008713708875,Bell's Schoko Chips,2.49,open-prices
2026-08-30,Kaufland,4008713713374,Kaufland bio Beeren Crunchy,2.65,open-prices
2026-08-30,Kaufland,4008713713978,K-Classic Schokomüsli mit 66% Hafervollkornflocken,2.49,open-prices
2026-08-30,Kaufland,4008713714005,Kaufland Früchte Müsli mit Hafervollkornflocken,2.49,open-prices
2026-08-30,Netto,4008713714111,Bell's Nougat Bits,2.49,open-prices
2026-08-30,Netto,4008728009325,Schulte Mandel Hörnchen,2.29,open-prices
2026-08-30,Netto,4008728034563,Schulte Schweinsöhrchen zartbitter,2.29,open-prices
2026-08-30,REWE,4008728042261,Schulte Break's Aprikosenfüllung,2.49,open-prices
2026-08-30,REWE,4008759113855,Heiderbeck FP Alpen Purist,3.59,open-prices
2026-08-30,REWE,4008759116702,Heiderbeck Schnittkäse Bergdiamant,4.99,open-prices
2026-08-30,dm,4008890006405,"Salthouse Shampoo Totes Meer Therapie Anti-Juckreiz, 250 ml",3.95,dm-website
2026-08-30,dm,4008890006429,"Salthouse Shampoo Anti-Schuppen Totes Meer, 250 ml",3.95,dm-website
2026-08-30,dm,4008890006436,"Salthouse Duschgel Totes Meer Therapie, 250 ml",3.95,dm-website
2026-08-30,dm,4008890006825,"Salthouse Intensivcreme Totes Meer Forte, 100 ml",7.45,dm-website
2026-08-30,dm,4008890008652,"Salthouse Pflegecreme sehr trockene Haut, 75 ml",9.95,dm-website
2026-08-30,dm,4008890008669,"Salthouse Pflegecreme Schuppige Haut, 75 ml",9.95,dm-website
2026-08-30,dm,4008890009413,"Perlweiss Zahnpasta Schönheits-Zahnweiss, 50 ml",3.55,dm-website
2026-08-30,dm,4008890063200,"Salthouse Waschgel seifenfrei, 250 ml",3.95,dm-website
2026-08-30,REWE,4008934133265,Wan Kwai Satay Sauce - Erdnuss,2.99,open-prices
2026-08-30,REWE,4008934150361,wan kwai Soja Sauce,1.99,open-prices
2026-08-30,REWE,4008934150408,Wan Kwai Glasnudeln Aus Mungbohnen,1.19,open-prices
2026-08-30,REWE,4008934150507,Wan Kwai Udon Nudeln,1.29,open-prices
2026-08-30,REWE,4008934150798,Wan Kwai Pad Thai Sauce,3.29,open-prices
2026-08-30,REWE,4008934150873,WanKwai Hoisin Sauce,3.29,open-prices
2026-08-30,REWE,4008934150897,Wann Kwai Korean BBQ Bulgogi,3.49,open-prices
2026-08-30,REWE,4008934150934,Wann Kwai Sojasauce hell,2.99,open-prices
2026-08-30,REWE,4008934151245,Wan Kwai Teriyaki Sauce,2.99,open-prices
2026-08-30,REWE,4008934151276,Bowl Dressing,3.29,open-prices
2026-08-30,HIT,4008934280402,Mazzetti Essig - Bianco Condimento,2.99,open-prices
2026-08-30,HIT,4008934281010,Mazzetti Essig Balsamico rot,2.99,open-prices
2026-08-30,REWE,4008948027000,Jever Pilsener,1.09,open-prices
2026-08-30,Kaufland,4008960221868,RÜCKER Grill und Pfannenkäse,2.49,open-prices
2026-08-30,Kaufland,4008960221912,RÜCKER Grill- & Pfannenkäse Kräuter,2.49,open-prices
2026-08-30,dm,4008976120087,"Milupa Kindermüsli Früchte ab 1 Jahr, 400 g",4.35,dm-website
2026-08-30,Kaufland,4009017452594,unbekannt Spannungsprüfer& Schraubendreher im Set,2.0,open-prices
2026-08-30,Kaufland,4009062348187,Lacroix Doppelte Kraftbrühe,3.49,open-prices
2026-08-30,REWE,4009062800845,Lacroix Gemüsefond,3.29,open-prices
2026-08-30,Netto,4009097020133,Steinofen Baguette Zwiebel,1.19,open-prices
2026-08-30,Kaufland,4009097021239,K-Classic Protein Brötchen,1.49,open-prices
2026-08-30,Netto,4009097033003,Bakersfield Bäckerbrötchen,0.79,open-prices
2026-08-30,Netto,4009097037018,Sinnack bio Landbrötchen Weizen,1.29,open-prices
2026-08-30,Netto,4009097037025,Sinnack Bio Landbrötchen,1.29,open-prices
2026-08-30,HIT,4009228023040,Teinacher Medium Wasser,0.48,open-prices
2025-09-04,EDEKA,4009228250477,Afri Cola,1.29,open-prices
2026-08-30,EDEKA,4009228250477,Afri Cola,1.29,open-prices
2026-06-22,REWE,4009228250477,Afri Cola,1.29,open-prices
2026-08-15,REWE,4009228250477,Afri Cola,1.29,open-prices
2026-08-30,REWE,4009228250477,Afri Cola,1.29,open-prices
2026-08-30,Lidl,4009233000630,Original Wagner Pizza Mozzarella,3.33,open-prices
2026-08-30,Netto,4009233003112,Original Wagner Flammkuchen Bauernart,3.49,open-prices
2026-08-30,EDEKA,4009233003402,Nestlé Flammkuchen Käse & Lauch,1.79,open-prices
2026-08-30,Netto,4009233003464,Original Wagner Steinofen-Pizza Käsequartett,3.49,open-prices
2026-08-30,Netto,4009233003587,Original Wagner Steinofen Pizza Speciale,3.49,open-prices
2026-08-30,Netto,4009233003655,Wagner Steinofen-Pizza - Diavolo,3.49,open-prices
2026-08-30,Lidl,4009233003686,Nestlé Flammkuchen,3.39,open-prices
2026-08-30,Netto,4009233003693,Original Wagner Steinofen Pizza Champignon,3.49,open-prices
2026-08-30,Netto,4009233003921,Original Wagner Steinofen-Pizza — Thunfisch,1.99,open-prices
2026-08-30,Kaufland,4009233003952,Wagner Steinofen-Pizza - Mozzarella,1.49,open-prices
2026-08-30,REWE,4009233006816,Original Wagner Pizza Speciale mit Pesto alla Genovese,1.99,open-prices
2026-08-30,Lidl,4009249002277,Lieken Urkorn Fitnessbrot mit 5 % Ölsaaten,1.69,open-prices
2026-08-30,EDEKA,4009249002420,Golden Toast Vollkorn-Sandwich,1.14,open-prices
2026-08-30,EDEKA,4009249002550,Lieken Roggenbäcker,1.49,open-prices
2026-08-30,Netto,4009249019916,Golden Toast Buttertoast,1.99,open-prices
2026-08-30,Netto,4009249019923,Golden Toast Vollkorntoast,1.99,open-prices
2026-08-30,EDEKA,4009249023227,Lieken Brot,1.3,open-prices
2026-08-30,EDEKA,4009249044901,Lieken Urkorn Proteinbrot,1.75,open-prices
2026-08-30,EDEKA,4009286150962,Block House Pommes Gewürzsalz,3.69,open-prices
2026-08-30,Netto,4009286154472,Blockhouse American Burger Special Size,4.49,open-prices
2026-08-30,E-Center,4009300001065,Teefix Ostfriesentee,3.29,open-prices
2026-08-30,E-Center,4009300003991,Teekanne Grüner Tee,7.49,open-prices
2026-08-30,Netto,4009300005810,Teekanne Tee Pfefferminz,2.19,open-prices
2026-08-30,Netto,4009300005827,Teekanne Tee Minze Zitrone,2.19,open-prices
2026-08-30,Netto,4009300005841,Teekanne Teebeutel Kamille,2.19,open-prices
2026-08-30,Netto,4009300005865,Teekanne Fencheltee,2.19,open-prices
2026-08-30,Netto,4009300005872,Teekanne Fenchel-Anis-Kümmel Tee,2.19,open-prices
2026-08-30,Netto,4009300005926,Teekanne Tee Apfel,2.19,open-prices
2026-08-30,Netto,4009300007524,Sidroga Salbeitee,2.19,open-prices
2026-08-30,E-Center,4009300007821,Teekanne Grüner Tee,7.49,open-prices
2026-08-30,Netto,4009300008170,Teekanne Tee Waldbeere,2.19,open-prices
2026-08-30,Netto,4009300008965,Teekanne Ingwer-Lemon Tee,2.19,open-prices
2026-08-30,Netto,4009300011774,Teekanne Ingwertee,2.19,open-prices
2026-08-30,Kaufland,4009300011934,Teekanne Heißer Hugo,2.49,open-prices
2026-08-30,Netto,4009300014720,Teekanne Ingwer Orange,2.19,open-prices
2026-08-30,CAP-Markt,4009300014973,Teekanne Bio Kamille,2.39,open-prices
2026-08-30,Netto,4009300016922,Teekanne Brennnessel-Mischung,2.19,open-prices
2026-08-30,Kaufland,4009300020905,Teekanne Teebeutel Immun Aktiv - mit Vitamin c und Zink,2.99,open-prices
2026-08-30,Netto,4009335077486,Höhenrainer Geflügel-Paprikafleischwurst,1.69,open-prices
2026-08-30,Netto,4009337104883,la campagna Tortelloni Käse,1.89,open-prices
2026-08-30,EDEKA,4009337902083,Steinhaus Tomaten - Mozzarella - Tortelli,1.4,open-prices
2026-08-30,Netto,4009337905442,Steinhaus Gyoza Gemüse,1.19,open-prices
2026-08-30,Netto,4009337905459,STEINHAUS Gyoza Huhn,1.99,open-prices
2026-08-30,EDEKA,4009457784415,Gosch Sylt Garnelen Dill,2.15,open-prices
2026-08-30,EDEKA,4009457786600,Gosch Garnelen Madras,2.15,open-prices
2026-08-30,Kaufland,4009491015742,Montebelo Brasil Stille Limo - Zitrone + Limette,1.59,open-prices
2026-08-30,EDEKA,4009491022023,Valensina Mildes-Frühstück Multi-Vitamin,2.49,open-prices
2026-08-30,Netto,4009491088159,Hitchcock Ingwer Shots - Grapefruit-Limette,3.99,open-prices
2026-08-30,Netto,4009498313070,Chef Recommends Entenbrustfilet,3.99,open-prices
2026-08-30,Netto,4009700035783,Danone Fruchtzwerge,2.39,open-prices
2026-08-30,EDEKA,4009700037091,"Danone ACTIVIA® Pfirsich & Himbeere 3,5% 4 x 115g = 460g",1.35,open-prices
2026-08-30,EDEKA,4009700037107,"Danone ACTIVIA® Ananas, Mango & Pfirsich 3,5% 4 x 115g = 460g",1.35,open-prices
2026-08-30,dm,4009800001480,"SPEICK Deo Dusch Original, 250 ml",4.95,dm-website
2026-08-30,dm,4009800001671,"SPEICK Deo Zerstäuber Original, 75 ml",5.95,dm-website
2026-08-30,dm,4009800005204,"SPEICK Seifenstück Arztseife sensitive, hautschonend, 100 g",1.55,dm-website
2026-08-30,dm,4009800005600,"SPEICK Seifenstück Sanddorn, 100 g",1.95,dm-website
2026-08-30,dm,4009800005617,"SPEICK Seifenstück Aloe Vera, 100 g",1.95,dm-website
2026-08-30,Kaufland,4009884515699,K-Classic Sommer Frucht Mix,3.29,open-prices
2026-08-30,EDEKA,4009900544078,Mars extra Professional White Citrus,3.59,open-prices
2024-03-01,Lidl,4009900544177,extra Professional White Himbeere Granatapfel,3.45,open-prices
2024-12-04,Lidl,4009900544177,extra Professional White Himbeere Granatapfel,3.45,open-prices
2026-08-30,Lidl,4009900544177,Mars extra Professional White Himbeere Granatapfel,3.45,open-prices
2024-11-15,Nahkauf,4009900544177,extra Professional White Himbeere Granatapfel,3.55,open-prices
2026-08-30,Nahkauf,4009900544177,Mars extra Professional White Himbeere Granatapfel,3.55,open-prices
2026-08-30,Kaufland,4009900584357,extra Kaugummi,2.95,open-prices
2026-08-30,dm,4009903011119,"AJONA Zahnpasta Konzentrat fluoridfrei, 25 ml",1.75,dm-website
2026-08-30,Kaufland,4009932003215,Doppelherz Omega-3 Seefischöl 1000,6.45,open-prices
2026-08-30,E-Center,4009932007565,Doppelherz Magnesium + Calcium + D3 Brausetabletten,2.99,open-prices
2026-08-30,dm,4009932133417,"Doppelherz Grünes Superfood Pulver, 600 g",34.95,dm-website
2026-08-30,Kaufland,4009932137606,Doppelherz Omega-3 1400,5.95,open-prices
2026-08-30,Netto,4010126012067,Filmer Speichenreflektoren,2.99,open-prices
2026-08-30,Netto,4010126450173,Filmer Fahrrad Multitool 26-tlg.,4.99,open-prices
2026-08-30,Kaufland,4010321003693,K Classic Thunfisch im eigen Saft,1.29,open-prices
2026-08-30,Kaufland,4010321310548,Clama Wasabi-Paste,1.29,open-prices
2026-08-30,REWE,4010442402894,Haselnuss geröstet,4.99,open-prices
2026-08-30,REWE,4010442403099,Farmer's Snack walnusskerne,3.99,open-prices
2026-08-30,Netto,4010442408353,Farmer's Snack Aprikosen Naturbelassen,2.49,open-prices
2026-08-30,REWE,4010442408667,"Farmer's snack Mandeln, Natur",4.99,open-prices
2026-08-30,REWE,4010442417058,Farmer's Snack Kokos-Chips,2.29,open-prices
2024-03-20,Netto,4010442418994,"geröstete Mandel, ungesalzen",3.79,open-prices
2026-08-30,Netto,4010442418994,"Farmer's Snack geröstete Mandel, ungesalzen",3.79,open-prices
2026-04-28,REWE,4010442418994,"geröstete Mandel, ungesalzen",4.99,open-prices
2026-08-30,REWE,4010442418994,"Farmer's Snack geröstete Mandel, ungesalzen",4.99,open-prices
2026-08-30,REWE,4010442455050,Farmers Snack Cranberry,3.99,open-prices
2026-08-30,REWE,4010442455111,Farmer's Snack Kanadische Bio-Cranberries,2.99,open-prices
2026-08-30,REWE,4010442455753,Farmer's Snack Cranberry vegan,7.49,open-prices
2026-08-30,Kaufland,4010871053155,Kaufland Lachs,2.49,open-prices
2026-08-30,Kaufland,4011364586051,K-Purland Puten-Hackfleisch,2.79,open-prices
2026-08-30,EDEKA,4011364586150,"Gut & Günstig Pute. Putenhackfleisch gewürzt, frisch, zum Braten",1.99,open-prices
2026-08-30,Kaufland,4011574186324,Pascal Ernst Original Belgische Waffeln,2.49,open-prices
2026-08-30,REWE,4011574186928,Pascal Ernest Madeleines,1.89,open-prices
2026-08-30,E-Center,4011752575285,Gut & Günstig Hähnchen-Innenfilet,4.99,open-prices
2026-08-30,EDEKA,4011800000134,Corny Free Peanut&Choc,2.49,open-prices
2026-08-30,Netto,4011800002848,Corny free Schoko-Banane,2.29,open-prices
2026-08-30,Netto,4011800043001,Schwartau Dessertsauce Schokolade,1.99,open-prices
2025-11-08,Lidl,4011800521219,Corny Schoko,1.79,open-prices
2026-08-30,Lidl,4011800521219,Corny Schoko,1.79,open-prices
2025-09-24,Netto,4011800521219,Corny Schoko,2.29,open-prices
2026-03-13,Netto,4011800521219,Corny Schoko,2.39,open-prices
2026-08-15,Netto,4011800521219,Corny Schoko,1.79,open-prices
2026-08-30,Netto,4011800521219,Corny Schoko,1.79,open-prices
2025-10-13,REWE,4011800521219,Corny Schoko,1.59,open-prices
2026-08-30,REWE,4011800521219,Corny Schoko,1.59,open-prices
2026-04-08,ALDI,4011800523213,Schokoladenriegel Schoko Banane,2.39,open-prices
2026-08-30,ALDI,4011800523213,CORNY Schokoladenriegel Schoko Banane,2.39,open-prices
2026-03-13,Netto,4011800523213,Schokoladenriegel Schoko Banane,2.39,open-prices
2026-04-27,Netto,4011800523213,Schokoladenriegel Schoko Banane,1.59,open-prices
2026-08-15,Netto,4011800523213,Schokoladenriegel Schoko Banane,1.79,open-prices
2026-08-30,Netto,4011800523213,CORNY Schokoladenriegel Schoko Banane,1.79,open-prices
2026-08-30,ALDI,4011800524210,Corny müsliriegel,2.39,open-prices
2026-04-08,ALDI,4011800562212,Milch Classic,2.39,open-prices
2026-08-30,ALDI,4011800562212,Corny Milch Classic,2.39,open-prices
2026-03-13,Netto,4011800562212,Milch Classic,2.39,open-prices
2026-04-27,Netto,4011800562212,Milch Classic,1.59,open-prices
2026-08-15,Netto,4011800562212,Milch Classic,1.79,open-prices
2026-08-30,Netto,4011800562212,Corny Milch Classic,1.79,open-prices
2026-08-30,Netto,4011800571214,Corny Free Schoko,1.79,open-prices
2026-08-30,REWE,4011800571719,Corny Erdnuss süß & salzig,1.59,open-prices
2026-08-30,EDEKA,4011800572211,Corny free Haselnuss,1.79,open-prices
2026-08-30,Lidl,4011800584627,Corny Protein Soft Chocolate,2.39,open-prices
2026-08-30,Lidl,4011800584726,Corny Protein soft Peanut Caramel,2.39,open-prices
2026-08-30,Lidl,4011800596323,CORNEX Protein bar Vanilla & White Choc,2.39,open-prices
2026-08-30,EDEKA,4011800599614,Corny Haferkraft Haselnuss zero,1.59,open-prices
2026-08-30,Lidl,4011800806156,Schwartau Rodelkönig Marmelade Pflaume Apfel Zimt,1.99,open-prices
2026-08-30,Lidl,4011800806415,Schwartau Flockenfänger Beerenpunsch Konfitüre,1.99,open-prices
2026-08-30,HIT,4011900511103,Mumm & Co. Sekt Dry Mumm & Co,3.99,open-prices
2026-08-30,HIT,4011900518102,Mumm Sekt Rosé Dry,3.99,open-prices
2026-08-30,HIT,4011900670015,"Mumm Sekt, Jahrgang Dry, alkoholfrei",3.99,open-prices
2026-08-30,Kaufland,4012200417201,Kühne Gewürzgurken / Schlemmertöpfchen Chili,3.49,open-prices
2025-08-01,Kaufland,4012200417300,Gurken - Schlemmer Töpfchen chili,3.49,open-prices
2026-08-30,Kaufland,4012200417300,Kühne Gurken - Schlemmer Töpfchen chili,3.49,open-prices
2026-02-03,REWE,4012200417300,Gurken - Schlemmer Töpfchen chili,3.49,open-prices
2026-08-30,REWE,4012200417300,Kühne Gurken - Schlemmer Töpfchen chili,3.49,open-prices
2025-12-13,V-MARKT,4012200417300,Gurken - Schlemmer Töpfchen chili,3.49,open-prices
2026-08-30,V-MARKT,4012200417300,Kühne Gurken - Schlemmer Töpfchen chili,3.49,open-prices
2026-08-30,Kaufland,4012200463505,Kühne Rotkohl in 2 min fertig,1.99,open-prices
2026-08-30,Kaufland,4012200463604,Kühne Apfel-Rotkohl,1.99,open-prices
2026-08-30,Kaufland,40122120,Kühne Condimento Bianco,3.99,open-prices
2026-08-30,REWE,4012263016809,Ibis Steinofen Baguette,1.69,open-prices
2026-08-30,Kaufland,4012263030867,IBS Brioche Toastbrötchen,2.19,open-prices
2026-08-30,Kaufland,4012263032236,Kaufland Steinofenbaguette,1.39,open-prices
2026-08-30,Kaufland,40122762,Kühne Rotkohl,1.59,open-prices
2026-08-30,dm,4012346000602,"LEBENSBAUM Früchtetee Hagebutte & Hibiskus (20 Beutel), 50 g",2.65,dm-website
2026-08-30,dm,4012346001302,"LEBENSBAUM Kräutertee Zitronenmelisse (20 Beutel), 30 g",2.75,dm-website
2026-08-30,dm,4012346001531,"LEBENSBAUM Schwarzer Tee ""English Breakfast"" (20 Beutel), 40 g",2.75,dm-website
2026-08-30,dm,4012346261508,"LEBENSBAUM Kräutertee Basenkräuter (20 Beutel), 30 g",2.75,dm-website
2026-08-30,dm,4012346277004,"LEBENSBAUM Kräutertee Fenchel-Anis-Kümmel (20 Beutel), 50 g",2.75,dm-website
2026-08-30,dm,4012346277202,"LEBENSBAUM Kräutertee Tulsi (20 Beutel), 30 g",2.75,dm-website
2026-08-30,dm,4012346277608,"LEBENSBAUM Kräutertee Kamille (20 Beutel), 30 g",1.95,dm-website
2026-08-30,dm,4012346278001,"LEBENSBAUM Kräutertee Pfefferminze (20 Beutel), 30 g",1.95,dm-website
2026-08-30,dm,4012346282602,"LEBENSBAUM Kräutertee Brennessel-Zitrone (20 Beutel), 30 g",2.75,dm-website
2026-08-30,dm,4012346286303,"LEBENSBAUM Kräutertee Almkräuter (20 Beutel), 30 g",2.95,dm-website
2026-08-30,dm,4012346527000,"LEBENSBAUM Grüner Tee Sencha (20 Beutel), 30 g",2.45,dm-website
2026-08-30,Netto,4012362024514,Zetti Edel-Bitter 85% Kakao,1.49,open-prices
2026-08-30,ALDI,4012362080701,Zetti Knusperflocken zartbitter,1.79,open-prices
2026-08-30,ALDI,4012362080800,Zetti Knusperflocken weiß,1.79,open-prices
2025-05-09,Netto,4012367012608,Weizenmehl Typ 405,0.99,open-prices
2025-05-12,Netto,4012367012608,Weizenmehl Typ 405,1.39,open-prices
2025-12-10,Netto,4012367012608,Weizenmehl Typ 405,1.39,open-prices
2026-08-12,Netto,4012367012608,Weizenmehl Typ 405,1.39,open-prices
2026-08-30,Netto,4012367012608,Kathi Weizenmehl Typ 405,1.39,open-prices
2025-11-08,REWE,4012367012608,Weizenmehl Typ 405,1.39,open-prices
2026-08-30,REWE,4012367012608,Kathi Weizenmehl Typ 405,1.39,open-prices
2026-08-30,REWE,4012367012653,Kathi Weizenmehl 550,1.99,open-prices
2026-08-30,REWE,4012367012677,Kathi Instant Weizenmehl,1.99,open-prices
2026-08-30,Netto,4012371271404,Eberswalde Saftfleisch,1.99,open-prices
2026-08-30,Netto,4012371280208,Eberswalder Pfeffersamami,1.99,open-prices
2026-08-30,Netto,4012371280307,Eberswalder Edelsalami,1.99,open-prices
2026-08-30,Netto,4012371570200,Eberswalder Krusten-Kasseler,1.99,open-prices
2026-08-30,REWE,4012371620103,Eberswalder Vegetarios Würstchen,2.75,open-prices
2026-08-30,REWE,4012371620905,Eberswalder Vegetarische Bratwurst,2.49,open-prices
2026-08-30,dm,4012400532612,"dalli Kernseife (3 Stück), 300 g",1.65,dm-website
2026-08-30,ALDI,4012429001144,Wilthener Goldkrone,6.29,open-prices
2026-08-30,ALDI,4012429001311,Wilthener Kräuterlikör,7.69,open-prices
2026-08-30,Kaufland,4012433027314,K-Classic Eistee Zitrone Sirup,2.79,open-prices
2026-08-30,Kaufland,4012433027338,K-Classic Getränkesirup Kirschgeschmack,2.79,open-prices
2026-08-30,Kaufland,4012433027345,Kaufland Sirup Cola&Orange,2.79,open-prices
2026-08-30,Kaufland,4012433027352,KCL Getränkesirup Zitrone,2.79,open-prices
2026-08-30,Kaufland,4012448396740,K-Classic kartoffel Knödel,0.99,open-prices
2026-08-30,Kaufland,4012448396825,Echt Vom Feld Kartoffelpüree klassisch,1.69,open-prices
2026-08-30,Kaufland,4012448397044,ECHT VOM FELD Bratkartoffeln mit Speck,1.79,open-prices
2026-08-30,Kaufland,4012448397235,k classic Püre O e auch ge sch ty www. vote Dodate 200 www.c,1.17,open-prices
2026-08-30,EDEKA,4012481511391,Femeg Wildlachsfilets handfiletiert,2.79,open-prices
2026-08-30,Kaufland,4012665401135,Keunecke Gehacktespfanne mit Kartoffeln,2.99,open-prices
2026-08-30,Netto,4012712000250,Spreewaldhof Apfelmark,1.29,open-prices
2026-08-30,Netto,4012712000366,Spreewaldhof Apfelmus,1.29,open-prices
2026-08-30,Netto,4012712001547,SPREEWALDHOF Spreelinge Gewürzgurken,2.59,open-prices
2026-08-30,Kaufland,4012712001875,Spreewaldhof Dill-Schnitten,2.39,open-prices
2026-08-30,ALDI,4012712001981,SPREEWALDHOF Spreewälder Saure Gurken,2.49,open-prices
2026-08-30,Kaufland,4012712002186,Spreewaldhof kürbis süß Sauer,2.29,open-prices
2026-08-30,dm,4012824400016,"YOGI TEA Gewürztee ""Classic"" mit Zimt, Kardamom & Ingwer (17 Beutel), 37,4 g",3.25,dm-website
2026-08-30,dm,4012824401211,"YOGI TEA Kräutertee ""Abend"" mit Fenchel, Kamillenblüten & Baldrian (17 Beutel), 30,6 g",3.25,dm-website
2026-08-30,dm,4012824401303,"YOGI TEA Kräutertee Ingwer, Zitronenschale & Minze (17 Beutel), 30,6 g",3.25,dm-website
2026-08-30,dm,4012824401396,"YOGI TEA Kräutertee ""Halswärmer"" mit Süßholz, Fenchel & Thymian (17 Beutel), 32,3 g",3.25,dm-website
2026-08-30,dm,4012824401464,"YOGI TEA Kräutertee ""Glücks Tee"" mit Zimt, Hopfen & Orangenschale (17 Beutel), 34 g",3.25,dm-website
2026-08-30,dm,4012824401648,"YOGI TEA Kräutertee ""Frauen Power"" mit Hibiskus, Angelikawurzel & Ingwer (17 Beutel), 30,6 g",3.25,dm-website
2026-08-30,dm,4012824401686,"YOGI TEA Kräutertee ""Lebensfreude"" mit Basilikum, Orangenschale & Chili (17 Beutel), 30,6 g",3.25,dm-website
2026-08-30,dm,4012824401730,"YOGI TEA Kräutertee Ingwer Orange mit Vanille (17 Beutel), 30,6 g",3.25,dm-website
2026-08-30,dm,4012824401921,"YOGI TEA Grüner Tee ""Grüne Energie"" mit Guarana, Ingwer & Holunderblüte (17 Beutel), 30,6 g",3.25,dm-website
2026-08-30,dm,4012824403185,"YOGI TEA Kräutertee ""Natürliche Abwehr"" mit Echinacea, Acerola-Kirsche & Holunderbeere (17 Beutel), 34 g",3.25,dm-website
2026-08-30,dm,4012824404120,"YOGI TEA Gewürztee ""Kurkuma Chai"" mit Kurkuma, Zimt & Ingwer (17 Beutel), 34 g",3.25,dm-website
2026-08-30,dm,4012824404243,"YOGI TEA Kräutertee ""Basische Kräuter"" mit Hafergras, Löwenzahn & Lavendel (17 Beutel), 35,7 g",3.25,dm-website
2026-08-30,dm,4012824405448,"YOGI TEA Adventskalender 2026, 24 ayurvedische Tee's, 1 St",4.95,dm-website
2026-08-30,dm,4012824405493,"YOGI TEA Gewürztee ""Seelenbalsam"" mit Kakaoschale, Rooibos & Orange (17 Beutel), 32,3 g",3.25,dm-website
2026-08-30,dm,4012824405974,"YOGI TEA Kräutertee ""Ashwagandha Balance"" mit Ashwagandha, Acerola-Kirsche & Passionsblume (17 Beutel), 34 g",3.25,dm-website
2026-08-30,dm,4012824406599,"YOGI TEA Früchtetee ""Spritzige Blutorange"" mit Orange, Hibiskus & Blutorange (17 Beutel), 34 g",3.25,dm-website
2026-08-30,Kaufland,4012850353157,Vogtlandweide haltbare Vollmilch,0.55,open-prices
2025-02-01,Kaufland,4012860003110,Senf mittelscharf,0.55,open-prices
2026-08-11,Kaufland,4012860003110,Senf mittelscharf,0.39,open-prices
2026-08-30,Kaufland,4012860003110,Baut'zner Senf mittelscharf,0.39,open-prices
2026-01-05,Lidl,4012860003110,Senf mittelscharf,0.55,open-prices
2026-06-20,Lidl,4012860003110,Senf mittelscharf,0.48,open-prices
2024-11-28,Netto,4012860003110,Senf mittelscharf,0.55,open-prices
2026-06-13,Netto,4012860003110,Senf mittelscharf,0.45,open-prices
2026-07-20,Netto,4012860003110,Senf mittelscharf,0.55,open-prices
2026-08-30,Netto,4012860003110,Baut'zner Senf mittelscharf,0.55,open-prices
2026-08-30,Netto,4012860003141,Bautz'ner Senf,1.49,open-prices
2026-08-30,Netto,4012860003219,Bautz’ner Senf scharf,0.55,open-prices
2026-08-30,Netto,4012860003424,Bautz'ner fix Tomatensoße,1.59,open-prices
2026-08-30,Netto,4012860006074,Bautz'ner Fix Bolognese Nudelsauce,1.59,open-prices
2026-08-30,Netto,4012860007231,Bautz'ner Essig Bautzner Tafel Essig,0.99,open-prices
2026-08-30,Netto,4012886150638,Bellafonde Sauerkirsch Konfitüre extra,1.99,open-prices
2026-08-30,Kaufland,4012970011739,Burger Das Landknäcke Kümmel,1.69,open-prices
2026-08-30,EDEKA,4013024000013,Andechser Vollbier Hell,1.19,open-prices
2026-08-30,EDEKA,4013024000211,Spezial Hell,1.19,open-prices
2026-08-30,Netto,4013034730061,Original Zörbiger Überrübe Rübensirup,1.79,open-prices
2026-08-30,Norma,4013109011057,Kathi Hefeteig,1.79,open-prices
2026-08-30,REWE,4013138002071,Wurzener Haferflocken zart,1.39,open-prices
2026-08-30,Kaufland,4013138004013,Wurzener Milchreis,2.05,open-prices
2026-08-30,Kaufland,4013138005676,Wurzener Paraboild Reis Spitzenlangkornreis,1.99,open-prices
2026-08-30,Kaufland,4013138007748,Wurzener Basmatireis,2.99,open-prices
2026-08-30,Netto,4013143011525,Bad Liebenwerda Medium - mit wenig Kohlensäure,0.75,open-prices
2026-08-30,dm,4013162004027,"Handwaschmittel in der Tube für die Reise & daheim, 125 ml",2.45,dm-website
2026-08-30,Netto,4013162006953,fit Glasreiniger,2.29,open-prices
2026-08-30,dm,4013162023929,"fit Spülmittel Hibiskus & Roter Pfeffer, 400 ml",1.95,dm-website
2026-08-30,dm,4013162023967,"fit Spülmittel Limette & Rosmarin, 400 ml",1.95,dm-website
2026-08-30,ALDI,4013162028856,Fit Original,1.49,open-prices
2026-08-30,dm,4013162033294,"fit Spülmittel Original, 635 ml",1.85,dm-website
2026-08-30,dm,4013162033539,"MUM Antitranspirant Deo Roll-on Unperfumed Protection, 75 ml",2.45,dm-website
2026-08-30,dm,4013162034062,"fit Spülmittel Naturals Guave & Limette, 635 ml",1.85,dm-website
2026-08-30,dm,4013162034086,"fit Spülmittel Naturals Mandelblüte & Granatapfel, 635 ml",1.85,dm-website
2026-08-30,dm,4013162035359,"fit Spülmaschinen-Tabs Classic Maxi-Sparpack, 90 St",8.95,dm-website
2026-08-30,dm,4013162035564,"fit Spülmaschinen-Tabs Grüne Kraft Classic, 40 St",5.25,dm-website
2026-08-30,dm,4013162037582,"fit Spülmittel Zeder & Sandelholz, 400 ml",1.95,dm-website
2026-08-30,dm,4013162037605,"fit Spülmittel Avocado & Shea Butter, 400 ml",1.95,dm-website
2026-08-30,EDEKA,4013182020908,Nabio Kokos Tonka,2.99,open-prices
2026-08-30,REWE,4013200780234,Don Enrico Mexicano Corn Wrap Tortillas,1.99,open-prices
2026-08-30,Kaufland,4013222923121,Friweika Kořeněné brambory na grilování,1.99,open-prices
2026-08-30,Kaufland,4013222923138,Friweika Mini-Grillkartoffeln (pikant),1.99,open-prices
2026-08-30,Netto,4013222930389,Mini Kartoffelklöße,1.49,open-prices
2026-08-30,Nahkauf,4013256012280,Lichtenauer Orange Maracuja,0.99,open-prices
2026-08-30,Nahkauf,4013256012464,Lichtenauer Himbeerbrause,0.85,open-prices
2026-08-30,Kaufland,4013256642876,Lichtenauer Fresh & FruiTea Grüntee-Limette Geschmack,1.29,open-prices
2026-08-30,Nahkauf,4013256642999,Fresh'n FruiTea Mate Mango,1.45,open-prices
2026-08-30,Nahkauf,4013256647000,Lichtenauer Vitamin Quelle,1.45,open-prices
2026-08-30,Nahkauf,4013256647161,Fresh'n veggie,1.45,open-prices
2026-08-30,Kaufland,4013276160954,Alaska seelachs,3.29,open-prices
2026-08-30,dm,4013283360101,"Reer Sterilisator Babyflaschen Vapo Max, 1 St",34.95,dm-website
2026-08-30,CAP-Markt,4013320019696,Gepa Orgánico Bohne,6.49,open-prices
2026-08-30,Netto,4013392030094,Dr. Quendt Dresdner Christstollen,9.99,open-prices
2026-08-30,Netto,4013392030162,Dr. Quendt Mandelstollen,13.99,open-prices
2026-08-30,Netto,4013392031077,Dr. Quendt Oblaten mit Haselnüssen,2.29,open-prices
2026-08-30,Netto,4013423019104,Riesa Spaghetti Fitmacher,1.69,open-prices
2026-08-30,Netto,4013423910067,Riesa Makkaroni,0.99,open-prices
2026-08-30,Kaufland,4013595055177,Thüringer Waldquell Vita Cola Original,0.79,open-prices
2026-08-30,Kaufland,4013595318104,Vitacola,1.19,open-prices
2026-08-30,dm,4013718021898,"Herbacin Handcreme Kamille, 75 ml",2.15,dm-website
2026-08-30,REWE,4013752019141,Brandt Zwieback Lactosefrei,1.99,open-prices
2026-08-30,Netto,4013832334478,Wolf Champignon Schinkenwurst,1.29,open-prices
2026-08-30,Netto,4013832344279,Wolf Paprika Lyoner,1.49,open-prices
2026-08-30,Netto,4013832345870,"Lieblingswurst Lyoner mit Paprika, Ei & Pistazien",1.49,open-prices
2026-08-30,Netto,4013832346273,Wolf Lieblingswurst,1.15,open-prices
2026-08-30,E-Center,4013832387009,Volkswagen Geflügel Currywurst,5.49,open-prices
2026-08-30,REWE,4013832424469,Wolf Mini Berner Würstchen,2.79,open-prices
2026-08-30,REWE,4014071808492,"Frischobst Tafel-Trauben, weiß kernlos",1.69,open-prices
2026-08-30,Netto,4014100524218,Shine Müllbeutel mit Griff,0.65,open-prices
2026-08-30,Netto,4014153117160,Friki Döbelner Geflügel-Wiener,2.49,open-prices
2026-08-30,Netto,4014153117214,Geflügellaune Geflügel-Wiener,1.99,open-prices
2026-08-30,Netto,4014153117221,Friki Geflügel Bratwurst,1.99,open-prices
2026-08-30,Lidl,4014303141212,Halloren Конфеты с шоколадно-ванильной начинкой,2.79,open-prices
2025-08-18,ALDI,4014400400007,Toffifee 15er,1.49,open-prices
2026-08-30,ALDI,4014400400007,Storck Toffifee 15er,1.49,open-prices
2024-05-10,Netto,4014400400007,Toffifee 15er,1.11,open-prices
2025-06-24,Netto,4014400400007,Toffifee 15er,1.29,open-prices
2026-01-26,Netto,4014400400007,Toffifee 15er,1.0,open-prices
2026-08-30,Netto,4014400400007,Storck Toffifee 15er,1.0,open-prices
2025-06-25,PENNY,4014400400007,Toffifee 15er,1.49,open-prices
2026-08-30,ALDI,4014400905359,Storck Toffifee 30 szt250гр смотка,2.99,open-prices
2026-08-30,Lidl,4014400920390,nimm2 Lachgummi Apfellinge,1.59,open-prices
2026-08-30,Kaufland,4014400924008,Bonbon Riesen,1.49,open-prices
2026-08-30,REWE,4014400925319,Werther's Original Popcorn Classic Caramel,1.99,open-prices
2026-08-30,REWE,4014400926279,Mamba,0.99,open-prices
2026-08-30,REWE,4014400926293,Mamba Sour,0.99,open-prices
2026-08-30,EDEKA,4014400931419,Storck Nimm2 Lach gummi YoBolde,1.59,open-prices
2026-08-30,ALDI,4014400932362,Knoppers Erdnuss 8er-Pack,1.69,open-prices
2026-08-30,Netto,4014400932959,Storck Toffifee weiße Schokolade,1.49,open-prices
2026-08-30,ALDI,4014400933857,Knoppers Waffel Black & White 8er-Packung,1.69,open-prices
2026-08-30,EDEKA,4014400934168,Storck Lachgummi Fluffies,1.29,open-prices
2026-08-30,REWE,4014472280132,Bionade Blutorange,1.05,open-prices
2026-08-30,Rossmann,4014472648123,Bionade Naturtrübe Orange,1.29,open-prices
2026-08-30,Rossmann,4014472648130,Bionade Naturtrübe Zitrone,1.29,open-prices
2026-08-30,Netto,4014500036830,Zott Monte Monte MAXI,2.99,open-prices
2026-08-30,CAP-Markt,4014500505466,Zott Bayerntaler - Das Original,1.44,open-prices
2026-08-30,Netto,4014522304900,Bodeta Gebrannte Erdnüsse dragiert,2.99,open-prices
2026-08-30,dm,4014531691015,"Soapland Toilettenpapierhalter aus Metall, schwarz/matt, 1 St",7.95,dm-website
2026-08-30,EDEKA,4014741003813,Sekt Rose trocken,2.99,open-prices
2026-08-30,HIT,4014741380228,Rotkäppchen Dornfelder Halbtrocken Rotwein,3.49,open-prices
2026-08-30,HIT,4014741380310,Wein Rotkäppchen Spätburgunder,3.49,open-prices
2026-08-30,EDEKA,4014807210896,Alkohol Störtebeker Atlantik Ale alkoholfrei,1.29,open-prices
2026-08-30,Kaufland,4015000969468,WCFrisch WC Stein Kraft aktiv Lemon,1.95,open-prices
2026-08-30,Kaufland,4015000969833,WC Frisch Kraft aktiv,5.95,open-prices
2026-08-30,E-Center,4015000971096,Maggi Pril Original,1.29,open-prices
2026-08-30,Netto,4015051034603,Gut Ponholz Schinkengulasch vom Schwein,2.79,open-prices
2026-08-30,Netto,4015051097882,Gut Ponholz Hackfleisch Gemischt,4.99,open-prices
2026-08-30,Netto,4015087728606,Altenburger Worcester Sauce,1.49,open-prices
2026-08-30,dm,4015100358711,"Persil Vollwaschmittel Universal Gel Ultra Konzentrat (2x62WL), 124 Wl",29.95,dm-website
2026-08-30,dm,4015100358728,"Persil Vollwaschmittel Sensitive Gel Ultra Konzentrat (2x62WL), 124 Wl",29.95,dm-website
2026-08-30,dm,4015100358735,"Persil Colorwaschmittel Gel Ultra Konzentrat (2x62WL), 124 Wl",29.95,dm-website
2026-08-30,dm,4015100800500,"got2b Haargel Kleber wasserfest, 150 ml",4.95,dm-website
2026-08-30,dm,4015100812435,"Schwarzkopf GLISS Shampoo Total Repair, 250 ml",2.95,dm-website
2026-08-30,dm,4015100813111,"Schwarzkopf GLISS Shampoo Liquid Silk, 250 ml",2.95,dm-website
2026-08-30,dm,4015100816167,"Palette Intensive Color Creme Haarfarbe 3-65/750 Schokobraun, 1 St",3.45,dm-website
2026-08-30,Kaufland,4015100816563,Schwarzkopf Brillance Farb-Glanzbehandlung Glossing Neutral,1.95,open-prices
2026-08-30,dm,4015100860344,"syoss Shampoo Intense Keratin, 440 ml",3.95,dm-website
2026-08-30,dm,4015100875553,"Schwarzkopf Brillance Haarfarbe 924 Schokobraun, 1 St",6.95,dm-website
2026-08-30,dm,4015100876574,"Schwarzkopf Brillance Glossing Schokobraun, 150 ml",6.95,dm-website
2026-08-30,dm,4015100890174,"Syoss Oleo Intense Haarfarbe 4_86 Schokobraun, 1 St",6.95,dm-website
2026-08-30,dm,4015100890792,"schauma Shampoo For Men, 400 ml",1.95,dm-website
2026-08-30,dm,4015100893007,"Schwarzkopf GLISS Shampoo scalp balance Tiefenreinigung, 200 ml",5.95,dm-website
2026-08-30,dm,4015100893021,"Schwarzkopf GLISS Shampoo scalp balance sanft, 200 ml",5.95,dm-website
2026-08-30,dm,4015200033631,"Perwoll Feinwaschmittel für Wolle & Feines, 52 Wl",10.95,dm-website
2026-08-30,dm,4015200033662,"Perwoll Feinwaschmittel für Wolle & Feines, 27 Wl",5.95,dm-website
2026-08-30,dm,4015200033679,"Perwoll Colorwaschmittel Renew, 27 Wl",5.95,dm-website
2026-08-30,dm,4015200033686,"Perwoll Waschmittel für dunkle Farben Blütenmeer, 27 Wl",5.95,dm-website
2026-08-30,dm,4015200033709,"Perwoll Sportwaschmittel Renew, 27 Wl",5.95,dm-website
2026-08-30,dm,4015200033723,"Perwoll Colorwaschmittel Blütenrausch, 27 Wl",5.95,dm-website
2026-08-30,dm,4015200033754,"Perwoll Colorwaschmittel Renew, 52 Wl",10.95,dm-website
2026-08-30,dm,4015200033778,"Perwoll Waschmittel Renew Schwarz, 27 Wl",5.95,dm-website
2026-08-30,dm,4015200033785,"Perwoll Waschmittel Renew Schwarz, 52 Wl",10.95,dm-website
2026-08-30,dm,4015200033846,"Perwoll Colorwaschmittel Blütenrausch, 52 Wl",10.95,dm-website
2026-08-30,dm,4015200034997,"Persil Colorwaschmittel Megaperls Color Excellence, 23 Wl",8.45,dm-website
2026-08-30,dm,4015200035031,"Persil Vollwaschmittel Megaperls Universal Excellence, 23 Wl",8.45,dm-website
2026-08-30,dm,4015200035185,"Persil Vollwaschmittel Sensitive Megaperls, 23 Wl",8.45,dm-website
2026-08-30,dm,4015200035192,"Perwoll Colorwaschmittel für Helles, 27 Wl",5.95,dm-website
2026-08-30,dm,4015200035253,"Persil Vollwaschmittel Universal Discs, 50 Wl",13.95,dm-website
2026-08-30,dm,4015200035260,"Persil Colorwaschmittel Discs, 50 Wl",13.95,dm-website
2026-08-30,dm,4015200035345,"Persil Vollwaschmittel Sensitive Gel, 25 l",7.45,dm-website
2026-08-30,dm,4015200035598,"Pril Spülmittel Kraft-Gel Fresh Lemon, 600 ml",1.95,dm-website
2026-08-30,dm,4015200035611,"Pril Spülmittel Kraft-Gel Ultra Plus, 600 ml",1.95,dm-website
2026-08-30,dm,4015200035628,"Pril Spülmittel Original, 750 ml",1.85,dm-website
2026-08-30,dm,4015200035642,"Pril Spülmittel Power & Perlen Granatapfel & Orange, 600 ml",1.95,dm-website
2026-08-30,dm,4015200035659,"Pril Spülmittel Apfel & Limette, 750 ml",1.85,dm-website
2026-08-30,dm,4015200035666,"Pril Spülmittel Beeren & Pfirsich, 750 ml",1.85,dm-website
2026-08-30,dm,4015200035727,"Somat Spülmaschinen-Deo Duo-Perls Zitrone & Orange, 1 St",2.45,dm-website
2026-08-30,dm,4015200035741,"Pril Spülmittel Sensitive Aloe Vera, 600 ml",1.95,dm-website
2026-08-30,dm,4015200035765,"Somat Spülmaschinen-Salz Spezialsalz, 1,2 kg",1.45,dm-website
2026-08-30,dm,4015200035772,"Somat Maschinenreiniger Intensiv, 250 ml",2.45,dm-website
2026-08-30,dm,4015200035833,"Spee Vollwaschmittel Aktiv Gel Deo Frische-Kick, 50 Wl",8.45,dm-website
2026-08-30,dm,4015200035918,"Spee Colorwaschmittel Power Caps, 40 Wl",8.45,dm-website
2026-08-30,dm,4015200036076,"Weißer Riese Vollwaschmittel Gel, 50 Wl",8.95,dm-website
2026-08-30,dm,4015200036151,"Spee Colorwaschmittel Gel, 50 Wl",8.45,dm-website
2026-08-30,dm,4015200036229,"Weißer Riese Colorwaschmittel Gel, 50 Wl",8.95,dm-website
2026-08-30,dm,4015200036281,"Somat Klarspüler Brillanter Glanz, 750 ml",2.45,dm-website
2026-08-30,dm,4015200036328,"Somat Spülmaschinen Pulver Classic XXL 150 Spülgänge, 2,4 kg",7.95,dm-website
2026-08-30,dm,4015200036632,"Somat Maschinenreiniger-Tabs Maxipack, 12 St",9.45,dm-website
2026-08-30,dm,4015200036946,"Somat Spülmaschinen-Tabs Classic, 80 St",8.95,dm-website
2026-08-30,dm,4015200037080,"Somat Spülmaschinen-Caps Excellence 3in1, 65 St",8.95,dm-website
2026-08-30,dm,4015200037103,"Somat Spülmaschinen-Caps Excellence Premium 5in1, 52 St",8.95,dm-website
2026-08-30,dm,4015200037110,"Somat Spülmaschinen-Caps Excellence 4in1, 59 St",8.95,dm-website
2026-08-30,dm,4015200037141,"Somat Spülmaschinen-Caps Excellence Premium 5in1, 75 St",11.95,dm-website
2026-08-30,dm,4015200037158,"Somat Spülmaschinen-Caps Excellence 4in1 Vorteilspack, 84 St",11.95,dm-website
2026-08-30,dm,4015200037288,"Spee Vollwaschmittel Universal Gel Deo Frische-Kick, 20 Wl",3.95,dm-website
2026-08-30,dm,4015200037295,"Spee Vollwaschmittel Sensitive Gel, 20 Wl",3.95,dm-website
2026-08-30,dm,4015200037301,"Spee Vollwaschmittel Caps Power Deo Frische-Kick, 16 Wl",3.95,dm-website
2026-08-03,Kaufland,4015200037325,Spee Color Caps,3.95,open-prices
2026-08-30,Kaufland,4015200037325,Henkel Spee Color Caps,3.95,open-prices
2026-08-30,dm,4015200037325,"Spee Colorwaschmittel Caps Power, 16 Wl",3.95,dm-website
2026-08-30,dm,4015200037547,"Weißer Riese Colorwaschmittel Gel, 20 Wl",3.95,dm-website
2026-08-30,dm,4015200037554,"Spee Colorwaschmittel Gel, 20 Wl",3.95,dm-website
2026-08-30,dm,4015200037578,"Weißer Riese Vollwaschmittel Gel, 20 Wl",3.95,dm-website
2026-08-30,dm,4015200037752,"Spee Colorwaschmittel Megaperls, 17 Wl",3.95,dm-website
2026-08-30,dm,4015200037769,"Spee Vollwaschmittel Megaperls Universal, 17 Wl",3.95,dm-website
2026-08-30,dm,4015200037776,"Weißer Riese Vollwaschmittel Megaperls stark gegen Flecken, 17 Wl",3.95,dm-website
2026-08-30,dm,4015200037912,"Somat Spülmaschinen-Tabs All in 1 Extra Vorteilspack, 92 St",11.95,dm-website
2026-08-30,dm,4015200038162,"Somat Spülmaschinen-Reiniger Excellence 5in1 Gel Power & Perls 60 Spülgänge, 960 ml",7.95,dm-website
2026-08-30,dm,4015200038292,"Somat Spülmaschinen-Tabs All in 1 Extra, 68 St",8.95,dm-website
2026-08-30,Kaufland,4015405000148,Neukircher Zwieback butter,1.19,open-prices
2026-08-30,REWE,4015427111112,Filinchen Das Knusperbrot Original,0.99,open-prices
2026-08-30,Netto,4015518799007,EWU Soljanka,3.49,open-prices
2026-08-30,Kaufland,4015533014109,Voelkel Himbeer Sirup,5.99,open-prices
2026-08-30,Kaufland,4015533014147,Voelkel Bio Sirup Holunderblüte,5.99,open-prices
2026-08-30,Kaufland,4015533022838,"Voelkel Rhabarberschorle, mit natürlichem Mineralw...",1.99,open-prices
2026-08-30,E-Center,4015533023002,Voelkel Granatapfelsaft,7.99,open-prices
2026-08-30,Kaufland,4015533027734,Voelkel Fairer Eistee Himbeere Hibiskus,1.99,open-prices
2026-08-30,Kaufland,4015533050848,Voelkel Ingwer Sirup,6.49,open-prices
2026-08-30,dm,4015533051029,"Voelkel Ingwer Shot mit Vitamin C, 95 ml",1.95,dm-website
2026-08-30,dm,4015533051043,"Voelkel Ingwer & Kurkuma Shot, 95 ml",1.95,dm-website
2026-08-30,dm,4015533055447,völkel mate bio zisch,3.95,dm-website
2026-08-30,dm,4015533056888,"Voelkel Ingwer & Zitrone-Honig Shot mit Vitamin C, 95 ml",1.95,dm-website
2026-08-30,dm,4015533060724,"Voelkel Saft, Bitter Kräuter, 0,33 l",4.95,dm-website
2026-08-30,dm,4015537002010,"Hammermühle Madeleines, Schoko, glutenfrei (6 Stück), 180 g",3.65,dm-website
2026-08-30,dm,4015537002720,"Hammermühle Schoko Kekse, Simply Seeds, glutenfrei, 150 g",2.95,dm-website
2026-08-30,dm,4015537002935,"Hammermühle Nougat Bits, glutenfrei, 300 g",3.95,dm-website
2026-08-30,dm,4015537002942,"Hammermühle Müsli, Choco Balls, glutenfrei, 275 g",3.25,dm-website
2026-08-30,dm,4015537003130,"Hammermühle Haferkekse, Vollmilchschokolade, glutenfrei, 100 g",2.65,dm-website
2026-08-30,dm,4015537003284,"Hammermühle Simply Seeds Cracker, Käse-Zwiebel, glutenfrei, 100 g",2.75,dm-website
2026-08-30,Kaufland,4015537410426,Hammer Mühle Mehl-Mix glutenfrei,3.95,open-prices
2026-08-30,REWE,4015637018904,Bauck Mühle Protein Hafer Müsli,4.49,open-prices
2026-08-30,Kaufland,4016241013231,Arla Frische Weidemilch 1.5% Fett,1.89,open-prices
2026-08-30,Netto,4016241042026,frija Kräuterquark,0.65,open-prices
2026-08-30,Netto,4016241050090,Skyr Natur,1.29,open-prices
2026-08-30,dm,4016249012922,"ALLOS Müsli, Poppies Dinkel-Kakao, 275 g",4.95,dm-website
2026-08-30,dm,4016249073008,"ALLOS Müsli, Nutri+ Ungesüßtes Crunchy Pur, 350 g",3.75,dm-website
2026-08-30,dm,4016249198299,"ALLOS Müsli, Das Ungesüßte Protein, 450 g",4.25,dm-website
2026-08-30,dm,4016249227869,"ALLOS Haferkekse Nutri+ Schoko, 130 g",2.15,dm-website
2026-08-30,REWE,4016337911212,Bibigo Gyoza Kimchi & Chciken,2.99,open-prices
2026-08-30,REWE,4016337960098,Vegan Gyoza Tofu & Vegetable,2.99,open-prices
2026-08-30,dm,4016369461334,"Lacalut Zahnpasta aktiv, 100 ml",3.95,dm-website
2026-08-30,dm,4016369461495,"Lacalut Zahnpasta aktiv Zahnfleischschutz & Sanftes Weiss, 75 ml",4.45,dm-website
2026-08-30,dm,4016369465202,"Lacalut Zahnpasta aktiv Zahnfleischschutz & Gesunder Zahnschmelz, 75 ml",4.45,dm-website
2025-08-15,CAP-Markt,4016414997429,Mini Romana,1.49,open-prices
2026-08-30,CAP-Markt,4016414997429,Unsere Heimat Mini Romana,1.49,open-prices
2025-05-06,EDEKA,4016414997429,Mini Romana,1.11,open-prices
2026-08-30,EDEKA,4016414997429,Unsere Heimat Mini Romana,1.11,open-prices
2026-08-30,dm,4016471075474,"ROKITTA'S ROSTSCHRECK Spülmaschinenreiniger Rokittas Rostschreck Aluminium, 1 St",5.95,dm-website
2026-08-30,Netto,4016623487414,Wolf Original Thüringer Rostbratwurst,3.79,open-prices
2026-08-30,Netto,4016826251294,Hagen Feinkost Jägerschnitzel,2.49,open-prices
2026-08-30,Netto,4016826522592,Hagen Bauern Frikadellen,4.69,open-prices
2026-08-30,EDEKA,4017100115417,Leibniz Vollkorn,1.11,open-prices
2026-08-30,REWE,4017100143816,Leibniz Kunterbunt - Choco,2.49,open-prices
2026-08-30,REWE,4017100150616,Leibniz Mini cookies,2.49,open-prices
2026-08-30,E-Center,4017100211003,Bahlsen Ohne Gleichen Vollmilch,3.59,open-prices
2026-08-30,E-Center,4017100218712,Bahlsen Waffeletten Edelherb,3.59,open-prices
2026-08-30,E-Center,4017100219900,Bahlsen Waffeletten Vollmilchschokolade,3.59,open-prices
2026-08-30,Kaufland,4017100254819,Pick up! Schoko & Milch 5er-Pack,3.29,open-prices
2026-08-30,E-Center,4017100264900,Bahlsen Ohne Gleichen Edelherb,3.59,open-prices
2025-06-24,EDEKA,4017100282812,Pick up Original,2.99,open-prices
2026-08-30,EDEKA,4017100282812,BAHLSEN Pick up Original,2.99,open-prices
2026-08-18,Kaufland,4017100282812,Pick up Original,3.29,open-prices
2026-08-30,Kaufland,4017100282812,BAHLSEN Pick up Original,3.29,open-prices
2026-04-18,Netto,4017100282812,Pick up Original,3.29,open-prices
2026-05-29,Netto,4017100282812,Pick up Original,1.99,open-prices
2026-08-30,Netto,4017100282812,BAHLSEN Pick up Original,1.99,open-prices
2025-10-31,REWE,4017100282812,Pick up Original,3.79,open-prices
2026-08-30,E-Center,4017100287022,Bahlsen Choco Leibniz,2.99,open-prices
2026-08-30,REWE,4017100377815,Leibniz Minis glutenfrei,2.99,open-prices
2026-08-30,ALDI,4017100381317,Bahlsen Pick Up! Original,3.49,open-prices
2026-08-30,ALDI,4017100381812,Bahlsen Pick Up! Choco & Milk,3.49,open-prices
2026-08-30,EDEKA,4017100406218,Leibniz PiCK UP ! Choco minis - 127g,2.56,open-prices
2026-08-30,Kaufland,4017100449116,Bahlsen Jaffa Cakes Orange,1.99,open-prices
2026-08-30,EDEKA,4017100450518,Bahlsen Comtess Zitrone,1.79,open-prices
2026-08-30,Netto,4017267055168,Ilmenauer Original Thüringen Rostbratwurst,4.29,open-prices
2026-08-30,Kaufland,4017595100103,Reinhold Haug Burgermühle Bönnigheim Qualitäts Dinkelmehl Type 630,2.79,open-prices
2026-08-30,Kaufland,4017595255209,Reinhold Haug Pizza Mehl,2.39,open-prices
2026-08-30,dm,4017721834117,"animonda VOM FEINSTEN Nassfutter Katze Mix aus dem Wasser, Raffinesse in Gelee, Multipack (12x85 g), 1,02 kg",6.25,dm-website
2026-08-30,Netto,4017881005006,"Würzgut Essig-Essenz, 24,9 % Säure",0.79,open-prices
2026-08-30,EDEKA,4017984045756,Rothe Deutsches Corned Beef 200g,5.29,open-prices
2026-08-30,EDEKA,4017984055427,Rothe Kräuterfleischsalat,3.19,open-prices
2026-08-30,Netto,4018077004117,Lorenz Crunchips Western Style,0.99,open-prices
2026-08-30,EDEKA,4018077004285,LORENZ Crunchips Salted 150g,1.99,open-prices
2026-08-30,Netto,4018077004377,Lorenz Crunchips Paprika,0.99,open-prices
2026-08-30,Netto,4018077004896,Lorenz NicNacs,1.0,open-prices
2026-08-30,Netto,4018077010316,Lorenz Snack-Hits,2.49,open-prices
2026-08-30,Netto,4018077011788,Lorenz Crunchips Stackers Western Style,1.99,open-prices
2026-08-30,Netto,4018077011825,Lorenz Crunchips Stackers Sour Cream,1.49,open-prices
2026-08-30,Netto,4018077011887,Lorenz Crunchips Stackers Paprika,1.99,open-prices
2026-08-30,ALDI,4018077016257,Lorenz Crunchips gesalzen,1.79,open-prices
2026-08-30,Netto,4018077619458,Lorenz Pommels Original,1.79,open-prices
2026-08-30,Lidl,4018077683015,"Lorenz Salziges, Saltletts VollkornSticks",1.19,open-prices
2026-08-30,E-Center,4018077690167,Lorenz Salzbrezeln Minipack,2.29,open-prices
2026-08-30,EDEKA,4018077714054,Lorenz Naturals Balsamico,2.19,open-prices
2026-08-30,EDEKA,4018077714313,Lorenz Naturals - Meersalz und Pfeffer,2.19,open-prices
2026-08-30,EDEKA,4018077714351,Lorenz Naturals Chips &quot;fein gesalzen&quot;,2.19,open-prices
2026-08-30,Netto,4018077764011,Lorenz NicNacs BBQ,1.0,open-prices
2026-08-30,REWE,4018077779930,Saltletts Pausen Cracker,1.49,open-prices
2025-04-09,E-Center,4018077895074,Saltletts Mini Brezeln,2.19,open-prices
2026-08-30,E-Center,4018077895074,Saltletts Mini Brezeln,2.19,open-prices
2025-03-18,EDEKA,4018077895074,Saltletts Mini Brezeln,2.19,open-prices
2026-08-30,EDEKA,4018077895074,Saltletts Mini Brezeln,2.19,open-prices
2026-08-30,Norma,4018087002578,Oma Hartmanns Kalter Hund Mini,2.99,open-prices
2026-04-08,ALDI,4018087009331,Nudossi ohne Palmöl,3.49,open-prices
2026-08-30,ALDI,4018087009331,Nudossi ohne Palmöl,3.49,open-prices
2026-03-19,Kaufland,4018087009331,Nudossi ohne Palmöl,3.49,open-prices
2026-08-30,Kaufland,4018087009331,Nudossi ohne Palmöl,3.49,open-prices
2025-03-01,Netto,4018087009331,Nudossi ohne Palmöl,2.99,open-prices
2026-08-30,Netto,4018227018285,Greifen-Fleisch Pommersche Leberwurst grob,1.99,open-prices
2026-08-30,EDEKA,4018344111227,Larsen Edle Matjes Filets mit Zwiebeln,1.75,open-prices
2026-08-30,Kaufland,4018356004005,Nawarra Marshmallocreme,1.79,open-prices
2026-08-30,Lidl,4018703048102,Fleisch Nürnberger Rostbratwürste,3.29,open-prices
2026-08-30,dm,4018852031796,"Bebivita Anfangsmilch Pre von Geburt an, 500 g",6.45,dm-website
2026-08-30,dm,4018852032755,"Bebivita Saft 100 % Milder Apfel, ab 5 Monaten, 500 ml EINWEG",1.35,dm-website
2026-08-30,dm,4018852032762,"Bebivita Saft Frucht und Eisen, ab 6 Monaten, 500 ml EINWEG",1.35,dm-website
2026-08-30,dm,4018852032779,"Bebivita Stilles Mineralwasser mit Fenchel und Apfel, ab 5 Monaten, 500 ml EINWEG",1.35,dm-website
2026-08-30,dm,4018852032786,"Bebivita Stilles Mineralwasser mit Apfel, ab 5. Monat, 500 ml EINWEG",1.35,dm-website
2026-08-30,dm,4018852032793,"Bebivita Stilles Mineralwasser mit Hagebutte und Apfel-Aronia ab dem 5. Monat, 500 ml EINWEG",1.35,dm-website
2026-08-30,dm,4018852036302,"Bebivita Frucht & Getreide Frühstücksmüsli Apfel-Pfirsch, ab dem 10.Monat, 160 g",1.05,dm-website
2026-08-30,dm,4018852036364,"Bebivita Frucht & Getreide Müsli in Früchten, ab dem 6. Monat, 250 g",1.25,dm-website
2026-08-30,dm,4018852037088,"Bebivita Anfangsmilch 1 von Geburt an, 500 g",5.95,dm-website
2026-08-30,CAP-Markt,4019066042110,Edeka mehligkochende kartoffel,2.49,open-prices
2026-08-30,CAP-Markt,4019066052119,Edeka Unsere Heimat Speisekartoffeln vorwiegend festkochend,2.22,open-prices
2026-08-30,EDEKA,4019066595043,Unsere Heimat Speisezwiebeln,1.49,open-prices
2026-08-30,Kaufland,4019252050516,Die Thüringer Leberwurst,1.69,open-prices
2026-08-30,Nahkauf,4019298000148,Gessner Cola,0.69,open-prices
2026-08-30,Netto,4019298000179,Gessner Tropic,0.69,open-prices
2026-08-30,REWE,4019300165537,Karwendel Miree - Frühlingskräuter,1.11,open-prices
2026-08-30,Netto,4019300169139,Exquisa Cheesecake Lemon,1.11,open-prices
2026-08-30,REWE,4019300174386,Exquisa Körnige Frischkäsezubereitung,1.89,open-prices
2026-01-17,EDEKA,40193052,Miree - Paprika-Chili,1.11,open-prices
2026-08-30,EDEKA,40193052,Miree - Paprika-Chili,1.11,open-prices
2025-08-23,REWE,40193052,Miree - Paprika-Chili,1.11,open-prices
2026-07-21,REWE,40193052,Miree - Paprika-Chili,1.11,open-prices
2026-08-30,REWE,40193052,Miree - Paprika-Chili,1.11,open-prices
2026-08-30,REWE,40193069,Miree Knoblauch Frischkäse,1.11,open-prices
2026-08-30,REWE,4019339291122,Davert Dinkel Pops,2.99,open-prices
2026-08-30,dm,4019339636022,"Davert Porridge Cup, Vanille, glutenfrei, 65 g",1.35,dm-website
2026-08-30,dm,4019339636107,"Davert Porridge Cup, Hafer Schokolade mit Kakao Nibs, 65 g",1.65,dm-website
2026-08-30,dm,4019339636190,"Davert Porridge, Hafer Vanille, 455 g",5.95,dm-website
2026-08-30,Netto,40193762,Exquisa Käsekuchen-Snack,1.11,open-prices
2026-08-30,EDEKA,4019467437904,Wiesenhof Gegrillte Geflügel Brühwurst,0.85,open-prices
2026-08-30,EDEKA,4019467438000,Wiesenhof Hähnchen-Fleischwurst,3.19,open-prices
2026-08-30,EDEKA,4019467466706,"Wiesenhof Geflügel Wiener, Geflügel",2.39,open-prices
2026-08-30,EDEKA,4019467483505,Wiesenhof Geflügel-Mortadella - Paprika,1.19,open-prices
2026-08-30,E-Center,40198231,Kühne Rote Bete in Würfeln,1.69,open-prices
2026-08-30,Lidl,4020500920802,Appel Brathering,1.89,open-prices
2026-01-08,ALDI,4020500922011,Zarte Filets vom Hering,0.99,open-prices
2026-08-30,ALDI,4020500922011,Appel Zarte Filets vom Hering,0.99,open-prices
2026-01-09,Bayern,4020500922011,Zarte Filets vom Hering,1.29,open-prices
2025-04-17,Lidl,4020500922011,Zarte Filets vom Hering,0.99,open-prices
2026-07-27,Lidl,4020500922011,Zarte Filets vom Hering,1.11,open-prices
2026-08-30,Lidl,4020500922011,Appel Zarte Filets vom Hering,0.99,open-prices
2026-03-16,Netto,4020500922011,Zarte Filets vom Hering,1.29,open-prices
2026-01-08,ALDI,4020500922073,Zarte Filets vom Hering,0.99,open-prices
2026-08-30,ALDI,4020500922073,Appel Zarte Filets vom Hering,0.99,open-prices
2025-04-17,Lidl,4020500922073,Zarte Filets vom Hering,0.99,open-prices
2026-07-27,Lidl,4020500922073,Zarte Filets vom Hering,1.11,open-prices
2026-08-30,Lidl,4020500922073,Appel Zarte Filets vom Hering,0.99,open-prices
2026-03-16,Netto,4020500922073,Zarte Filets vom Hering,1.29,open-prices
2026-08-30,ALDI,4020500922127,Appel Zarte Filets vom Hering in Eier-Senf-Creme,0.99,open-prices
2026-08-30,CAP-Markt,4020500977820,Appel Sardinen,2.99,open-prices
2026-08-30,CAP-Markt,4020500977912,Appel Sardinen Piri-Piri,2.99,open-prices
2026-08-30,Netto,4021155200981,Mr. Wang Instant Nudeln Huhn,1.99,open-prices
2026-08-30,dm,4021457638758,"lavera NATURKOSMETIK Deo Roll-on Natural & Sensitive, 50 ml",5.95,dm-website
2026-08-30,dm,4021457638765,"lavera NATURKOSMETIK Deo Roll-on Natural & Refresh, 50 ml",5.95,dm-website
2026-08-30,dm,4021457645022,"lavera NATURKOSMETIK Handcreme Basis, 75 ml",3.55,dm-website
2026-08-30,dm,4021457645084,"lavera NATURKOSMETIK Handcreme Repair SOS Hilfe mit Calendula & Sheabutter, 75 ml",3.85,dm-website
2026-08-30,dm,4021457645145,"lavera NATURKOSMETIK Handcreme & -Maske Gute Nacht 2in1, 75 ml",3.85,dm-website
2026-08-30,dm,4021457648412,"lavera NATURKOSMETIK Pflegedusche Basis Sensitiv 2in1, 250 ml",3.95,dm-website
2026-08-30,dm,4021457650095,"lavera NATURKOSMETIK Gesichtswasser Basis Sensitiv, 200 ml",6.95,dm-website
2026-08-30,dm,4021457650736,"lavera NATURKOSMETIK Zahnpasta Senstive Whitening, 75 ml",4.35,dm-website
2026-08-30,dm,4021457652280,"lavera NATURKOSMETIK Zahnpasta Complete Care, 75 ml",3.25,dm-website
2026-08-30,dm,4021457652297,"lavera NATURKOSMETIK Zahnpasta Complete Care fluoridfrei, 75 ml",3.25,dm-website
2026-08-30,dm,4021457652303,"lavera NATURKOSMETIK Zahnpasta Sensitive & Repair, 75 ml",3.85,dm-website
2026-08-30,dm,4021457652310,"lavera NATURKOSMETIK Zahnpasta Kinder, 0-6 Jahren, fluoridfrei, 75 ml",3.85,dm-website
2026-08-30,dm,4021457666768,"lavera NATURKOSMETIK Shampoo Basis Sensitive Hydrate & Care, 250 ml",5.45,dm-website
2026-08-30,dm,4021457666829,"lavera NATURKOSMETIK Shampoo Repair & Protect, 250 ml",5.45,dm-website
2026-08-30,dm,4021457666881,"lavera NATURKOSMETIK Shampoo Fresh & Clear, 250 ml",5.45,dm-website
2026-08-30,Netto,4021700805012,"Hosta 2x Mr. Tom, Peanuts in Salted Caramel",1.09,open-prices
2026-08-30,REWE,4021747661480,EZG Borthener Obst Nicoter/Kanzi,2.99,open-prices
2026-08-30,REWE,4021747731893,"Deutsche Äpfel, Jonagold, Kl. I, 80-90 mm",2.79,open-prices
2026-08-30,EDEKA,4021900006363,Nadler Edle Matjesfilets,3.5,open-prices
2026-08-30,CAP-Markt,4021900008978,Homann Heringsfilets Dill Sahne,0.99,open-prices
2026-08-30,EDEKA,4021900012456,Nadler Hering in Gelee,1.35,open-prices
2026-08-30,EDEKA,4022396000002,Herzoglich Bayerisches Brauhaus Tegernsee Tegernseer Hell Alkoholfrei,1.19,open-prices
2026-08-30,Netto,4022396000026,Herzoglich Bayerisches Brauhaus Tegernsee Tegernseer Hell,1.09,open-prices
2026-08-30,Netto,4022551339442,Dr. Jones premium Zahnbürste medium,1.49,open-prices
2026-08-30,Kaufland,4022551351338,bevola Naturals Buchen Zahnbürste Mittel,2.45,open-prices
2026-08-30,REWE,4022834110836,Beelitzer Frischei Frische Eier,3.19,open-prices
2026-08-30,dm,4022993045406,"Schnitzer Brötchen, Panini Hafer (3 Stück), 180 g",2.55,dm-website
2026-08-30,EDEKA,4023216000028,Pinkus spezial,1.29,open-prices
2026-08-30,Netto,4023600011807,Dr. Oetker Sahne Pudding Schokolade,2.69,open-prices
2026-08-30,Netto,4023600014235,Dr. Oetker Götterspeise Waldmeister-Geschmack,0.59,open-prices
2026-08-30,EDEKA,4023600015195,Dr. Oetker High Protein Mahlzeit Milchreis,2.69,open-prices
2026-08-30,EDEKA,4023600017236,Dr. Oetker Milchreis Zimt,2.69,open-prices
2026-08-30,EDEKA,4023600017298,Dr. Oetker High Protein-Mousse Cappuccino style,1.99,open-prices
2026-08-30,EDEKA,4023600017724,Dr. Oetker Löffelglück Apfel-Mango-Orange Grütze,1.5,open-prices
2026-08-30,Netto,4023800062104,Schluckwerder Marzipan Coated in Dark Chocolate,1.0,open-prices
2026-08-30,Kaufland,4023900545804,Bamboo Garden Fischsauce,2.29,open-prices
2026-08-30,Kaufland,4023900546306,Bamboo Garden Sweet Chili Sauce,2.79,open-prices
2026-08-30,Kaufland,4023900546344,Bamboo Garden Hot Chilli Sauce,2.79,open-prices
2026-08-30,Kaufland,4023900546443,Bambus Garden Oyster Sauce Austernsoße,2.79,open-prices
2026-08-30,EDEKA,4024385115995,Holla Roses Rosen Simba,5.99,open-prices
2026-08-30,REWE,4024698482210,Golßener Fleischsalat mit Gurke,2.09,open-prices
2026-08-30,Netto,4024698490857,Golßener Matjeshappen nordischer Art,1.99,open-prices
2026-08-30,dm,4025089000457,"Santé naturally. Pflanzenhaarfarbe Schokobraun, 100 g",7.95,dm-website
2026-08-30,Kaufland,4025127087396,effect Bubble Gum,1.09,open-prices
2026-08-30,Lidl,4025500272999,Müller Protein Mousse Schoko,1.11,open-prices
2026-08-30,EDEKA,4025500274887,Müller Protein Mousse Vanille,1.89,open-prices
2026-08-30,Lidl,4025500286507,Müller Milchreis - Pflaume,0.49,open-prices
2025-05-06,ALDI,4025500287955,Kalinka Kefir Fettarm Mild Pur,0.89,open-prices
2024-12-16,EDEKA,4025500287955,Kalinka Kefir Fettarm Mild Pur,1.39,open-prices
2024-12-30,EDEKA,4025500287955,Kalinka Kefir Fettarm Mild Pur,1.39,open-prices
2025-01-22,EDEKA,4025500287955,Kalinka Kefir Fettarm Mild Pur,1.39,open-prices
2026-08-30,EDEKA,4025500287955,müller Kalinka Kefir Fettarm Mild Pur,1.39,open-prices
2025-06-14,REWE,4025500287955,Kalinka Kefir Fettarm Mild Pur,0.89,open-prices
2026-08-30,REWE,4025500287955,müller Kalinka Kefir Fettarm Mild Pur,0.89,open-prices
2026-08-30,Nahkauf,4025500288440,Müller Vegan Mix Typ Vanille mit Schoko Balls,1.39,open-prices
2026-08-30,Nahkauf,4025500288556,müller Vegan Mix Banane mit Schoko Flakes,1.39,open-prices
2026-08-30,Lidl,4025500300319,müller Mousse High Protein,1.29,open-prices
2026-08-30,Kaufland,4025500305772,"Müller Triple Karamell - Schokomousse, Schokopudding, Karamellsauce",1.19,open-prices
2026-08-30,REWE,40255651,müller Milchreis Schoko,0.99,open-prices
2026-08-30,REWE,40255682,Müller Milchreis Apfel,0.99,open-prices
2026-08-30,REWE,40255699,Milchreis - Kirsche - Müller,0.99,open-prices
2026-08-30,REWE,40255729,müller Joghurt mit der Ecke - Schoko Balls,0.33,open-prices
2026-08-30,REWE,40255774,müller Joghurt mit der Ecke - Schoko-Flakes,0.33,open-prices
2026-08-30,Lidl,4025700001023,Milka chocolate Hazelnuts,1.49,open-prices
2026-08-30,Netto,4025839033827,Sachsenmilch Unser Buttermilch-Dessert Erdbeere,0.49,open-prices
2026-08-30,REWE,4026273017640,Senner Orangenpfeffer,4.48,open-prices
2026-08-30,ALDI,4026701003337,"Mühlhäuser Thüringer Pflaumenmus, stückig, mit Fruchtstücken",2.49,open-prices
2026-08-30,Netto,4026701011110,Thüringer Pflaumenmus Mühlhäuser,2.49,open-prices
2026-08-30,Netto,4027016994877,Genuss pur Pfannengemüse Feinschmecker Art,3.49,open-prices
2026-08-30,Netto,4027016994921,Genuss pur Paella Pfanne,3.69,open-prices
2026-08-30,Netto,4027016995652,GoBio Beerenmischung tiefgefroren,3.79,open-prices
2026-08-30,Netto,4027016996802,"GoBio Kulturheidelbeeren, tiefgefroren",3.79,open-prices
2026-08-30,Netto,4027016997397,"Agram Heidelbeeren, tiefgekühlt",4.49,open-prices
2026-08-30,Netto,4027016997410,Agram Beerenmix,4.49,open-prices
2026-08-30,Netto,4027400148039,Hela gewürz Ketchup,1.99,open-prices
2026-08-30,Netto,4027400148244,Hela Gewürz Ketchup Curry Delikat 30% weniger Zucker,1.99,open-prices
2026-08-30,REWE,4027767057159,"Landkost-Ei Das Original BB-Ei, Bodenhaltung aus Brandenburg",2.59,open-prices
2026-08-30,Netto,4027767061323,"frija 10 frische Eier aus Freilandhaltung, Güteklasse A",2.29,open-prices
2026-08-30,Netto,4027767064454,Go Bio Eier,3.29,open-prices
2026-08-30,Kaufland,4028286011516,Hainich Senfgurken,1.99,open-prices
2026-08-30,Kaufland,4028286101163,Hainich Gurken Cornichons,1.79,open-prices
2026-08-30,Kaufland,4028286431529,Hainich Rotkohl,1.59,open-prices
2026-08-30,Kaufland,4028286561523,HAINICH Blumenkohlsalat,2.29,open-prices
2026-08-30,Kaufland,4028286591513,Hainich Letscho,2.29,open-prices
2026-08-30,dm,4028615070054,"syNeo Antitranspirant Deo Zerstäuber, 30 ml",13.95,dm-website
2026-08-30,dm,4028615071051,"syNeo Antitranspirant Deo Roll-On ohne Parfüm, 50 ml",22.95,dm-website
2026-08-30,Kaufland,4028700150104,Kaufland Classic Flüssiger Blütenhonig,2.69,open-prices
2026-08-30,Netto,4028712300368,"Bienenwirtschaft Meissen Honig; Lindenblüte, flüssig/Meißen",5.49,open-prices
2026-08-30,Netto,4028712300405,Bienenwirtschaft Meissen Raps-& Frühlingsblüte,5.49,open-prices
2026-08-30,Netto,4028836808917,Naumburger Sächsischer Leberkäse,1.99,open-prices
2026-08-30,Netto,4028855005588,la campagna Casa Romantica Grana Padano Italienischer Hartkäse,2.59,open-prices
2024-09-07,EDEKA,4028900004641,"Joghurt 3,5% Fett",2.59,open-prices
2026-08-30,EDEKA,4028900004641,"Weideglück Joghurt 3,5% Fett",2.59,open-prices
2026-04-15,Feneberg,4028900004641,"Joghurt 3,5% Fett",2.99,open-prices
2026-07-21,Feneberg,4028900004641,"Joghurt 3,5% Fett",2.99,open-prices
2026-01-14,V-MARKT,4028900004641,"Joghurt 3,5% Fett",2.99,open-prices
2026-06-27,V-MARKT,4028900004641,"Joghurt 3,5% Fett",2.99,open-prices
2026-08-30,V-MARKT,4028900004641,"Weideglück Joghurt 3,5% Fett",2.99,open-prices
2026-08-30,V-MARKT,4028900004665,"Weideglück Landjoghurt mild 1,5% Fett",2.89,open-prices
2026-08-30,EDEKA,4028900004702,Milchwerke Schwaben eG Цедено кисело мляко 10%,2.99,open-prices
2026-08-30,REWE,4029764001807,Club Mate Club-Mate Original,0.89,open-prices
2026-08-30,E-Center,4029764001883,Brauerei Loscher Club-Mate Cola,0.89,open-prices
2026-08-30,REWE,4029855001082,Zötler Gold Export,1.29,open-prices
2026-08-30,REWE,4030387760590,Es3et Eszet Schnitten - Vollmilchschokolade,1.69,open-prices
2026-08-30,EDEKA,4030800078943,Nordsee Fischfrikadellen,2.44,open-prices
2026-08-30,dm,4031244005137,"Alete Kindersnack Müsli Sticks ab 3 Jahren, 125 g",2.45,dm-website
2026-08-30,Netto,4031446811567,XOX Snack Pommes Currywurst,1.49,open-prices
2026-08-30,Netto,4031446820453,ASIA Krupuk,1.89,open-prices
2026-08-30,Kaufland,4031446863719,XOX Snack Apfel Chips,2.99,open-prices
2026-08-30,E-Center,4032211101340,Unsere Heimat Chicorée-Mix,1.99,open-prices
2026-08-30,EDEKA,4032216150688,GEMÜSERING STUTTGART GMBH KAROTTEN AUS DEUTSCHEM ANBAU,1.0,open-prices
2026-08-30,EDEKA,4032218150020,Unsere Heimat Mini-Romana,1.11,open-prices
2026-08-30,CAP-Markt,4032218150174,Unsere Heimat Eisbergsalat,1.0,open-prices
2026-08-30,Lidl,4032489010108,Tanay Thé noir,3.29,open-prices
2026-08-30,Kaufland,4032549010444,Dovgan Taschki,3.99,open-prices
2026-08-30,Lidl,4032549022683,Dovgan Vareneki,6.99,open-prices
2026-08-30,Lidl,4032549039292,Taschki Pelmeni,6.99,open-prices
2026-08-30,Kaufland,4032600004337,Pfanni Knödel - Semmelknödel,1.99,open-prices
2026-08-30,Kaufland,4032600134324,Pfanni Semmel Knödel mit Röstzwiebeln,1.99,open-prices
2026-08-30,E-Center,4033362101821,Volkswagen Currywurst mit Ketchup,3.99,open-prices
2026-08-30,E-Center,4033362300279,Volkswagen Currybockwurst,4.79,open-prices
2026-08-30,E-Center,4033362301009,Volkswagen Currybockwurst,8.49,open-prices
2026-08-30,dm,4033419231013,"CL Deo Zerstäuber medcare@, 75 ml",3.25,dm-website
2026-08-30,dm,4033419251011,"CL Deo Roll-on medcare@, 50 ml",2.95,dm-website
2026-08-30,dm,4033419401409,"CL Antitranspirant Deo Zerstäuber Kristall, 75 ml",3.75,dm-website
2026-08-30,dm,4033419520100,"CL Antitranspirant Deo Roll-on Kristall Mineral Fluid extra sensitive, 50 ml",2.95,dm-website
2026-08-30,EDEKA,4033634020515,Dr. Kargs Emmentaler Protein Snack,1.99,open-prices
2026-08-30,EDEKA,4034167730278,Abraham Herzhafter Katenschinken,1.25,open-prices
2026-08-30,EDEKA,40345512,Nestlé Smarties,2.79,open-prices
2026-08-30,Netto,4034900008220,Meggle Streichzart gesalzen - Vorteilspack,1.99,open-prices
2026-08-30,Lidl,4034900032256,Meggle Knoblauchbrot XXL,1.79,open-prices
2026-08-30,Kaufland,4034900032355,Meggle Focaccia Rosmarin & Meersalz,2.79,open-prices
2026-08-30,Kaufland,4034900032362,Meggle Baguette Chili Cheese,1.89,open-prices
2026-08-30,Netto,4034900032409,Meggle Baguette Kräuterbutter,1.29,open-prices
2026-08-30,Lidl,4034900032652,Meggle Baguette Kräuter Butter,1.99,open-prices
2026-08-30,Netto,40349343,MEGGLE Kräuterbutter,2.29,open-prices
2025-08-08,Bayern,40349558,Meggle Feine Butter,2.19,open-prices
2025-09-05,Bayern,40349558,Meggle Feine Butter,2.19,open-prices
2025-12-15,Bayern,40349558,Meggle Feine Butter,1.49,open-prices
2025-08-15,CAP-Markt,40349558,Meggle Feine Butter,1.08,open-prices
2026-08-30,CAP-Markt,40349558,Meggle Feine Butter,1.08,open-prices
2024-01-15,E-Center,40349558,Meggle Feine Butter,1.59,open-prices
2026-08-30,E-Center,40349558,Meggle Feine Butter,1.59,open-prices
2023-07-28,EDEKA,40349558,Meggle Feine Butter,1.49,open-prices
2024-06-15,EDEKA,40349558,Meggle Feine Butter,1.59,open-prices
2025-02-22,EDEKA,40349558,Meggle Feine Butter,3.79,open-prices
2025-04-16,EDEKA,40349558,Meggle Feine Butter,1.99,open-prices
2025-12-23,EDEKA,40349558,Meggle Feine Butter,1.19,open-prices
2026-04-04,EDEKA,40349558,Meggle Feine Butter,0.99,open-prices
2026-08-30,EDEKA,40349558,Meggle Feine Butter,0.99,open-prices
2025-06-07,REWE,40349558,Meggle Feine Butter,2.19,open-prices
2025-08-30,REWE,40349558,Meggle Feine Butter,2.29,open-prices
2026-08-30,Nahkauf,40352312,RUF Götterspeise Kirsche,0.8,open-prices
2026-08-30,REWE,40352961,Ruf Unsere Hefe,0.79,open-prices
2026-08-30,Netto,4035472366404,Haeberlein-Metzger Elisen Lebkuchen,3.39,open-prices
2026-08-30,Netto,4035472381704,Haeberlein-Metzger Nürnberger Elisen-Lebkuchen,5.49,open-prices
2026-08-30,EDEKA,4035514090328,Wurstsalatkäse BAUHOFERS,1.25,open-prices
2026-08-30,Kaufland,4036300059406,DMK Buttermilchdrink - Erdbeere,1.29,open-prices
2026-08-30,Netto,4036300229960,Milram Porridge Typ Vanille,1.79,open-prices
2026-08-30,REWE,4036303588071,Milram Buttermilchquark,1.49,open-prices
2026-08-30,E-Center,4036546015303,Metzgerei Erwin Reiß GmbH Reiß Bayerischer Leberkäse fein,1.15,open-prices
2026-08-30,dm,4036554703629,"Layenberger Proteinriegel 46% High Protein, Schoko-Banane, 35 g",1.45,dm-website
2026-08-30,dm,4036554705340,"Layenberger Fit+Feelgood Diät Shake, Slim Shake Schoko & Nuss, 396 g",7.75,dm-website
2026-08-30,Netto,4036577902917,Dilek Grüne Oliven ohne Stein,3.19,open-prices
2026-08-30,Netto,4036577905079,Dilek Weisse Bohnen in Tomatensauce,2.79,open-prices
2026-08-30,Netto,4036577906090,"Dilek Weiße Bohnen, gekocht",1.99,open-prices
2026-08-30,Kaufland,4036577910288,Dilek Piments,2.59,open-prices
2026-08-30,dm,4036581541690,"SOS Handcreme AKUT, 100 ml",6.95,dm-website
2026-08-30,CAP-Markt,4036829006059,Geflügelhof Ludwig 10 frische Eier aus Bodenhaltung,3.29,open-prices
2026-08-30,CAP-Markt,4036829006103,Geflügelhof Ludwig GmbH 6 Frische Eier aus Freilandhaltung,1.87,open-prices
2026-08-30,Netto,4037185707994,Gut Schwechow Eisbergsalat,1.11,open-prices
2026-08-30,Kaufland,4037300103267,Erasco Reistopf mit Fleischklößchen,1.99,open-prices
2026-08-30,Kaufland,4037300103328,Erasco Hühner Reis-Topf,1.99,open-prices
2026-08-30,Kaufland,4037300103373,Erasco Hühner Nudel-Topf,1.99,open-prices
2026-08-30,Netto,4037300104370,Erasco Hühner Nudel-Topf,3.29,open-prices
2026-08-30,Kaufland,4037300107586,Erasco Feurige Thai-Suppe,1.79,open-prices
2026-08-30,Netto,4037300108248,Erasco Erbseneintopf,3.29,open-prices
2026-08-30,Kaufland,4037300115017,Erasco Gulaschsuppe,2.99,open-prices
2024-07-17,EDEKA,4037400344737,Yoghurt-Gums,0.99,open-prices
2024-07-29,EDEKA,4037400344737,Yoghurt-Gums,0.99,open-prices
2024-12-28,EDEKA,4037400344737,Yoghurt-Gums,1.19,open-prices
2026-08-30,EDEKA,4037400344737,Katjes Yoghurt-Gums,0.99,open-prices
2025-11-15,Lidl,4037400344737,Yoghurt-Gums,1.19,open-prices
2026-08-30,Lidl,4037400344737,Katjes Yoghurt-Gums,1.19,open-prices
2024-04-16,REWE,4037400344737,Yoghurt-Gums,0.99,open-prices
2026-08-30,Lidl,4037400344775,katjes Fred Ferkel,0.99,open-prices
2026-08-30,EDEKA,4037400344836,katjes Sheroes Mix,0.99,open-prices
2026-08-30,EDEKA,4037400345628,Katjes Red List Edition,1.19,open-prices
2026-08-30,Lidl,4037400346137,Katjas Vitaminis,1.39,open-prices
2026-04-20,EDEKA,4037400346274,Winegums,1.39,open-prices
2026-08-30,EDEKA,4037400346274,Katjes Winegums,1.39,open-prices
2026-03-12,Netto,4037400346274,Winegums,1.49,open-prices
2026-08-30,Netto,4037400346274,Katjes Winegums,1.49,open-prices
2026-08-30,Netto,4038189339440,Hello Kitty Socks,2.99,open-prices
2026-08-30,dm,4038507012222,"govinda Akazienfaser, 100 g",4.75,dm-website
2026-08-30,Kaufland,4038934177679,"Kaufland Cashew-Kerne geröstet, ungesalzen",3.79,open-prices
2026-08-30,Kaufland,4038934506967,Kaufland Kokos geraspelt,0.99,open-prices
2026-08-30,Kaufland,4038934516980,Kaufland Bio Kokosraspel von K-Bio,1.49,open-prices
2026-08-30,Kaufland,4038934677773,K-Classic Studentenfutter mit Erdnüssen,1.83,open-prices
2026-08-30,Kaufland,4038934978603,K Classic Sonnenblumenkerne,1.19,open-prices
2026-08-30,REWE,4039398111186,Gorilla Strong Intense (rot),22.99,open-prices
2026-08-30,Netto,4039400226716,Sonja,0.99,open-prices
2026-08-30,Netto,4039400229717,Sana,0.99,open-prices
2026-08-30,Kaufland,4041071002049,"Nierstaler Schafmilch 1,5% Fett",3.29,open-prices
2026-08-30,EDEKA,4041272003289,edeka Bierwurst,2.79,open-prices
2026-08-30,EDEKA,4041272003296,Edeka Südwest Lyoner,2.79,open-prices
2026-08-30,EDEKA,4041272003340,"Edeka Südwest Pfälzer Bratwurst, gepökelt",2.79,open-prices
2026-08-30,Kaufland,4042084000596,Föll 6 frische bio eier,3.49,open-prices
2026-08-30,dm,4042441020588,"Mivolis Steriler Wundverband Wasserdicht, 5 St",1.45,dm-website
2026-08-30,Netto,4042874011122,Ergüllü Sweet Chili Creme,1.99,open-prices
2026-08-30,dm,4043027007344,"sanostol Multi-Vitamine plus Eisen, 460 ml",7.45,dm-website
2026-08-30,Netto,4043362447638,Tillman's Half & Half Burger,4.49,open-prices
2026-08-30,Netto,4043362500913,Gut Ponholz Schweine Minutensteaks,2.99,open-prices
2026-08-30,Kaufland,4043362511414,kaufland Schnitzel,5.99,open-prices
2026-08-30,REWE,4043600606018,KleeHof Harzer Käse nach traditioneller Art,2.29,open-prices
2026-08-30,CAP-Markt,4043600615669,Landliebe Landkäse Sahnig-Mild Butterkäse,1.49,open-prices
2026-08-30,CAP-Markt,4043600615683,Landliebe Landkäse Landkäse zart-würzig Maasdamer,1.49,open-prices
2026-08-30,dm,4044035410676,"Dekorieren & Einrichten Kaffeebecher Gespenst (400 ml), 1 St",5.95,dm-website
2026-08-30,Kaufland,4044564746000,Wartburger Doppelbrötchen,1.99,open-prices
2026-08-30,Norma,4044808110178,Aldente Knusperhäppchen mit Vanillecreme,1.99,open-prices
2026-08-30,REWE,4044808150587,Aldente Gefüllte Eier-Waffeln,1.99,open-prices
2026-08-30,dm,4044889004106,"Vivani Schokolade, Edel Bitter 100% Cacao Nibs, 80 g",3.95,dm-website
2026-08-30,dm,4044889004342,"Vivani Schokolade, Feine Bitter Mallorca Flor de Sal 75%, 80 g",3.45,dm-website
2026-08-30,dm,4044889005455,"Vivani Schokolade, Feine Bitter Dattelsüße 80%, 80 g",3.95,dm-website
2026-08-30,EDEKA,4044998003984,Edeka Schlaufentragetasche,0.3,open-prices
2026-06-02,EDEKA,4045317058050,"Frische Milch Fettarm 1,8% Fett",1.01,open-prices
2026-08-30,EDEKA,4045317058050,"Bären Marke Frische Milch Fettarm 1,8% Fett",1.01,open-prices
2026-07-17,Netto,4045317058050,"Frische Milch Fettarm 1,8% Fett",0.99,open-prices
2026-08-30,Netto,4045317058050,"Bären Marke Frische Milch Fettarm 1,8% Fett",0.99,open-prices
2026-08-30,V-MARKT,4045317058258,Bärenmarke Halbbare Milch,0.99,open-prices
2026-08-30,Kaufland,4045357000934,Bresso Wildkräuter,2.39,open-prices
2026-08-30,Netto,4045357010605,Milkana Schmelzkäse Allgäuer Milch,2.79,open-prices
2026-08-30,Netto,4045357010636,Milkana Schmelzkäse Kräuter,2.79,open-prices
2026-08-30,Kaufland,4045357010759,Käse Milkana mit Gouda,2.69,open-prices
2026-08-30,Kaufland,4045357010841,Milkana Schmelzkäse Cremig leicht,2.69,open-prices
2026-08-30,Netto,4045357010902,Milkana Schmelzkäse mit Emmentaler & Allgäuer Milch,2.79,open-prices
2026-08-30,CAP-Markt,4045357011442,Brunch,0.49,open-prices
2026-08-30,Netto,4045357011947,Milkana Schmelzkäseecken Sahne,2.79,open-prices
2026-08-30,Netto,4045357012357,Brunch Paprika,1.29,open-prices
2026-08-30,ALDI,4045357099136,Bresso Leichtgenuss feine Kräuter,2.39,open-prices
2026-08-30,Netto,4045500021076,Leckermäulchen Milchquark - Maracuja-Pfirsichgeschmack,0.99,open-prices
2026-08-30,Netto,4045500023803,Frischli Leckermäulchen Milch-Quark,2.15,open-prices
2026-08-30,Netto,4045500023810,Frischli Leckermäulchen Milchquark - Erdbeer,2.15,open-prices
2026-08-30,Netto,4045500023827,Leckermäulchen Milch Quark Straccitella,2.15,open-prices
2026-08-30,Netto,40455440,Frischli Milchquark - Stracciatella,0.99,open-prices
2026-08-30,dm,4045612007036,"Handsan Handcreme 5 % Urea, 90 ml",1.35,dm-website
2026-08-30,dm,4045612009412,"CD mildes Seifenstück mit Avocado, 100 g",0.95,dm-website
2026-08-30,dm,4045612010579,"CD Deostick Wasserlilie, 40 ml",2.45,dm-website
2026-08-30,dm,4045612010647,"Handsan Handcreme Schutzbalsam mit Shea Butter, 90 ml",1.35,dm-website
2026-08-30,dm,4045612010685,"CD Duschgel Wasserlilie, 300 ml",1.95,dm-website
2026-08-30,dm,4045612010692,"CD Duschgel Ocean Spa, 300 ml",1.95,dm-website
2026-08-30,dm,4045612010869,"Triple Dry Antitranspirant Deo Roll-on Classic, 50 ml",4.95,dm-website
2026-08-30,dm,4045612010951,"CD Deo Roll-on Girl-Power-Duft, Mein erstes Deo, 50 ml",2.95,dm-website
2026-08-30,dm,4045612011262,"CD Deo Roll-on pure & protect fresh blossom, 50 ml",2.45,dm-website
2026-08-30,dm,4045612011279,"CD Antitranspirant Deo Zerstäuber pure & protect fresh blossom, 75 ml",3.45,dm-website
2026-08-30,dm,4045612011392,"CD Deospray ALL BODY DEO, 150 ml",2.95,dm-website
2026-08-30,dm,4045612011767,"CD Antitranspirant Deo Zerstäuber Pure & Protect Aqua Essence, 75 ml",3.45,dm-website
2026-08-30,dm,4045612011835,"CD Deospray Wasserlilie, 150 ml",2.45,dm-website
2026-08-30,dm,4045612011873,"CD Deo Zerstäuber Wasserlilie, 75 ml",3.45,dm-website
2026-08-30,dm,4045612011897,"CD Deo Zerstäuber Citrus, 75 ml",3.45,dm-website
2026-08-30,dm,4045612011927,"CD Deo Roll-on Wasserlilie, 50 ml",2.45,dm-website
2026-08-30,EDEKA,4045800229264,Popp Brotaufstrich Geflügelsalat,0.95,open-prices
2026-08-30,EDEKA,4045800235258,WALTER POPP's Fleischsalat,1.39,open-prices
2026-08-30,REWE,4045800402261,Popp Brotaufstrich Eiersalat,1.19,open-prices
2026-08-30,Kaufland,4045800402346,Popp Brotaufstrich Farmersalat,1.89,open-prices
2026-08-30,Kaufland,4045800475197,popp Feiner Coleslaw-Salat,2.49,open-prices
2026-06-02,EDEKA,4045800503265,Brotaufstrich Ei-Bacon,1.12,open-prices
2026-08-30,EDEKA,4045800503265,Popp Brotaufstrich Ei-Bacon,1.12,open-prices
2026-03-30,Netto,4045800503265,Brotaufstrich Ei-Bacon,1.89,open-prices
2026-08-30,Netto,4045800503265,Popp Brotaufstrich Ei-Bacon,1.89,open-prices
2026-08-30,EDEKA,4045800700459,Feinkost Popp Nudelsalat,1.25,open-prices
2026-08-30,REWE,4045800771213,Feinkost Popp Eiersalat mit Senf,1.69,open-prices
2026-08-30,Kaufland,4045992129625,Allfein Feinkost Hot Dog Danish Style,1.99,open-prices
2026-08-30,ALDI,4046434255742,"Cobana Feigen, Kl. I, Sorte Bursa Black",2.49,open-prices
2026-08-30,Netto,40466002,Milram Frühlingsquark Original,1.0,open-prices
2026-08-30,Netto,40466033,MILRAM Frühlingsquark Family-Pack,1.99,open-prices
2026-08-30,Netto,40466057,Milram Frühlingsquark Leicht,0.99,open-prices
2025-08-26,CAP-Markt,40466101,Milram 3-Zwiebel-Quark,0.75,open-prices
2026-03-05,CAP-Markt,40466101,Milram 3-Zwiebel-Quark,1.04,open-prices
2026-08-30,CAP-Markt,40466101,Milram 3-Zwiebel-Quark,1.04,open-prices
2026-04-11,Netto,40466101,Milram 3-Zwiebel-Quark,1.0,open-prices
2026-06-06,Netto,40466101,Milram 3-Zwiebel-Quark,0.99,open-prices
2026-08-30,Netto,40466101,Milram 3-Zwiebel-Quark,0.99,open-prices
2026-07-01,REWE,40466101,Milram 3-Zwiebel-Quark,1.45,open-prices
2026-08-17,REWE,40466101,Milram 3-Zwiebel-Quark,1.45,open-prices
2026-08-30,REWE,40466101,Milram 3-Zwiebel-Quark,1.45,open-prices
2025-08-22,Bayern,40466323,Zaziki,1.99,open-prices
2026-04-09,Lidl,40466323,Zaziki,1.99,open-prices
2026-07-27,Lidl,40466323,Zaziki,1.89,open-prices
2026-08-30,Lidl,40466323,Milram Zaziki,1.99,open-prices
2026-04-09,Netto,40466323,Zaziki,1.99,open-prices
2026-08-27,Netto,40466323,Zaziki,1.99,open-prices
2026-08-30,Netto,40466323,Milram Zaziki,1.99,open-prices
2026-08-30,Netto,40466538,Milram Frühlingsquark Wildkräuter,0.99,open-prices
2026-08-30,EDEKA,4046700014363,Schwarzwaldmilch Sauerrahm,0.4,open-prices
2026-08-30,HIT,4046700026281,"Schwarzwaldmilch Heumilch bio 3,8%",1.89,open-prices
2026-08-30,E-Center,4046700500958,"Schwarzwaldmilch frische Weidemilch 3,8%",1.29,open-prices
2026-08-30,CAP-Markt,4046700500989,Schwarzwaldmilch Schwarzwald BIO Frische Vollmilch,1.95,open-prices
2026-08-30,Kaufland,4046800110125,Mondamin Mehlschwitze hell,1.0,open-prices
2026-08-30,Kaufland,4046800110132,Mondamin Mehlschwitze dunkel,1.0,open-prices
2026-08-30,Kaufland,4046800110903,Mondamin Soßenbinder hell,1.0,open-prices
2026-08-30,Kaufland,4046800110927,Soßenbinder Mondamin dunkel,1.0,open-prices
2026-08-30,REWE,40468259,Dextro energy Schnell direct magnesium,0.75,open-prices
2026-08-30,Kaufland,4047036004394,Concept+ Vitamin C + Zink Depot,1.95,open-prices
2026-08-30,ALDI,4047247005012,Gusto Pfeffer schwarz,1.19,open-prices
2026-08-30,ALDI,4047247005043,Le Gusto Weisser Pfeffer,1.19,open-prices
2026-08-30,ALDI,4047247020541,ROI DE TREPLÉ Weichkäse mit Blauschimmel,2.69,open-prices
2026-08-30,ALDI,4047247029414,Aldi Pizza Vier Käse,3.59,open-prices
2026-08-30,ALDI,4047247029421,Aldi Pizza Hawaii,3.59,open-prices
2026-08-30,ALDI,4047247037242,Aldi Linsen-Chips - Sour Cream Style,1.35,open-prices
2026-08-30,ALDI,4047247038218,Cucina Nobile Nudeln Fusilli,0.79,open-prices
2026-08-30,ALDI,4047247042383,Gut Bio Früchtchen - Apfel-Banane Fruchtmus,1.99,open-prices
2026-08-30,ALDI,4047247042390,Gut Bio Früchtchen Apfel-Erdbeer Fruchtmus,1.99,open-prices
2026-08-30,ALDI,4047247061223,Güldenhof Hähnchenbruststreifen,2.39,open-prices
2026-08-30,ALDI,4047247061230,Güldenhof Putenbruststreifen,2.39,open-prices
2026-08-30,ALDI,4047247078917,Biscotto Karamell Waffeln,2.99,open-prices
2026-08-30,ALDI,4047247086776,King's Crown Brechbohnen,1.19,open-prices
2026-08-30,ALDI,4047247102490,Aldi Nussbeisser Edel-Zartbitter,1.19,open-prices
2026-08-30,ALDI,4047247102506,Choceur Nussbeisser,1.19,open-prices
2026-08-30,ALDI,4047247108225,Aldi Shogun-Mix,1.69,open-prices
2026-08-30,ALDI,4047247108232,Aldi Thai-Chilis,1.69,open-prices
2026-08-30,ALDI,4047247108249,Aldi Wasabi-Erdnüsse,1.69,open-prices
2026-08-30,ALDI,4047247137355,King's Crown Gemüse: Bohnen - Prinzessbohnen,1.19,open-prices
2026-08-30,ALDI,4047247165129,Aldi Wikinger-Waffeln,1.49,open-prices
2026-08-30,ALDI,4047247171830,Trader Joe‘s Nuss Frucht Mix,2.39,open-prices
2026-08-30,ALDI,4047247171885,Trader Joe's Nuss-Frucht-Mix mit Schokoflakes,2.39,open-prices
2026-08-30,ALDI,4047247172271,Trader Joe's Aprikosen Soft-Früchte entsteint & getrocknet,2.39,open-prices
2026-08-30,ALDI,4047247191722,Choceur Mandelbeisser Edel-Vollmilchschokolade,1.19,open-prices
2026-08-30,ALDI,4047247191739,Choceur Mandelbeisser Zartbitterschokolade,1.19,open-prices
2026-08-30,ALDI,4047247191746,Choceur Mandelbeisser Weisse Schokolade,1.19,open-prices
2026-08-30,ALDI,4047247192583,Trader Joe's Erdnüsse geröstet & gesalzen,0.99,open-prices
2026-08-30,ALDI,4047247192590,"Trader Joe's Kalifornische Pistazien, geröstet & gesalzen",2.99,open-prices
2026-08-30,ALDI,4047247192613,"Traders Joe's Cashews, geröstet & gesalzen",1.99,open-prices
2026-08-30,ALDI,4047247192620,"Trader Joe's Cashews, geröstet & pikant gewürzt",1.99,open-prices
2026-08-30,ALDI,4047247192637,Trader Joe's Walnusskerne naturbelassen,2.49,open-prices
2026-08-30,ALDI,4047247192743,"Trader Joe's Cashewkerne, naturbelassen",2.39,open-prices
2026-08-30,ALDI,4047247192750,Trader Joe's Nussvariationen,2.79,open-prices
2026-08-30,ALDI,4047247192767,Trader Joe's Paranusskerne,2.59,open-prices
2026-08-30,ALDI,4047247192774,Gut Bio Walnusskerne,2.99,open-prices
2026-08-30,ALDI,4047247193498,Trader Joe's Studentenfutter,4.79,open-prices
2026-08-30,ALDI,4047247193535,"Trader Joe's Pistazienkerne geröstet, ungesalzen",3.99,open-prices
2026-08-30,ALDI,4047247197809,Aldi GrünerPfeffer Frischkäse,0.99,open-prices
2026-08-30,ALDI,4047247197823,Roi de Trefle Fraîcho - Meersalz,0.99,open-prices
2026-08-30,ALDI,4047247197830,Roi de Trèfle Fraîcho - Kräuter der Provence,0.99,open-prices
2026-08-30,ALDI,4047247197908,Silverstone Captain Hopking Original Spiced,6.49,open-prices
2026-08-30,ALDI,4047247225366,Trader Joe's Pistazienkerne gesalzen,3.99,open-prices
2026-08-30,ALDI,4047247245814,Frantastique Französische Sandgebäcke mit Fruchtfüllung Heidelbeere,2.29,open-prices
2026-08-30,ALDI,4047247261449,Trader Joe's Pistazien,5.99,open-prices
2026-08-30,ALDI,4047247273442,Aldi Weisse zarte Schokolade,0.89,open-prices
2026-08-30,ALDI,4047247273459,Aldi Feinherb,0.89,open-prices
2026-08-30,ALDI,4047247384483,Flirt Ginger Ale,0.49,open-prices
2026-08-30,ALDI,4047247395687,Roi de Trefle Ziegen-Weichkäse 45 % Fett,1.99,open-prices
2026-08-30,ALDI,4047247423748,Almare Seafood Matjes Blister,1.59,open-prices
2026-08-30,ALDI,4047247432801,"ALDI ROI DE TREFLE Käse Ziegenkäse-Spezialität  Ziegenfrischkäsetaler, 200 g Aus der Kühlung Dauertiefpreis 2.19€ Packun",1.99,open-prices
2026-08-30,ALDI,4047247457514,Trader Joe's Haselnusskerne naturbelassen,2.99,open-prices
2026-08-30,ALDI,4047247457521,"Trader Joe's Haselnusskerne geröstet, ungesalzen",3.69,open-prices
2026-08-30,ALDI,4047247495820,Aldi Mais,1.19,open-prices
2026-08-30,ALDI,4047247548878,Westmister Tea Grüner Tee China Chun Mee Klassik,2.59,open-prices
2026-08-30,ALDI,4047247560269,Trader Joe's Pflaumen,4.69,open-prices
2026-08-30,ALDI,4047247563697,Aldi Hähnchenfleisch,2.99,open-prices
2026-08-30,ALDI,4047247563994,Omnimax Land-Diele Truthahn-Fleisch,2.99,open-prices
2026-08-30,ALDI,4047247588195,"Aldi Ofenbackfisch, knuspriger Backteig",1.89,open-prices
2026-08-30,ALDI,4047247624879,Trader Joe's Cashew-Cranberry-Mix,1.89,open-prices
2026-08-30,ALDI,4047247626736,Trader Joe's Feigen getrocknet,1.99,open-prices
2026-08-30,ALDI,4047247687317,Almare Seafood lachs,2.09,open-prices
2026-08-30,ALDI,4047247714242,Cucina Gran Moravia,2.99,open-prices
2026-08-30,ALDI,4047247720731,Barissimo Kaffee Gold,5.99,open-prices
2026-08-30,ALDI,4047247722049,opti Frischhaltefolie 75m,1.1,open-prices
2026-08-30,ALDI,4047247731218,Aldi Parmigiano,4.59,open-prices
2026-08-30,ALDI,4047247775663,Markus Kaffee Barissimo Classic,5.49,open-prices
2026-08-30,ALDI,4047247785815,Bio-Gouda gerieben,1.59,open-prices
2026-08-30,ALDI,4047247787628,"Trader Joe's Datteln, getrocknet, entsteint",1.99,open-prices
2026-08-30,ALDI,4047247835404,Westminster Hagebuttentee,1.19,open-prices
2026-08-30,ALDI,4047247962919,Delikato - ALDI Delikatess-Senf mittelscharf,0.59,open-prices
2026-08-30,ALDI,4047247969994,Milsani High Protein Schoko Pudding,1.49,open-prices
2026-08-30,ALDI,4047247970006,Milsani High Protein Pudding,1.49,open-prices
2026-08-30,ALDI,4047247996167,Barissimo Kaffee Mild,5.99,open-prices
2026-08-30,ALDI,4047247999694,Trader Joe's Erdnüsse geröstet und gesalzen,0.99,open-prices
2026-08-30,Netto,4047329139208,Original Radeberger Wiener Würstchen,3.69,open-prices
2026-08-30,Netto,4047435521256,Farmländer Delikatess Hinterkochschinken,1.59,open-prices
2026-08-30,Netto,4047435606755,"Farmländer Prosciutto Cotto, Kochhinterschinken nach italienischer Art",1.99,open-prices
2026-08-30,dm,4048422159001,"Good Boy Kausnack Hund Mega Kau-Twister mit Hӓhnchen, Adult, 70 g",1.95,dm-website
2026-08-30,dm,4048422159032,"Good Boy Hundeleckerli Hähnchen Reis-Sticks, Adult, 90 g",1.95,dm-website
2026-08-30,Lidl,4048517689888,Hohes C Super Shots Antiox,1.99,open-prices
2026-08-30,Kaufland,4048517701832,Hohes C Multivitamin,1.49,open-prices
2026-08-30,REWE,4048517701955,Eckes-Granini Hohes C Multivitamin,1.79,open-prices
2026-08-30,REWE,4048517708602,Hohes C Orange,5.69,open-prices
2026-08-30,Kaufland,4048517720918,Yo Sirup - Holunderblüte,2.0,open-prices
2026-08-30,Kaufland,4048517720949,YO Sirup - Himbeer,2.0,open-prices
2026-08-30,Kaufland,4048517720970,YO Erdbeere Fruchtsirup,2.0,open-prices
2026-08-30,Kaufland,4048517742927,hohes C Roter Multivitaminsaft,1.49,open-prices
2026-08-30,Nahkauf,4048517743009,hohes C Mildes Frühstück,1.49,open-prices
2026-08-30,Nahkauf,4048517746161,Hohes C Plus Sonnenvitamin D,1.49,open-prices
2026-08-30,Kaufland,4048517767005,YO Sirup Holunderblüte,2.0,open-prices
2026-08-30,Kaufland,4048517767081,yo Himbeer Sirup,2.0,open-prices
2026-08-30,Kaufland,4048517767166,YO Himbeer-Zitrone Sirup ohne Zucker,2.0,open-prices
2026-08-30,Netto,4048517803734,YO Himbeere Fruchtsirup,2.49,open-prices
2026-08-30,EDEKA,4049164124241,BioWagner Geflügel Allrounder,3.49,open-prices
2026-08-30,Kaufland,4049583110818,Fondant Rot,2.99,open-prices
2026-08-30,REWE,4049656922089,Pilzland Vertriebs GmbH Champignons,1.99,open-prices
2026-08-30,Kaufland,4050285521970,Glückskekse,1.79,open-prices
2026-08-30,CAP-Markt,4050836044514,Hofglück Handgemachte Maultaschen,1.5,open-prices
2026-08-30,Kaufland,4051009042412,K Classic Bunter Rohkostsalat,1.69,open-prices
2026-08-30,REWE,4051682000167,Kultur-Heidelbeeren,3.99,open-prices
2026-08-30,REWE,4051682001027,Böhmer Rote Äpfel,2.29,open-prices
2026-08-30,HIT,4051913100581,Teinacher Classic,0.53,open-prices
2026-08-30,EDEKA,4051913102066,AfriCola Cola Mix,1.39,open-prices
2026-08-30,dm,4052136087796,"ARTDECO Lipliner Soft Waterproof 148 Just Coffee, 1,2 g",7.95,dm-website
2026-08-30,Kaufland,4052400018181,Simplicil Textilfarbe schwarz,7.95,open-prices
2026-08-30,Kaufland,4052400025127,Brauns-Heitmann Back-To-Black,5.95,open-prices
2026-08-30,Netto,4052485494511,Landgeflügel Hähnchen Schnitte,1.76,open-prices
2026-08-30,Lidl,4052916202562,"Tronic Lade-/Datenkabel USB-2.0-Stecker Typ A auf Typ C, ca. 1,8 m",1.49,open-prices
2026-08-30,Lidl,4052916785065,Livarno Duschtuch,3.59,open-prices
2026-08-30,Netto,4053400201573,Berliner Kindl Radler,0.79,open-prices
2026-08-30,EDEKA,4053400257501,"Jever GT-Mobility - Tankstelle , KFZ-Service , Abschlepp- & Bergedienst",0.99,open-prices
2026-08-30,Lidl,4053400257624,Berliner Pilsner Brauerei Berliner Pilsner,0.89,open-prices
2026-08-30,Lidl,4053400257754,Berliner Kindl - Jubiläums Pilsener,0.89,open-prices
2026-08-30,REWE,4053702006579,I.TM-4105 16er Avocado,1.29,open-prices
2026-08-30,REWE,4053702043215,"Pink Lady Äpfel, Cripps Pink",3.29,open-prices
2026-08-30,Kaufland,4053736783774,Daily Kitchen Hönchen Schnitte Gordon Bleu,3.49,open-prices
2026-08-30,EDEKA,4054428117655,Unsere Heimat Champignons,1.99,open-prices
2026-08-30,EDEKA,4054600131516,wertvoll food Mango Fruchtaufstrich,3.29,open-prices
2026-08-30,dm,4055297149501,"Santé naturally. Festes Duschgel Ocean Dive Bio-Aloe Vera & Meersalz, 80 g",4.75,dm-website
2026-08-30,dm,4055297221580,"Santé naturally. Shampoo Intense Hydration, 250 ml",3.95,dm-website
2026-08-30,HIT,4055379056604,Romtomaten,1.15,open-prices
2026-08-30,Netto,4055500011151,Bihophar Raps-Honig,7.99,open-prices
2026-08-30,ALDI,4055500012004,Bihophar Sanddorn in Blütenhonig,4.99,open-prices
2026-08-30,Netto,4055500012240,Bihophar Sonnenblumenhonig,4.49,open-prices
2026-08-30,ALDI,4055500012523,Bihophar Holunder in Honig,4.99,open-prices
2026-08-30,Kaufland,4055509054951,Berliner Donuts,2.49,open-prices
2026-08-30,Netto,40555126,Bihophar Linden-Honig,4.49,open-prices
2026-08-30,Netto,40555157,Bihophar Wald-Honig Naturkost,4.49,open-prices
2026-08-30,ALDI,40555232,ALDI BIHOPHAR Blütenhonig-Spezialität Gelée Royale -33 % 4.99€ UVP 7.49€ 500-g-Glas 1kg = 9.98€,4.99,open-prices
2026-08-30,Netto,40555294,Bihophar Imker-Honig,7.99,open-prices
2026-08-30,Netto,40555683,Bihophar Blüten-Honig,7.99,open-prices
2026-08-30,EDEKA,4056100012135,Langnese Capri Das Original,3.99,open-prices
2026-08-30,Lidl,4056489006992,Fossa Eugenia Basilikum,1.99,open-prices
2026-08-30,Lidl,4056489012160,Lidl Cocktail-Strauch-Tomaten,1.79,open-prices
2026-08-30,Lidl,4056489012788,Milbona Skyr,1.49,open-prices
2026-08-30,Lidl,4056489013082,Bioland Bio Speisequark Magerstufe,0.99,open-prices
2026-08-30,Lidl,4056489013341,BiO Organic Bioäpfel,2.49,open-prices
2026-08-30,Lidl,4056489014003,Bayern Bio Bio Fettarmer Joghurt mild,1.15,open-prices
2026-08-30,Lidl,4056489014096,Lidl Milbona Bio Fruchtjoghurt mild Himbeere-Holunderbeere,1.19,open-prices
2026-08-30,Lidl,4056489018995,Alesto Mandeln Honig & Salz,1.69,open-prices
2026-08-30,Lidl,4056489027201,A. Dohrn & A. Timm Bio Apfelsaft Naturtrüb,1.65,open-prices
2026-08-30,Lidl,4056489028918,Lidl Edel Lachs,8.49,open-prices
2026-08-30,Lidl,4056489030782,Milbona Maasdamer,2.49,open-prices
2026-08-30,Lidl,4056489036746,Lidl Superfood Müsli Haselnuss-Feige,3.29,open-prices
2026-08-30,Lidl,4056489036753,Crownfield Superfood Müsli Quinoa-Granatapfel-Heidelbeere,3.29,open-prices
2026-08-30,Lidl,4056489036760,Crownfield Muesli - Granada y bayas de goji,3.29,open-prices
2026-08-30,Lidl,4056489041023,Chef's Max Paella de marisco,2.49,open-prices
2026-08-30,Lidl,4056489043157,Milbona Käse Grana Padano,2.59,open-prices
2026-08-30,Lidl,4056489090045,Milbona Skyr Himbeer-Cranberry,1.69,open-prices
2026-08-30,Lidl,4056489095736,Golden Sun Bio Basmati Reis,1.61,open-prices
2026-08-30,Lidl,4056489096320,Backländer GmbH Mehrkorn-Schnitten,1.19,open-prices
2026-08-30,Lidl,4056489096337,Backländer Dinkelschnitten mit Sonnenblumenkernen,1.29,open-prices
2026-08-30,Lidl,4056489100348,Culinea Tagliatelle mit Wildlachs,2.69,open-prices
2026-08-30,Lidl,4056489108184,Milbona Butterschmalz,5.39,open-prices
2026-08-30,Lidl,4056489109570,Milbona Fettarmer Kefir mild,0.79,open-prices
2026-08-30,Lidl,4056489110880,"Floralis Taschentücher, Einweg",2.85,open-prices
2026-08-30,Lidl,4056489115144,Dulano Jamón Serrano,2.19,open-prices
2026-08-30,Lidl,4056489118190,Milbona Skyr Vanille,1.39,open-prices
2026-08-30,Lidl,4056489118206,Milbona Skyr Erdbeere,1.39,open-prices
2026-08-30,Lidl,4056489129677,Baresa Pesto alla Calabrese,1.29,open-prices
2026-08-30,Lidl,4056489135524,Vita d'Or Sunflower Oil,1.35,open-prices
2026-08-30,Lidl,4056489139195,Bio Organic Bio Strauchtomaten,2.99,open-prices
2026-08-30,Lidl,4056489147121,Nixe Heringsfilet in Tomatencreme,1.29,open-prices
2026-08-30,Lidl,4056489157335,Grafschafter Houstičky,1.19,open-prices
2026-08-30,Lidl,4056489166696,Sondey Löffelbiskuits Savoiardi,1.99,open-prices
2026-08-30,Lidl,4056489183631,GRAFSCHAFTER Pure Kornkraft Haferbrot,1.75,open-prices
2026-08-30,Lidl,4056489186397,Pickenpack Apfel süß-säuerlich,2.65,open-prices
2026-08-30,Lidl,4056489187813,Milbona BIO Organic COTTAGE CHEESE,1.15,open-prices
2026-08-30,Lidl,4056489204060,Crownfield Müsliriegel Schokolade,1.29,open-prices
2026-08-30,Lidl,4056489205234,Dulano Geflügel Wiener,2.25,open-prices
2026-08-30,Lidl,4056489205296,Dulano Delikates Geflügel-Wiener Käse-Paprika,2.25,open-prices
2026-08-30,Lidl,4056489206026,GRÄFSCHAFTER Eiweißreiches Weizenvollkornbrot,1.99,open-prices
2026-08-30,Lidl,4056489207078,IronMaxx Vegan Protein Bar Cookies & Cream Geschmack,0.85,open-prices
2026-08-30,Lidl,4056489208884,Vita d'Or Pflanzen-Magarine,1.39,open-prices
2026-08-30,Lidl,4056489216162,Milbona High Protein Chocolate Flavour Pudding,0.99,open-prices
2026-08-30,Lidl,4056489216216,High protein kwark vanille milbona,0.89,open-prices
2026-08-30,Lidl,4056489216223,K-Classic High Protein Quark Dessert Raspberry,0.89,open-prices
2026-08-30,Lidl,4056489216247,Milbona Peach-Passion Fruit Quark-Based,0.89,open-prices
2026-08-30,Lidl,4056489242260,Chef Select Gelbes Curry mit Hähnchen,3.29,open-prices
2026-08-30,Lidl,4056489244684,Vemondo Hafermilch,1.25,open-prices
2026-08-30,Lidl,4056489254676,Lidl Thunfisch Filets in Sonnenblumenöl,1.29,open-prices
2026-08-30,Lidl,4056489254683,Nixe Thunfischfilets in eigenem Saft,1.29,open-prices
2026-08-30,Lidl,4056489255499,Crownfield Schoko Müsli,2.49,open-prices
2026-08-30,Lidl,4056489267119,Asolo Dolce Cantuccini mit Mandeln,1.99,open-prices
2026-08-30,Lidl,4056489290667,Lidl Chickpea fusilli,1.59,open-prices
2026-08-30,Lidl,4056489290674,Combino Green pea penne,1.39,open-prices
2026-08-30,Lidl,4056489290681,Combino Rote Linsen Rollini,1.59,open-prices
2026-08-30,Lidl,4056489291060,Combino Bio Dinkel Nudeln Penne,1.45,open-prices
2026-08-30,Lidl,4056489292456,Bio+ Bio Eier,3.39,open-prices
2026-08-30,Lidl,4056489292463,Lidl Frische Bio Eier,3.29,open-prices
2026-08-30,Lidl,4056489304692,Fin Carré Noisette Zartschmelzende Schokolade,0.89,open-prices
2026-08-30,Lidl,4056489317197,Lidl Ajvar jemný,4.99,open-prices
2026-08-30,Lidl,4056489321453,fin Carré Mandelkracher Ganze Mandel,1.19,open-prices
2026-08-30,Lidl,4056489329305,Crownfield Premium-Müsli - Früchte & Nüsse,3.85,open-prices
2026-08-30,Lidl,4056489334002,Primadonna Natives Bio-Olivenöl extra,5.56,open-prices
2026-08-30,Lidl,4056489371816,Lidl Thunfischsalat,1.99,open-prices
2026-08-30,Lidl,4056489379522,"Sondey Knuspriges Vital Gebäck Erdnüsse, Korinthen & Sonnenblumenkerne",2.49,open-prices
2026-08-30,Lidl,4056489379850,Ein gutes Stück Bayern Haltbare Bio Vollmilch,1.25,open-prices
2026-08-30,Lidl,4056489386308,Eier,2.69,open-prices
2026-08-30,Lidl,4056489388678,IronMaxx Nutrition Proteïne bar,0.85,open-prices
2026-08-30,Lidl,4056489417910,Lidl Regenbogen Forellenfilets,2.79,open-prices
2026-08-30,Lidl,4056489436485,Vemondo Vegane Muffins,1.99,open-prices
2026-08-30,Lidl,4056489441281,Vemondo Pesto Basilika,1.29,open-prices
2026-08-30,Lidl,4056489447672,Apfel süss-sauerlich,2.49,open-prices
2026-08-30,Lidl,4056489447801,Freshona Gemüsepfanne Asiatische Art,1.99,open-prices
2026-08-30,Lidl,4056489450924,TRATTORIA Alfredo Stonebaked pizza Mozzarella,3.59,open-prices
2026-08-30,Lidl,4056489451044,Vemondo Vegan pizza Verdura,1.79,open-prices
2026-08-30,Lidl,4056489471264,J. D. GROSS Edelbitter Mild 90%,1.49,open-prices
2026-08-30,Lidl,4056489472261,Milbona High Protein Pudding Haselnut Flavour,0.99,open-prices
2026-08-30,Lidl,4056489531340,Lidl Halloween Wednesday Zungenfärber Bonbons,1.27,open-prices
2026-08-30,Lidl,4056489541806,"Eridanous Tahini, Sesammus mit Honig",2.29,open-prices
2026-08-30,Lidl,4056489558101,Crownfield Haferflocken Bio Haferflocken kernig,0.85,open-prices
2026-08-30,Lidl,4056489570295,Sondey Choco Sticks Milchschokolade,1.49,open-prices
2026-08-30,Lidl,4056489570301,Flämische Keksfabrik Schoko-Keks Sticks Zartbitterschokolade,1.49,open-prices
2026-08-30,Lidl,4056489577294,fin CARRE Mandel Kracher,0.9,open-prices
2026-08-30,Lidl,4056489578925,Lidl Fleischwurst,2.99,open-prices
2026-08-30,Lidl,4056489580515,Sondey High Protein Linsenwaffeln,0.79,open-prices
2026-08-30,Lidl,4056489580522,Sondey High Protein Linsenwaffeln mit Maismehl,0.79,open-prices
2026-08-30,Lidl,4056489600473,Dulano Delikatess Pfeffer-Schinkenbraten,1.59,open-prices
2026-08-30,Lidl,4056489601616,Milbona Protein Quark Creme Vanille,1.99,open-prices
2026-08-30,Lidl,4056489609216,Eridanous Soft Nougat mit Erdnüssen und Orangen,1.49,open-prices
2026-08-30,Lidl,4056489609223,Eridanous Soft Nougat Riegel Cranberry,1.49,open-prices
2026-08-30,Lidl,4056489609230,Eridanous Soft Nougat Riegel,1.49,open-prices
2026-08-30,Lidl,4056489616061,Dulano Delikatess Frikadellen Geflügel,3.19,open-prices
2026-08-30,Lidl,4056489616085,Dulano Mini Frikadellen Gemüse-Geflügel,3.19,open-prices
2026-08-30,Lidl,4056489616146,Lidl Rocha Birnen,2.29,open-prices
2026-08-30,Lidl,4056489616436,Milbona Hartkäse Grana padano,4.85,open-prices
2026-08-30,Lidl,4056489618911,Milbona High Protein Pudding Pistaziengeschmack,0.89,open-prices
2026-08-30,Lidl,4056489627449,Chef Select Ei-Bacon Brotaufstrich,1.39,open-prices
2026-08-30,Lidl,4056489644828,Snacks Day Kettle cooked chips smoky barbecue,1.49,open-prices
2026-08-30,Lidl,4056489656296,Dulano Prosciutto cotto,2.49,open-prices
2026-08-30,Lidl,4056489665519,Crownfield Bio Haferflocken zart,0.85,open-prices
2026-08-30,Lidl,4056489666028,Freshona Kidney Bohnen,0.79,open-prices
2026-08-30,Lidl,4056489671848,Spülung Aloe Vera,1.35,open-prices
2026-08-30,Lidl,4056489682677,Alesto Selection Pecan Nuts,3.49,open-prices
2026-08-30,Lidl,4056489685937,Milbona Yogur High Protein Coco,0.79,open-prices
2026-08-30,Lidl,4056489687610,Vemondo Boisson au cacao et à l'avoine,1.15,open-prices
2026-08-30,Lidl,4056489687641,Vemondo Milch Mandel ohne Zucker,1.21,open-prices
2026-08-30,Lidl,4056489691334,Milbona Gouda Scheiben,2.29,open-prices
2026-08-30,Lidl,4056489691341,Milbona Maasdamer Käse Scheiben,2.19,open-prices
2026-08-30,Lidl,4056489704010,Favorina Gewürz-Spekulatius,1.69,open-prices
2026-08-30,Lidl,4056489708988,"Vemondo No Milk Hafer 1,8% Fett",0.85,open-prices
2026-08-30,Lidl,4056489708995,"Vemondo No Milk Hafer 3,5% Fett",0.95,open-prices
2026-08-30,Lidl,4056489721413,Deluxe Pistaziencreme,3.15,open-prices
2026-08-30,Lidl,4056489723257,Culinea Protein source bowl,2.49,open-prices
2026-08-30,Lidl,4056489726388,Milbona High protein grießpudding Zimt,0.69,open-prices
2026-08-30,Lidl,4056489734291,Crownfield Bio Dinkel Hafer Müsli Früchte-Feige,2.75,open-prices
2026-08-30,Lidl,4056489745907,Bioland Bio Dinkel Hafer Müsli Schoko,2.75,open-prices
2026-08-30,Lidl,4056489751076,Milbona High Protein Banane Joghurterzeugnis,0.79,open-prices
2026-08-30,Lidl,4056489790440,Vemondo Veganes Cordon Bleu,1.99,open-prices
2026-08-30,Lidl,4056489790457,Lidl veganes Schnitzel paniert,1.99,open-prices
2026-08-30,Lidl,4056489798552,Deluxe Olivenöl,6.99,open-prices
2026-08-30,Lidl,4056489838210,Aubona High Protein Quarkriegel Schoko,0.49,open-prices
2026-08-30,Lidl,4056489844334,Milbona Bio Feta,2.12,open-prices
2026-08-30,Lidl,4056489846895,Vemondo Bärlauch veganer Brotaufstrich,1.35,open-prices
2026-08-30,Lidl,4056489846901,Vemondo Papaya Mango Curry  Veganer Brotaufstrich,1.35,open-prices
2026-08-30,Lidl,4056489848950,"Milbona haltbare Vollmilch 3,5% Fett",1.09,open-prices
2026-08-30,Lidl,4056489849742,Milbona Irische Butter,2.79,open-prices
2026-08-30,Lidl,4056489856214,maribel Marmelade erdbeer,1.35,open-prices
2026-08-30,Lidl,4056489856238,Maribel Aprikosenmarmelade,1.09,open-prices
2026-08-30,Lidl,4056489857068,Milbona Joghurt mild,0.95,open-prices
2026-08-30,Lidl,4056489857341,Milbona High Protein Chocolate Rice Puddibg,0.79,open-prices
2026-08-30,Lidl,4056489857365,Milbona High Protein Rice Pudding Choco-banana,0.79,open-prices
2026-08-30,Lidl,4056489862970,Vemondo Vegane Rostbratwürstel,1.79,open-prices
2026-08-30,Lidl,4056489869986,Kania Gebratene Nudeln Szechuan Style,1.19,open-prices
2026-08-30,Lidl,4056489869993,Kania Gebratene Nudeln Süss-Sauer,1.19,open-prices
2026-08-30,Lidl,4056489883135,Deluxe Green Beans Wrapped In Bacon,3.99,open-prices
2026-08-30,Lidl,4056489884873,IronMaxx Nutrition Crunchy Protein Bar - White Choc Cookie Dough,1.05,open-prices
2026-08-30,Lidl,4056489885542,Bio Eier aus Brandenburg,2.29,open-prices
2026-08-30,Lidl,4056489905301,Apple cider,0.79,open-prices
2026-08-30,Lidl,4056489906063,Eradinous Halva mit Pistazien,1.99,open-prices
2026-08-30,Lidl,4056489917700,CROWNFIELD High Protein Porridge - Karamell Butterkeks,2.99,open-prices
2026-08-30,Lidl,4056489917717,SPORTYFEEL High Protein Porridge - Schoko Brownie Style,2.99,open-prices
2026-08-30,Lidl,4056489920069,Milbona High protein vanilla pudding,1.59,open-prices
2026-08-30,Lidl,4056489920144,Milbona Banana paradise food in a bottle,2.49,open-prices
2026-08-30,Lidl,4056489920151,Milbona Food in a Bottle - Berry Island,2.49,open-prices
2026-08-30,Lidl,4056489920496,Lidl Bowl Toskana,2.99,open-prices
2026-08-30,Lidl,4056489926467,"Deluxe (Lidl) Hausgemachter Ajvar, scharf",4.99,open-prices
2026-08-30,Lidl,4056489939481,Milbona Milch Laktosefrei,1.29,open-prices
2026-08-30,Lidl,4056489955122,Milbona High Protein Grieß Zimt,0.69,open-prices
2026-08-30,Lidl,4056489965879,Baresa Grüne Oliven mit Mandeln,1.99,open-prices
2026-08-30,Lidl,4056489972624,Lidl Premium Alaska Sockeye Wildlachs,2.99,open-prices
2026-08-30,Lidl,4056489983477,Lidl Bio Hafermilch,0.9,open-prices
2026-08-30,Lidl,4056489988137,Vemondo Pizza Margarita Pomodori,1.79,open-prices
2026-08-30,Lidl,4056489988854,Cien Клечки за уши,0.89,open-prices
2026-08-30,Lidl,4056489989356,Vemondo Bio-Haferfrink ohne Zuckerzusatz,0.95,open-prices
2026-08-30,Lidl,4056489989363,Vemondo Barista Hafer,1.25,open-prices
2026-08-30,Lidl,4056489997948,Ocean Sea Lachsfilet Bio Lidl,6.99,open-prices
2026-08-30,Lidl,4056489999669,Freshona Pois chiches,0.59,open-prices
2026-08-30,Kaufland,4056524000237,K-Classic Toilettenpapier Soft 220 sheets,5.99,open-prices
2026-08-30,dm,4056631002414,"Aptamil Anfangsmilch Pronutra Pre trinkfertig von Geburt an 4x200ml, 0,8 l",6.95,dm-website
2026-08-30,dm,4056631002957,"Milupa Porridge Kinder Hafer & Früchte ab dem 10.Monat, 400 g",4.95,dm-website
2026-08-30,dm,4056631003701,"Aptamil Anfangsmilch Pre Pronutra von Geburt an, 1,2 kg",25.95,dm-website
2026-08-30,dm,4056631003961,"Milupa Anfangsmilch Pre Milumil von Geburt an, 1,2 kg",14.95,dm-website
2026-08-30,dm,4056631004258,"Milupa Babysnack Knusperkringel Tomate & Karotte-Kürbis ab 10+ Monaten, 20 g",1.15,dm-website
2026-08-30,CAP-Markt,4056838700656,Cremiger Karottensalat,1.37,open-prices
2026-08-30,CAP-Markt,4056838700946,Dein Lieblingssalat Cremiger Karottensalat mit Salatmayonnaise,0.69,open-prices
2026-08-30,EDEKA,4056924002206,bedda Scheiben Bockshornklee,2.79,open-prices
2026-08-30,Lidl,4057295250289,ArcticFish lachs,3.29,open-prices
2026-08-30,Netto,4058077763157,jaus Megaburger Buns with sesame seeds,0.99,open-prices
2026-08-30,dm,4058172044472,"Saugstark&Sicher Küchentücher Classic 3-lagig (4x64 Blatt), 4 St",2.75,dm-website
2026-08-30,dm,4058172260223,"dmBio Frucht & Getreide Bircher Müsli ab dem 8. Monat, 190 g",0.95,dm-website
2026-08-30,dm,4058172485572,"dmBio Kakaopulver, Trink-Schokolade, 400 g",3.95,dm-website
2026-08-30,dm,4058172487316,"dmBio Kaffee, Espresso, gemahlen, 250 g",4.25,dm-website
2026-08-30,dm,4058172487330,"dmBio Kaffee, Malzkaffee, löslich, 100 g",2.55,dm-website
2026-08-30,dm,4058172622410,"Saugstark&Sicher Küchentücher Design 3-lagig (3x100 Blatt), 3 St",3.45,dm-website
2026-08-30,dm,4058172623257,"alverde NATURKOSMETIK Primer Hydro mit Dreifach-Hyaluronsäure, 30 ml",3.95,dm-website
2026-08-30,dm,4058172684159,"dmBio Kaffee, Caffè Crema, ganze Bohne, 1 kg",13.95,dm-website
2026-08-30,dm,4058172812965,"babylove Babywasser, von Geburt an, 1 l EINWEG",0.55,dm-website
2026-08-30,dm,4058172862175,"Sanft&Sicher Toilettenpapier Classic 3-lagig (10x220 Blatt), 10 St",3.85,dm-website
2026-08-30,dm,4058172862199,"Sanft&Sicher Toilettenpapier Classic XXL 3-lagig (20x220 Blatt), 20 St",7.65,dm-website
2026-08-30,dm,4058172862212,"Sanft&Sicher Toilettenpapier Premium 4-lagig (10x200 Blatt), 10 St",4.95,dm-website
2026-08-30,dm,4058172862243,"Sanft&Sicher Toilettenpapier Premium 4-lagig (20x200 Blatt), 20 St",9.75,dm-website
2026-08-30,dm,4058172890284,"Sportness Protein Waffel, Schoko Sticks, 21,5 g",0.65,dm-website
2026-08-30,dm,4058172920684,"LANGHAARMÄDCHEN Shampoo Intense Repair, 300 ml",4.95,dm-website
2026-08-30,dm,4058172991745,"dmBio Chiasamen, 300 g",1.85,dm-website
2026-08-30,dm,4058172997105,"SauBär Feuchte Toilettentücher ultra sensitiv (2x60 St), 120 St",2.75,dm-website
2026-08-30,E-Center,4058700771634,Kattus Ajvar,1.69,open-prices
2026-08-30,EDEKA,4058898100056,Marziale Tortellini al Carciofi,3.79,open-prices
2026-08-30,EDEKA,4058898100070,Marziale TORTELLONI AI POMODORI SECCHI &quot;MOZZARELLA DI BUFALA CAMPANA DOP&quot;,3.14,open-prices
2026-08-30,dm,4059729489746,"CATRICE Lippenstift Endless Matte Liquid 100 Coffee Date, 4,5 ml",4.95,dm-website
2026-08-30,dm,4059729491183,"essence Bronzer Stick Baby Got 50 Cozy Coffee Kiss, 5,5 g",2.95,dm-website
2026-08-30,dm,4059729616555,"INAO Mizellenwasser Clean Crush, 500 ml",4.45,dm-website
2026-08-30,Lidl,4060800160683,PepsiCo Rockstar Blueberry Pomegranate Acai Flavour,0.88,open-prices
2026-08-30,Netto,4061445227007,"Eduscho Filterkaffee klassisch, vollmundig & ausgewogen",5.79,open-prices
2025-07-28,EDEKA,4061445293514,Lieblingskaffee,5.99,open-prices
2024-02-24,HIT,4061445293514,Lieblingskaffee,3.99,open-prices
2026-08-30,HIT,4061445293514,Eduscho Lieblingskaffee,3.99,open-prices
2025-10-06,Netto,4061445293514,Lieblingskaffee,5.99,open-prices
2026-05-21,Netto,4061445293514,Lieblingskaffee,5.99,open-prices
2026-08-30,Netto,4061445293514,Eduscho Lieblingskaffee,5.99,open-prices
2026-08-30,ALDI,4061458001212,SilverStone Echter Überseerum 40%,6.99,open-prices
2026-08-30,ALDI,4061458002684,BON-RI Jasminreis,1.99,open-prices
2026-08-30,ALDI,4061458003001,"ALDI ALL SEASONS Kräuter im Beutel Italienische Kräuter, 75 g Aus der Tiefkühlung 0.95 Beutel 1kg 12.67€/9.50€/6.33€ 202",0.99,open-prices
2026-08-30,ALDI,4061458004107,Otto Franck Import Mandarin-Orangen,0.89,open-prices
2026-08-30,ALDI,4061458004114,"Otto Franck Import Pfirsiche halbe Frucht, leicht gezuckert",1.99,open-prices
2026-08-30,ALDI,4061458004121,Asia Green Garden Kokosnussmilch Klassik,1.19,open-prices
2026-08-30,ALDI,4061458004244,Aldi Cornichons,1.29,open-prices
2026-08-30,ALDI,4061458005548,Bio+ Bio-Feta,2.65,open-prices
2026-08-30,ALDI,4061458005791,Carrefour BIO ALDI GUT BIO Huhn Klare Brühe mit Hühnerbrühe Bio-Brühe  Ergiebigkeit ca.7 Liter kontrolliert ökologische ,1.19,open-prices
2026-08-30,ALDI,4061458005807,Gut Bio Klare Bio-Brühe mit Rindfleisch,1.19,open-prices
2026-08-30,ALDI,4061458006781,GUT bio Bio Knusper-Müsli Mango,2.75,open-prices
2026-08-30,ALDI,4061458006897,"King's Crown Geschwärzte Oliven, entsteint",1.29,open-prices
2026-08-30,ALDI,4061458007023,Aldi Bio-Müsli Klassik - Dinkel und Früchte,2.75,open-prices
2026-08-30,ALDI,4061458008198,Aldi Kirschen Sauerkirschen entsteint,3.19,open-prices
2026-08-30,ALDI,4061458009867,Buss Fertiggerichte Thai-Suppe,1.29,open-prices
2026-08-30,ALDI,4061458009874,Speisezeit Festtagssuppe,1.29,open-prices
2026-08-30,ALDI,4061458009966,Omnimax Lebensmittel Chili con Carne,2.49,open-prices
2026-08-30,ALDI,4061458009973,Omnimax Lebensmittel Chili sin Carne,2.49,open-prices
2026-08-30,ALDI,4061458011228,All Seasons Rahm-Spinat,0.89,open-prices
2026-08-30,ALDI,4061458013130,Cucina Nobile ALDI CUCINA Italienischer Prosciutto Crudo 100g 2.29€ Packung 1kg 19.90€,2.29,open-prices
2026-08-30,ALDI,4061458013185,King's Crown Gemüsemais,0.89,open-prices
2026-08-30,ALDI,4061458013642,ALDI Grandessa confiture de fraise,1.49,open-prices
2026-08-30,ALDI,4061458014441,Schmälzle Geflügel Wiener,2.99,open-prices
2026-08-30,ALDI,4061458014519,GutBio Hähnchenbrustfilet,1.59,open-prices
2026-08-30,ALDI,4061458014540,Güldenhof Putenbrustfilet,1.59,open-prices
2026-08-30,ALDI,4061458014557,Güldenhof Putenbrustfilet,1.59,open-prices
2026-08-30,ALDI,4061458014847,Aldi Tortelloni - Käse,1.89,open-prices
2026-08-30,ALDI,4061458014878,Cucina Nobile Tortelloni - Spinat-Ricotta,1.89,open-prices
2026-08-30,ALDI,4061458015219,Aldi Herzhafte Edelsalami geräuchert,1.49,open-prices
2026-08-30,ALDI,4061458015394,"Gut Drei Eichen Landleberwurst grob, gräuchert",1.69,open-prices
2026-08-30,ALDI,4061458015998,CUCINA Prosciutto Cotto,2.49,open-prices
2026-08-30,ALDI,4061458016568,Abraham Jamón Serrano Schinken,2.19,open-prices
2026-08-30,ALDI,4061458016599,Almare Seafood Regenbogenforellenfilets über Eichenholzrauch heiß geräuchert,2.79,open-prices
2026-08-30,ALDI,4061458016926,ALDI KING‘S CROWN Schältomaten ATG 240g,0.79,open-prices
2026-08-30,ALDI,4061458016988,1x Aldi 04.26 Kidneybohnen,0.79,open-prices
2026-08-30,ALDI,4061458018531,Cucina Mozzarella,0.85,open-prices
2026-08-30,ALDI,4061458018906,Meine KuchenWelt Muffins Stracciatella und Schoko,1.79,open-prices
2026-08-30,ALDI,4061458018913,MILSANI Streichfein ungesalzen,1.79,open-prices
2026-08-30,ALDI,4061458018944,Meine Kuchenwelt Französische Schokobrötchen,1.99,open-prices
2026-08-30,ALDI,4061458018951,le Gusto Pfeffer schwarz,0.79,open-prices
2026-08-30,ALDI,4061458019019,Flora Gewürze Knoblauch granuliert,0.85,open-prices
2026-08-30,ALDI,4061458019101,Le Gusto Gewürzmühle - Schwarzer Pfeffer,0.99,open-prices
2026-08-30,ALDI,4061458019859,Aldi Essig,0.79,open-prices
2026-08-30,ALDI,4061458020015,Aldi Sardinen in Sonnenblumenöl - Klassik,0.99,open-prices
2026-08-30,ALDI,4061458021241,Choceur Riesen Schoko-Küsse,1.99,open-prices
2026-08-30,ALDI,4061458021593,Moser Roth Edelbitter-Schokolade 70% Cacao,1.29,open-prices
2026-08-30,ALDI,4061458021609,Moser Roth Bourbon Vanille,1.49,open-prices
2026-08-30,ALDI,4061458021630,Moser Roth Edelbitter-Schokolade 85 % Cacao,1.49,open-prices
2026-08-30,ALDI,4061458021647,Aldi Rahm Mandel,2.39,open-prices
2026-08-30,ALDI,4061458021661,Choceur Trauben Nuss,2.39,open-prices
2026-08-30,ALDI,4061458021692,Choceur Feinherb Nuss,2.39,open-prices
2026-08-30,ALDI,4061458021760,Choceur Mini-Tafeln - Zartherb,2.59,open-prices
2026-08-30,ALDI,4061458021784,Choceur Mini-Tafeln - Edelrahm,2.59,open-prices
2026-08-30,ALDI,4061458021807,Choceur Mini-Tafeln - Vollmilch-Nuss,2.59,open-prices
2026-08-30,ALDI,4061458022033,Goldähren American Sandwich - Weizen,1.09,open-prices
2026-08-30,ALDI,4061458022040,Goldähren Vollkorn-Sandwich,1.09,open-prices
2026-08-30,ALDI,4061458022156,Choceur Knusperriegel Vollmilch,2.29,open-prices
2026-08-30,ALDI,4061458024631,Aldi Chips SALZ,1.09,open-prices
2026-08-30,ALDI,4061458024808,Bellasan Sonnenblumenöl,1.49,open-prices
2026-08-30,ALDI,4061458024815,Bellasan Reines Rapsöl,1.49,open-prices
2026-08-30,ALDI,4061458025140,Aldi Jodiertes Speisesalz,0.28,open-prices
2026-08-30,ALDI,4061458026116,Aldi Feine Kleinkuchen Mandelhörnchen,2.49,open-prices
2026-08-30,ALDI,4061458026215,Aldi Frischei-Waffeln,1.39,open-prices
2026-08-30,ALDI,4061458026642,Meine Kuchenwelt Milchbrötchen,1.89,open-prices
2026-08-30,ALDI,4061458028370,Delikato Scharfer Senf,0.69,open-prices
2026-08-30,ALDI,4061458028813,"Aldi A/Joghurt mild 3,5% Fett",0.99,open-prices
2026-08-30,ALDI,4061458029162,Almare Heringsfilet Tomate,1.39,open-prices
2026-08-30,ALDI,4061458030007,Mucci Eiskalte Kiste,1.99,open-prices
2026-08-30,ALDI,4061458032254,Landfreude Mini-Kartoffelknödel halb & halb,1.69,open-prices
2026-08-30,ALDI,4061458032834,Milsani Schlagsahne 30 % Fett,0.99,open-prices
2026-08-30,ALDI,4061458038584,"Milsani Crème fraîche, 30 % Fett",0.99,open-prices
2026-08-30,ALDI,4061458038607,MILSANI Creme Leicht Kräuter,0.99,open-prices
2026-08-30,ALDI,4061458039437,Milsani BIACtiv fettarmer Joghurt - Vanille,0.39,open-prices
2026-08-30,ALDI,4061458040846,Aldi Mehl Weizenmehl 405 2x,0.59,open-prices
2026-08-30,ALDI,4061458041812,La Finesse Curly Fries,1.89,open-prices
2026-08-30,ALDI,4061458042871,Choceur Coconut Bits MINIS,3.49,open-prices
2026-08-30,ALDI,4061458042963,Choceur Vollmilchschokolade Alpenmilch,0.79,open-prices
2026-08-30,ALDI,4061458042994,Aldi Haselnuss Vollmichschokolade,0.89,open-prices
2026-08-30,ALDI,4061458043007,Choceur crispy Bits,3.49,open-prices
2026-08-30,ALDI,4061458043229,Aldi Französischer Weichkäse,1.79,open-prices
2026-08-30,ALDI,4061458043250,Roi de Trefle Brie-Spitze,1.89,open-prices
2026-08-30,ALDI,4061458043281,Roi de Trèfle Original Französischer Weichkäse,1.79,open-prices
2026-08-30,ALDI,4061458044837,Aldi Blackstone Cream Liqueur,5.49,open-prices
2026-08-30,ALDI,4061458045872,Lyttos Hirtenkäse in Würfeln mit Kräutern,2.69,open-prices
2026-08-30,ALDI,4061458045889,Lyttos Hirtenkäse in Würfeln mit Oliven,2.69,open-prices
2026-08-30,ALDI,4061458045896,Aldi Hirtenkäse in Würfeln mit Paprika und Chili,2.69,open-prices
2026-08-30,ALDI,4061458046367,Goldsteig Emmentaler in Scheiben,2.49,open-prices
2026-08-30,ALDI,4061458047029,Hofburger Maasdamer mild-nussig,2.39,open-prices
2026-08-30,ALDI,4061458047821,Aldi Reibekuchen,1.79,open-prices
2026-08-30,ALDI,4061458048149,Aldi Pizza Spinaci,3.59,open-prices
2026-08-30,ALDI,4061458048187,Pizz'Ah Pizza Salame,3.59,open-prices
2026-08-30,ALDI,4061458048200,Aldi Tonno,3.59,open-prices
2026-08-30,ALDI,4061458048217,Aldi Pizza Speciale,3.59,open-prices
2026-08-30,ALDI,4061458056557,Farmer Macadamia geröstet & gesalzen,3.49,open-prices
2026-08-30,ALDI,4061458058261,Sun Snacks Knabberbox,1.69,open-prices
2026-08-30,ALDI,4061458058469,Aldi Gebäckstangen - Meersalz,1.49,open-prices
2026-08-30,ALDI,4061458058476,Aldi Gebäckstangen - Käse,1.49,open-prices
2026-08-30,ALDI,4061458059015,Sun Snacks Erdnussflips Classic,0.99,open-prices
2026-08-30,ALDI,4061458061117,Rio d'Oro Apfel-Direktsaft Naturtrüb,1.49,open-prices
2026-08-30,ALDI,4061458061865,Aldi Bio-Quark - Vanille,0.85,open-prices
2026-08-30,ALDI,4061458064514,Bio+ Frische Bergbauern Heumilch,1.45,open-prices
2026-08-30,ALDI,4061458067645,Aldi Ananas-Direktsaft,2.49,open-prices
2026-08-30,ALDI,4061458067652,rio d'oro Mandarinensaft,2.49,open-prices
2026-08-30,ALDI,4061458067669,Refresco Orangensaft Premium Direktsaft,2.65,open-prices
2026-08-30,ALDI,4061458069915,Aldi Bourbon-Vanilleschoten,1.3,open-prices
2026-08-30,ALDI,4061458070461,Aldi Kokosmilch fettreduziert,1.19,open-prices
2026-08-30,ALDI,4061458075534,Milsani Harzer Käse,1.79,open-prices
2026-08-30,ALDI,4061458101066,Le Gusto Bunter Pfeffer,1.79,open-prices
2026-08-30,ALDI,4061458104012,Asia Green Garden Krabbenchips - Classic,1.19,open-prices
2026-08-30,ALDI,4061458104029,Asia Green Garden Krabbenchips - Chili,1.19,open-prices
2026-08-30,ALDI,4061458104876,Gut Drei Eichen Nürnberger Rostbratwürste XXL,3.99,open-prices
2026-08-30,ALDI,4061458109833,Aldi Feine Nürnberger Oblaten-Lebkuchen Zartbitterschokolade,2.29,open-prices
2026-08-30,ALDI,4061458112536,Lyttos Halloumi,2.49,open-prices
2026-08-30,ALDI,4061458127400,Aldi Baumkuchen - Vollmilchschokolade,4.49,open-prices
2026-08-30,ALDI,4061458130745,Aldi Lagerbier Hell,0.55,open-prices
2026-08-30,ALDI,4061458131254,ALDI Goldähren MEHL Dinkel Volkornmehl für dunkle Brote & Gebäcke dunkel & rustikal (dunkelblau) 1kg 1.19€,1.19,open-prices
2026-08-30,ALDI,4061458138628,Back Family Marzipanrohmasse,1.2,open-prices
2026-08-30,ALDI,4061458141857,Choceur Weiße Nuß,1.79,open-prices
2026-08-30,ALDI,4061458141871,Choceur Honig Salz Mandel Schokolade,2.39,open-prices
2026-08-30,ALDI,4061458149693,King’s Crown Ceci,0.59,open-prices
2026-08-30,ALDI,4061458163903,Lyttos Hirtenkäse,1.49,open-prices
2026-08-30,ALDI,4061458169066,Goldähren Mehrkornschnitten,1.29,open-prices
2026-08-30,ALDI,4061458178518,Wonnemeyer Weisskrautsalat mit Paprika,2.29,open-prices
2026-08-30,ALDI,4061458181259,Aldi Bio-Müsli Klassik - Dinkel und Schoko,2.75,open-prices
2026-08-30,ALDI,4061458183147,Speisezeit Bihun-Suppe,1.29,open-prices
2026-08-30,ALDI,4061458206624,Aldi Speck Tradizionale,2.79,open-prices
2026-08-30,ALDI,4061458212939,Aldi Mini-Brotchips - Knoblauch,1.79,open-prices
2026-08-30,ALDI,4061458212946,Aldi Mini-Brotchips Meersalz,1.79,open-prices
2026-08-30,ALDI,4061458212953,Sun Snacks Mini-Brotchips - Mediterran,1.79,open-prices
2026-08-30,ALDI,4061458215787,ALDI MEINE KÄSETHEKE Appenzeller,3.29,open-prices
2026-08-30,ALDI,4061458216043,Milsani Milchreis Schoko,0.39,open-prices
2026-08-30,ALDI,4061458216920,Milsani O'Grady - Original Irische Butter,2.69,open-prices
2026-08-30,ALDI,4061458223584,Milsani streichfein ungesalzen,1.79,open-prices
2026-08-30,ALDI,4061458229326,Aldi Butter Milsani,1.99,open-prices
2026-08-30,ALDI,4061458234696,Aldi Eier,3.99,open-prices
2026-08-30,ALDI,4061458235556,The Wonder - Mini-Frikadelle,2.29,open-prices
2026-08-30,ALDI,4061458235587,Aldi The Wonder vegane Fischstäbchen,2.29,open-prices
2026-08-30,ALDI,4061458240000,Aldi Frische Eier aus Freilandhaltung,2.99,open-prices
2026-08-30,ALDI,4061458240628,Aldi Bio-Rispentomaten,1.99,open-prices
2026-08-30,ALDI,4061458240819,Aldi Paprika rot,1.49,open-prices
2026-08-30,ALDI,4061458241397,Gut Bio Zucchini,1.49,open-prices
2026-08-30,ALDI,4061458241434,Bio-Gurke,0.59,open-prices
2026-08-30,ALDI,4061458241991,Natur Lieblinge Trauben hell kernlos,1.69,open-prices
2026-08-30,ALDI,4061458244299,"Milsani Joghurt nach türkischer Art, 3,5 % Fett",2.09,open-prices
2026-08-30,ALDI,4061458244688,Aldi Bio-Speisemöhren,1.89,open-prices
2026-08-30,ALDI,4061458244770,Natur Lieblinge Drillinge Speisekartoffeln,1.69,open-prices
2026-08-30,ALDI,4061458245845,vom Juni 2023 Speisefrühkartoffeln,3.49,open-prices
2026-08-30,ALDI,4061458248129,NATUR Lieblinge Brokkoli,1.79,open-prices
2026-08-30,ALDI,4061458264570,Aldi Schinken mit Pfeffer,2.19,open-prices
2026-08-30,ALDI,4061458264587,Gutfried Putenbrust mit Honig,2.19,open-prices
2026-08-30,REWE,4061458265669,Costafruit Erdbeeren,1.99,open-prices
2026-08-30,ALDI,4061458266932,Einfach Regional Bio Champions,1.79,open-prices
2026-08-30,ALDI,4061458266970,Gut Bio Bio-Champignons braun,1.89,open-prices
2026-08-30,ALDI,4061458270304,Aldi Regionale Himbeeren,2.79,open-prices
2026-08-30,ALDI,4061458271325,DEPOL-FRUCHT Handelsgesellschaft Champ braun,2.39,open-prices
2026-08-30,ALDI,4061458271356,Natur Lieblinge Champions,1.35,open-prices
2026-08-30,ALDI,4061458272308,Salatherzen,0.89,open-prices
2026-08-30,ALDI,4061458273442,Aldi Bio-Kulturheidelbeeren,2.89,open-prices
2026-08-30,ALDI,4061458278928,Milsani Grießpudding High-Protein - Pur/Classic,1.59,open-prices
2026-08-30,ALDI,4061458280334,Milsani High-Protein-Grießpudding Zimt,1.59,open-prices
2026-08-30,ALDI,4061458282901,ALDI Tesoros del Sur Jamón Serrano Schinken g.t.S. 240g 3.49€ 1kg 14.54€,3.99,open-prices
2026-08-30,ALDI,4061458284219,Pfifferlinge,3.69,open-prices
2026-08-30,ALDI,4061458298292,Naturland Körniger Frischkäse,1.49,open-prices
2026-08-30,ALDI,4061459012156,Nur Nur Natur Bio-Äpfel 4er-Pack,1.99,open-prices
2026-08-30,ALDI,4061459015119,LYTTOS Sahnejoghurt nach griechischer Art Natur,2.19,open-prices
2026-08-30,ALDI,4061459110265,Daylicious Sandwich - Thunfisch,1.99,open-prices
2026-08-30,ALDI,4061459110289,Aldi Sandwich Pute & Ei,1.99,open-prices
2026-08-30,ALDI,4061459110333,Aldi Sandwich - Schinken & Gouda,1.99,open-prices
2026-08-30,ALDI,4061459112078,Aldi bio Gehackte Tomaten Kräuter,0.75,open-prices
2026-08-30,ALDI,4061459119190,Daylicious Salatcup - Hähnchen mit Senf-Dressing,2.49,open-prices
2026-08-30,ALDI,4061459119220,Plukon Salatcup - Käse & Schinken mit Joghurt-Dressing,2.49,open-prices
2026-08-30,ALDI,4061459133271,My Vay Bio-Haferdrink Natur,0.9,open-prices
2026-08-30,ALDI,4061459143621,Aldi Cracker Classic,1.49,open-prices
2026-08-30,ALDI,4061459167207,Aldi Bio-Zitronen,1.49,open-prices
2026-08-30,ALDI,4061459188745,"Gut Bio Griechische Bio-Oliven, grün",1.79,open-prices
2026-08-30,ALDI,4061459188912,Bio+ Griechische Bio-Oliven Sorte Kalamata,1.69,open-prices
2026-08-30,ALDI,4061459193695,"Frische Bio-Vollmilch 3,8 % Fett",1.35,open-prices
2026-08-30,ALDI,4061459194111,Aldi Bio-Schlagsahne 30 % Fett,1.19,open-prices
2026-08-30,ALDI,4061459267198,Tomaten,1.25,open-prices
2026-08-30,ALDI,4061459282757,Almare Heringsfilet Eier/Senf,1.09,open-prices
2026-08-30,ALDI,4061459353716,Aldi bio basmati Reis Vollkorn,2.35,open-prices
2026-08-30,ALDI,4061459377118,Nur Nur Natur Bio Belugalinsen,1.49,open-prices
2026-08-30,ALDI,4061459393095,Speisezeit Ravioli mit Sauce Bolognese,1.79,open-prices
2026-08-30,ALDI,4061459425697,Nur Nur Natur Bio-Roggenvollkornbrot,0.99,open-prices
2026-08-30,ALDI,4061459593778,Aldi Bio-Dinkelmehl Typ 630,1.35,open-prices
2026-08-30,ALDI,4061459600636,ALDI BIO Bio MEHL Dinkelmehl Vollkorn 1.25€ 1kg Packung 1kg 1.25€,1.35,open-prices
2026-08-30,ALDI,4061459674101,DE-VAU-GE Gesundkostwerk Cornflakes,1.59,open-prices
2026-08-30,ALDI,4061459682892,"Obst-Riegel Cranberry-Sauerkirsch, Golden Bridge",1.59,open-prices
2026-08-30,ALDI,4061459683110,Golden Bridge Obstriegel - Waldfrucht-Geschmack,1.59,open-prices
2026-08-30,ALDI,4061459686043,Tandil Tandi Color,4.69,open-prices
2026-08-30,ALDI,4061459703757,"von Aldi Bio-Rote Bete, geschält & gegart",1.29,open-prices
2026-08-30,ALDI,4061459715521,Nusskati Duo Schoko Creme,2.99,open-prices
2026-08-30,ALDI,4061459723458,Grandessa Erdbeer-Mango Marmelade,1.69,open-prices
2026-08-30,ALDI,4061459777338,ALDI KÄSE MEINE KÄSETHEKE Bergkäse Original aus Österreichischer Bergkäse am Stück 3.99€ 350-g-Packung 1kg = 11.40€,3.99,open-prices
2026-08-30,ALDI,4061459988208,Aldi Speisezwiebel,1.39,open-prices
2026-08-30,ALDI,4061459998436,Kingscrown Champions,0.99,open-prices
2026-08-30,ALDI,4061459999075,ALDI SWEET VALLEY OBST  Ananas in Scheiben ohne Zuckerzusatz,1.79,open-prices
2026-08-30,ALDI,4061461010355,Sun Snacks Chips Paprika Style,1.09,open-prices
2026-08-30,ALDI,4061461010911,Cucina Grissotti,1.29,open-prices
2026-08-30,ALDI,4061461010928,Cucina Grissotti - Sesam-Mohn-Leinsamen,1.29,open-prices
2026-08-30,ALDI,4061461010935,Cucina Grissotti - Sesam,1.29,open-prices
2026-08-30,ALDI,4061461137229,Grandessa Blütenhonig Mild,2.69,open-prices
2026-08-30,ALDI,4061461137236,"Grandessa Waldhonig würzig, flüssig im Spender",2.69,open-prices
2026-08-30,ALDI,4061461208103,Bio+ Vollkorn Penne,0.85,open-prices
2026-08-30,ALDI,4061461208127,Aldi Bio Fusilli Weizen,0.85,open-prices
2026-08-30,ALDI,4061461216047,Aldi Eiskalte Kiste,1.99,open-prices
2026-08-30,ALDI,4061461221317,King's Crown Kidneybohnen,0.69,open-prices
2026-08-30,ALDI,4061461247508,Aldi BIO Pure Bite raw,2.99,open-prices
2026-08-30,ALDI,4061461277956,King's Crown Kichererbsen,0.59,open-prices
2026-08-30,ALDI,4061461334734,Sun Snacks Peanut Pretzel Sticks,0.99,open-prices
2026-08-30,ALDI,4061461339661,Bio+ Bio-Cashewbruch,2.19,open-prices
2026-08-30,ALDI,4061461370770,Aldi Zimt Chips,2.79,open-prices
2026-08-30,ALDI,4061461393014,Cuciana Fusilli,0.69,open-prices
2026-08-30,ALDI,4061461393021,Cucina Spaghetti Nudeln,0.69,open-prices
2026-08-30,ALDI,4061461479435,Aldi Premium-Cookies Triple Chocolate,1.79,open-prices
2026-08-30,ALDI,4061461488215,Biscotto Haferflocken-Gebäck,3.99,open-prices
2026-08-30,ALDI,4061461490355,Aldi Schokoröllchen - Zartbitter,1.79,open-prices
2026-08-30,ALDI,4061461490379,Aldi Schokoröllchen - Vollmilch,1.79,open-prices
2026-08-30,ALDI,4061461502799,Aldi Doppelkeks Kakaocreme,1.79,open-prices
2026-08-30,ALDI,4061461504229,Aldi Schoko-Butterkeks Vollmilch,1.59,open-prices
2026-08-30,ALDI,4061461504236,Biscotto Schoko Butterkeks,1.59,open-prices
2026-08-30,ALDI,4061461504427,Aldi Schokowaffeln - Zartbitter,2.59,open-prices
2026-08-30,ALDI,4061461504434,Aldi Schokowaffeln Vollmilch,2.59,open-prices
2026-08-30,ALDI,4061461516888,Biscotto Schoko & Keks Sticks - Milchschokolade,1.49,open-prices
2026-08-30,ALDI,4061461516895,Biscotto Schoko & Keks Sticks,1.49,open-prices
2026-08-30,ALDI,4061461518219,Aldi Mini-Orange Cake,1.49,open-prices
2026-08-30,ALDI,4061461518233,Aldi Mini-Butterkeks Wilde Tiere,1.49,open-prices
2026-08-30,ALDI,4061461518240,Aldi Mini-Schokokeks,1.49,open-prices
2026-08-30,ALDI,4061461524074,Aldi Bio Eier,2.99,open-prices
2026-08-30,ALDI,4061461577629,Cucina Nobile Gorgonzola  DOP - Piccante,2.59,open-prices
2026-08-30,ALDI,4061461641436,Landena Wels Serviettenknödel,1.99,open-prices
2026-08-30,ALDI,4061461662424,Balconi Rollino Milch,1.49,open-prices
2026-08-30,ALDI,4061461670580,Wonnemeyer Big Burrito - Chicken Curry,2.99,open-prices
2026-08-30,ALDI,4061461670610,Wonnemeyer Big Burrito - Chicken BBQ,2.99,open-prices
2026-08-30,ALDI,4061461689087,Farmer Naturals Walnusskerne naturbelassen,3.59,open-prices
2026-08-30,ALDI,4061461716943,"Cucina Nobile Parmesan Grana Padano, gerieben",2.59,open-prices
2026-08-30,ALDI,4061461786533,Güldenhof Mini-Hähnchenbrust-Filetstücke - Klassik,1.99,open-prices
2026-08-30,ALDI,4061461906290,Kanzi Apfel,2.19,open-prices
2026-08-30,ALDI,4061461943639,"Bio+ Edelbitter Schokolade, 70 % Kakao",1.85,open-prices
2026-08-30,ALDI,4061461968052,Aldi Tomaten gehackt,0.59,open-prices
2026-08-30,ALDI,4061461972943,Hofburger Emmentaler,2.59,open-prices
2026-08-30,ALDI,4061462043604,Aldi Vegane Mini-Schnitzel,2.19,open-prices
2026-08-30,ALDI,4061462044809,Aldi Edelbitter 90 % Cacao,1.49,open-prices
2026-08-30,ALDI,4061462060304,Aldi PIZZ'AH Steinofen-Pizza Salami,3.99,open-prices
2026-08-30,ALDI,4061462066849,Aldi Nusskati Nuss-Nougat-Creme,1.99,open-prices
2026-08-30,ALDI,4061462089565,Glatte Petersilie,0.89,open-prices
2026-08-30,ALDI,4061462115936,Nur nur natur Gemüse erbsen,1.49,open-prices
2026-08-30,ALDI,4061462150685,Bellasan Natives Olivenöl Extra,8.99,open-prices
2026-08-30,ALDI,4061462183416,Aldi Bio Bio Walnusskerne,2.19,open-prices
2026-08-30,ALDI,4061462220906,"ALDI FAIR Rohrzucker, Fairtrade Fein Dauertiefpreis 1.49€ 500-g-Packung 1kg 2.98€",1.69,open-prices
2026-08-30,ALDI,4061462221026,Aldi Brauner Rohrzucker grob unraffiniert,1.69,open-prices
2026-08-30,ALDI,4061462226229,King‘s Crown Champignons,0.99,open-prices
2026-08-30,ALDI,4061462238024,WONNEMEYER Big Burrito Chicken Kebab Style,2.99,open-prices
2026-08-30,ALDI,4061462246746,Aldi Bio Tempeh - Natur,2.99,open-prices
2026-08-30,ALDI,4061462268984,Gourmet Finest Cuisine Pistaziencreme,2.99,open-prices
2026-08-30,ALDI,4061462287084,Grandessa Blütenhonig flüssig im Glas,2.69,open-prices
2026-08-30,ALDI,4061462287282,Grandessa Blütenhonig,2.69,open-prices
2026-08-30,ALDI,4061462287350,Honigland Blütenhonig cremig,2.69,open-prices
2026-08-30,ALDI,4061462347207,Nur Nur Natur BioBohnensalat,1.29,open-prices
2026-08-30,ALDI,4061462347788,Aldi Bio-Rote Bete Salat,0.79,open-prices
2026-08-30,ALDI,4061462347795,selleriesalat,0.89,open-prices
2026-08-30,ALDI,4061462357626,"Milsani Schlagsahne, 30 % Fett",0.99,open-prices
2026-08-30,ALDI,4061462362415,Asia Green Garden Mie Nudeln,0.89,open-prices
2026-08-30,ALDI,4061462369551,"Farmer naturals Feinste Nuss-Variation, naturbelassen",2.99,open-prices
2026-08-30,ALDI,4061462452772,Choceur Aldi-Gipfel,1.49,open-prices
2026-08-30,ALDI,4061462457821,Farmer naturals exotische trockenfrüchte Mango,2.19,open-prices
2026-08-30,ALDI,4061462475207,cucina Tortelloni,0.99,open-prices
2026-08-30,ALDI,4061462519338,Milsani Vanillejoghurt,2.49,open-prices
2026-08-30,ALDI,4061462542046,"Milsani Speisequark Magerstufe 0,2 % Fett",1.39,open-prices
2026-08-30,ALDI,4061462542145,Milsani Speisequark 20 % Fett,0.89,open-prices
2026-08-30,ALDI,4061462553653,Milsani Speisequark 40 % Fett,0.99,open-prices
2026-08-30,ALDI,4061462558405,Cucina Tortelloni Ricotta & Spinaci,0.99,open-prices
2026-08-30,ALDI,4061462602399,Farmer Naturals Simply Roasted - Nussmischung,3.79,open-prices
2026-08-30,ALDI,4061462606281,Aldi Ananas,1.79,open-prices
2026-08-30,ALDI,4061462622939,Aldi Rispentomaten,3.49,open-prices
2026-08-30,ALDI,4061462622953,Lyttos Griechische Oliven mit Mandeln,1.99,open-prices
2026-08-30,ALDI,4061462630682,Almare Thunfischfilets in eigenen Saft,1.29,open-prices
2026-08-30,ALDI,4061462648199,CUCINA Gnocchi - Spinat & Basilikum,1.99,open-prices
2026-08-30,ALDI,4061462691331,King's Crown Weiße Riesenbohnen in Tomatensauce,0.99,open-prices
2026-08-30,ALDI,4061462720826,Aldi Bio-Brokkoli,1.69,open-prices
2026-08-30,ALDI,4061462737251,Nur Nur Natur Mozarella,2.58,open-prices
2026-08-30,ALDI,4061462739293,Almare Heringsfilets geteilt in Tomatensauce,0.99,open-prices
2026-08-30,ALDI,4061462747977,Gut bio Müsli Klassik Dinkel und Früchte,2.75,open-prices
2026-08-30,ALDI,4061462758577,Golden Bridge Klassik Knusper Müsli,2.49,open-prices
2026-08-30,ALDI,4061462842566,Aldi Genießer-Fässchen mit weißem Balsamico,1.89,open-prices
2026-08-30,ALDI,4061462864803,Milsani Milch,0.85,open-prices
2026-08-30,ALDI,4061462865015,"Milsani Frische Vollmilch 3,5%",0.95,open-prices
2026-08-30,ALDI,4061462872846,Aldi Natives Olivenöl Bio,6.95,open-prices
2026-08-30,ALDI,4061462880087,Alnatura Spinat &quot;Rahm&quot;,0.69,open-prices
2026-08-30,ALDI,4061462889332,Zespri Kiwi Gold,2.29,open-prices
2026-08-30,ALDI,4061462918728,Aldi Sauerkraut mild aus Weißkohl,0.79,open-prices
2026-08-30,ALDI,4061462948664,Golden Bridge Müsli-Riegel Schoko,1.49,open-prices
2026-08-30,ALDI,4061462948695,Golden Bridge Müsliriegel Schoko mit Süßungsmitteln,1.49,open-prices
2026-08-30,ALDI,4061462948718,"Golden Bridge Müsliriegel, Erdbeer-Joghurt",1.49,open-prices
2026-08-30,ALDI,4061462948732,Aldi Müsliriegel Erdnuss,1.49,open-prices
2026-08-30,ALDI,4061462963261,Golden Bridge Nougat Bits,2.79,open-prices
2026-08-30,ALDI,4061462976469,Cucina Grana Padano,5.29,open-prices
2026-08-30,ALDI,4061462993978,Franz Tress Bio Vollkorn Emmer Spirale,2.09,open-prices
2026-08-30,ALDI,4061463280275,Speisezeit Tomatenrahmsuppe,1.29,open-prices
2026-08-30,ALDI,4061463307743,Aldi Tomatenmark 3-fach konzentriert,0.89,open-prices
2026-08-30,ALDI,4061463312785,Grandessa Konfitüre Extra Himbeere,1.79,open-prices
2026-08-30,ALDI,4061463312815,Grandessa Heidelbeere Konfitüre Extra,1.79,open-prices
2026-08-30,ALDI,4061463402028,Eurodont Zahncreme,0.85,open-prices
2026-08-30,ALDI,4061463519207,nutwork Nuss Mix,2.79,open-prices
2026-08-30,ALDI,4061463581358,Kings - Aldi Champignons,1.09,open-prices
2026-08-30,ALDI,4061463586476,Pizz'Ah Pizzeria Pizza Spinaci,3.59,open-prices
2026-08-30,ALDI,4061463721204,Delikato Tomatenketchup,1.29,open-prices
2026-08-30,ALDI,4061463845337,Nur Natur Bio-Haferflocken Kontrolliert,0.85,open-prices
2026-08-30,ALDI,4061463912398,alio Geschirr-Reiniger-Tabs,3.95,open-prices
2026-08-30,ALDI,4061463915016,Milsani High-Protein-Mousse Vanillegeschmack,0.89,open-prices
2026-08-30,ALDI,4061463915030,Milsani High-Protein-Mousse - Schokolade,1.19,open-prices
2026-08-30,ALDI,4061463958150,Aldi Bio-Kokosjoghurt - Natur ungesüßt,1.35,open-prices
2026-08-30,ALDI,4061464173538,Golden Bridge Schoko Chips,2.79,open-prices
2026-08-30,ALDI,4061464176454,Brüggen Nut Flakes,2.79,open-prices
2026-08-30,ALDI,4061464177512,Golden Bridge Honey Wheat gepuffter Weizen mit Honig,2.79,open-prices
2026-08-30,ALDI,4061464177536,Golden Bridge Karamell Crisps,2.79,open-prices
2026-08-30,ALDI,4061464225077,Natur Lieblinge Salatmischung Winter-Mix,1.69,open-prices
2026-08-30,ALDI,4061464225091,Natur Lieblinge Salatmischung Country-Mix,1.49,open-prices
2026-08-30,ALDI,4061464363939,Aldi Mini-Roma-Rispentomaten,1.59,open-prices
2026-08-30,ALDI,4061464487482,Aldi Nussknacker / Nussbeisser XXL,2.69,open-prices
2026-08-30,ALDI,4061464783270,Nur Nur Natur Bio-Hafervollkornriegel - Kakao,1.79,open-prices
2026-08-30,ALDI,4061464783287,Nur Nicht Natur Bio-Hafervollkornriegel - Saaten,1.79,open-prices
2026-08-30,ALDI,4061464795648,Aldi Mini Hähnchenbrustfiletstücke Paprika,2.39,open-prices
2026-08-30,ALDI,4061464811218,Aldi Haferdrink ungesüßt,0.9,open-prices
2026-08-30,ALDI,4061464833821,Brüggen Schoko-Müsli,2.49,open-prices
2026-08-30,ALDI,4061464833845,Golden Bridge Früchte-Müsli,2.49,open-prices
2026-08-30,ALDI,4061464835504,Golden Bridge Trauben-Nuss Müsli Vollkorn,2.59,open-prices
2026-08-30,ALDI,4061464835580,Golden Bridge Früchte-Müsli Vollkorn,2.59,open-prices
2026-08-30,ALDI,4061464835658,Golden Bridge Premium Müsli,2.79,open-prices
2026-08-30,ALDI,4061464835740,Golden Bridge Premium Müsli,2.79,open-prices
2026-08-30,ALDI,4061464835757,Golden Bridge Premium Müsli,2.79,open-prices
2026-08-30,ALDI,4061464836297,GUT Bio Basis Müsli 5-Kornmix,1.69,open-prices
2026-08-30,ALDI,4061464837171,Golden Bridge Schoko Keks Knusper Müsli,2.49,open-prices
2026-08-30,ALDI,4061464911895,Golden Bridge Zarte Haferflocken,0.69,open-prices
2026-08-30,ALDI,4061464912014,Golden Bridge Haferflocken kernig,0.79,open-prices
2026-08-30,ALDI,4061464912243,Golden Bridge Porridge Klassisch,1.69,open-prices
2026-08-30,ALDI,4061464912250,Aldi Porridge Hafermahlzeit Apfel-Zimt,1.69,open-prices
2026-08-30,ALDI,4061464973657,Aldi Hi! Spice - Avocado,1.59,open-prices
2026-08-30,EDEKA,4062073033633,bree Sauvignon Blanc,2.99,open-prices
2026-08-30,Lidl,4062139005536,Lay's aus dem Ofen Geröstete Paprika,0.99,open-prices
2026-08-30,Netto,4062139006038,Doritos Nacho Cheese,1.99,open-prices
2026-08-30,Lidl,4062139006052,Doritos Sweet-Chili-Pepper Geschmack,0.99,open-prices
2026-08-30,Netto,4062139025114,Pepsi Cola Zero Zucker,0.69,open-prices
2026-08-30,Kaufland,4062139026210,PepsiCo Peach,1.49,open-prices
2026-08-30,Kaufland,4062139026319,Lay’s MAX Roasted Onion & Sour Cream,0.99,open-prices
2026-08-30,Lidl,4062139026333,Lay's Chili und Lime Chips,1.11,open-prices
2026-08-30,Netto,4062196082884,Heitmann Reine Zitronensäure flüssig,3.29,open-prices
2026-08-30,dm,4062196125598,"Heitmann Entkalker Kaffeemaschinen, 250 ml",4.95,dm-website
2026-08-30,Kaufland,4062196346924,Heitmann Färbetücher Ultra-Schwarz 2in1,3.55,open-prices
2026-08-30,dm,4062196351423,"Heitmann Waschmittel Brillantweiss Vorhänge & Gardinen, 50 g",0.95,dm-website
2026-08-30,dm,4062300015920,"HiPP Menü Früh-Karotten mit Kartoffeln & Wildlachs ab dem 5. Monat, 190 g",1.75,dm-website
2026-08-30,dm,4062300034747,"HiPP Saft Banane in Apfel ab dem 5. Monat, 200 ml",1.15,dm-website
2026-08-30,dm,4062300034778,"HiPP Saft Milder Apfel ab dem 5.Monat, 200 ml",1.15,dm-website
2026-08-30,dm,4062300036710,"HiPP Menü Gemüserisotto mit zarter Pute ab dem 12. Monat, 250 g",1.95,dm-website
2026-08-30,dm,4062300208254,"HiPP Menü Karotten mit Reis & Wildlachs ab dem 8. Monat, 220 g",1.85,dm-website
2026-08-30,dm,4062300236424,"HiPP Saft Milder Apfel mit stillem Wasser ab 1 Jahr, 200 ml",0.85,dm-website
2026-08-30,dm,4062300253735,"HiPP Menü Pasta Bambini Tagliatelle in Spinat-Käse-Sauce ab dem 12. Monat, 250 g",1.85,dm-website
2026-08-30,dm,4062300256385,"HiPP Kindermüsli Knusper ab dem 15. Monat, 200 g",2.75,dm-website
2026-08-30,dm,4062300261532,"HiPP Menü Kürbis mit Kartoffeln & Rind ab dem 5. Monat, 190 g",1.75,dm-website
2026-08-30,dm,4062300261563,"HiPP Menü Mini-Pasta mit Alaska-Seelachsfilet & Buttergemüse ab dem 6. Monat, 190 g",1.75,dm-website
2026-08-30,dm,4062300262515,"HiPP Menü Spaghetti Bolognese ab dem 12. Monat, 250 g",1.95,dm-website
2026-08-30,dm,4062300262652,"HiPP Frucht & Joghurt Guten Morgen Erdbeere in Apfel Müsli ab dem 10. Monat, 160 g",1.15,dm-website
2026-08-30,dm,4062300262683,"HiPP Frucht & Joghurt Müsli Guten Morgen ab dem 10. Monat, 160 g",1.15,dm-website
2026-08-30,dm,4062300266087,"HiPP Menü Spaghetti Bolognese ab dem 8. Monat, 220 g",1.85,dm-website
2026-08-30,dm,4062300266148,"HiPP Menü Couscous mit Gemüse & Hühnchen ab dem 8. Monat, 220 g",1.85,dm-website
2026-08-30,dm,4062300266230,"HiPP Menü Mais mit Kartoffelpüree & Pute ab dem 5.Monat, 190 g",1.75,dm-website
2026-08-30,dm,4062300267619,"HiPP Babysanft Feuchte Toilettentücher ultra sensitiv, 50 St",1.75,dm-website
2026-08-30,dm,4062300269880,"HiPP Frucht & Getreide Feines Bircher Müsli ab dem 6. Monat, 190 g",1.45,dm-website
2026-08-30,dm,4062300294523,"HiPP Kindermüsli Früchte ab dem 10. Monat, 200 g",2.75,dm-website
2026-08-30,dm,4062300345287,"HiPP Saft Karotte Direktsaft nach dem 4. Monat, 330 ml",1.55,dm-website
2026-08-30,dm,4062300349445,"HiPP Porridge Frühstück Banane-Blaubeere Haferbrei ab dem 10. Monat, 160 g",1.35,dm-website
2026-08-30,dm,4062300367715,"HiPP Frucht & Getreide Himbeere in Apfel-Bananen Müsli ab dem 8.Monat, 190 g",1.45,dm-website
2026-08-30,dm,4062300378391,"HiPP Kindermüsli Beeren ab dem 10. Monat, 200 g",2.75,dm-website
2026-08-30,dm,4062300379657,"HiPP Frucht & Joghurt Blaubeere in Apfel-Joghurt-Müsli, ab dem 10.Monat, 160 g",1.15,dm-website
2026-08-30,dm,4062300392915,"HiPP Saft Frucht + Vitamin C Multifrucht ab dem 6. Monat, 500 ml",1.25,dm-website
2026-08-30,dm,4062300393639,"HiPP Saft Frucht + Eisen Rote Traube in Apfel ab dem 6. Monat, 500 ml",1.25,dm-website
2026-08-30,dm,4062300398894,"HiPP Anfangsmilch Pre Combiotik von Geburt an, 600 g",15.95,dm-website
2026-08-30,dm,4062300399518,"HiPP Kindersnack Knabber Sternchen mit Apfel, Orange und Johannisbeere, ab 1 Jahr, 30 g",1.15,dm-website
2026-08-30,dm,4062300402782,"HiPP Anfangsmilch Pre HA Combiotik von Geburt an, 600 g",17.45,dm-website
2026-08-30,dm,4062300406490,"HiPP Frucht & Getreide Apfel-Bananen-Müsli, ab dem 8.Monat, 190 g",1.45,dm-website
2026-08-30,dm,4062300409064,"HiPP Porridge Frühstück Mango-Banane-Haferbrei, ab dem 10.Monat, 160 g",1.35,dm-website
2026-08-30,dm,4062300429710,"HiPP Kindersnack Urkorn-Dinos Cranberry, Johannisbeere, Urgetreide ab 1 Jahr, 30 g",1.15,dm-website
2026-08-30,dm,4062300433939,"HiPP Getreidebrei Bircher Müesli ab dem 6. Monat, 250 g",2.75,dm-website
2026-08-30,dm,4062300439481,"HiPP Menü Cremiger Gemüse-Reis mit Kichererbsen ab 8. Monat pflanzlich, 220 g",1.75,dm-website
2026-08-30,dm,4062300441361,"HiPP Frucht & Getreide Blaubeere Johannisbeere in Apfel mit Haferflocken ab dem 8.Monat, 160 g",1.55,dm-website
2026-08-30,dm,4062300442641,"Hipp Mama Still Smoothie Rote Früchte in Apfel mit Eisen, 200 ml",1.35,dm-website
2026-08-30,dm,4062300442658,"Hipp Mama Still Smoothie mit Folsäure, 200 ml",1.35,dm-website
2026-08-30,dm,4062300454101,"HiPP Kindermüsli Frühstücks-Ringe, ab 2 Jahren, 120 g",1.95,dm-website
2026-08-30,dm,4062300456099,"HiPP Quetschie Bircher Müsli, ab 1 Jahr, 100 g",1.05,dm-website
2026-08-30,dm,4062300463103,"HiPP Menü Spätzle mit Gulasch ab dem 8. Monat, 220 g",1.85,dm-website
2026-08-30,dm,4062300463141,"HiPP Menü Spätzle mit Gulasch ab dem 6. Monat, 190 g",1.75,dm-website
2026-08-30,dm,4062300463196,"HiPP Menü Spätzle mit Gulasch ab dem 12. Monat, 250 g",1.95,dm-website
2026-08-30,dm,4062300464834,"HiPP Anfangsmilch Pre PUR von Geburt an, 500 g",10.95,dm-website
2026-08-30,dm,4062300465985,"HiPP Anfangsmilch Pre Combiotik trinkfertig von Geburt an, 200 ml",2.25,dm-website
2026-08-30,dm,4062300472488,"HiPP Quetschie Müsli Heidelbeere, Banane in Apfel ab 1 Jahr, 120 g",1.05,dm-website
2026-08-30,dm,4062300473294,"HiPP Kindermüsli Crunchy Dinos Waldbeere, ab 3 Jahren, 300 g",3.95,dm-website
2026-08-30,dm,4062300473331,"HiPP Kindermüsli Crunchy Crocos Apfel Zimt, 300 g",3.95,dm-website
2026-08-30,dm,4062300473553,"HiPP Kindersnack Mini Hafer-Herzen Erdbeere-Himbeere, ab 3 Jahre, 40 g",1.25,dm-website
2026-08-30,Kaufland,4062400156301,Sierra Tropical Chilli,14.99,open-prices
2026-08-30,Kaufland,4062400422505,Sierra Tequila Reposado,14.99,open-prices
2026-08-30,E-Center,4062800000990,MinusL H-Milch 1.5% Fett laktosefrei,1.89,open-prices
2026-08-30,CAP-Markt,4062800002604,MinusL Butter,1.1,open-prices
2026-08-30,EDEKA,4062800003489,Minus l Emmentaler Gerieben,1.99,open-prices
2026-08-30,Kaufland,4063367006210,Kaufland Bio Risotto Reis,2.65,open-prices
2026-08-30,Kaufland,4063367056574,K Bio Kartoffeln,2.49,open-prices
2026-08-30,Kaufland,4063367085970,K Classic Geflügelfond,1.39,open-prices
2026-08-30,Kaufland,4063367143113,K-Classic Cashew Erdnuss Mix Honig & Salz,2.29,open-prices
2026-08-30,Kaufland,4063367143120,K-Classic Cashew Erdnuss Mix Hot Chili,2.29,open-prices
2026-08-30,Kaufland,4063367143137,K-Classic Erdnüsse im Paprika-Knuspermantel,1.19,open-prices
2026-08-30,Kaufland,4063367143151,Kaufland K-Classic Erdnüsse mit schwarzem Pfeffer,0.89,open-prices
2026-08-30,Kaufland,4063367143175,K-Classic Erdnüsse Wasabi Style,1.69,open-prices
2026-08-30,Kaufland,4063367144721,K Classic Gewürzgurken,1.19,open-prices
2026-08-30,Kaufland,4063367153921,K Classic GRÜNE BOHNEN-Topf,1.89,open-prices
2026-08-30,Kaufland,4063367156762,K-Classic Pinto Chili Bohnen,0.99,open-prices
2026-08-30,Kaufland,4063367156823,K Classic Kidneybohnen,0.55,open-prices
2026-08-30,Kaufland,4063367157240,K classic Delikatess Apfelrotkohl,0.79,open-prices
2026-08-30,Kaufland,4063367182006,K-Classic Blütenhonig cremig,2.69,open-prices
2026-08-30,Kaufland,4063367200410,K Bio Mango tiefgefroren,2.49,open-prices
2026-08-30,Kaufland,4063367224638,K-Classic Jagdwurst,3.79,open-prices
2026-08-30,Kaufland,4063367227691,K-Classic Thüringer Rostbratwurst,3.79,open-prices
2026-08-30,Kaufland,4063367234613,Kaufland Letscho von K-Classic,1.29,open-prices
2026-08-30,Kaufland,4063367239106,K-CLASSIC Karottensalat,0.79,open-prices
2026-08-30,Kaufland,4063367251238,K-Classic leberwurst schnittlauch,0.99,open-prices
2026-08-30,Kaufland,4063367255533,Kaufland Gouda Holland Jung,3.79,open-prices
2026-08-30,Kaufland,4063367258824,K-Classic Rohschinkenwürfel Leicht,2.39,open-prices
2026-08-30,Kaufland,4063367289859,K-Favorites Pfifferlinge,3.79,open-prices
2026-08-30,Kaufland,4063367317675,K-Classic Getränkesirup Orange,2.79,open-prices
2026-08-30,Kaufland,4063367317774,Kaufland Getränkesirup Waldmeistergeschmack,2.79,open-prices
2026-08-30,Kaufland,4063367321269,K-Classic American Style Erdnusscreme crunchy,1.79,open-prices
2026-08-30,Kaufland,4063367321276,K-Classic American Style Erdnusscreme Creamy,1.75,open-prices
2026-08-30,Kaufland,4063367332869,K-Classic Marzipanrohmasse,1.89,open-prices
2026-08-30,Kaufland,4063367334900,K-Favourites Barbecue Sauce mit Honig,1.39,open-prices
2026-08-30,Kaufland,4063367335112,K-Classic Feine Marzipanrohmasse,1.79,open-prices
2026-08-30,Kaufland,4063367353499,K-Classic Erdnüsse pikant,0.89,open-prices
2026-08-30,Kaufland,4063367353864,Crazywolf Energy Drink Sugarfree,0.39,open-prices
2026-08-30,Kaufland,4063367353949,Crazy Wolf Energy Drink Tropical Geschmack,0.39,open-prices
2026-08-30,Kaufland,4063367365027,Kaufland Datteln entsteint,1.49,open-prices
2026-08-30,Kaufland,4063367379000,K-Classic Edel Rum Traube Nuss Schokolade,1.79,open-prices
2026-08-30,Kaufland,4063367379475,Kaufland Basmati Reis von K-Bio,1.79,open-prices
2026-08-30,Kaufland,4063367379505,KBio Jasmin-Reis,1.85,open-prices
2026-08-30,Kaufland,4063367385322,K Bio Roggen Brötchen,2.29,open-prices
2026-08-30,Kaufland,4063367386329,Kaufland Gewürzgurken Partygurken fein-würzig,0.99,open-prices
2026-08-30,Kaufland,4063367395208,Marktfrisch Paprika,3.49,open-prices
2026-08-30,Kaufland,4063367396182,k-bio Rote Beete Bio/ Kcl,1.09,open-prices
2026-08-30,Kaufland,4063367397080,K Classic Salsiccia Classic Bratwurst,3.49,open-prices
2026-08-30,Kaufland,4063367399954,Kaufland Krabbenchips Klassik,2.39,open-prices
2026-08-30,Kaufland,4063367405013,Kaufland Bio Frische Vollmilch,1.35,open-prices
2026-08-30,Kaufland,4063367405020,"Kaufland Bio Milch, haltbar, 1,5 %, Bio",1.25,open-prices
2026-08-30,Kaufland,4063367407062,K-CLASSIC Paprika Rosenscharf,0.85,open-prices
2026-08-30,Kaufland,4063367409295,Kaufland K-classic Macadamia geröstet & gesalzen,3.49,open-prices
2026-08-30,Kaufland,4063367412219,Kaufland take it veggie Veganer Haferdrink ohne Zucker,0.9,open-prices
2026-08-30,Kaufland,4063367433245,K-Classic Frischer Schmand,0.79,open-prices
2026-08-30,Kaufland,4063367479694,K-Classic Vanilleschote Bourbon,1.49,open-prices
2026-08-30,Kaufland,4063367507069,Kaufland Studentenfutter Klassik,1.83,open-prices
2026-08-30,Kaufland,4063367507083,K-Classic Studentenfutter Exotic,1.83,open-prices
2026-08-30,Kaufland,4063367507106,K Classic Nuts royal,3.39,open-prices
2026-08-30,Kaufland,4063367507465,Kaufland Cashew-Cranberry-Mix,1.99,open-prices
2026-08-30,Kaufland,4063367507489,"K-Classic Cashew Kerne, naturbelassen",2.89,open-prices
2026-08-30,Kaufland,4063367507502,K-Classic XXL Cashewkerne naturbelassenen,4.79,open-prices
2026-08-30,Kaufland,4063367507588,Kaufland Cranberries getrocknet & gezuckert,1.99,open-prices
2026-08-30,Kaufland,4063367507625,K-Classic WALNUSS-KERNE,2.99,open-prices
2026-08-30,Kaufland,4063367507724,K-Classic Kalifornische Pistazien,3.49,open-prices
2026-08-30,Kaufland,4063367507748,"K-Classic Kalifornische Pistazien, geröstet und gesalzen",4.79,open-prices
2026-08-30,Kaufland,4063367507762,K-Classic Kalifornische Pistazien geröstet,3.49,open-prices
2026-08-30,Kaufland,4063367510533,K-Carinura Nassfutter Fleischgenuss Premium Mit Wild Adult,0.75,open-prices
2026-08-30,Kaufland,4063367511097,Kaufland Dessert Schokolade,0.39,open-prices
2026-08-30,Kaufland,4063367531712,K-Carinura Nasfutter Reich an Geflügel mit Kalb Feine Stückchen in Sauce,0.45,open-prices
2026-08-30,Kaufland,4063367584268,"K-Classic Pistazienkerne ohne Schale, geröstet & gesalzen",3.99,open-prices
2026-08-30,Kaufland,4063367624056,Kaufland Classic Blaubeeren getrocknet & gesüßt,2.99,open-prices
2026-08-30,dm,4063528008862,"Foamie Festes Duschgel Kirschblüte & Reismilch, 80 g",4.45,dm-website
2026-08-30,dm,4063528008879,"Foamie Festes Duschgel Kokos & Kakaobutter, 80 g",4.45,dm-website
2026-08-30,dm,4063528017796,"Foamie Festes Duschgel Men Wasserminze & Zitrone 3in1, 90 g",4.95,dm-website
2026-08-30,dm,4063528076472,"Foamie Festes Duschgel Fruchtige Frische, 80 g",4.45,dm-website
2026-08-30,dm,4063528106971,"DEJAN GARZ Shampoo The Sensitive, 300 ml",12.95,dm-website
2026-08-30,EDEKA,4063600006380,"Friedrichs Kodiak Wildlachs geräuchert 4063600006380 Rotlachs kaltgeräuchert, in Scheiben geschnitten",5.59,open-prices
2024-03-14,E-Center,4064102000579,BIO GURKE,1.0,open-prices
2026-08-30,E-Center,4064102000579,Gemüsering Stuttgart GmbH BIO GURKE,1.0,open-prices
2025-04-08,EDEKA,4064102000579,BIO GURKE,1.11,open-prices
2026-08-30,EDEKA,4064102000579,Gemüsering Stuttgart GmbH BIO GURKE,1.11,open-prices
2024-03-30,E-Center,4064102016365,Bio Shiitake,2.99,open-prices
2026-08-30,E-Center,4064102016365,Unsere Heimat Bio Shiitake,2.99,open-prices
2024-03-02,EDEKA,4064102016365,Bio Shiitake,2.99,open-prices
2024-03-30,EDEKA,4064102016365,Bio Shiitake,2.99,open-prices
2026-08-30,EDEKA,4064102016365,Unsere Heimat Bio Shiitake,2.99,open-prices
2026-08-30,EDEKA,4064102017041,Unsere Heimat Pastinaken,1.99,open-prices
2026-08-30,Netto,4064841101674,frija Camembert,1.19,open-prices
2026-08-30,EDEKA,4064872000120,Krone Bio Graved-Lachs,1.9,open-prices
2026-08-30,CAP-Markt,4064872000670,Krone Forellen-Filets geräuchert,0.9,open-prices
2026-08-30,EDEKA,4064872000922,Friedrichs Kodiak Wildlachs,3.0,open-prices
2026-08-30,dm,4065331005298,"Bübchen Sonnenmilch sensitiv Baby & Kids LSF 50+, 100 ml",6.95,dm-website
2026-08-30,Netto,4065698202101,The Simpsons Donuts Brown Glazed,2.99,open-prices
2026-08-30,dm,4066447075526,"dmBio Kaffee Klassik löslich, 100 g",4.45,dm-website
2026-08-30,dm,4066447075540,"dmBio Kaffee Entkoffeiniert löslich, 100 g",5.35,dm-website
2026-08-30,dm,4066447084894,"dmBio Müsliriegel, Hafer Nuss, 3er Pack, 105 g",1.95,dm-website
2026-08-30,dm,4066447088281,"dmBio Espresso de Peru, gemahlen, 250 g",4.65,dm-website
2026-08-30,dm,4066447109559,"Balea Vaseline, 125 ml",1.15,dm-website
2026-08-30,dm,4066447111125,"PUSBLU Betteinlage wasserdicht, ca. 70 x 100 cm, 1 St",14.9,dm-website
2026-08-30,dm,4066447124132,"Sportness Energieriegel, Natural Energy, Vollkorn-Haferflocken, Cranberries, Himbeeren & Blaubeeren, 40 g",0.75,dm-website
2026-08-30,Kaufland,4066447129090,ebelin PROFESSIONAL Frisierkamm (Stylingkamm Carbon),3.25,open-prices
2026-08-30,dm,4066447160925,Balea MEN FRESH FESTE DUSCHSEIFE,2.35,dm-website
2026-08-30,dm,4066447200287,"dmBio Schokoriegel, Vollmilch mit gepufftem Dinkel, 45 g",0.9,dm-website
2026-08-30,dm,4066447203431,"dmBio Müsliriegel, Hafer Kakao, 35 g",0.95,dm-website
2026-08-30,dm,4066447225372,"dmBio Schokoriegel, Vollmilch Kokos, 40 g",0.85,dm-website
2026-08-30,dm,4066447225396,"dmBio Schokoriegel, Zartbitter Kokos, 40 g",0.85,dm-website
2026-08-30,dm,4066447229066,"dmBio Schokoriegel, Edelmarzipan mit Honig & Zartbitterschokolade, 40 g",0.95,dm-website
2026-08-30,dm,4066447231373,"dmBio Grüner Tee Matcha, gemahlen, 30 g",8.95,dm-website
2026-08-30,dm,4066447231854,"dmBio Kräutertee Fenchel, Anis & Kümmel (50 Beutel), 100 g",2.45,dm-website
2026-08-30,dm,4066447232752,"dmBio Espresso ganze Bohnen, 1 kg",13.95,dm-website
2026-08-30,dm,4066447233049,"dmBio Kaffee entkoffeiniert gemahlen, 250 g",4.95,dm-website
2026-08-30,dm,4066447238402,"dmBio Grüner Tee Matcha Sticks (10 Sticks), 20 g",5.95,dm-website
2026-08-30,dm,4066447244502,dm Toilettenpapier Sanft&Sicher nature,3.95,dm-website
2026-08-30,dm,4066447252088,"Dein Bestes ganzjähriges Menü für Wildvögel, 1 kg",1.95,dm-website
2026-08-30,dm,4066447256628,"dmBio Schokolierte Himbeeren in Zartbitter, 50 g",1.75,dm-website
2026-08-30,dm,4066447257625,Mivolis Molke-Riegel,0.45,dm-website
2026-08-30,dm,4066447257649,Mivolis Molke-Riegel Heidelbeer,0.45,dm-website
2026-08-30,dm,4066447295153,"dmBio Nussmischung, schokoliert, 120 g",2.95,dm-website
2026-08-30,dm,4066447342055,"Balea PROFESSIONAL Spülung Aqua Hyaluron, 200 ml",1.25,dm-website
2026-08-30,dm,4066447345247,"Balea Deo Achselpads Größe M, 14 St",2.95,dm-website
2026-08-30,dm,4066447348590,"dmBio Saft Apfel-Birne mit stillem Wasser, ab dem 6. Monat, 500 ml",1.15,dm-website
2026-08-30,dm,4066447363159,"dmBio Brezeln, schokoliert in Vollmilchschokolade, 100 g",1.95,dm-website
2026-08-30,dm,4066447369595,dmBio Joghurt Reiswaffeln,0.95,dm-website
2026-08-30,dm,4066447374049,"Profissimo Teefilter, 100 St",1.55,dm-website
2026-08-30,dm,4066447374872,"Sanft&Sicher Feuchtes Toilettenpapier Ultra Sensitiv (2x50 Stück), 100 St",2.95,dm-website
2026-08-30,dm,4066447375541,"dmBio Kamillen Tee, lose, 60 g",2.95,dm-website
2026-08-30,dm,4066447395181,"dmBio Kokosdrink Pur ab 1 Jahr, 330 ml",1.25,dm-website
2026-08-30,dm,4066447414837,"Sportness Protein Drink Eiskaffee Geschmack, trinkfertig, 200 ml",1.75,dm-website
2026-08-30,dm,4066447415254,"dmBio Dinkelkaffee, 100 g",2.65,dm-website
2026-08-30,dm,4066447422825,"dmBio Müsli Crunchy, Hafer Beeren, glutenfrei, 350 g",3.25,dm-website
2026-08-30,dm,4066447424089,"dmBio Früchtetee Milde Früchte mit Apfel, Hagebutte & süße Brombeerblätter (20 Beutel), 50 g",0.95,dm-website
2026-08-30,dm,4066447437188,"dm Denk mit Spülmittel Ultra Lavendel 0,5 l 0,95€ l 1l 1,90€",0.95,dm-website
2026-08-30,dm,4066447484519,"Saugstark&Sicher Küchentücher Halbblatt Recycling 3-lagig (8x140 Blatt), 8 St",4.85,dm-website
2026-08-30,dm,4066447490824,"dmBio Nussmischung, 200 g",3.25,dm-website
2026-08-30,dm,4066447506310,"Sanft&Sicher Toilettenpapier Deluxe 5-lagig (8x130 Blatt), 8 St",4.95,dm-website
2026-08-30,dm,4066447506341,"Sanft&Sicher Toilettenpapier Deluxe 5-lagig (4x130 Blatt), 4 St",2.55,dm-website
2026-08-30,dm,4066447506549,"Saugstark&Sicher Küchentücher Classic 3-lagig (8x64 Blatt), 8 St",4.95,dm-website
2026-08-30,dm,4066447517583,"dmBio Grüner Tee Sencha (50 Beutel), 75 g",2.35,dm-website
2026-08-30,dm,4066447518375,"dmBio Kräutertee Ingwer, Zitrone & Manuka (20 Beutel), 40 g",1.95,dm-website
2026-08-30,dm,4066447519600,"dmBio Grüner Tee Ingwer & Zitrone (20 Beutel), 40 g",1.65,dm-website
2026-08-30,dm,4066447522440,"dmBio Kaffee, Caffè de Peru gemahlen, 500 g",8.75,dm-website
2026-08-30,dm,4066447522464,"dmBio Caffè Crema de Peru, ganze Bohne, 500 g",8.75,dm-website
2026-08-30,dm,4066447522501,"dmBio Espresso de Peru, ganze Bohne, 250 g",4.65,dm-website
2026-08-30,dm,4066447562521,"dmBio Früchtetee ""Deine Auszeit"" mit Apfel, Hibiskus & Johannisbeeren (20 Beutel), 38 g",1.85,dm-website
2026-08-30,dm,4066447562545,"dmBio Kräutertee ""Deine Gelassenheit"" mit Fenchel, Kamille & Melisse (20 Beutel), 40 g",1.85,dm-website
2026-08-30,dm,4066447563955,"dmBio Kräutertee, Basische Kräuter, lose, 75 g",2.75,dm-website
2026-08-30,dm,4066447577327,DmBio Barista Haferdrink mit Soja,1.35,dm-website
2026-08-30,dm,4066447580198,Dontodent Kaugummi Nature Gum Spearmint,1.85,dm-website
2026-08-30,dm,4066447601084,Dontodent Kaugummi Nature Gum Zitrone,1.85,dm-website
2026-08-30,dm,4066447616477,"dmBio Schokoriegel Milch, 23 g",0.65,dm-website
2026-08-30,dm,4066447656879,"dmBio Kakao Nibs, 200 g",4.95,dm-website
2026-08-30,dm,4066447663075,"dmBio Knuspermüsli, Fruchtringe, 300 g",2.25,dm-website
2026-08-30,dm,4066447674767,"dmBio Trockenfrüchte, Erdbeerscheiben gefriergetrocknet, 25 g",2.75,dm-website
2026-08-30,dm,4066447704204,"dmBio Doppelkeks Dinkel Kakao, Mini, 90 g",0.85,dm-website
2026-08-30,dm,4066447704945,Balea Liquid soap,0.85,dm-website
2026-08-30,dm,4066447705041,"Balea Flüssigseife, milde Seife Pflege & Hygiene, antibakteriell, Nachfüllpack, 500 ml",0.85,dm-website
2026-08-30,dm,4066447712865,DmBio Dinkel Frischei Waffeln,1.35,dm-website
2026-08-30,dm,4066447716702,"SauBär Badespielzeug Wasser-Spaß Paddeltier, 1 St",2.95,dm-website
2026-08-30,dm,4066447725278,"Balea Bodycreme Vanille & Kokos, 500 ml",1.75,dm-website
2026-08-30,dm,4066447743722,"ebelin Seifendose stapelbar, 1 St",1.95,dm-website
2026-08-30,dm,4066447770780,"Balea Deospray Parfum Deodorant Golden Moon, 150 ml",0.95,dm-website
2026-08-30,dm,4066447785654,"SUNDANCE Sonnencreme LSF 50+, 100 ml",3.45,dm-website
2026-08-30,dm,4066447785753,"SUNDANCE Sonnenmilch Schutz & Bräune LSF 30, 200 ml",4.45,dm-website
2026-08-30,dm,4066447785852,"SUNDANCE Sonnenfluid Gesicht, mattierend LSF 50, 50 ml",4.25,dm-website
2026-08-30,dm,4066447785876,"SUNDANCE Sonnenfluid Anti-Age LSF 50, 50 ml",4.75,dm-website
2026-08-30,dm,4066447785890,"SUNDANCE Sonnenfluid Serum Gesicht, UV Protect+ LSF 50+, 50 ml",5.95,dm-website
2026-08-30,dm,4066447787108,"SUNDANCE Sonnencreme Kids MED ultra sensitiv, LSF 50+, 100 ml",4.25,dm-website
2026-08-30,dm,4066447788037,"dmBio Grüner Tee Chun Mee, lose, 100 g",2.65,dm-website
2026-08-30,dm,4066447789331,"Denkmit Geschirrspülmittel-Tabs Multi-Power, 40 St",3.45,dm-website
2026-08-30,dm,4066447789355,"Denkmit Geschirrspülmittel Pulver Classic, 1,5 kg",2.95,dm-website
2026-08-30,dm,4066447789577,"Denkmit Spülmaschinen-Salz Spezialsalz, 2 kg",0.75,dm-website
2026-08-30,dm,4066447790627,"Denkmit Destilliertes Wasser, 5 l",1.65,dm-website
2026-08-30,dm,4066447791099,"Denkmit Spülmittel Ultra Pro Climate, 500 ml",0.95,dm-website
2026-08-30,dm,4066447791112,"Denkmit Spülmittel Konzentrat Pro Climate, 500 ml",1.25,dm-website
2026-08-30,dm,4066447791136,"Denkmit Spülmittel Balsam Aloe Vera, 500 ml",0.75,dm-website
2026-08-30,dm,4066447791181,"Denkmit Colorwaschmittel Konzentrat Pro Climate, 33 Wl",3.95,dm-website
2026-08-30,dm,4066447791204,"Denkmit Vollwaschmittel Konzentrat Pro Climate, 33 Wl",3.95,dm-website
2026-08-30,dm,4066447791587,"Denkmit Maschinenpfleger, 250 g",0.75,dm-website
2026-08-30,dm,4066447791907,"Denkmit Spülmaschinenreiniger, 4 St",1.45,dm-website
2026-08-30,dm,4066447792997,"Denkmit Feinwaschmittel White Sensation flüssig, 40 Wl",2.15,dm-website
2026-08-30,dm,4066447793130,"Denkmit Geschirrspülmittel-Tabs, 30 St",2.95,dm-website
2026-08-30,dm,4066447793543,"Sanft&Sicher WC-Papiersitze, 10 St",0.95,dm-website
2026-08-30,dm,4066447813753,"Sanft&Sicher Toilettenpapier Saison 3lagig (8x180 Blatt), 8 St",2.95,dm-website
2026-08-30,dm,4066447814293,"Ivorell Natürliches Mineralwasser, Still, 0,5 l EINWEG",0.55,dm-website
2026-08-30,dm,4066447814316,"Ivorell Natürliches Mineralwasser, Medium, 0,5 l EINWEG",0.55,dm-website
2026-08-30,dm,4066447814415,"Ivorell Erfrischungsgetränk, Fruity Water Zitrone, 0,5 l EINWEG",0.6,dm-website
2026-08-30,dm,4066447814439,"Ivorell Erfrischungsgetränk, Fruity Water Pfirsich, 0,5 l EINWEG",0.6,dm-website
2026-08-30,dm,4066447814453,"Ivorell Erfrischungsgetränk, Fruity Water Kirsch, 0,5 l EINWEG",0.6,dm-website
2026-08-30,dm,4066447814491,"Ivorell Erfrischungsgetränk, Wasser + Koffein Zitrone-Limette, 500 ml EINWEG",0.95,dm-website
2026-08-30,dm,4066447835007,"Mivolis Arzneitee, Brennnessel Tee (12 Beutel), 21,6 g",0.7,dm-website
2026-08-30,dm,4066447835021,"Mivolis Kräutertee, Frauen Tee (12 Beutel), 24 g",0.7,dm-website
2026-08-30,dm,4066447835069,"Mivolis Kräutertee, Bitterstoff Tee (12 Beutel), 24 g",0.7,dm-website
2026-08-30,dm,4066447835083,"Mivolis Kräutertee, Fenchel-Anis-Kümmel Tee (12 Beutel), 24 g",0.7,dm-website
2026-08-30,dm,4066447835120,"Mivolis Arzneitee, Verdauungs Tee (12 Beutel), 21 g",0.7,dm-website
2026-08-30,dm,4066447849721,"Sanft&Sicher Toilettenpapier Design Edition (10x180 Blatt), 10 St",4.45,dm-website
2026-08-30,dm,4066447849882,"Sanft&Sicher Toilettenpapier Recycling 3lagig (10x220 Blatt), 10 St",3.35,dm-website
2026-08-30,dm,4066447849912,"Sanft&Sicher Toilettenpapier Recycling 3-lagig (8x220 Blatt), 8 St",2.65,dm-website
2026-08-30,dm,4066447849943,"Sanft&Sicher Toilettenpapier Recycling 3-lagig (16x220 Blatt), 16 St",5.25,dm-website
2026-08-30,dm,4066447855449,"dmBio Direktsaft, Traube naturtrüb, 330 ml",0.95,dm-website
2026-08-30,dm,4066447855456,"dmBio Direktsaft, Apfel-Mango, 0,33 l",0.95,dm-website
2026-08-30,dm,4066447855517,"dmBio Fruchtschorle, Apfel & Johannisbeere, 0,5 l EINWEG",0.95,dm-website
2026-08-30,dm,4066447855548,"dmBio Kokoswasser, natur, 330 ml",1.45,dm-website
2026-08-30,dm,4066447855586,"dmBio Direktsaft, Frühstückssaft mit Mehrfruchtmark, 0,75 l",1.95,dm-website
2026-08-30,dm,4066447855593,"dmBio Direktsaft, Multifrucht, 0,75 l",1.95,dm-website
2026-08-30,dm,4066447855609,"dmBio Saft, Pink Grapefruit, 0,75 l",2.95,dm-website
2026-08-30,dm,4066447855630,"dmBio Direktsaft, Gemüse, 0,5 l",0.95,dm-website
2026-08-30,dm,4066447855739,"dmBio Immunsaft, Acerola naturtrüb, 330 ml",3.45,dm-website
2026-08-30,dm,4066447855760,"dmBio Muttersaft, Cranberry naturtrüb, 330 ml",3.45,dm-website
2026-08-30,dm,4066447855777,"dmBio Muttersaft, Holunderbeere naturtrüb, 330 ml",2.45,dm-website
2026-08-30,dm,4066447855791,"dmBio Muttersaft, Sanddorn naturtrüb, 330 ml",3.95,dm-website
2026-08-30,dm,4066447855807,"dmBio Muttersaft, Granatapfel naturtrüb, 330 ml",3.25,dm-website
2026-08-30,dm,4066447855845,"dmBio Ingwer & Kurkuma Shot 7 Tage, 280 ml",2.95,dm-website
2026-08-30,dm,4066447859300,"ebelin Seifenhalterung, 1 St",2.95,dm-website
2026-08-30,dm,4066447861136,"dmBio Haferflocken, Feinblatt, 2 kg",2.85,dm-website
2026-08-30,dm,4066447864311,"dmBio Früchtetee Waldfrucht mit schwarzer Johannisbeere & Heidelbeere (20 Beutel), 50 g",1.95,dm-website
2026-08-30,dm,4066447864694,"LANGHAARMÄDCHEN Shampoo Lovely Long, 300 ml",4.95,dm-website
2026-08-30,dm,4066447869040,"Mivolis Arzneitee, Erkältungs Tee für Kinder (12 Beutel), 18 g",1.15,dm-website
2026-08-30,dm,4066447870398,"Sportness Protein Schokolade mit Pistazienfüllung und Crisp, 85 g",2.95,dm-website
2026-08-30,dm,4066447870954,"babylove Anfangsmilch Pre trinkfertig von Geburt an, 200 ml",1.25,dm-website
2026-08-30,dm,4066447876406,"Balea Handcreme Aloe Vera, 100 ml",0.95,dm-website
2026-08-30,dm,4066447878028,"dmBio Mini Schoko-Brezeln, glutenfrei, 80 g",2.35,dm-website
2026-08-30,dm,4066447878462,"Balea Deo Zerstäuber Sensitive, 75 ml",1.25,dm-website
2026-08-30,dm,4066447880137,"alverde NATURKOSMETIK Hand- & Nagelcreme Calendula & Hyaluronsäure, 75 ml",1.95,dm-website
2026-08-30,dm,4066447882919,"babylove Schwimmwindeln Disney Gr. Small (4-9 kg), 12 St",3.75,dm-website
2026-08-30,dm,4066447882933,"babylove Schwimmwindeln Disney Gr. Medium (7-11 kg), 12 St",3.75,dm-website
2026-08-30,dm,4066447882957,"babylove Schwimmwindeln Disney Gr. Large (10-14 kg), 12 St",3.75,dm-website
2026-08-30,dm,4066447882971,"babylove Schwimmwindeln Disney Gr. Extralarge (13+ kg), 12 St",3.75,dm-website
2026-08-30,dm,4066447884609,"dmBio Kaffee, Caffè Crema Pads, 154 g",2.65,dm-website
2026-08-30,dm,4066447885101,"dmBio Backmischung Dinkel Pancakes mit Zartbitter-Schokostückchen, American Style, 135 g",2.45,dm-website
2026-08-30,dm,4066447888423,"Balea Handlotion Creme-Öl, 100 ml",0.95,dm-website
2026-08-30,dm,4066447889482,"dmBio Kräutertee, Lindenblüten (20 Beutel), 30 g",2.45,dm-website
2026-08-30,dm,4066447889505,"Mivolis Arzneitee, Hustenlöser Tee (12 Beutel), 19,2 g",0.7,dm-website
2026-08-30,dm,4066447889598,"Ivorell Erfrischungsgetränk, Fruity Water Beeren, 500 ml EINWEG",0.6,dm-website
2026-08-30,dm,4066447891096,"réell‘e Tönungsshampoo 6.7 Schokobraun, 14 ml",0.95,dm-website
2026-08-30,dm,4066447891249,"Denkmit WC Wasserkasten Tabs, 4 St",1.65,dm-website
2026-08-30,dm,4066447893403,"Sportness Proteinpulver, Coffee Caramel-Latte-Geschmack, 450 g",18.45,dm-website
2026-08-30,dm,4066447896800,"dmBio Kräutertee ""Guten Morgen"" mit Zitronengras & Zitronenverbene (20 Beutel), 30 g",1.55,dm-website
2026-08-30,dm,4066447896824,"dmBio Kräutertee ""Guten Abend"" mit Melisse, Lavendel & Fenchel (20 Beutel), 30 g",1.55,dm-website
2026-08-30,dm,4066447896848,"dmBio Kräutertee Salbei (20 Beutel), 30 g",1.45,dm-website
2026-08-30,dm,4066447896886,"dmBio Kräutertee Brennnessel (20 Beutel), 30 g",1.55,dm-website
2026-08-30,dm,4066447896909,"dmBio Kräutertee Bergkräuter mit Grünhafer, Melisse & Holunderblüte (20 Beutel), 35 g",1.95,dm-website
2026-08-30,dm,4066447899436,"dmBio Grüner Tee Jasmin (20 Beutel), 30 g",1.65,dm-website
2026-08-30,dm,4066447899450,"dmBio Kräutertee Lavendel & Zitronenverbene (20 Beutel), 40 g",1.95,dm-website
2026-08-30,dm,4066447899474,"dmBio Gewürztee ""Chai Klassik"" mit Zimt, Ingwer & Kardamom (20 Beutel), 40 g",1.65,dm-website
2026-08-30,dm,4066447899498,"dmBio Gewürztee Chai Schoko (20 Beutel), 40 g",1.95,dm-website
2026-08-30,dm,4066447899511,"dmBio Früchte- & Kräutertee mit Apfel, Minze & Zitronengras (20 Beutel), 40 g",1.95,dm-website
2026-08-30,dm,4066447903546,"dmBio Früchtetee Spanische Orange (20 Beutel), 40 g",1.75,dm-website
2026-08-30,dm,4066447903584,"dmBio Kräutertee Marokkanische Minze (20 Beutel), 40 g",1.75,dm-website
2026-08-30,dm,4066447908633,"alverde NATURKOSMETIK Deo Roll-on Fresh, 50 ml",2.55,dm-website
2026-08-30,dm,4066447908657,"alverde NATURKOSMETIK Deo Roll-on Sensitiv, 50 ml",2.55,dm-website
2026-08-30,dm,4066447908671,"alverde NATURKOSMETIK Deo Roll-on Invisible, 50 ml",2.55,dm-website
2026-08-30,dm,4066447908756,"alverde NATURKOSMETIK Deo Zerstäuber Aqua, 75 ml",2.45,dm-website
2026-08-30,dm,4066447908770,"alverde NATURKOSMETIK Deo Zerstäuber Floral, 75 ml",2.45,dm-website
2026-08-30,dm,4066447908985,"alverde MEN Duschgel Active Nature 3in1, 200 ml",1.75,dm-website
2026-08-30,dm,4066447909739,"alverde NATURKOSMETIK Festes Duschgel Minze-Bergamotte Duft, 60 g",3.25,dm-website
2026-08-30,dm,4066447911114,"babylove Trinkbecher bunt, 5 St",3.45,dm-website
2026-08-30,dm,4066447911558,"alverde NATURKOSMETIK Gesichtswasser sanft Wildrose, 200 ml",2.75,dm-website
2026-08-30,dm,4066447911596,"alverde NATURKOSMETIK Gesichtswasser Rosenblüte, 100 ml",2.65,dm-website
2026-08-30,dm,4066447912593,"alverde NATURKOSMETIK Seifenstück Pflanzenölseife mit Lavendel, 100 g",0.85,dm-website
2026-08-30,dm,4066447912616,"alverde NATURKOSMETIK Seifenstück Pflanzenölseife mit Verveine, 100 g",0.85,dm-website
2026-08-30,dm,4066447912630,"alverde NATURKOSMETIK Seifenstück Cremeseife mit Sheabutter & Mandelmilch, 100 g",0.85,dm-website
2026-08-30,dm,4066447912654,"alverde NATURKOSMETIK Seifenstück Pflanzenölseife mit Pfirsich, 100 g",0.85,dm-website
2026-08-30,dm,4066447912708,"alverde NATURKOSMETIK Flüssigseife Lavendel, Malve, 300 ml",1.25,dm-website
2026-08-30,dm,4066447912722,"alverde NATURKOSMETIK Flüssigseife Olive, Orange, 300 ml",1.25,dm-website
2026-08-30,dm,4066447912760,"alverde NATURKOSMETIK Flüssigseife Minze, Bergamotte Nachfüllpack, 500 ml",1.95,dm-website
2026-08-30,dm,4066447912807,"alverde NATURKOSMETIK Flüssigseife Mandelblüte & Vanille, Nachfüllpack, 500 ml",1.95,dm-website
2026-08-30,dm,4066447912906,"alverde NATURKOSMETIK Hand- und Nagelbalsam Aprikose, 75 ml",1.95,dm-website
2026-08-30,dm,4066447912920,"alverde NATURKOSMETIK Handcreme Olive, 75 ml",1.95,dm-website
2026-08-30,dm,4066447912944,"alverde NATURKOSMETIK Handcreme Kamille & Sheabutter, 75 ml",1.95,dm-website
2026-08-30,dm,4066447916607,"ebelin Haarklammer Kaffee-Becher, 1 St",3.45,dm-website
2026-08-30,dm,4066447919646,"dmBio Früchtetee ""Dein Glücksmoment"" mit Zitronenöl (20 Beutel), 44 g",1.85,dm-website
2026-08-30,dm,4066447919684,"dmBio Kräutertee ""Halsliebe"" mit Orangenöl (20 Beutel), 36 g",1.85,dm-website
2026-08-30,dm,4066447919738,"Balea med Gesichtswasser Ultra Sensitive, 200 ml",2.95,dm-website
2026-08-30,dm,4066447921670,"Balea Gesichtswasser hautrein, 200 ml",1.65,dm-website
2026-08-30,dm,4066447921793,"Balea Flüssigseife Ginseng & Green Mandarin, 300 ml",1.45,dm-website
2026-08-30,dm,4066447922905,"dmBio Früchtetee, Hagebutte Hibiskus (20 Beutel), 40 g",1.45,dm-website
2026-08-30,dm,4066447922929,"dmBio Früchtetee, Nordische Beere mit Heidelbeere & Preiselbeere (20 Beutel), 40 g",1.75,dm-website
2026-08-30,dm,4066447922967,"dmBio Kräutertee ""Dein Bauchgefühl"" mit Fenchel, Kamille & Zitronengras (20 Beutel), 36 g",1.85,dm-website
2026-08-30,dm,4066447923476,"babylove Frucht-Getreide-Riegel Apfel-Johannisbeere ab 1 Jahr (4x25 g), 100 g",1.75,dm-website
2026-08-30,dm,4066447925197,"ebelin Creolen organische Form wasserfest, Gold-Optik, 2 St",7.95,dm-website
2026-08-30,dm,4066447925203,"ebelin Creolen wasserfest, Gold-Optik, 2 St",6.95,dm-website
2026-08-30,dm,4066447925210,"ebelin Armband wasserfest, Gold-Optik, 1 St",5.95,dm-website
2026-08-30,dm,4066447933710,"Balea Seifenstück, Arztseife sensitive, 100 g",0.55,dm-website
2026-08-30,dm,4066447934335,"Profissimo Wasserfilter-Kartuschen, 3 St",7.95,dm-website
2026-08-30,dm,4066447934465,"dmBio Karottensaft ab dem 5.Monat, 500 ml",1.55,dm-website
2026-08-30,dm,4066447941210,"Balea Duschgel Lemon Lover, 300 ml",0.55,dm-website
2026-08-30,dm,4066447941692,"dmBio Kräutertee Rosmarin & Thymian (20 Beutel), 30 g",1.25,dm-website
2026-08-30,dm,4066447942729,"Balea Duschgel Sunny Fruits, 300 ml",0.55,dm-website
2026-08-30,dm,4066447944167,"Balea Deo Roll-on Sensitive, 50 ml",0.6,dm-website
2026-08-30,dm,4066447944587,"Balea Antitranspirant Deo Roll-on Extra Dry, 50 ml",0.6,dm-website
2026-08-30,dm,4066447944600,"Balea Antitranspirant Deo Roll-on Protection 5in1, 50 ml",0.6,dm-website
2026-08-30,dm,4066447944624,"Balea Deo Roll-on Sweet Sunshine, 50 ml",0.6,dm-website
2026-08-30,dm,4066447944648,"Balea Deo Roll-on Soft Flower, 50 ml",0.6,dm-website
2026-08-30,dm,4066447946383,"Balea Augenpads Hydrogel Kaktuswasser (1 Paar), 2 St",0.75,dm-website
2026-08-30,dm,4066447948172,"dmBio Müsli, Cocoa Shells, 200 g",1.95,dm-website
2026-08-30,dm,4066447948219,"Balea Flüssigseife Ginseng & Green Mandarin Nachfüllpack, 500 ml",1.95,dm-website
2026-08-30,dm,4066447950304,"babylove Quetschie Guten Abend Apfel & Banane mit Hafer & Milch ab 1 Jahr, 100 g",0.75,dm-website
2026-08-30,dm,4066447950328,"babylove Quetschie Frühstückspause Banane & Kirsche mit Apfel in Müsli ab 1 Jahr, 100 g",0.75,dm-website
2026-08-30,dm,4066447950380,"babylove Quetschie Erdbeere & Heidelbeere in Apfel ab 1 Jahr, 100 g",0.75,dm-website
2026-08-30,dm,4066447950403,"babylove Quetschie Erdbeere & Banane in Apfel mit Müsli ab 1 Jahr, 100 g",0.75,dm-website
2026-08-30,dm,4066447950441,"babylove Quetschie Pfirsich & Banane in Apfel ab 1 Jahr, 100 g",0.75,dm-website
2026-08-30,dm,4066447950465,"babylove Quetschie Wassermelone & Banane in Apfel ab 1 Jahr, 100 g",0.75,dm-website
2026-08-30,dm,4066447951349,"dmBio Schoko-Müsli mit Knusperflakes glutenfrei, 375 g",2.95,dm-website
2026-08-30,dm,4066447955019,"Denkmit Klarspüler, 1 l",0.85,dm-website
2026-08-30,dm,4066447965414,"Balea med Duschgel & Shampoo 5% Urea 2in1, 300 ml",1.75,dm-website
2026-08-30,dm,4066447965438,"Balea med Duschgel pH 5,5 hautneutral mit Allantoin, 300 ml",0.85,dm-website
2026-08-30,dm,4066447965445,"Balea med Duschgel Ultra Sensitive, 250 ml",1.95,dm-website
2026-08-30,dm,4066447965476,"Balea Festes Duschgel mit Kokosöl & Sheabutter, 100 g",2.25,dm-website
2026-08-30,dm,4066447965551,"Balea Duschgel Soft Creme, 300 ml",0.95,dm-website
2026-08-30,dm,4066447965636,"Balea Duschgel After Sun, 300 ml",0.75,dm-website
2026-08-30,dm,4066447966510,"Balea MEN Duschgel Sport 3in1, 300 ml",0.55,dm-website
2026-08-30,dm,4066447966527,"Balea MEN Duschgel Deep Sensation 4in1, 300 ml",0.95,dm-website
2026-08-30,dm,4066447966534,Balea MEN Duschgel Sensitive 3in1,0.55,dm-website
2026-08-30,dm,4066447966824,"Balea Pflegecreme Be Fantastic, 30 ml",0.95,dm-website
2026-08-30,dm,4066447967302,"Denkmit Spülmittel Touch of Brasil, 500 ml",0.75,dm-website
2026-08-30,dm,4066447967326,"Denkmit Spülbalsam Sense of Peaches, 500 ml",0.75,dm-website
2026-08-30,dm,4066447967364,"Balea Deo Bodyspray Lemon Lover, 150 ml",0.95,dm-website
2026-08-30,dm,4066447967463,"alverde NATURKOSMETIK Duschgel Granatapfel Holunderblüte, 250 ml",0.95,dm-website
2026-08-30,dm,4066447967548,"Denkmit Waschmittel All-in-One Quick & Fresh, 25 Wl",2.45,dm-website
2026-08-30,dm,4066447967807,"Saugstark&Sicher Küchentücher Premium 3-lagig (4x51 Blatt), 4 St",2.95,dm-website
2026-08-30,dm,4066447968668,"Balea Bodycreme Sheabutter & Arganöl, 500 ml",1.75,dm-website
2026-08-30,dm,4066447969276,"Balea Melkfett Ringelblume, 250 ml",1.65,dm-website
2026-08-30,dm,4066447969290,"Balea Gesichtscreme Pflegecreme 24h, 250 ml",1.15,dm-website
2026-08-30,dm,4066447969337,"Balea Pflegecreme Soft, 250 ml",1.15,dm-website
2026-08-30,dm,4066447969894,"Denkmit Colorwaschmittel Pulver Touch of Brazil, 30 Wl",4.65,dm-website
2026-08-30,dm,4066447969917,"Denkmit Colorwaschmittel Touch of Brazil, 30 Wl",4.65,dm-website
2026-08-30,dm,4066447972443,"Balea med Duschgel Ultra Sensitive Totes Meer, 250 ml",1.75,dm-website
2026-08-30,dm,4066447972504,"Balea med Shampoo Totes Meer Ultra Sensitive, 250 ml",2.45,dm-website
2026-08-30,dm,4066447972528,"Balea med Shampoo Anti-Schuppen Ultra Sensitive, 250 ml",2.45,dm-website
2026-08-30,dm,4066447973952,"dmBio Tassenkuchen Schoko, 55 g",1.45,dm-website
2026-08-30,dm,4066447975192,"babylove Saft Karotte ab 1 Jahr, 500 ml",0.95,dm-website
2026-08-30,dm,4066447979725,"Balea Deocreme mit Natron & Zink, 50 ml",1.75,dm-website
2026-08-30,dm,4066447979961,"Balea Deotücher Sensitive, 10 St",1.25,dm-website
2026-08-30,dm,4066447980844,"Sanft&Sicher Feuchtes Toilettenpapier Zarte Pflege (3x50 St), 150 St",2.95,dm-website
2026-08-30,dm,4066447981438,"Saugstark&Sicher Küchentücher Halbblatt Recycling 3-lagig (3x200 Blatt), 3 St",2.95,dm-website
2026-08-30,dm,4066447981698,"alverde NATURKOSMETIK Zahnpasta Gel Kinder, 50 ml",1.75,dm-website
2026-08-30,dm,4066447981735,"alverde NATURKOSMETIK Mundspülung Melisse, 500 ml",2.95,dm-website
2026-08-30,dm,4066447982046,"dmBio Direktsaft, Ingwer, 200 ml",2.95,dm-website
2026-08-30,dm,4066447983494,"Denkmit Spülmaschinen-Deo, Lemon&Mint, 2 St",0.95,dm-website
2026-08-30,dm,4066447983647,"dmBio Kindersnack Dinkel Pizza-Kräcker ab 3 Jahren, 80 g",1.25,dm-website
2026-08-30,dm,4066447983708,"ebelin Seifensäckchen 100% Naturmaterialien, 1 St",2.95,dm-website
2026-08-30,dm,4066447983814,"Balea Cremeseife sensitive, 500 ml",0.65,dm-website
2026-08-30,dm,4066447983838,"Balea Cremeseife Milch & Honig, 500 ml",0.65,dm-website
2026-08-30,dm,4066447983852,"Balea Cremeseife Ginger & Lemon, 500 ml",0.65,dm-website
2026-08-30,dm,4066447983876,"Balea Flüssigseife Arztseife, 300 ml",1.25,dm-website
2026-08-30,dm,4066447983890,"Balea Küchenseife Zitrone, Limette & Melisse, 300 ml",0.95,dm-website
2026-08-30,dm,4066447983913,"Balea Flüssigseife, milde Seife Pflege & Hygiene, antibakteriell, 300 ml",0.95,dm-website
2026-08-30,dm,4066447987744,"Balea Mizellenwasser trockene Haut, 400 ml",1.45,dm-website
2026-08-30,dm,4066447987751,"Balea Mizellenwasser Mischhaut Kaktusfeige, 400 ml",1.45,dm-website
2026-08-30,dm,4066447988895,"Balea med Seifenfreie Waschlotion, hautneutral, 300 ml",0.95,dm-website
2026-08-30,dm,4066447988918,"Balea med Waschlotion ulltra sensitive seifenfrei & hautneutral, 300 ml",1.55,dm-website
2026-08-30,dm,4066447988932,"Balea Cremeseife Pfirsich & Kokos, 500 ml",0.65,dm-website
2026-08-30,dm,4066447988956,"Balea Cremeseife Beeren & Vanille, 500 ml",0.65,dm-website
2026-08-30,dm,4066447989113,"Balea Festes Duschgel Vanille & Zitrone, 100 g",2.25,dm-website
2026-08-30,dm,4066447989175,"Balea Duschgel Beautiful Dreams, 200 ml",0.95,dm-website
2026-08-30,dm,4066447989236,"Balea Duschgel Beauty Expert Skin Refining, 200 ml",1.95,dm-website
2026-08-30,dm,4066447989250,"Balea Duschgel Beauty Expert Hydro, 200 ml",1.95,dm-website
2026-08-30,dm,4066447989786,"Balea Handcreme schnell einziehend, trockene Haut, 100 ml",0.95,dm-website
2026-08-30,dm,4066447990782,"dmBio Ingwer & Rote Bete Shot 7 Tage, 280 ml",2.95,dm-website
2026-08-30,dm,4066447991659,"Balea med seifenfreies Waschstück hautneutral, 150 g",1.75,dm-website
2026-08-30,dm,4066447992199,"Sportness Energieriegel, mit Haferflocken, Rosinen & Apfelstückchen, 40 g",0.85,dm-website
2026-08-30,dm,4066447993523,"Balea MEN Duschgel Fresh 3in1, 300 ml",0.55,dm-website
2026-08-30,dm,4066447995527,"Sanft&Sicher Feuchtes Toilettenpapier 99%Wasser, 50 St",1.75,dm-website
2026-08-30,dm,4066447995541,"Sanft&Sicher Feuchtes Toilettenpapier Deluxe Sensitive, 50 St",1.25,dm-website
2026-08-30,dm,4066447995565,"Sanft&Sicher Feuchtes Toilettenpapier Deluxe Cashmere, 50 St",1.25,dm-website
2026-08-30,dm,4066447995589,"Sanft&Sicher Feuchtes Toilettenpapier Deluxe Kamille, 50 St",1.25,dm-website
2026-08-30,dm,4066447995602,"Sanft&Sicher Feuchtes Toilettenpapier Classic Kamille (2x70 Stück), 140 St",1.25,dm-website
2026-08-30,dm,4066447995626,"Sanft&Sicher Feuchtes Toilettenpapier Classic Kamille, 70 St",0.75,dm-website
2026-08-30,dm,4066447995640,"Sanft&Sicher Feuchtes Toilettenpapier Classic Sensitive, 70 St",0.75,dm-website
2026-08-30,dm,4066447995664,"Sanft&Sicher Feuchtes Toilettenpapier Deluxe Cashmere, Reisegröße, 10 St",0.65,dm-website
2026-08-30,dm,4066447995688,"Sanft&Sicher Feuchtes Toilettenpapier Aloe Vera Classic, 70 St",0.75,dm-website
2026-08-30,dm,4066447995701,"Sanft&Sicher Feuchtes Toilettenpapier Deluxe Kamille Metallbox, 50 St",3.35,dm-website
2026-08-30,dm,4066447995725,"Sanft&Sicher Feuchtes Toilettenpapier Maxi Pack, 80 St",1.75,dm-website
2026-08-30,EDEKA,4066600203308,Paulaner Spezi,1.09,open-prices
2026-08-30,Rossmann,4066600209430,Paulaner Cola,0.89,open-prices
2026-08-30,Netto,4066600231011,Paulaner Münchner Hell Alkoholfrei,1.15,open-prices
2026-08-30,Lidl,4066600300458,Paulaner Spezi,1.25,open-prices
2026-08-30,Kaufland,4066600301011,Paulaner Münchner Hell alkoholfrei 4066600301011 alkoholfreies Bier,1.19,open-prices
2026-08-30,Lidl,4066600301110,Paulaner Münchner Hell,1.09,open-prices
2025-10-17,Durstlöscher,4066600603405,Paulaner Spezi,0.9,open-prices
2025-04-10,E-Center,4066600603405,Paulaner Spezi,0.99,open-prices
2026-08-30,E-Center,4066600603405,Paulaner Spezi,0.99,open-prices
2024-12-28,EDEKA,4066600603405,Paulaner Spezi,1.09,open-prices
2026-07-13,EDEKA,4066600603405,Paulaner Spezi,1.39,open-prices
2026-08-30,EDEKA,4066600603405,Paulaner Spezi,1.39,open-prices
2026-08-06,PENNY,4066600603405,Paulaner Spezi,0.95,open-prices
2026-08-30,Netto,4067016000079,"Trauben, hell, kernlos",1.99,open-prices
2025-12-22,Bayern,4067517000349,Landliebe Butter,1.59,open-prices
2025-03-07,CAP-Markt,4067517000349,Landliebe Butter,3.79,open-prices
2026-08-30,CAP-Markt,4067517000349,Landliebe Butter,3.79,open-prices
2024-02-29,E-Center,4067517000349,Landliebe Butter,1.49,open-prices
2026-08-30,E-Center,4067517000349,Landliebe Butter,1.49,open-prices
2025-04-28,EDEKA,4067517000349,Landliebe Butter,2.22,open-prices
2026-08-30,EDEKA,4067517000349,Landliebe Butter,2.22,open-prices
2026-07-24,Netto,4067517000349,Landliebe Butter,0.99,open-prices
2026-08-30,Netto,4067517000349,Landliebe Butter,1.49,open-prices
2026-08-30,Netto,4067517000806,Landliebe Die Streichzarte ungesalzen - Butter & Rapsöl,0.99,open-prices
2026-08-30,EDEKA,4067517001339,Landliebe Joghurt Kirsche,1.11,open-prices
2026-08-30,EDEKA,4067517001551,"Landliebe Joghurt Heidelbeere,4067517001551 Joghurt mit 13,5 % Heidelbeerzubereitung, 3,8 % Fett im Milchanteil",1.11,open-prices
2026-08-30,CAP-Markt,4067517001599,Landliebe Joghurt Himbeere,0.79,open-prices
2026-08-30,EDEKA,4067517001612,Landliebe Joghurt Vanille,1.11,open-prices
2026-03-05,CAP-Markt,4067517001643,"Joghurt Aprikose, Joghurt mit 13,5 % Aprikosenzubereitung, 3,8 % Fett im Milchanteil",1.67,open-prices
2026-08-30,CAP-Markt,4067517001643,"Landliebe Joghurt Aprikose, Joghurt mit 13,5 % Aprikosenzubereitung, 3,8 % Fett im Milchanteil",1.67,open-prices
2025-01-03,EDEKA,4067517001643,"Joghurt Aprikose, Joghurt mit 13,5 % Aprikosenzubereitung, 3,8 % Fett im Milchanteil",1.11,open-prices
2025-10-13,EDEKA,4067517001643,"Joghurt Aprikose, Joghurt mit 13,5 % Aprikosenzubereitung, 3,8 % Fett im Milchanteil",1.11,open-prices
2025-11-10,EDEKA,4067517001643,"Joghurt Aprikose, Joghurt mit 13,5 % Aprikosenzubereitung, 3,8 % Fett im Milchanteil",1.11,open-prices
2026-08-30,EDEKA,4067517001643,"Landliebe Joghurt Aprikose, Joghurt mit 13,5 % Aprikosenzubereitung, 3,8 % Fett im Milchanteil",1.11,open-prices
2026-08-30,CAP-Markt,4067517001650,Landliebe Erdbeerjoghurt 4067517001650,1.2,open-prices
2026-08-30,EDEKA,4067517001728,Landliebe Joghurt Stracciatella,1.11,open-prices
2026-08-30,Kaufland,4067776068180,K-Classic Landmilch frische 3.8% Fett,1.19,open-prices
2026-08-30,Kaufland,4067776074815,CRAZY WOLF ENERGY DRINK waldbeeren,0.39,open-prices
2026-08-30,Kaufland,4067776114214,Kaufland Melon,1.99,open-prices
2026-08-30,dm,4067796000283,"dmBio Müsli Crunchy, Hafer, 500 g",2.25,dm-website
2026-08-30,dm,4067796000306,"dmBio Müsli Crunchy, Schoko, 500 g",2.35,dm-website
2026-08-30,dm,4067796001839,"dmBio Dinkel, gepufft, 200 g",1.65,dm-website
2026-08-30,dm,4067796002027,"dmBio Pflanzendrink, Cashew natur, 1 l",2.25,dm-website
2026-08-30,dm,4067796002041,dmBio Hafer Drink Vanille,1.25,dm-website
2026-08-30,Kaufland,4067796041019,dmBio Kakao Nibs,0.95,open-prices
2026-08-30,dm,4067796063400,"dmBio Amaranth, gepufft, 125 g",1.15,dm-website
2026-08-30,dm,4067796063585,"dmBio Kräutertee Kamille (50 Beutel), 75 g",2.45,dm-website
2026-08-30,dm,4067796063646,"dmBio Kräutertee Pfefferminze (50 Beutel), 75 g",2.35,dm-website
2026-08-30,dm,4067796063929,"dmBio Schwarzer Tee (20 Beutel), 35 g",1.15,dm-website
2026-08-30,dm,4067796063943,"dmBio Kräutertee Ingwer (20 Beutel), 30 g",1.45,dm-website
2026-08-30,dm,4067796066036,"dmBio Kräutertee (20 Beutel), 30 g",0.95,dm-website
2026-08-30,dm,4067796067514,"dmBio Mini Schokokekse, Dinkel, 125 g",1.85,dm-website
2026-08-30,dm,4067796069068,"babylove Mama Stillsaft, 700 ml EINWEG",1.55,dm-website
2026-08-30,dm,4067796069082,"babylove Mama Smoothie Apfel, Banane, Erdbeere & Holunder, 250 ml",1.35,dm-website
2026-08-30,dm,4067796069853,"dmBio Cashewbruch, 300 g",3.25,dm-website
2026-08-30,dm,4067796073355,"dmBio Peanut Butter Cups (3 Stück), 39 g",1.45,dm-website
2026-08-30,dm,4067796075489,"dmBio Kräutertee Melissen Tee mit Zitronengras (20 Beutel), 30 g",1.45,dm-website
2026-08-30,REWE,4067796081428,dmBio Sojaflocken,1.95,open-prices
2026-08-30,dm,4067796081466,"dmBio 4-Korn Flocken, 500 g",1.65,dm-website
2026-08-30,dm,4067796081695,"dmBio Früchtetee Türkischer Apfel (20 Beutel), 40 g",1.75,dm-website
2026-08-30,dm,4067796087307,"Sportness Protein Coffee Creamy-Coffee-Geschmack, 450 g",18.45,dm-website
2026-08-30,dm,4067796147575,"dmBio Dinkelflakes, 400 g",2.45,dm-website
2026-08-30,dm,4067796148763,"Balea Hand- und Nagelbalsam Kamille, 100 ml",0.75,dm-website
2026-08-30,Kaufland,4067796148893,Mivolis Pferdesalbe,4.25,open-prices
2026-08-30,dm,4067796149012,"dmBio Quinoa, gepufft, 125 g",1.75,dm-website
2026-08-30,dm,4067796149548,"dmBio Kräutertee ""Aufatmen"" mit Krauseminze, Eukalyptus & Zitronenthymian (20 Beutel), 36 g",1.85,dm-website
2026-08-30,dm,4067796150735,"LANGHAARMÄDCHEN Shampoo Beautiful Curls, 300 ml",4.95,dm-website
2026-08-30,dm,4067796156843,"Profissimo Spülschwämme für Spülmittelspender, 3 St",1.55,dm-website
2026-08-30,dm,4067796160123,"dmBio Schwarzer Tee Earl Grey (20 Beutel), 35 g",1.95,dm-website
2026-08-30,dm,4067796161861,"dmBio Fruchtriegel Apfel-Banane ab 1 Jahr, 25 g",0.55,dm-website
2026-08-30,dm,4067796161885,"dmBio Fruchtriegel Apfel, Banane, Kirsche ab 1Jahr, 25 g",0.55,dm-website
2026-08-30,dm,4067796166040,"dmBio Schokotropfen Zartbitter, backfest, 100 g",1.75,dm-website
2026-08-30,dm,4067796168280,"dmBio Weißer Tee (20 Beutel), 30 g",1.55,dm-website
2026-08-30,dm,4067796169003,"alverde NATURKOSMETIK Handcreme Granatapfel & Karitébutter, 75 ml",1.95,dm-website
2026-08-30,dm,4067796172003,"babylove Frucht & Getreide Erdbeer-Bananen-Müsli in Apfel ab dem 6. Monat, 190 g",0.85,dm-website
2026-08-30,dm,4067796172386,"babylove Frucht-Getreide-Riegel Apfel-Aroniabeere ab 1 Jahr, 25 g",0.45,dm-website
2026-08-30,dm,4067796172409,"babylove Frucht-Getreide-Riegel Apfel-Karotte ab 1 Jahr, 25 g",0.45,dm-website
2026-08-30,dm,4067796172423,"babylove Frucht-Getreide-Riegel Apfel-Banane ab 1 Jahr (4x25 g), 100 g",1.75,dm-website
2026-08-30,dm,4067796172942,"babylove Kindersnack Erdbeer-Fruchtchips ab 3 Jahren, 12 g",1.65,dm-website
2026-08-30,dm,4067796173079,"babylove Kindermüsli Banane-Erdbeere ab 1 Jahr, 200 g",1.55,dm-website
2026-08-30,dm,4067796173215,"babylove Saft & Wasser Apfel, ab 1 Jahr, 330 ml EINWEG",0.75,dm-website
2026-08-30,dm,4067796173239,"babylove Saft & Wasser Apfel-Schwarze Johannisbeere-Holunder, 330 ml EINWEG",0.75,dm-website
2026-08-30,dm,4067796173253,"babylove Saft & Wasser Apfel-Mandarine Acerola, ab 1 Jahr, 330 ml EINWEG",0.75,dm-website
2026-08-30,dm,4067796173277,"babylove Saft & Wasser Apfel-Waldfrüchte, ab 1 Jahr, 330 ml EINWEG",0.75,dm-website
2026-08-30,dm,4067796173291,"babylove Saft & Wasser Traube & Birne, 330 ml EINWEG",0.7,dm-website
2026-08-30,dm,4067796173390,"babylove Nektar Rote Früchte in Apfel, ab 1 Jahr, 500 ml",0.95,dm-website
2026-08-30,dm,4067796173413,"babylove Saft Banane-Pfirsich in Apfel, ab 1 Jahr, 500 ml",0.95,dm-website
2026-08-30,dm,4067796173437,"babylove Saft Milder Apfel ab 1 Jahr, 500 ml",0.95,dm-website
2026-08-30,dm,4067796173451,"babylove Saft Multivitamin ab 1 Jahr, 500 ml",0.95,dm-website
2026-08-30,dm,4067796173994,"babylove Saft & Wasser Hagebutte ab 1 Jahr, 200 ml",0.45,dm-website
2026-08-30,dm,4067796174359,"dmBio Schokoriegel, Vollmilch Espresso Crunch, 37,5 g",0.85,dm-website
2026-08-30,dm,4067796174373,"dmBio Schokolade Nougat, 100 g",1.75,dm-website
2026-08-30,dm,4067796174410,"dmBio Schokoriegel, Vollmilch Keks, 37,5 g",0.85,dm-website
2026-08-30,dm,4067796175004,"dmBio Kindermüsli Basis ab 1 Jahr, 250 g",1.85,dm-website
2026-08-30,dm,4067796177954,"dmBio Tee-Mix, Kräuter- & Früchtetee 4 Sorten (20 Beutel), 39,5 g",1.95,dm-website
2026-08-30,dm,4067796180169,Denkmit Vollwaschmittel,3.15,dm-website
2026-08-30,dm,4067796180220,"Sportness Proteinpulver, Protein Shake Vegan Schoko Geschmack, 300 g",5.95,dm-website
2026-08-30,dm,4067796181500,"dmBio Haferflocken, Feinblatt, glutenfrei, 500 g",2.35,dm-website
2026-08-30,dm,4067796188271,"Sportness Protein Loops, Kakao-Crisp-Geschmack, 250 g",3.55,dm-website
2026-08-30,dm,4067796188295,"Sportness Protein Schokolade mit Milchcreme-Crisp-Füllung, 40 g",1.15,dm-website
2026-08-30,dm,4067796188486,"dmBio Früchtetee Italienische Limone (20 Beutel), 40 g",1.75,dm-website
2026-08-30,dm,4067796188509,"dmBio Früchtetee Französischer Cassis (20 Beutel), 40 g",1.75,dm-website
2026-08-30,dm,4067796189056,"Balea Handpeeling Wildrose & Aprikose, 15 ml",0.95,dm-website
2026-08-30,dm,4067796194159,"dmBio Schokoriegel, Vollmilch Himbeer Joghurt, 37,5 g",0.85,dm-website
2026-08-30,dm,4067796194173,"dmBio Schokolade, Vollmilch, 100 g",1.65,dm-website
2026-08-30,dm,4067796194524,"dmBio Schokolade, Vollmilch Schokolade ganze Haselnuss 20 %, 100 g",1.95,dm-website
2026-08-30,dm,4067796194548,"dmBio Schokolade, Feine Bitter, 70 % Kakao, 100 g",1.65,dm-website
2026-08-30,dm,4067796194661,"dmBio Knuspermüsli, Kokos Mandel Granola, 500 g",3.45,dm-website
2026-08-30,dm,4067796194685,"dmBio Knuspermüsli, Kerne & Saaten Granola, 500 g",3.45,dm-website
2026-08-30,dm,4067796194722,"dmBio Müsli Crunchy, Beeren, 500 g",2.65,dm-website
2026-08-30,dm,4067796194746,"dmBio Müsli Crunchy, Dinkel, 500 g",2.45,dm-website
2026-08-30,dm,4067796195361,"dmBio Schokolade, weiß mit Mandelstücken, 100 g",1.65,dm-website
2026-08-30,dm,4067796195385,"dmBio Schokolade, ""Sierra Leone"" Feine Bitter, 80 g",1.75,dm-website
2026-08-30,dm,4067796195408,"dmBio Schokolade, ""Sierra Leone"" Feine Bitter mit Kokoschips, 80 g",1.75,dm-website
2026-08-30,dm,4067796195422,"dmBio Schokolade, Edelbitter 90%, 100 g",1.95,dm-website
2026-08-30,dm,4067796202502,"babylove Kindermüsli Waldbeere ab 1 Jahr, 200 g, 200 g",1.55,dm-website
2026-08-30,dm,4067796209259,"dmBio Kaffee Klassik, gemahlen, 500 g",7.45,dm-website
2026-08-30,dm,4067796209327,"dmBio Cookies, Hafer, 300 g",1.45,dm-website
2026-08-30,dm,4067796210057,"Balea Deocreme Sensitive, 50 ml",1.75,dm-website
2026-08-30,dm,4067796210620,"dmBio Smoothie Bowl, Mango-Maracuja-Kokos, 50 g",1.45,dm-website
2026-08-30,dm,4067796210644,"dmBio Smoothie Bowl, Heidelbeere-Kirsche, 50 g",1.45,dm-website
2026-08-30,dm,4067796211160,"Denkmit Spülmittel Ultra Pro Climate Lavendel, 500 ml",0.95,dm-website
2026-08-30,dm,4067796212440,"Profissimo Spülmittelspender mit Spülschwamm, 1 St",1.65,dm-website
2026-08-30,dm,4067796214314,"dmBio Babysnack Reiswaffeln Himbeere ab dem 8. Monat, 35 g",0.75,dm-website
2026-08-30,dm,4067796214604,"dmBio Frucht & Getreide Pflaume-Apfel-Birnen Müsli ab dem 8. Monat, 190 g",0.95,dm-website
2026-08-30,dm,4067796220636,"dmBio Fruchtriegel Hafer Orange-Karotte, ab 3 Jahren, 30 g",0.65,dm-website
2026-08-30,dm,4067796255652,"SUNDANCE Sonnencreme LSF 30, 100 ml",2.25,dm-website
2026-08-30,dm,4067796255676,"SUNDANCE Sonnencreme LSF 50, 100 ml",2.95,dm-website
2026-08-30,dm,4067796255737,"SUNDANCE Sonnenmilch LSF 30, 200 ml",2.95,dm-website
2026-08-30,dm,4067796255775,"SUNDANCE Sonnenmilch LSF 50, 500 ml",7.95,dm-website
2026-08-30,dm,4067796255799,"SUNDANCE Sonnenmilch LSF 50, 200 ml",3.45,dm-website
2026-08-30,dm,4067796255812,"SUNDANCE Sonnenmilch LSF 50+, 200 ml",4.25,dm-website
2026-08-30,dm,4067796256130,"SUNDANCE Sonnenfluid Gesicht oil control, LSF 50",4.25,dm-website
2026-08-30,dm,4067796256154,"SUNDANCE Sonnenfluid Gesicht oil control, LSF 30, 50 ml",3.25,dm-website
2026-08-30,dm,4067796256239,"SUNDANCE Sonnenfluid Gesicht getönt, LSF 50, 50 ml",5.75,dm-website
2026-08-30,dm,4067796256345,"SUNDANCE Sonnencreme Kids LSF 50, 100 ml",2.75,dm-website
2026-08-30,dm,4067796257458,"SUNDANCE Sonnencreme sensitiv, LSF 30, 100 ml",2.95,dm-website
2026-08-30,dm,4067796257472,"SUNDANCE Sonnencreme sensitiv LSF 50, 100 ml",3.95,dm-website
2026-08-30,dm,4067796257519,"SUNDANCE Sonnenfluid Gesicht sensitiv, LSF 30, 50 ml",3.25,dm-website
2026-08-30,dm,4067796257533,"SUNDANCE Sonnenfluid Gesicht sensitiv, LSF 50+, 50 ml",4.75,dm-website
2026-08-30,dm,4067796257595,"SUNDANCE Sonnenfluid Gesicht MED ultra sensitiv, LSF 50+, 50 ml",5.25,dm-website
2026-08-30,dm,4067796257694,"SUNDANCE Sonnenmilch Kids MED ultra sensitiv LSF 50+, 200 ml",5.95,dm-website
2026-08-30,dm,4067796257854,"SUNDANCE Sonnencremegel Sport LSF 50, 150 ml",3.95,dm-website
2026-08-30,dm,4067796258059,"babylove Sonnencreme Baby sensitiv, LSF 50+, 75 ml",3.95,dm-website
2026-08-30,dm,4067796269352,"alverde NATURKOSMETIK Lippenpeeling Coffee, 8 ml",2.45,dm-website
2026-08-30,dm,4067796274509,"alverde NATURKOSMETIK Sonnencreme sensitiv LSF 50, 75 ml",5.25,dm-website
2026-08-30,dm,4067796274561,"alverde NATURKOSMETIK Sonnenmilch sensitiv LSF 30, 75 ml",4.95,dm-website
2026-08-30,dm,4067796274585,"alverde NATURKOSMETIK Sonnenmilch Kids sensitiv, LSF 50, 75 ml",5.75,dm-website
2026-08-30,dm,4067796279436,"SUNDANCE Sonnencreme Alpin sensitiv mit Kälteschutz, LSF 50, 50 ml",5.95,dm-website
2026-08-30,dm,4067796279504,"SUNDANCE Sonnenfluid Gesicht hydra calm face fluid, LSF 50, 50 ml",5.25,dm-website
2026-08-30,dm,4067796279528,"SUNDANCE Sonnenfluid Gesicht cera guard face fluid, LSF 50, 50 ml",5.25,dm-website
2026-08-30,dm,4067796279559,"SUNDANCE Sonnenmilch cera guard body balm, LSF 50, 200 ml",7.25,dm-website
2026-08-30,dm,4067796306323,"alverde NATURKOSMETIK Sonnenfluid Gesicht sensitiv, LSF 30, 50 ml",6.25,dm-website
2026-08-30,dm,4067796306415,"alverde NATURKOSMETIK After Sun Gel mit Aloe Vera, 200 ml",5.95,dm-website
2026-08-30,Rossmann,4068134006257,enerBiO Hazelnut Butter Cups,1.69,open-prices
2026-08-30,Rossmann,4068134013620,enerBIO Sauerkraut Saft,0.99,open-prices
2026-08-30,Rossmann,4068134013866,Rossmann Apfel Kirsch Saft,1.99,open-prices
2026-08-30,Rossmann,4068134025111,enerBiO Schokoriegel Vollmilch mit gepufftem Dinkel,0.89,open-prices
2026-08-30,ALDI,4068262079468,Aldi Sweet patato chips,1.49,open-prices
2026-08-30,ALDI,4068263056116,Aldi Nord Selection Minis,3.49,open-prices
2026-08-30,ALDI,4068263064357,Biscotto Vulkano Waffeln,1.49,open-prices
2026-08-30,Kaufland,4068445000081,K-classic gemischte Brötchen,1.29,open-prices
2026-08-30,Kaufland,4068445000326,K-Classic American Style Sandwich Vollkorn,1.19,open-prices
2026-08-30,ALDI,4068706082078,Trader Joe's Pecan Nuts,3.49,open-prices
2026-08-30,ALDI,4068706093661,Aldi Traders Joe’s Natural Nut-Mix,5.99,open-prices
2026-08-30,ALDI,4068706096617,Almare Thunfisch,1.29,open-prices
2026-08-30,ALDI,4068706284939,Le Gusto Hi!Spice Pommes-frites Salz,1.59,open-prices
2026-08-30,ALDI,4068706340109,Speisezeit Ragout Fin,2.99,open-prices
2026-08-30,ALDI,4068706340116,Speisezeit Würzfleisch,2.99,open-prices
2026-08-30,ALDI,4068706417498,Aldi Rote Linsen,1.45,open-prices
2026-08-30,ALDI,4068706417504,Bio+ Berglinsen,1.45,open-prices
2026-08-30,ALDI,4068706441417,Aldi Sensation Mandel,3.29,open-prices
2026-08-30,ALDI,4068706442445,Bio+ Zitrone,0.79,open-prices
2026-08-30,ALDI,4068706458279,Lyttos Greek Kritsinia,1.29,open-prices
2026-08-30,ALDI,4068706476747,Trader Joe's Erdnüsse mit Knusperhülle,1.39,open-prices
2026-08-30,ALDI,4068706482311,Speisezeit chilli con carne,3.49,open-prices
2026-08-30,ALDI,4068706493386,Trader Joe's Cranberry & Raisin Mix,1.99,open-prices
2026-08-30,ALDI,4068706493409,Trader Joe's Cranberries gesüßt und getrocknet,1.99,open-prices
2026-08-30,ALDI,4068706500794,Daylicious Salatcup - Caesar Art mit Dressing,2.49,open-prices
2026-08-30,ALDI,4068706611759,Frantastique Mini Chinois,2.49,open-prices
2026-08-30,ALDI,4068706634093,Grandessa Waldfrucht Konfitüre Extra,1.79,open-prices
2026-08-30,ALDI,4068706697463,Moseroth Trink Kakao Typ Fein,2.99,open-prices
2026-08-30,ALDI,4068706749018,Trader Joe's Erdnuss Creme creamy,1.75,open-prices
2026-08-30,ALDI,4068706749025,Trader Joe's Erdnuss Creme Crunchy,1.75,open-prices
2026-08-30,ALDI,4068706794100,Choceur Cocoa Frappe Drink Salted Caramel,1.79,open-prices
2026-08-30,ALDI,4068706812125,"All Seasons Kaiserkirschen, entsteint, leicht gezuckert",2.79,open-prices
2026-08-30,ALDI,4068706817120,"All Seasons Sauerkirschen entsteint, leicht gezuckert",3.69,open-prices
2026-08-30,ALDI,4068706898174,MILSANI High Protein Cheese-Snack,1.19,open-prices
2026-08-30,ALDI,4068706903410,All Seasons Cornichons,1.29,open-prices
2026-08-30,ALDI,4068706937774,ALDI ALL SEASONS Gehackte Tomate,0.69,open-prices
2026-08-30,ALDI,4068706937798,ALDI All Seasons Tomaten ganz Tomaten aus Italien; geschält 0.59€ 425-ml-Dose Liter = 1.39€,0.59,open-prices
2026-08-30,ALDI,4068706960468,Le Gusto Tomato ketchup,1.29,open-prices
2026-08-30,ALDI,4068706965234,Tesoros del Sur Almendrados,2.19,open-prices
2026-08-30,ALDI,4068706976506,Trader Joe's Mini Cakes Choco,1.99,open-prices
2026-08-30,ALDI,4068706976513,Trader Joe's Mini Cakes Milk,1.99,open-prices
2026-08-30,ALDI,4068706988127,Le Gusto Curry Gewürz Ketchup delikat,1.99,open-prices
2026-08-30,ALDI,4068706988134,Le Gusto Curry Gewürz Ketchup scharf,1.99,open-prices
2026-08-30,ALDI,4068706990908,Pays Gourmand Crêpe-Backmischung,1.29,open-prices
2026-08-30,dm,4068883000643,"Vademecum Mundwasser Konzentrat med, 75 ml",3.75,dm-website
2026-08-30,ALDI,4069365001288,Magnesium,0.89,open-prices
2026-08-30,ALDI,4069365123591,Biscotto Mini Cookies Mischgebäck,1.49,open-prices
2026-08-30,ALDI,4069365162132,"expertiz Textmarker, Neonfarben",0.79,open-prices
2026-08-30,ALDI,4069365229286,Aldi Haferriegel Kakao,1.29,open-prices
2026-08-30,ALDI,4069365229309,Aldi Hafer-Riegel Mandel & Karamell,1.29,open-prices
2026-08-30,ALDI,4069365229316,Golden Bridge Haferriegel Cranberry & Kürbiskern,1.29,open-prices
2026-08-30,ALDI,4069365382097,Bellasan Natives Olivenöl Extra,7.99,open-prices
2026-08-30,ALDI,4069365399330,Biscotto Belgische Butterwaffel Gebäck Vanillecremefüllung,1.49,open-prices
2026-08-30,ALDI,4069365399569,Aldi Belgisches Butterwaffel Schokoladencremefüllung,1.49,open-prices
2026-08-30,ALDI,4069365421307,Delikato Mayonnaise,1.69,open-prices
2026-08-30,ALDI,4069365441046,Cucina fussili,1.29,open-prices
2026-08-30,ALDI,4069365671306,"Golden Seafood Schollenfilet mit weißer Haut, mariniert",5.49,open-prices
2026-08-30,ALDI,4069365716489,Bio+ Buchweizen,1.69,open-prices
2026-08-30,dm,4069826000188,"SHIRIN BEAUTY Duschgel Creamy Blueberry Caramel Bliss, 250 ml",3.95,dm-website
2026-08-30,dm,4069826000225,"SHIRIN BEAUTY Körperbutter Creamy Blueberry Caramel Bliss, 235 ml",7.95,dm-website
2026-08-30,dm,4069826000638,"SHIRIN BEAUTY Duschgel Glazed Strawberry Butter Cream, 250 ml",3.95,dm-website
2026-08-30,dm,4069826000676,"SHIRIN BEAUTY Body Butter Glazed Strawberry, 235 ml",7.95,dm-website
2026-08-30,REWE,4070308018003,REWE Bio Gartenerbsen,1.49,open-prices
2026-08-30,REWE,4070308026589,Rewe Hafer Drink Ohne zucker,0.9,open-prices
2026-08-30,REWE,4070308027753,"ja! Müllbeutel m. Tragegriff, 25 l",1.19,open-prices
2026-08-30,REWE,4070308029344,REWE Beste Wahl Veganes Hack,2.39,open-prices
2026-08-30,REWE,4070308030548,Rewe Kakaoringe,2.49,open-prices
2026-08-30,REWE,4070308038599,REWE Bio Milde Guacamole,2.79,open-prices
2026-08-30,REWE,4070308042701,Rewe Mandel Drink,1.49,open-prices
2026-08-30,REWE,4070308042886,Lebensgarten Basis Porridge,2.79,open-prices
2026-08-30,REWE,4070308049168,ja! Espresso Delizioso,3.99,open-prices
2026-08-30,REWE,4070308058078,Naba Feinkost Grillgemüse & Linsen,1.69,open-prices
2026-08-30,REWE,4070308060989,Ja! Mini Sunny's sour,1.99,open-prices
2026-08-30,REWE,4070308061399,Rewe Beste Wahl Sauerkirschnektar,2.99,open-prices
2026-08-30,REWE,4070308063256,REWE Beste Wahl Soja Natur,0.99,open-prices
2026-08-30,REWE,4070308063713,Rewe Soja Mango,0.99,open-prices
2026-08-30,REWE,4070308066257,Rewe Beste Wahl leichte Kochcreme,0.89,open-prices
2026-08-30,REWE,4070308072005,Eisbär Eis Protein Eisriegel,2.99,open-prices
2026-08-30,REWE,4070308072968,Rewe Bio Soja Natur ohne Zucker,1.39,open-prices
2026-08-30,REWE,4070308099354,Ja! Sushi Nozomi,6.49,open-prices
2026-08-30,REWE,4070308099828,Rewe To Go Smoothie Plus - Blue Edition,0.99,open-prices
2026-08-30,REWE,4070308103624,REWE Bio Bliss Balls Himbeere,1.59,open-prices
2026-08-30,REWE,4070308103877,Choviva Bunt dragierte Erdnüsse,1.89,open-prices
2026-08-30,REWE,4070308105499,REWE Beste Wahl Hummus Avocado mit Paprika-Topping,1.69,open-prices
2026-08-30,REWE,4070308108131,REWE Bio Bliss Balls Peanut,1.59,open-prices
2026-08-30,REWE,4070308111360,REWE Bio Weizenmehl Type 405,0.85,open-prices
2026-08-30,REWE,4070308129839,Rewe Burger Patties,2.29,open-prices
2026-08-30,ALDI,4070757026772,Alpen Schmaus Tiroler Speck,4.99,open-prices
2026-08-30,ALDI,4070757059336,Tasty Planet Chocolate Dates milk chocolate,2.99,open-prices
2026-08-30,dm,4070765000764,"SUNDANCE Sonnenfluid Gesicht mit Vitamin C, LSF 50+, 50 ml",4.95,dm-website
2026-08-30,dm,4070765001143,"Mivolis Aktivkost Pulver Schoko, 500 g",6.95,dm-website
2026-08-30,dm,4070765001228,"Balea Handcreme Olive, sehr trockene Hände, 100 ml",0.75,dm-website
2026-08-30,dm,4070765001280,"Balea Handcreme Urea, 100 ml",0.95,dm-website
2026-08-30,dm,4070765001303,"Balea Handcreme Q10 mit Aprikosenöl und LSF15, 100 ml",1.25,dm-website
2026-08-30,dm,4070765001327,"Balea med Handcreme Ultra Sensitive, 100 ml",1.45,dm-website
2026-08-30,dm,4070765001341,"Balea Handcreme Glamorous Moment, 100 ml",0.95,dm-website
2026-08-30,dm,4070765001426,"Balea PROFESSIONAL Shampoo Silberglanz, 250 ml",1.25,dm-website
2026-08-30,dm,4070765001709,"Balea Handcreme Bright & Protect LSF 50, 75 ml",1.95,dm-website
2026-08-30,dm,4070765004014,"Denkmit Vollwaschmittel Pulver, 80 Wl",9.95,dm-website
2026-08-30,dm,4070765004052,"Denkmit Feinwaschmittel Black Sensation flüssig, 40 Wl",2.15,dm-website
2026-08-30,dm,4070765004090,"Dontodent Zahnpasta Complete Care & Protect, 75 ml",1.95,dm-website
2026-08-30,dm,4070765006186,"Balea PROFESSIONAL Shampoo Wachstum + Stärke, 250 ml",1.95,dm-website
2026-08-30,dm,4070765006285,"Balea PROFESSIONAL Shampoo Plex Care, 250 ml",1.95,dm-website
2026-08-30,dm,4070765006520,"Dontodent Zahnpasta antibakteriell, 125 ml",0.85,dm-website
2026-08-30,dm,4070765006544,"Dontodent Zahnpasta Brillant Weiß, 125 ml",0.85,dm-website
2026-08-30,dm,4070765006643,"Dontodent PRO+ Zahnpasta PRO+ Sensitive Zahnschmelz Repair, 75 ml",2.95,dm-website
2026-08-30,dm,4070765006667,"Dontodent PRO+ Zahnpasta PRO+ Zahnfleisch Probiotik Aktiv, 75 ml",2.45,dm-website
2026-08-30,dm,4070765012002,"Denkmit Spülmittel Paradise Bloom, 300 ml",0.95,dm-website
2026-08-30,dm,4070765012224,"dmBio Müsli, Paleo, 500 g",3.75,dm-website
2026-08-30,dm,4070765012323,"dmBio Porridge, Früchte, 500 g",2.65,dm-website
2026-08-30,dm,4070765012347,"dmBio Knuspermüsli, Kids, 375 g",1.85,dm-website
2026-08-30,dm,4070765012361,"dmBio Früchte Müsli, Kids, 375 g",1.85,dm-website
2026-08-30,dm,4070765012422,"Feuchtigkeitscreme Dewy Water, korean skincare balea, 50 ml",4.95,dm-website
2026-08-30,dm,4070765012613,"LANGHAARMÄDCHEN Shampoo Hydrate & Shine, 300 ml",4.95,dm-website
2026-08-30,dm,4070765014327,"alverde NATURKOSMETIK Handcreme Seaside Balance mit Sanddorn & Hafer, 75 ml",1.95,dm-website
2026-08-30,dm,4070765014518,"alverde NATURKOSMETIK Flüssigseife Seaside Balance, 300 ml",1.45,dm-website
2026-08-30,dm,4070765014853,"babylove Feuchttücher mit 99 % Wasser, 80 St",1.55,dm-website
2026-08-30,dm,4070765014976,"babylove Feuchttücher mit 99 % Wasser (6x80 St), 480 St",8.95,dm-website
2026-08-30,dm,4070765015515,"Sanft&Sicher Toilettenpapier Balsam 4-lagig (8x150 Blatt), 8 St",3.65,dm-website
2026-08-30,dm,4070765016215,"dmBio Haselnüsse in Vollmilchschokolade, 85 g",2.45,dm-website
2026-08-30,dm,4070765016253,"dmBio Kirschen in Zartbitterschokolade, 85 g",2.95,dm-website
2026-08-30,dm,4070765017304,"Balea Seifenstück, Cremeseife Milch & Honig, 150 g",0.55,dm-website
2026-08-30,dm,4070765017328,"Balea Seifenstück, Cremeseife sensitive, 150 g",0.55,dm-website
2026-08-30,dm,4070765017632,"Profissimo Kaffeefilter Größe 4, 120 St",0.95,dm-website
2026-08-30,dm,4070765018806,"babylove Mama Kekse Hafer-Chia, 125 g",1.35,dm-website
2026-08-30,dm,4070765020717,"Denkmit Geschirrspülmittel-Caps Power Energy, 30 St",3.75,dm-website
2026-08-30,dm,4070765020731,"Denkmit Spülmaschinen-Tabs Classic, 65 St",2.95,dm-website
2026-08-30,dm,4070765020755,"Denkmit Spülmittel Multi-Power-Gel, 500 ml",1.25,dm-website
2026-08-30,dm,4070765021363,"dmBio Brot, Das Pure Hafer & Saaten, 300 g",1.75,dm-website
2026-08-30,dm,4070765021998,"Balea Deo Zerstäuber Pink Bloom, 75 ml",1.95,dm-website
2026-08-30,dm,4070765022018,"dmBio Kräutertee Fenchel (20 Beutel), 40 g",0.95,dm-website
2026-08-30,dm,4070765022285,"dmBio Haferriegel, Beere, 50 g",1.25,dm-website
2026-08-30,dm,4070765022711,"dmBio Müsli Crunchy, Nuss mit Honig verfeinert, 500 g",3.45,dm-website
2026-08-30,dm,4070765023015,"dmBio Müsli, Beeren, 750 g",3.35,dm-website
2026-08-30,dm,4070765023022,"dmBio Müsli, Schoko ohne Rosinen, 750 g",3.45,dm-website
2026-08-30,dm,4070765023039,"dmBio Müsli, Früchte, 750 g",3.15,dm-website
2026-08-30,dm,4070765023046,"dmBio Müsli, Bircher nach Schweizer Art, 500 g",2.85,dm-website
2026-08-30,dm,4070765023077,"dmBio Müsli, Basis ohne Rosinen, 600 g",1.35,dm-website
2026-08-30,dm,4070765023237,"Balea Handserum Hyaluron, 75 ml",1.95,dm-website
2026-08-30,dm,4070765026788,"dmBio Frucht & Getreide Apfel-Banane-Kirsch Müsli ab dem 8. Monat, 190 g",0.95,dm-website
2026-08-30,dm,4070765029222,"dmBio Porridge Basen in Balance, 500 g",3.75,dm-website
2026-08-30,dm,4070765029666,"Balea Cremeseife Sensitive mit Aloe Vera, Nachfüllpack, 850 ml",0.85,dm-website
2026-08-30,dm,4070765029680,"Balea Cremeseife Himbeere & Magnolie, Nachfüllpack, 850 ml",0.85,dm-website
2026-08-30,dm,4070765029703,"Balea Cremeseife Milch & Honig, Nachfüllpack, 850 ml",0.85,dm-website
2026-08-30,dm,4070765029727,"Balea Cremeseife Ginger & Lemon, Nachfüllpack, 500 ml",0.55,dm-website
2026-08-30,dm,4070765029741,"Balea Cremeseife Pfirsich & Kokos Nachfüllpack, 500 ml",0.55,dm-website
2026-08-30,dm,4070765029765,"Balea Flüssigseife Eukalyptus & Lotus, Nachfüllpack, 500 ml",1.95,dm-website
2026-08-30,dm,4070765029789,"Balea med Waschlotion seifenfrei & hautneutral, Nachfüllpack, 500 ml",0.95,dm-website
2026-08-30,dm,4070765030006,"Denkmit Spülmittel Zitronenfrische, 1 l",0.85,dm-website
2026-08-30,dm,4070765030518,"dmBio Schoko Adventskalender 2026, 1 St",3.25,dm-website
2026-08-30,dm,4070765030730,"Profissimo Wasserfilter-Kanne, 1 St",14.95,dm-website
2026-08-30,dm,4070765031089,"dmBio Direktsaft, Apfel-Mango mit Mangomark, 750 ml",1.95,dm-website
2026-08-30,dm,4070765031119,"dmBio Pflanzensaft, Aloe Vera naturtrüb, 330 ml",5.95,dm-website
2026-08-30,dm,4070765031126,"dmBio Direktsaft, Rote Bete, 0,5 l",0.95,dm-website
2026-08-30,dm,4070765031140,"dmBio Direktsaft, Sauerkraut, 0,5 l",0.95,dm-website
2026-08-30,dm,4070765031966,"babylove Frucht-Getreide-Riegel Pfirsich-Maracuja ab 1 Jahr, 25 g",0.45,dm-website
2026-08-30,dm,4070765031980,"Balea Deo Roll-on Glamorous Moment, 50 ml",0.75,dm-website
2026-08-30,dm,4070765038811,"Sanft&Sicher Feuchtes Toilettenpapier Deluxe Kamille (2x50 Stück), 100 St",1.95,dm-website
2026-08-30,dm,4070765038835,"Sanft&Sicher Feuchtes Toilettenpapier Classic Sensitive (2x70 Stück), 140 St",1.25,dm-website
2026-08-30,dm,4070765039146,"dmBio Kaffee Konzentrat, 310 ml",5.95,dm-website
2026-08-30,dm,4070765055801,"dmBio Haferflocken, Feinblatt, 1.000 g",1.55,dm-website
2026-08-30,dm,4070765055818,"dmBio Haferflocken, Feinblatt, 500 g",0.85,dm-website
2026-08-30,dm,4070765055825,"dmBio Haferflocken, Großblatt, 500 g",0.85,dm-website
2026-08-30,dm,4070765055849,"dmBio Haferkleie mit Keim, 500 g",1.85,dm-website
2026-08-30,dm,4070765056198,"dmBio Fruchtriegel Banane-Blaubeere ab 1 Jahr, 25 g",0.55,dm-website
2026-08-30,dm,4070765057355,"No Planet B Festes Duschgel Orange & Kokosnuss, 80 g",3.25,dm-website
2026-08-30,dm,4070765057379,"No Planet B Festes Duschgel Zitrone & Reis, 80 g",3.25,dm-website
2026-08-30,dm,4070765058260,"Denkmit Spülmittel Frühlingsfrische, 1 l",0.85,dm-website
2026-08-30,dm,4070765058802,"dmBio Grüner Tee mit Matcha (20 Beutel), 30 g",1.95,dm-website
2026-08-30,dm,4070765063097,"dmBio Trockenfrüchte, Ananas Stücke, 100 g",2.95,dm-website
2026-08-30,dm,4070765063998,"dmBio Schokolierte Himbeeren in Zartbitter, 150 g",4.45,dm-website
2026-08-30,dm,4070765064155,"dmBio Trockenfrüchte, Mangostücke gefriergetrocknet, 25 g",2.75,dm-website
2026-08-30,dm,4070765065879,"SauBär Badewasserfarbe, 1 St",1.85,dm-website
2026-08-30,dm,4070765068023,"Balea Handcreme Ginseng & Green Mandarin, 75 ml",1.95,dm-website
2026-08-30,dm,4070765070019,"Ivorell Erfrischungsgetränk, Wasser+ Protein, Mango-Maracuja, 330 ml EINWEG",1.45,dm-website
2026-08-30,dm,4070765070699,"dmBio Frucht & Getreide Apfel, Banane, Mango Müsli in Kokos, ab dem 6. Monat, 190 g",0.95,dm-website
2026-08-30,dm,4070765077094,"dmBio Sojaflocken, 500 g",1.95,dm-website
2026-08-30,dm,4070765078480,"SauBär Feuchte Toilettentücher Bärenstark (2x60 St), 120 St",2.45,dm-website
2026-08-30,Kaufland,4071800000824,EDEKA Harry Harry |1688|Korn an Korn,1.99,open-prices
2026-08-30,Lidl,4071800000862,Harry 1688 Steinofenbrot,1.39,open-prices
2026-08-30,Netto,4071800000879,Harry 1688 Unser Mildes,1.29,open-prices
2026-08-30,REWE,4071800000947,Harry Knolli Das Kartoffelbrot,1.89,open-prices
2024-05-29,EDEKA,4071800001012,Harry Brot Vital + Fit,1.79,open-prices
2026-08-30,EDEKA,4071800001012,Harry Brot Vital + Fit,1.79,open-prices
2026-08-25,Kaufland,4071800001012,Harry Brot Vital + Fit,1.49,open-prices
2026-08-30,Kaufland,4071800001012,Harry Brot Vital + Fit,1.49,open-prices
2024-06-22,Lidl,4071800001012,Harry Brot Vital + Fit,1.89,open-prices
2026-08-30,Lidl,4071800001012,Harry Brot Vital + Fit,1.89,open-prices
2026-08-30,Netto,4071800001159,Brotland Roggenmischbrot Schnitten,0.99,open-prices
2026-08-30,Netto,4071800001180,Brotland Brot - Weizenmild,0.99,open-prices
2026-08-30,REWE,4071800001371,Harry Toastbrot Sammys,2.49,open-prices
2026-08-30,EDEKA,4071800003696,Harry Vollkorn mit Sonnenblumenkernen,1.59,open-prices
2026-08-30,REWE,4071800003870,Harry Vital Brot,1.69,open-prices
2026-08-30,Netto,4071800004372,Harry Krustenbrot,1.29,open-prices
2026-08-30,REWE,4071800034874,Harry Weltmeister Mehrkornbrot,1.69,open-prices
2026-08-30,REWE,4071800038568,Harry Körner Balance Toastbrötchen,1.79,open-prices
2026-08-30,EDEKA,4071800041766,Harry EIWEISS BROT,2.69,open-prices
2026-08-30,Kaufland,4071800047812,Harry Dinkel Sandwich 4071800047812 Dinkelsandwichbrot,1.45,open-prices
2026-08-30,EDEKA,4071800049533,Harry Vital+ Vitamin 4071800049533 Weizenmischbrot,1.89,open-prices
2026-08-30,REWE,4071800051314,Harry Anno 1688 Rustikal 4071800051314 Weizenmischbrot,2.49,open-prices
2026-08-30,REWE,4071800052618,"Mischbrot Anno 1688 Klassisch, Harry",2.49,open-prices
2026-08-30,EDEKA,4071800053462,Harry Vital & pur,1.99,open-prices
2026-08-30,REWE,4071800053479,Harry-Brot GmbH Kleines Sonnenkern,1.69,open-prices
2026-08-30,REWE,4071800054469,Harry Vital+ Dinkel Vollkorn 100% Dinkel & mit Sonnenblumenkernen 4071800054469  Dinkelvollkornbrot mit 55 % Dinkelvollk,1.99,open-prices
2026-08-30,Kaufland,4071800054735,Brotland Weizenbrötchen,0.95,open-prices
2026-08-30,E-Center,4071800056784,Sammy's Vollkorn Super Sandwich,1.29,open-prices
2026-08-30,EDEKA,4071800058269,Harry Eiweißbrot,1.99,open-prices
2026-08-30,Netto,4071800058764,Harry Brioche Burger Brötchen Lauge,1.99,open-prices
2026-08-30,EDEKA,4071800058825,Harry Dinkel Saaten,2.39,open-prices
2026-08-30,Netto,4071800058900,Harry Brioche Burger Brötchen,1.59,open-prices
2026-08-30,Kaufland,4071800059341,Harry Weltmeisterbrötchen,1.29,open-prices
2026-08-30,Kaufland,4071800060217,Gutes aus der Mühle Dinkel Sandwich,1.69,open-prices
2026-08-30,EDEKA,4071800061665,Harry Bio Pures Hafer,2.59,open-prices
2026-08-30,REWE,4071800062204,Vollkornbrot Rewe,1.39,open-prices
2026-08-30,dm,4072600282274,"GUHL Shampoo Frische & Leichtigkeit Anti Fett, 250 ml",3.95,dm-website
2026-08-30,dm,4072600703502,"GUHL Shampoo Kraft & Fülle, 250 ml",4.95,dm-website
2026-08-30,Netto,4072700802525,"Franziskaner Weissbier Alkoholfrei 0,5 L",1.19,open-prices
2026-08-30,Kaufland,4074900021959,Kisker Irish Coffee Fertigmischung,3.49,open-prices
2026-08-30,Kaufland,4074900021966,Kisker Russische Schokolade,3.49,open-prices
2026-08-30,Netto,4075600055039,BÜRGER Maultaschen traditionell schwäbisch,1.79,open-prices
2026-08-30,Netto,4075600057118,Bürger Rindfleisch-Maultaschen,2.29,open-prices
2026-08-30,Netto,4075600058177,BURGER Vegane Maultaschen mit feinem Gemüse,2.29,open-prices
2026-08-30,Netto,4075600058634,Bürger Gemüse-Maultaschen,2.29,open-prices
2026-08-30,E-Center,4075600058979,Bürger Vegetarische Maultaschen,2.0,open-prices
2026-08-30,Netto,4075600111834,Bürger hähnchen-Maultaschen,2.29,open-prices
2026-08-30,EDEKA,4075600113395,Bürger mini Gnocchi mit Speck,1.3,open-prices
2026-08-30,EDEKA,4075600113487,Bürger Schwäbische Eierknöpfle,1.14,open-prices
2026-08-30,EDEKA,4075600114293,Bürger Thai Maultaschen,1.14,open-prices
2026-08-30,Kaufland,4075600590493,K CLASSIC Feine Gnocci,1.89,open-prices
2026-08-30,Kaufland,40804309,Kühne Rote Bete,1.69,open-prices
2026-08-30,Kaufland,40804361,Kuhne Piments verts,2.39,open-prices
2026-08-30,Kaufland,40804453,Kühne Apfel-Rotkohl 2min,1.39,open-prices
2026-08-30,REWE,40804477,KÜHNE Silber Zwiebeln 40804477 Silberzwiebeln,1.29,open-prices
2026-08-30,Kaufland,40804651,Kühne Gewürzgurken,2.49,open-prices
2025-12-12,EDEKA,40804958,Ungarische Gurken,1.79,open-prices
2026-08-30,EDEKA,40804958,Kühne Ungarische Gurken,1.79,open-prices
2025-08-01,Kaufland,40804958,Ungarische Gurken,2.49,open-prices
2026-08-30,Kaufland,40804958,Kühne Ungarische Gurken,2.49,open-prices
2026-08-30,Netto,4082100007154,Mönchshof Naturradler,0.99,open-prices
2026-08-30,Lidl,40878263,Côté Marché Gemüse Kartoffeln Pommes de terre,1.29,open-prices
2026-08-30,Lidl,40884783,Peperoncino Frantumato Kania,0.85,open-prices
2026-08-30,ALDI,4088500763171,Aldi Frikadellen Klassik,3.19,open-prices
2026-08-30,ALDI,4088500784503,Aldi Fraicho Käse,0.99,open-prices
2026-08-30,Lidl,40893532,Alesto Selection Cashew Nuts XXL,5.79,open-prices
2026-08-30,Lidl,40897677,Crownfield Hafer Flocken Zart,0.85,open-prices
2026-08-30,Lidl,4099498000209,Billie green Bratwurst Krakauer Style,2.49,open-prices
2026-08-30,Lidl,4099498000391,Billie Green Grobe Bratwurst Käse,2.49,open-prices
2026-08-30,Kaufland,4099936000778,Thüringer Land Schlagsahne,2.99,open-prices
2026-08-30,Netto,4099936001058,Thüringer Land Schmand,1.29,open-prices
2026-08-05,Netto,4100080000931,Jubiläums Pilsener,0.89,open-prices
2026-08-30,Netto,4100080000931,Berliner Kindl Jubiläums Pilsener,0.89,open-prices
2025-07-04,REWE,4100080000931,Jubiläums Pilsener,0.95,open-prices
2026-08-30,REWE,4100080000931,Berliner Kindl Jubiläums Pilsener,0.95,open-prices
2026-08-30,EDEKA,4100250006534,hitschler Hitschies,1.79,open-prices
2026-08-30,EDEKA,41002728,Esko Kochkäse mit Kümmel,1.0,open-prices
2026-08-30,Netto,4100290025533,Starbucks Caffè Latte,2.99,open-prices
2026-08-30,REWE,4100290068608,Arla Kaergarden Gesalzen,1.79,open-prices
2026-08-30,Kaufland,4100550502101,Aerzener Eiweiß-Toastbrötchen,1.69,open-prices
2026-08-30,dm,4101160100503,"One Drop Only Mundwasser Konzentrat, fluoridfrei, 50 ml",3.45,dm-website
2025-10-31,EDEKA,4101430004104,Original Allgäuer Limburger,1.99,open-prices
2026-08-30,EDEKA,4101430004104,Mang Original Allgäuer Limburger,1.99,open-prices
2025-11-05,Netto,4101430004104,Original Allgäuer Limburger,2.99,open-prices
2026-05-22,Netto,4101430004104,Original Allgäuer Limburger,1.99,open-prices
2026-08-30,Netto,4101430004104,Mang Original Allgäuer Limburger,1.99,open-prices
2025-10-04,REWE,4101430004104,Original Allgäuer Limburger,2.09,open-prices
2026-08-30,EDEKA,4101530001072,Berchtesgadener Land Schlagrahm,0.88,open-prices
2026-08-30,V-MARKT,4101530003106,Berchtesgadener Land H  Bergbauernmilch fettarm,0.99,open-prices
2026-08-30,Netto,4101530003175,Berchtesgadener Land Bergbauern Milch,1.49,open-prices
2026-07-13,Kaufland,4101540714573,Koala Kakao,1.49,open-prices
2026-08-30,Kaufland,4101540714573,KuchenMeister Koala Kakao,1.49,open-prices
2026-07-11,Netto,4101540714573,Koala Kakao,1.79,open-prices
2026-08-30,Netto,4101540714573,KuchenMeister Koala Kakao,1.79,open-prices
2026-08-30,Kaufland,4101540714580,KuchenMeister KOALA Milch,1.49,open-prices
2026-08-30,Kaufland,4101540714597,KuchenMeister Koala Milch-Nuss,1.49,open-prices
2026-08-30,Netto,4101540786501,Finton's Softwaffeln,1.19,open-prices
2026-08-30,Netto,4101820279860,Farmländer Kochschinken mit Würzlake,1.49,open-prices
2026-08-30,Netto,4101820279877,"Farmländer Schinkenbraten, hauchfein",1.49,open-prices
2026-08-30,Netto,4101820356646,Farmländer Prosciutto Cotto,1.99,open-prices
2026-08-30,Nahkauf,4102380031998,"Hella Wasser Birne, still",0.85,open-prices
2026-08-30,V-MARKT,4102910100668,Kirchner Salat & Gartenkräuter Kräuterhexe,3.99,open-prices
2026-08-30,dm,4103040047977,"sebamed Duschgel Meersalz, 400 ml",4.95,dm-website
2026-08-30,dm,4103040047991,"sebamed Duschgel Wellness, 200 ml",2.95,dm-website
2026-08-30,dm,4103040048011,"sebamed Duschgel Wellness, 400 ml",4.95,dm-website
2026-08-30,dm,4103040048035,"sebamed Duschgel Sport 3in1, 200 ml",2.95,dm-website
2026-08-30,dm,4103040048059,"sebamed Duschgel Sport 3in1, 400 ml",4.95,dm-website
2026-08-30,dm,4103040048073,"sebamed Duschöl, 200 ml",4.35,dm-website
2026-08-30,dm,4103040048646,"sebamed Handcreme trockene Haut Urea Akut, 75 ml",3.95,dm-website
2026-08-30,dm,4103040049483,"sebamed Deo Roll-on Frische, 50 ml",3.35,dm-website
2026-08-30,dm,4103040049506,"sebamed Deo Roll-on Balsam parfumfrei, 50 ml",3.35,dm-website
2026-08-30,dm,4103040049520,"sebamed Deo Roll-on Balsam sensitive, 50 ml",3.35,dm-website
2026-08-30,dm,4103040049544,"sebamed Deo Zerstäuber Frische, 75 ml",4.45,dm-website
2026-08-30,dm,4103040051110,"sebamed Intimpflege Waschgel seifenfrei, 200 ml",5.95,dm-website
2026-08-30,dm,4103040051639,"sebamed seifenfreies Waschstück, 150 g",2.95,dm-website
2026-08-30,dm,4103040051653,"sebamed Shampoo Anti-Haarverlust, 200 ml",5.95,dm-website
2026-08-30,dm,4103040051677,"sebamed Shampoo Anti-Schuppen Plus, 200 ml",4.95,dm-website
2026-08-30,dm,4103040051691,"sebamed Shampoo Anti-Schuppen, 200 ml",4.95,dm-website
2026-08-30,dm,4103040051714,"sebamed Shampoo Anti-Schuppen, 400 ml",7.95,dm-website
2026-08-30,dm,4103040051752,"sebamed Shampoo Every-Day, 200 ml",3.95,dm-website
2026-08-30,dm,4103040051776,"sebamed Shampoo Every-Day, 400 ml",6.75,dm-website
2026-08-30,dm,4103040051837,"sebamed flüssige Waschemulsion, seifenfrei Nachfüllpack, 400 ml",4.45,dm-website
2026-08-30,dm,4103040051912,"sebamed flüssige Waschemulsion, seifenfrei, 200 ml",3.95,dm-website
2026-08-30,dm,4103040052018,"sebamed seifenfreies Waschstück mit Olivenöl, 150 g",2.95,dm-website
2026-08-30,dm,4103040054555,"sebamed Duschgel Frische Dusche Allantoin, 200 ml",2.95,dm-website
2026-08-30,dm,4103040054586,"sebamed Duschgel Frische Dusche Allantoin, 400 ml",4.95,dm-website
2026-08-30,EDEKA,4103080050517,Flensburger Pilsener,0.99,open-prices
2026-08-30,EDEKA,4103210273014,Allgäuer Brauhaus AG Allgäuer Büble Radler,1.09,open-prices
2026-08-30,Kaufland,4103520002403,K-Classic Nuss-Frucht-Mix mit Schokoflakes,1.91,open-prices
2026-08-30,Kaufland,4103520002489,K-Classic Nuss-Frucht-Mix mit Cranberries,2.39,open-prices
2026-08-30,Kaufland,4104060028342,"Andechser Natur Andechser Bio Milch 1,5% Fett",1.79,open-prices
2026-08-30,CAP-Markt,4104060029059,Andechser Natur - Joghurt mild Heidelbeere,0.81,open-prices
2026-08-30,Kaufland,4104060031526,Andechser  Natur Haltbare Bio-Ziegenmilch,3.39,open-prices
2026-08-30,dm,4104260073500,"Swiss-o-Par Shampoo Tiefenreinigung, 250 ml",2.45,dm-website
2026-08-30,dm,4104260076501,"Swiss-o-Par Shampoo Teebaumöl, 250 ml",2.45,dm-website
2026-08-30,E-Center,4104420016903,Alnatura Sesam ungeschält,3.49,open-prices
2026-08-30,HIT,4104420018426,Alnatura Himalaya Basmati Vollkorn Reis,2.99,open-prices
2026-08-30,EDEKA,4104420021921,Alnatura Haferflocken Feinblatt,2.49,open-prices
2026-08-30,HIT,4104420022683,Alnatura GmbH Kichererbsen getrocknet,1.99,open-prices
2026-08-30,WEZ,4104420024106,Alnatura Vollrohrzucker,2.89,open-prices
2026-08-30,CAP-Markt,4104420031661,Alnatura Meersalz mit Jod,1.09,open-prices
2026-08-30,WEZ,4104420031722,Alnatura Soja Sauce Shoyu,2.99,open-prices
2026-08-30,CAP-Markt,4104420033986,Alnatura Rotkohl,1.99,open-prices
2026-08-30,EDEKA,4104420036581,Alnatura Kräuter Tee Btl.,1.29,open-prices
2026-08-30,E-Center,4104420038363,Alnatura GmbH Grüner Tee Gunpowder lose,2.79,open-prices
2026-08-30,Rossmann,4104420053922,Alnatura Dinkel Doppelkeks,2.49,open-prices
2026-08-30,WEZ,4104420054004,Alnatura Maiswaffeln,0.89,open-prices
2026-08-30,Rossmann,4104420054769,Alnatura Dinkel Doppelkeks Zartbitter,2.49,open-prices
2026-08-30,Rossmann,4104420071728,Alnatura Apfelsaft naturtrüb,1.89,open-prices
2026-08-30,Rossmann,4104420071742,Alnatura Orangensaft,3.49,open-prices
2026-08-30,Rossmann,4104420071766,Alnatura Traubensaft naturtrüb,2.49,open-prices
2026-08-30,Rossmann,4104420072589,Alnatura Zitronen Direktsaft,1.59,open-prices
2026-08-30,Netto,4104420139640,Alnatura Cornflakes,1.99,open-prices
2026-08-30,EDEKA,4104420145665,Alnatura Mozzarella,1.25,open-prices
2026-08-30,EDEKA,4104420179493,"Alnatura Fenchel Anis Kümmel Tee Btl.20x2,25",1.69,open-prices
2026-08-30,EDEKA,4104420180369,Alnatura Beerenmüsli,3.99,open-prices
2024-02-10,EDEKA,4104420180420,Früchte müsli,3.99,open-prices
2024-07-17,EDEKA,4104420180420,Früchte müsli,3.99,open-prices
2026-08-30,EDEKA,4104420180420,Alnatura Früchte müsli,3.99,open-prices
2024-06-12,Lidl,4104420180420,Früchte müsli,3.99,open-prices
2026-08-30,Lidl,4104420180420,Alnatura Früchte müsli,3.99,open-prices
2026-08-30,CAP-Markt,4104420180499,Alnatura Kurkuma gemahlen,2.69,open-prices
2026-08-30,WEZ,4104420181489,Alnatura Sojamehl,2.29,open-prices
2026-08-30,Rossmann,4104420209466,Alnatura Hafer Riegel Kakao,1.49,open-prices
2023-10-23,E-Center,4104420215313,Quinoa,3.99,open-prices
2023-10-25,E-Center,4104420215313,Quinoa,3.99,open-prices
2024-03-14,E-Center,4104420215313,Quinoa,3.99,open-prices
2025-08-09,E-Center,4104420215313,Quinoa,3.99,open-prices
2026-08-30,E-Center,4104420215313,Alnatura Quinoa,3.99,open-prices
2024-02-24,HIT,4104420215313,Quinoa,3.49,open-prices
2026-08-30,HIT,4104420215313,Alnatura Quinoa,3.49,open-prices
2026-08-30,HIT,4104420216709,rossmann Alnatura Flohsamen 250g 3.69€ 1kg 14.76€,3.69,open-prices
2026-08-30,EDEKA,4104420218352,Alnatura Goldhirse,1.99,open-prices
2026-08-30,Rossmann,4104420221383,Alnatura Sesam Krokant Riegel 4er,1.99,open-prices
2026-08-30,Rossmann,4104420221796,Alnatura Müsli-Riegel Schoko,2.29,open-prices
2026-08-30,Rossmann,4104420221833,Alnatura Müsli Riegel Ahorn-Dattel,1.99,open-prices
2026-08-30,Rossmann,4104420221970,Alnatura Karottensaft,1.79,open-prices
2026-08-30,Netto,4104420222441,Alnatura Vollmilch Schokolade,2.29,open-prices
2026-08-30,Rossmann,4104420222595,Alnatura Cappuccino Schokolade,2.49,open-prices
2026-08-30,Rossmann,4104420222625,Alnatura Nougat Schokolade Bio,2.29,open-prices
2026-08-30,Rossmann,4104420225770,Alnatura Hafer Riegel Heidelbeere,1.49,open-prices
2026-08-30,Rossmann,4104420225800,Alnatura Hafer-Riegel Mandel & Haselnuss 4104420225800 Bio Haferriegel mit Mandeln und Haselnüssen,1.49,open-prices
2026-08-30,Rossmann,4104420225961,Alnatura Mango Dattel Riegel,0.99,open-prices
2026-08-30,CAP-Markt,4104420230224,Alnatura Kichererbsen,1.29,open-prices
2026-08-30,WEZ,4104420230262,Alnatura Kidney Bohnen,1.49,open-prices
2026-08-30,EDEKA,4104420231214,Alnatura Orangensaft,3.69,open-prices
2026-08-30,Rossmann,4104420236165,Alnatura Vollmilch Schokolade,1.99,open-prices
2026-08-30,WEZ,4104420236523,Alnatura Kichererbsen 500g im Pfandglas,2.69,open-prices
2026-08-30,Rossmann,4104420238589,Alnatura Hafer Riegel Mango,1.49,open-prices
2026-08-30,WEZ,4104420238855,Alnatura Streichcreme Toskana,1.99,open-prices
2026-08-30,Rossmann,4104420239647,Alnatura Nuss Dattel Fruchtschnitte,1.79,open-prices
2026-08-30,WEZ,4104420241275,Alnatura Couscous,1.96,open-prices
2026-08-30,WEZ,4104420241527,Alnatura Weizenmehl Type 1050,1.69,open-prices
2026-08-30,Rossmann,4104420242494,Alnatura Hafer Doppelkeks Nougat,2.79,open-prices
2026-08-30,WEZ,4104420244627,Alnatura Ganze Tomaten geschält,0.99,open-prices
2026-08-30,Netto,4104420246546,Alnatura Ganze Nuss Schokolade,2.29,open-prices
2026-08-30,Rossmann,4104420247031,Alnatura Mini Karamellwaffeln,2.99,open-prices
2026-08-30,WEZ,4104420248953,Alnatura Mais,1.49,open-prices
2026-08-30,Rossmann,4104420252608,Alnatura Honigwaffeln,2.29,open-prices
2026-08-30,Netto,4104420262560,Alnatura Feine Bitter 70%,2.29,open-prices
2026-08-30,EDEKA,4104420265219,Alnatura Tomatenstücke natur,1.09,open-prices
2026-08-30,Kaufland,4104690811451,"Wacholder Bauch, Schweinebauch Nitritpökelsalz",5.49,open-prices
2026-08-30,EDEKA,4104690826080,Kleinemas Lachsschinken,3.03,open-prices
2026-08-30,Netto,4104720022697,Händlmaier bayerischer süßer Senf -30% Zucker,1.49,open-prices
2026-08-30,E-Center,41047231,Händlmaier Senf-Süßer Hausmachersenf,1.79,open-prices
2025-06-03,EDEKA,4105250022003,Lagerbier Hell,1.49,open-prices
2025-06-20,Netto,4105250022003,Lagerbier Hell,0.94,open-prices
2026-03-12,Netto,4105250022003,Lagerbier Hell,1.05,open-prices
2026-06-11,Netto,4105250022003,Lagerbier Hell,1.05,open-prices
2026-08-14,Netto,4105250022003,Lagerbier Hell,1.15,open-prices
2026-08-30,Netto,4105250022003,Augustiner-Bräu Lagerbier Hell,1.05,open-prices
2025-07-04,REWE,4105250022003,Lagerbier Hell,1.19,open-prices
2026-04-25,REWE,4105250022003,Lagerbier Hell,1.35,open-prices
2026-06-20,REWE,4105250022003,Lagerbier Hell,1.19,open-prices
2026-07-01,REWE,4105250022003,Lagerbier Hell,1.19,open-prices
2026-07-21,REWE,4105250022003,Lagerbier Hell,1.19,open-prices
2026-07-22,REWE,4105250022003,Lagerbier Hell,1.29,open-prices
2026-08-30,REWE,4105250022003,Augustiner-Bräu Lagerbier Hell,1.29,open-prices
2026-08-30,REWE,41058978,Harzbube Handkäse klassisch,2.99,open-prices
2026-08-30,dm,4170000037668,"mybidet Po- und Intimdusche Mint, inkl. Reisebeutel und Deckel, 1 St",14.95,dm-website
2026-08-30,Netto,42012979,Gutes Land Harzer Roller Minis mit Kümmel,1.29,open-prices
2026-08-30,Netto,42012986,Gutes Land Harzer Roller Minis mit Edelschimmel,1.29,open-prices
2026-08-30,Rossmann,42096184,Alnatura Mandel Honig Riegel,1.29,open-prices
2026-08-30,Rossmann,42100454,Alnatura Mandel Schnitte,1.99,open-prices
2026-08-30,Rossmann,42100478,Alnatura Beeren Fruchtschnitte,1.99,open-prices
2026-08-30,Rossmann,42100522,Alnatura Cocos Riegel VM,0.99,open-prices
2026-08-30,EDEKA,42140849,Astra Urtyp,0.99,open-prices
2026-08-30,Lidl,42140863,Lübzer Pils,0.65,open-prices
2026-08-30,ALDI,42142324,Quellbrunn Mineralwasser medium,0.29,open-prices
2026-08-30,Rossmann,42143956,Alnatura Cocos Riegel ZB,0.99,open-prices
2026-08-30,EDEKA,42178170,"Anheuser-Busch Inbev Beck's Pils, 4,9 % Vol.",1.09,open-prices
2026-08-30,Lidl,42178231,"Freeway Grapefruit Zero Sugar, 8% Fruchtgehalt",0.79,open-prices
2026-08-30,dm,42189527,"EXTRA Kaugummi, Wassermelone, zuckerfrei, 10 St",0.95,dm-website
2026-08-30,Netto,42200864,Stardrink Zitrone 0% Zucker,0.65,open-prices
2025-03-22,EDEKA,42230281,Hefe,0.19,open-prices
2025-04-09,EDEKA,42230281,Hefe,0.19,open-prices
2025-05-05,EDEKA,42230281,Hefe,0.19,open-prices
2025-06-03,EDEKA,42230281,Hefe,0.19,open-prices
2025-08-04,EDEKA,42230281,Hefe,0.19,open-prices
2025-09-04,EDEKA,42230281,Hefe,0.19,open-prices
2025-09-18,EDEKA,42230281,Hefe,0.19,open-prices
2025-09-25,EDEKA,42230281,Hefe,0.19,open-prices
2025-10-24,EDEKA,42230281,Hefe,0.19,open-prices
2025-11-18,EDEKA,42230281,Hefe,0.19,open-prices
2025-11-28,EDEKA,42230281,Hefe,0.19,open-prices
2026-04-02,EDEKA,42230281,Hefe,0.19,open-prices
2026-08-30,EDEKA,42230281,Fala Hefe,0.19,open-prices
2025-07-12,Kaufland,42230281,Hefe,0.25,open-prices
2026-08-30,Kaufland,42230281,Fala Hefe,0.25,open-prices
2026-08-30,dm,42241249,"HiPP Babysanft Sonnencreme Gesicht Kids, ultra sensitiv, LSF 50+, 30 ml",5.25,dm-website
2026-08-30,Lidl,42256694,"Freeway MixxMax Zero, Cola & Orange",0.65,open-prices
2026-08-30,Nahkauf,42259831,REWE to go Quarkcreme Mandarine Dessert,1.8,open-prices
2026-08-30,Netto,42260912,Backfee Trocken-Backhefe,0.79,open-prices
2026-08-30,Netto,42261001,Sea Gold Party Garnelen,1.79,open-prices
2026-08-30,Netto,42263708,Müller Grießpudding Erdbeere,0.99,open-prices
2026-08-30,Lidl,42270386,Freeway Cola Zero sugar,0.39,open-prices
2026-08-30,Rossmann,42278917,"Alnavit Bio Direktsaft, Acerola",3.99,open-prices
2026-08-30,Rossmann,42279051,Alnavit zumo bio de sauco,3.99,open-prices
2026-08-30,Netto,42287988,Naturalis Mineralwasser Medium,0.29,open-prices
2026-08-30,Netto,42287995,Naturalis Getränke - Mineralwasser - Classic,0.29,open-prices
2026-08-30,ALDI,42289623,Schultenbräu Premium-Pils,0.55,open-prices
2026-08-30,Rossmann,42305880,Alnatura Kokos Schnitte,1.79,open-prices
2026-08-30,Netto,42306351,Gutes Land Fettarmer Fruchtjoghurt,0.59,open-prices
2026-08-30,Netto,42306368,Gutes Land Fettarmer Fruchtjoghurt mild Heidelbeer-Vanille,0.59,open-prices
2026-08-30,Netto,42317135,Gutes Land Handkäse mit Edelschimmel,1.99,open-prices
2026-08-30,Lidl,42333890,Müller Joghurt mit der Ecke Mango + Mascarpone,0.44,open-prices
2026-08-30,Lidl,42334293,Müller Joghurt mit der Ecke Erdbeere + Mascarpone,0.44,open-prices
2026-08-30,Lidl,42334309,Müller Joghurt mit der Ecke Kirsche + Mascarpone,0.44,open-prices
2026-08-30,Netto,42356387,Hofmaier Leberwurst fein,1.29,open-prices
2026-08-30,Netto,42356752,Gutes Land Frischkäse pur,1.59,open-prices
2026-08-30,Lidl,42372387,Perlenbacher Premium Pils Bier,0.39,open-prices
2026-08-30,Netto,42381709,Beste Ernte Kapern in salzig-saurer Lake,0.99,open-prices
2026-08-30,Netto,42394495,SeaGold Marinierte Garnelen - Knoblauch & Kräuter,1.99,open-prices
2026-08-30,Netto,42394518,"SeaGold Marinierte Garnelen, Zitrone & Pfeffer",1.99,open-prices
2026-08-30,Netto,42400103,BioBio Aprikosen Konfitüre extra,1.69,open-prices
2026-08-30,Lidl,42400905,Somersby Cider - Blackberry,1.49,open-prices
2026-08-30,REWE,42403111,Thomy Delikatess Remoulade,2.99,open-prices
2026-08-30,Netto,42413356,Gutes Land Obazda,1.79,open-prices
2026-08-30,Netto,42413677,Cafèt Latte Espresso,0.75,open-prices
2026-08-30,Lidl,42413912,Lidl Radler naturtrüb alkoholfrei,0.49,open-prices
2026-08-30,Netto,42414742,eisbergsalad,0.79,open-prices
2026-08-30,Netto,42415084,In der Heimat Suppengemüse,1.0,open-prices
2026-08-30,dm,42422778,"fit Spülmittel Original, Reisegröße, 100 ml",0.95,dm-website
2026-08-30,Lidl,42426110,Perlenbacher Lagerbier Hell,0.55,open-prices
2026-08-30,dm,42426356,"ORINIQ Pflegedusche Thailand Feeling mit Mandelmilch, Orangenblüten & Bambus, 250 ml",2.25,dm-website
2026-08-30,dm,42428985,"NIVEA Creme in der Dose, 75 ml",2.45,dm-website
2026-08-30,Netto,42436195,Backfee Vanillepaste,2.79,open-prices
2026-08-30,Netto,42436263,Gutes Land Knoblauchbutter,0.99,open-prices
2026-08-30,Netto,42436270,Gutes Land Kräuterbutter,0.99,open-prices
2026-08-30,REWE,42436898,wieninger Backhefe Frischhefe,0.15,open-prices
2026-08-30,EDEKA,42440833,Somersby Yuzu & Lemon,1.49,open-prices
2026-08-30,EDEKA,42440840,Somersby Sommersby- Zero Apfel Cider (alkoholfrei),1.49,open-prices
2026-08-30,Kaufland,42448150,Thoms Die Natürlich Leichte,1.99,open-prices
2026-08-30,Kaufland,42448839,Muller kokos Pistazie,0.69,open-prices
2026-08-30,dm,42449829,"NIVEA Care Creme Intensive Pflege 2, 200 ml",4.75,dm-website
2026-08-30,dm,42449836,"NIVEA Care Creme Sensitive, 200 ml",4.75,dm-website
2026-08-30,dm,42453031,"ORINIQ Pflegedusche Scandinavian Memories mit Hafermilch, Sandelholz & Moltebeere, 250 ml",2.25,dm-website
2026-08-30,Kaufland,42454113,müller High Protein,1.59,open-prices
2026-08-30,EDEKA,42454120,Müllermilch High Protein Coco Schoko,1.89,open-prices
2026-08-30,Kaufland,42454250,Müllermilch Vanille,0.69,open-prices
2026-08-30,Netto,42457305,Beste Ernte Eingelegte Knoblauchzehen mit Kräutern in Rapsöl,1.79,open-prices
2026-08-30,EDEKA,42462989,"Veltins Helles Pülleken (5,2%)",0.79,open-prices
2026-08-30,REWE,42464761,Pueblo Fine Cut Tobacco,6.5,open-prices
2026-08-30,dm,42467670,"NIVEA Deo Roll-on summer happiness, 50 ml",2.95,dm-website
2026-08-30,dm,42467687,"NIVEA Deo Roll-on Fresh Natural, 50 ml",2.95,dm-website
2026-08-30,dm,42467724,"NIVEA Antitranspirant Deo Roll-on Dry Comfort, 50 ml",2.95,dm-website
2026-08-30,dm,42467755,"NIVEA Antitranspirant Deo Roll-on Pearl & Beauty, 50 ml",2.95,dm-website
2026-08-30,Netto,42470816,Lieblings Milch Haselnuss Creme,3.29,open-prices
2026-08-30,REWE,42483649,REWE To Go Tori Sushi,3.19,open-prices
2026-08-30,Kaufland,42488903,Müllermilch High Protein Pistazienwaffel,1.49,open-prices
2026-08-30,Netto,42489726,Lieblings Pistaziencreme,3.99,open-prices
2026-08-30,Netto,42489832,"Gutes Land Quark, 40 % Fett",0.52,open-prices
2026-08-30,Rossmann,42491026,LemonAid Limette (Dose),1.69,open-prices
2026-08-30,Rossmann,42491033,ChariTea Mate,1.69,open-prices
2026-08-30,Netto,42493938,Sea Gold Thunfish Filet,1.29,open-prices
2026-08-30,dm,42495024,"NIVEA Mizellenwasser beruhigend, Reisegröße, 100 ml",1.45,dm-website
2026-08-30,dm,42495246,"NIVEA SUN Sonnencreme Gesicht LSF 50+, 40 ml",9.95,dm-website
2026-08-30,dm,42495277,"NIVEA Antitranspirant Deo Roll-on Black & White Invisible Clear, 50 ml",2.95,dm-website
2026-08-30,dm,42495376,"NIVEA Antitranspirant Deo Roll-on Derma Control Clinical Anti-Juckreiz, 50 ml",4.45,dm-website
2026-08-30,dm,42495383,"NIVEA Antitranspirant Deo Roll-on Derma Control Clinical Trockenes Hautgefühl, 50 ml",4.45,dm-website
2026-08-30,dm,42495567,"Hidrofugal Antitranspirant Deo Roll-on Forte Doppelschutz, 50 ml",4.45,dm-website
2026-08-30,dm,42495598,"Hidrofugal Deo Roll-on Classic, 50 ml",4.45,dm-website
2026-08-30,dm,42495604,"Hidrofugal Deo Roll-on Dusch Frische, 50 ml",4.45,dm-website
2026-08-30,dm,42495673,"NIVEA Pflegecreme in der Tube, 100 ml",2.75,dm-website
2026-08-30,dm,4250073450639,"followfood Thunfisch Filets, in eigenem Saft, MSC Zertifizierung, 130 g",2.95,dm-website
2026-08-30,REWE,4250073459953,followfood Thunfisch in eigenem Saft,2.69,open-prices
2026-08-30,WEZ,4250073460850,followfood Bio Haselnusskerne,3.79,open-prices
2026-08-30,dm,4250073462854,"followfood Thunfisch Filets, in eigenem Saft, MSC Zertifizierung, 112 g",3.45,dm-website
2026-08-30,REWE,4250208800025,Poensgen Süßes Weißbrot,3.99,open-prices
2026-08-30,REWE,4250208800186,Poensgen Glutenfreies Rosinenbrot,4.49,open-prices
2026-08-30,EDEKA,4250230854638,Reichenauer Salatsoße,4.49,open-prices
2026-08-30,Nahkauf,4250239101825,Aleo Aloe vera,1.69,open-prices
2024-02-29,E-Center,4250241200714,Filegro - Rosmarin-Zitrone,2.77,open-prices
2026-08-30,E-Center,4250241200714,2 Filegro - Rosmarin-Zitrone,2.77,open-prices
2024-05-28,HIT,4250241200714,Filegro - Rosmarin-Zitrone,2.99,open-prices
2026-08-30,HIT,4250241200714,2 Filegro - Rosmarin-Zitrone,2.99,open-prices
2026-08-30,Netto,4250241203524,IGLO Fischstäbchen,4.88,open-prices
2026-08-30,CAP-Markt,4250241204118,Fertiggerichte Schlemmerfilet Champignon,4.49,open-prices
2026-08-03,Kaufland,4250241204231,Gemüsestäbchen,2.99,open-prices
2026-08-30,Kaufland,4250241204231,Iglo Green Cuisine Gemüsestäbchen,2.99,open-prices
2026-02-24,Lidl,4250241204231,Gemüsestäbchen,2.99,open-prices
2026-08-30,Lidl,4250241204231,Iglo Green Cuisine Gemüsestäbchen,2.99,open-prices
2025-12-02,EDEKA,4250241206778,Tagliatelle Pilz-Pfanne,3.49,open-prices
2026-08-30,EDEKA,4250241206778,iglo Tagliatelle Pilz-Pfanne,3.49,open-prices
2026-08-19,Kaufland,4250241206778,Tagliatelle Pilz-Pfanne,2.99,open-prices
2026-08-30,Kaufland,4250241206778,iglo Tagliatelle Pilz-Pfanne,2.99,open-prices
2026-08-30,EDEKA,4250241206808,iglo Penne Creme Spinaci,3.49,open-prices
2026-08-30,E-Center,4250241207812,iglo Schlemmerfilet Italiano mit Tomate Mozzarella,2.77,open-prices
2026-08-30,EDEKA,4250241208772,Iglo Königs-Gemüse,3.39,open-prices
2026-08-30,EDEKA,4250241209298,Iglo Ravioli mit dem Blubb,3.49,open-prices
2026-08-30,Kaufland,4250241209953,Iglo Hühnerfrikassee mit Champignons,2.99,open-prices
2026-08-30,Kaufland,4250262708275,Konserve Spreewälder Gewürzgurken,1.79,open-prices
2026-08-30,Kaufland,4250262708282,Spreewald Feldmann Letscho,2.29,open-prices
2026-08-30,Kaufland,4250262708459,Spreewald Feldmann Gurken eingelegt/Glas,1.79,open-prices
2026-08-30,Kaufland,4250262708503,Spreewald Gürkchen,2.89,open-prices
2026-08-30,Kaufland,4250262708633,Spreewald Feldmann Delikatess Gurken mit Honig,1.99,open-prices
2026-08-30,Kaufland,4250262708657,Spreewald Feldmann Original Spreewälder Senfgurken,1.79,open-prices
2026-08-30,Kaufland,4250262708787,gurkenwürfel,1.79,open-prices
2026-08-30,Kaufland,4250262708893,Spreewald Feldmann Tomaten Paprika Streifen,1.29,open-prices
2026-08-30,Kaufland,4250262709432,Spreewald Prinzessin Gurkentopf,3.49,open-prices
2026-08-30,Kaufland,4250262709494,Spreewald Prinzessin Cornichons,2.29,open-prices
2026-08-30,Netto,4250365909241,frija Irische Butter,1.89,open-prices
2026-08-30,EDEKA,4250476305338,Demeter BIO-KIWI GRÜN,0.59,open-prices
2026-08-30,CAP-Markt,4250476305826,Zitrone,1.11,open-prices
2026-08-30,dm,4250519646534,ESN PROTEIN BAR,2.25,dm-website
2026-08-30,EDEKA,4250519661506,ESN Isoclear Protein Drink Fresh Cherry 13er Pack,3.99,open-prices
2026-08-30,EDEKA,4250519661513,ESN Isoclear Lemon Iced Tea Flavor 19er Pack,3.99,open-prices
2026-08-30,EDEKA,4250519665542,ESN Elite Sports Nutrition Designer Whey Protein Cinnamon Cereal Flavor,14.99,open-prices
2026-08-30,REWE,4250519669632,ESN Ultrapure Creatine,16.99,open-prices
2026-08-30,REWE,4250519679877,ESN Goat Bar Protein Oat Bar Berries Flavor,2.79,open-prices
2026-08-30,REWE,4250561611856,Heiderbeck Schnittkäse Jarlsberg,2.79,open-prices
2026-08-30,REWE,4250632917870,Himbeeren,3.79,open-prices
2026-08-30,Netto,4250642322633,Hähnchenschnitzel,4.99,open-prices
2026-08-30,Netto,42506836,"Gutes Land Cremiger Weichkäse, würzig",1.69,open-prices
2026-08-30,Netto,4250696433118,"Aceitunas Guadalquivir Grüne Oliven, gefüllt mit Paprikapaste",1.29,open-prices
2026-08-30,Netto,4250696433125,"la campagna Spanische Grüne Oliven, entsteint",1.29,open-prices
2026-08-30,Netto,4250696433132,"Aceitunas Guadalquivir Spanische Schwarze Oliven, entsteint",1.29,open-prices
2026-08-30,Netto,42507109,Lieblings Konditorquark,1.29,open-prices
2026-08-30,dm,4250752202962,"Abtei Kinder Hustensaft Honig Eibisch, 120 ml",5.75,dm-website
2026-08-30,Netto,4250752203990,Abtei A-Z Komplett Langzeit-Multivitamine,6.79,open-prices
2023-12-16,E-Center,4250752204867,Magnesium,2.65,open-prices
2026-08-30,E-Center,4250752204867,Abtei Magnesium,2.65,open-prices
2024-04-16,EDEKA,4250752204867,Magnesium,2.25,open-prices
2026-08-30,EDEKA,4250752204867,Abtei Magnesium,2.25,open-prices
2025-02-20,Müller,4250752204867,Magnesium,2.95,open-prices
2026-08-30,Netto,4250752205154,Albtei B-Komplex,3.99,open-prices
2026-08-30,EDEKA,4250752205628,Abtei Magnesium 240 mg,3.49,open-prices
2026-08-30,Kaufland,4250752206496,Abtei Vitamin D3 2500 I.E. + Zink + Selen,4.25,open-prices
2026-08-30,Netto,42508854,"Grandiso Milchreis, Schoko",0.39,open-prices
2026-08-30,Kaufland,4250950121331,Kaufland Naturjoghurt,1.19,open-prices
2026-08-30,EDEKA,4251003524000,Erdbeeren,2.49,open-prices
2026-08-30,dm,4251099707158,"Alete Kindersnack Schnitties Vollkorn Rote Früchte (6x22 g), ab 3 Jahren, 132 g",2.45,dm-website
2026-08-30,dm,4251099707219,"Alete Kinderkekse Schoko ab dem 8. Monat, 180 g",1.95,dm-website
2026-08-30,REWE,4251291113221,No-Name Bananen süß & samtig,1.29,open-prices
2026-08-30,REWE,4251291113702,2742 RG Waddinxveen Birnen,1.89,open-prices
2026-08-30,Kaufland,4251318160061,Kaufland bio Kichererbsenwaffeln,1.35,open-prices
2026-08-30,dm,4251333757291,"JUNGLÜCK Gesichtswasser mit Zink, 100 ml",29.95,dm-website
2026-08-30,EDEKA,4251349107509,Endori Veganes Chicken BBQ,2.3,open-prices
2026-08-30,EDEKA,4251349108308,Endori Veganes Beef Paprika,3.29,open-prices
2026-08-30,Netto,42515357,SeaGold Party Garnelen,2.49,open-prices
2026-08-30,Netto,42515371,Genuss Welt Hummus Natur,0.99,open-prices
2026-08-30,dm,4251758400451,"Finish Spülmaschinen-Reiniger Tiefenreiniger lemon, 250 ml",2.95,dm-website
2026-08-30,Kaufland,4251758404459,Sagrotan Badreiniger 2 in 1,3.75,open-prices
2026-08-30,dm,4251758405562,"Sagrotan Flüssigseife No Touch Kamille Hydra Care, Nachfüllpack (2x250 ml), 500 ml",5.45,dm-website
2026-08-30,dm,4251758416926,"Sagrotan Flüssigseife No Touch Wildbeere, Nachfüllpack (2x250 ml), 500 ml",5.45,dm-website
2026-08-30,dm,4251758425034,"Finish Klarspüler Glanz & Klarspüler, 800 ml",2.75,dm-website
2026-08-30,dm,4251758425195,"Sagrotan Flüssigseife No Touch Hawaii, Nachfüllpack (2x250 ml), 500 ml",5.45,dm-website
2026-08-30,dm,4251758427908,"Finish Spülmaschinenreiniger Citrus (2x250ml), 500 ml",4.95,dm-website
2026-08-30,dm,4251758434616,"Sagrotan Seifenspender No Touch, 1 St",4.95,dm-website
2026-08-30,dm,4251758434715,"Sagrotan Flüssigseife No Touch Rose & Shea Nachfüllpack (2x250 ml), 500 ml",5.45,dm-website
2026-08-30,dm,4251758435477,"Sagrotan Schaumhandseife Berry Rebel, 250 ml",2.95,dm-website
2026-08-30,dm,4251758437754,"Finish Spülmaschinen-Tabs Classic, 56 St",6.95,dm-website
2026-08-30,dm,4251758442499,"Finish Spülmaschinen-Caps Quantum, 53 St",8.95,dm-website
2026-08-30,dm,4251758442574,"Finish Spülmaschinen-Caps Quantum, 126 St",19.95,dm-website
2026-08-30,dm,4251758442697,"Finish Spülmaschinen-Caps Ultimate Citrus, 49 St",8.95,dm-website
2026-08-30,dm,4251758443014,"Finish Spülmaschinen-Caps Ultimate Plus, 105 St",19.95,dm-website
2026-08-30,dm,4251758443076,"Finish Spülmaschinen-Tabs Ultimate Plus, 44 St",8.95,dm-website
2026-08-30,dm,4251758443236,"Finish Spülmaschinen-Tabs Classic, 104 St",9.95,dm-website
2026-08-30,dm,4251758444165,"Sagrotan Flüssigseife No Touch Sardinia Dreams, Nachfüllpack, 250 ml",3.25,dm-website
2026-08-30,dm,4251758444592,"Sagrotan Flüssigseife sensitiv extra mild hypoallergen, 250 ml",2.45,dm-website
2026-08-30,dm,42526872,"treaclemoon Handcreme forest glow, 75 ml",1.95,dm-website
2026-08-29,REWE,4255582800487,Protein Bar Deluxe Pistachio Butter,2.69,open-prices
2026-08-30,REWE,4255582800487,KoRo Protein Bar Deluxe Pistachio Butter,2.69,open-prices
2024-05-07,dm,4255582800487,Protein Bar Deluxe Pistachio Butter,2.25,open-prices
2026-08-30,dm,4255582800487,KoRo Protein Bar Deluxe Pistachio Butter,2.25,dm-website
2026-08-30,dm,4255582813326,"KoRo Nussbutter Cups, Blonde Pistazie (3 Stück), 39 g",2.65,dm-website
2026-08-30,dm,4255582815627,"KoRo Haferriegel, Flapjack Banana Bread, 60 g",1.75,dm-website
2026-08-30,dm,4255719317536,"More Nutrition Collagen+ Pulver, Wassermelone-Minze Geschmack, 150 g",14.95,dm-website
2026-08-30,EDEKA,4260022882015,Katem Tzatziki,1.33,open-prices
2026-08-30,Netto,4260030890101,Argenta Feiner Nougat Tüten,3.59,open-prices
2026-08-30,Netto,4260031550011,Kronenland Hähnchen Kebab,6.49,open-prices
2026-08-30,Netto,4260038365700,Pfanni Kartoffeln mehlig kochend,2.22,open-prices
2026-08-30,Netto,4260038366509,"Speisezwiebeln, gelb, Kl. II",1.0,open-prices
2026-08-30,REWE,4260039350002,Corovita Olivenöl bio,8.99,open-prices
2026-08-30,V-MARKT,4260039761860,Scheller Mühle Heimatzauber Bio Haferflocken,1.99,open-prices
2026-08-30,Netto,4260046746058,"Premier Wildlachs kalt geräuchert, in Scheiben",2.99,open-prices
2026-08-30,Netto,4260046749165,Navito Forellenfilets Natur,2.79,open-prices
2026-08-30,Netto,4260046988014,Herrman Blattpetersilie,0.99,open-prices
2026-08-30,Netto,4260050950441,Argenta Kokosschnitten,2.39,open-prices
2026-08-30,Netto,4260050950465,Argenta KiBa-Tüten,2.39,open-prices
2026-08-30,Netto,4260052392041,Almikäs Bergbauern-Emmentaler,2.79,open-prices
2026-08-30,Netto,4260052394359,Allmikäs Bergkäse aus Heumilch,2.85,open-prices
2026-08-30,EDEKA,4260054653805,Sylter Salatfrische Zum Dorfkrug Milchreis 4260054653805 Milchreis,1.89,open-prices
2026-08-30,Nahkauf,4260055881016,Hemme Milch Joghurt mild mit Heidelbeeren,0.5,open-prices
2026-08-30,CAP-Markt,4260057140654,Saupiquet Thunfisch-Salat Italiana,2.99,open-prices
2026-08-30,EDEKA,4260057141156,Saupiquet Thunfisch Salat Linsen,2.99,open-prices
2025-03-29,CAP-Markt,4260057141729,Thunfisch-Salat Kichererbsen,2.99,open-prices
2026-08-30,CAP-Markt,4260057141729,Saupiquet Thunfisch-Salat Kichererbsen,2.99,open-prices
2024-05-29,EDEKA,4260057141729,Thunfisch-Salat Kichererbsen,2.99,open-prices
2026-08-30,EDEKA,4260057141729,Saupiquet Thunfisch-Salat Kichererbsen,2.99,open-prices
2026-08-30,Netto,4260071790057,Quarki Quark nach russischer Art,1.39,open-prices
2026-08-30,Netto,4260075592442,Simply Fruit Gefriergetrocknete Erdbeeren in Scheiben,8.99,open-prices
2026-08-30,Netto,4260079141653,frija Kräuterbutter,0.99,open-prices
2026-08-30,Kaufland,4260085312009,K Classic gurkensticks,1.49,open-prices
2026-08-30,EDEKA,4260089830011,Thanninger Freiheit 10 Eier,3.29,open-prices
2026-08-30,EDEKA,4260089830035,Thanninger Freiheit Das Bayerische Ei,2.99,open-prices
2026-08-30,REWE,4260093591748,T. Brun GmbH & Co. KG Karotten,1.29,open-prices
2026-08-30,Lidl,4260096392168,Maribel Deutscher Blüten Honig,3.99,open-prices
2026-08-30,Netto,4260098264456,Torney Eiersalat,2.19,open-prices
2026-08-30,REWE,4260107220060,fritz-kola Fritz-limo Melonenlimonade,1.29,open-prices
2026-08-30,REWE,4260107220114,fritz-limo Orange,1.29,open-prices
2025-02-28,EDEKA,4260107222262,fritz-kola,1.99,open-prices
2026-08-30,EDEKA,4260107222262,fritz-kola,1.99,open-prices
2024-11-04,Nahkauf,4260107222262,fritz-kola,1.69,open-prices
2026-08-30,Nahkauf,4260107222262,fritz-kola,1.69,open-prices
2026-08-30,Kaufland,4260119119550,Vantastic Foods Bio Tofu Natur,2.29,open-prices
2026-08-30,EDEKA,4260122390014,true fruits Smoothie Yellow,2.79,open-prices
2026-08-30,REWE,4260122390397,True Fruits Smoothie - Triple Pink,4.69,open-prices
2026-08-30,Nahkauf,4260122393183,true fruits Vitamin B Shot,2.0,open-prices
2026-08-30,Netto,4260122512843,Mylos Olivenöl,17.99,open-prices
2026-08-30,EDEKA,4260125317940,Aubergine,0.69,open-prices
2026-08-30,dm,4260133230750,"FRUCHTBAR Pausenfreund Kindersnack Pausenfreund Hafer-Happen, Himbeere, Apfel & Rote Bete ab 3 Jahren, 80 g",1.95,dm-website
2026-08-30,dm,4260133230781,"FRUCHTBAR Pausenfreund Kindersnack Pausenfreund Frucht-Tasche, Dinkel, Erdbeere, Apfel ab 3 Jahren (6x22 g), 132 g",2.95,dm-website
2026-08-30,dm,4260133231184,"FruchtBar Kindermüsli Knusper-Bällchen ab dem 12. Monat, 125 g",2.15,dm-website
2026-08-30,dm,4260133231351,"FruchtBar Babysnack Mehrkorn-Stangen mit Mais, Dinkel, Banane & Erdbeere ab 8 Monaten, 30 g",1.15,dm-website
2026-08-30,dm,4260133231375,"FRUCHTBAR Pausenfreund Kindersnack Pausenfreund Knusper-Duo, Hafer, Kakao, Apfel, ab 3 Jahren (3x23 g), 69 g",1.95,dm-website
2026-08-30,dm,4260133231399,"FRUCHTBAR Pausenfreund Kindersnack Pausenfreund Frucht-Tasche, Dinkel, Blaubeere, Apfel, Banane ab 3 Jahren (6x22 g), 13",2.95,dm-website
2026-08-30,dm,4260133232037,"FruchtBar Kindersnack Mini-Laugenstangen mit Butter, ab 3 Jahren, 90 g",1.95,dm-website
2026-08-30,dm,4260133232259,"FruchtBar Kindersnack Knusper-Stäbchen Mais & Käse, ab 12 Monaten, 30 g",1.15,dm-website
2026-08-30,dm,4260133232341,"FruchtBar Babysnack Knusper-Brezeln Mais & Karotte, ab 6 Monaten, 25 g",1.15,dm-website
2026-08-30,dm,4260133233324,"FruchtBar Babykekse Wundertraum-Kekse mit Dinkel, Apfel & Heidelbeere, ab 8 Monaten, 100 g",1.85,dm-website
2026-08-30,dm,4260133233409,"FruchtBar Fruchtriegel Erdbeere, Apfel, Hafer ab 3 Jahren (6x23 g), 138 g",3.45,dm-website
2026-08-30,dm,4260133233416,"FruchtBar Fruchtriegel Heidelbeere Banane Hafer ab 3 Jahren (6x23 g), 138 g",3.45,dm-website
2026-08-30,dm,4260133233812,"FRUCHTBAR Pausenfreund Kindersnack Laugen-Sterne mit Käse, ab 3 Jahren, 70 g",1.95,dm-website
2026-08-30,dm,4260133234550,"FruchtBar Kindersnack Knusper-Einhörner, Mais, Himbeere, Banane, Rote Bete, ab 12 Monaten, 30 g",1.15,dm-website
2026-08-30,dm,4260133234727,"FruchtBar Kindermüsli Frühstücks-Herzen ab dem 12. Monat, 125 g",2.15,dm-website
2026-08-30,dm,4260133234789,"FRUCHTBAR Pausenfreund Kinderkekse Dattel, Cashew & Kakao, ab 3 Jahren, 120 g",2.45,dm-website
2026-08-30,dm,4260133235632,"FRUCHTBAR Pausenfreund Kindersnack Frühstückskissen Kakao ab 3 Jahren, 180 g",2.95,dm-website
2026-08-30,dm,4260133236127,"FruchtBar Kindersnack Knusper-Stangen Hirse, Erdbeere, Mais ab 1 Jahr, 30 g",1.15,dm-website
2026-08-30,dm,4260133236264,"FruchtBar Babykekse Bauernhof ab 8 Monaten, 100 g",1.85,dm-website
2026-08-30,dm,4260133236325,"FruchtBar Kindersnack Knusper-Enten Karotte, Kürbis, Mais & Reis ab 12 Monaten, 30 g",1.15,dm-website
2026-08-30,dm,4260133236387,"FruchtBar Kindersnack Knusper-Schildkröten Mango Banane Mais, ab 12 Monaten, 30 g",1.15,dm-website
2026-08-30,dm,4260133236455,"FRUCHTBAR Pausenfreund Kindersnack Erdbeer Waffeln ab 3 Jahren, 100 g",2.45,dm-website
2026-08-30,dm,4260133237360,"FruchtBar Kindersnack Pizza-Flieger Tomate, Käse & Mais ab 12 Monaten, 30 g",1.15,dm-website
2026-08-30,dm,4260133237407,"FRUCHTBAR Pausenfreund Kindersnack Mini-Kuchen mit Erdbeerpüree ab 3 Jahren, 36 g",1.15,dm-website
2026-08-30,dm,4260133237926,"FruchtBar Kinder Knusper-Müsli Apfel, Erdbeere & Himbeere ab 12 Monaten, 200 g",2.85,dm-website
2026-08-30,Netto,4260133506916,Landbäckerei 2 Baguettes mit Kräuterbutter,2.15,open-prices
2026-08-30,dm,4260137741870,"Frusano Schokocreme Nuss Nougat Creme, 200 g",5.95,dm-website
2026-08-30,Kaufland,4260137742556,Frusano Bio holunder blütensirup,6.79,open-prices
2026-08-30,dm,4260137744406,"Frusano Schokolade Vollmilch, 80 g",3.55,dm-website
2026-08-30,Norma,4260138342724,tapiro Klemmbausteine Gefangenentransporter,16.99,open-prices
2026-08-30,Norma,4260138342731,tapiro Klemmbausteine Feuerwehr-Boot,16.99,open-prices
2026-08-30,dm,4260149350442,"ApaCare Zahnpasta Ora Lactin, 75 ml",6.25,dm-website
2026-08-30,EDEKA,4260154260071,Marziale Coolinaria RAVIOLI PLIN AL PESTO,3.35,open-prices
2026-08-30,EDEKA,4260154260118,Marziale Ravioli prosciutto e formaggio,3.35,open-prices
2026-08-30,EDEKA,4260154620202,Marziale Coolinaria Antipasti,2.25,open-prices
2026-08-30,dm,4260159456738,LebepurAshwagandha Kapseln Bio,4.95,dm-website
2026-08-30,dm,4260159457438,"Lebepur Pflanzenpulver, Morning Boost, 100 g",7.95,dm-website
2026-08-30,REWE,4260159950021,Ghorban Olive oil,13.99,open-prices
2026-08-30,Netto,4260160790104,Ergüllü Weißer Grieche,1.99,open-prices
2026-08-30,Netto,4260160790128,Ergüllü Scharfer Grieche,1.99,open-prices
2026-08-30,Netto,4260160790135,Ergüllü Aioli knobi creme,1.99,open-prices
2026-08-30,EDEKA,4260160790210,Ergüllü Thunfischcreme,1.88,open-prices
2026-08-30,Netto,4260164810013,frutal Paprika,1.69,open-prices
2026-08-30,REWE,4260175670514,borchers Stevia Kristalline Streusüße,5.49,open-prices
2026-08-30,REWE,4260175671016,Borchers Maca Pulver Bio,4.99,open-prices
2026-08-30,REWE,4260175671030,Borchers Spirulina Pulver,4.99,open-prices
2026-08-30,REWE,4260175671689,borchers Erythrit Süßstoff,4.99,open-prices
2026-08-30,REWE,4260175671924,bochers Erythrit,5.49,open-prices
2026-08-30,Kaufland,4260175672495,Livavis Kollagen Plus,8.94,open-prices
2026-08-30,EDEKA,4260177784967,Pahmeyer Rösti,2.49,open-prices
2026-08-30,EDEKA,4260177785872,Pahmeyer Süßkartoffel-Rösti,1.5,open-prices
2024-02-10,EDEKA,4260178666057,Landeier für Genießer,4.99,open-prices
2024-08-29,EDEKA,4260178666057,Landeier für Genießer,4.99,open-prices
2024-10-02,EDEKA,4260178666057,Landeier für Genießer,4.99,open-prices
2024-12-30,EDEKA,4260178666057,Landeier für Genießer,4.99,open-prices
2025-01-22,EDEKA,4260178666057,Landeier für Genießer,4.99,open-prices
2025-04-30,EDEKA,4260178666057,Landeier für Genießer,4.99,open-prices
2026-08-30,EDEKA,4260178666057,althues Landeier für Genießer,4.99,open-prices
2024-06-12,Lidl,4260178666057,Landeier für Genießer,4.99,open-prices
2026-08-30,Lidl,4260178666057,althues Landeier für Genießer,4.99,open-prices
2026-08-30,EDEKA,4260185655587,"Äpfel Elstar, Kl. I",2.49,open-prices
2026-08-30,HIT,4260192847128,PLANET NATURE BIO SCHWARZE BOHNEN Haricorts noirs biologique,3.79,open-prices
2026-08-30,HIT,4260192847159,Planet Nature Sojabohnen,2.99,open-prices
2026-08-30,HIT,4260192847258,Planet Nature Weisse Bohnen,3.79,open-prices
2026-08-30,CAP-Markt,4260199272220,KAFFEEWERK ZOLLERNALB Untertürkheimer Kaffeebohne,19.98,open-prices
2026-08-30,dm,4260208910846,"Billy Tiger Kindersnack Pufuleti Mango & Passionsfrucht ab 3 Jahren, 35 g",1.25,dm-website
2026-08-30,dm,4260208910891,"Billy Tiger Kindersnack Maisstangen ab 1 Jahr, 50 g",1.15,dm-website
2026-08-30,dm,4260208910976,"Billy Tiger Kindersnack Mini Maisstangen mit Hirse Erdbeere ab 3 Jahren, 30 g",1.15,dm-website
2026-08-30,dm,4260208910983,"Billy Tiger Kindersnack Mini Maisstangen mit Hirse Banane ab 3 Jahren, 30 g",1.15,dm-website
2026-08-30,EDEKA,4260209120084,Suppengemüse,1.0,open-prices
2026-08-30,EDEKA,4260223591082,Biohof Fockenbrock frische fettarme Bio Hofmilch,1.11,open-prices
2026-08-30,Rossmann,4260229230169,foodloose Poesie Amelie Bio-Nussriegel,1.89,open-prices
2026-08-30,Rossmann,4260229230992,foodloose Coco Caramella Bio-Nussriegel,1.89,open-prices
2026-08-30,Rossmann,4260229231067,foodloose Nüssriegel Rock’o Choc,1.89,open-prices
2026-08-30,Rossmann,4260229233283,Foodloose Salty Cara,1.89,open-prices
2026-08-30,Nahkauf,4260231223128,Coca Cola Vanilla,1.59,open-prices
2026-08-30,REWE,4260236880005,Lommatzsch Eier aus Bodenhaltung,2.69,open-prices
2026-08-30,dm,4260248060044,"Xucker Kakaopulver, Heiße Schokolade mit Xylit, 200 g",4.75,dm-website
2026-08-30,EDEKA,4260248062000,Xucker Nuss-nougat creme,10.99,open-prices
2026-08-30,EDEKA,4260248062079,Xucker Pistazien-Kokos-creme,11.49,open-prices
2026-08-30,EDEKA,4260248064622,Xuker Zartbitter Kakao creme,8.19,open-prices
2026-08-30,dm,4260249140288,"Freche Freunde Babysnack Knusper-Schnitte Banane & Kürbis ab dem 8. Monat, 6x14g, 84 g",2.25,dm-website
2026-08-30,dm,4260249140530,"Freche Freunde Kindersnack Fruchtchips Erdbeere, ab 3 Jahre, 12 g",1.95,dm-website
2026-08-30,dm,4260249143029,"Freche Freunde Kindersnack Freche Brezeln Kichererbse, ab 4 Jahren, 75 g",1.65,dm-website
2026-08-30,dm,4260249146907,"Freche Freunde Kindersnack Rosinchen (3x14 g), ab 4 Jahren, 42 g",0.95,dm-website
2026-08-30,Netto,4260249411647,Hanina Käsekuchen,2.49,open-prices
2026-08-30,Netto,4260249411692,Hanina Butterstreusel,2.79,open-prices
2026-08-30,Netto,4260263620810,Don Limón Limetten,1.29,open-prices
2026-08-30,dm,4260307628109,"treaclemoon Duschcreme sunshine glow, 500 ml",3.95,dm-website
2026-08-30,dm,4260307629977,"treaclemoon Duschcreme brazilian love, 500 ml",3.95,dm-website
2026-08-30,dm,4260307631161,"ORINIQ Flüssigseife Dreaming of Santorini mit Olivenmilch, Zitronenverbene & Pinie, 300 ml",2.45,dm-website
2026-08-30,dm,4260307631208,"ORINIQ Flüssigseife Thailand Feeling mit Mandelmilch, Orangenblüte & Bambus, 300 ml",2.45,dm-website
2026-08-30,dm,4260307639938,"treaclemoon Cremedusche one ginger morning, 500 ml",3.95,dm-website
2026-08-30,dm,4260309920294,"Helene Fischer That´s me! Eau de Parfum, 50 ml",23.95,dm-website
2026-08-30,dm,4260311980286,"MOGLi Kindersnack Pizza Stangen mit Käse und Olivenöl, ab 3 Jahren, 75 g",1.55,dm-website
2026-08-30,dm,4260311981399,"MOGLi Kindersnack Dinkel Bällchen Tomate und Karotte ab 3 Jahren, 40 g",1.25,dm-website
2026-08-30,dm,4260311984017,"MOGLi Kindersnack Dinkel Bällchen Paprika, ab 3 Jahren, 40 g",1.25,dm-website
2026-08-30,dm,4260311984499,"MOGLi Müsli Kekse, ab 3 Jahren, 125 g",2.35,dm-website
2026-08-30,dm,4260311984536,"MOGLi Kindersnack Erdnuss Flips mit Kichererbsen, ab 3 Jahre, 30 g",1.25,dm-website
2026-08-30,dm,4260311985977,"MOGLi Kindersnack Erdbeer Herzen ab 3 Jahren, 30 g",1.25,dm-website
2026-08-30,dm,4260311986073,"MOGLi Riegel Müsli Honig mit Haselnüssen ab 3 Jahren, 25 g",0.75,dm-website
2026-08-30,dm,4260311986097,"MOGLi Riegel Kakao mit Banane ab 3 Jahren, 25 g",0.75,dm-website
2026-08-30,dm,4260311986110,"MOGLi Kindersnack Mini Kakao Waffeln mit Haselnüssen, 75 g",2.45,dm-website
2026-08-30,Lidl,4260322211348,Greenforce Pflanzliche Mini-Frika,2.22,open-prices
2026-08-30,REWE,4260334160061,YouCook Moroccan Style Chicken Tajine,4.49,open-prices
2026-08-30,REWE,4260334160221,YOUCOOK Indian Style Madras Curry mit Hähnchenfilet,3.79,open-prices
2026-08-30,REWE,4260334161709,youcook Korean Style Chicken,3.79,open-prices
2026-08-30,Netto,4260334162201,YOUCOOK Pasta Caesar Chicken,3.99,open-prices
2026-08-30,Netto,4260334164168,YOUCOOK Chinese Style 8 Kostbarkeiten,4.79,open-prices
2026-08-30,EDEKA,4260334165011,Youcook Green Thai Curry with Chicken,4.59,open-prices
2026-02-13,Netto,4260334165042,Indian Style Chicken Tikka,3.99,open-prices
2026-06-22,Netto,4260334165042,Indian Style Chicken Tikka,3.99,open-prices
2026-07-27,Netto,4260334165042,Indian Style Chicken Tikka,3.79,open-prices
2026-08-30,Netto,4260334165042,Youcook Indian Style Chicken Tikka,3.79,open-prices
2025-11-07,REWE,4260334165042,Indian Style Chicken Tikka,4.49,open-prices
2026-08-30,REWE,4260334165042,Youcook Indian Style Chicken Tikka,4.49,open-prices
2026-08-30,Netto,4260334165134,Youcook Japanese Style Chicken Teriyaki,3.79,open-prices
2026-08-30,Lidl,4260334165158,YOUCOOK Indian Style Butter Chicken mit Huhn,4.79,open-prices
2025-06-13,Bayern,4260334166162,Indian Style Mango Chicken,3.49,open-prices
2025-12-29,Bayern,4260334166162,Indian Style Mango Chicken,3.49,open-prices
2026-07-31,Lidl,4260334166162,Indian Style Mango Chicken,4.79,open-prices
2026-08-30,Lidl,4260334166162,Youcook Indian Style Mango Chicken,4.79,open-prices
2026-06-22,Netto,4260334166162,Indian Style Mango Chicken,3.99,open-prices
2026-08-30,Netto,4260334166162,Youcook Indian Style Mango Chicken,3.99,open-prices
2026-08-21,REWE,4260334166162,Indian Style Mango Chicken,3.79,open-prices
2026-08-30,REWE,4260334166162,Youcook Indian Style Mango Chicken,3.79,open-prices
2026-08-30,Netto,4260334166209,YOUCOOK Pasta Chicken Alfredo,3.79,open-prices
2026-08-30,dm,4260335831366,"KoRo Superfood Pulver, Gerstengras, 500 g",9.95,dm-website
2026-08-30,E-Center,4260342990674,Marziale Salamella Dolce,2.9,open-prices
2026-08-30,dm,4260344220106,"Hakle Toilettenpapier Traumweich (8x130 Blatt), 8 St",4.15,dm-website
2026-08-30,dm,4260344221509,"Hakle Feuchtes Toilettenpapier ultra med, 42 St",1.65,dm-website
2026-08-30,dm,4260344221516,"Hakle Feuchtes Toilettenpapier Cremeduft & Pflege, 42 St",1.65,dm-website
2026-08-30,dm,4260344221523,"Hakle Feuchtes Toilettenpapier Kamille, 42 St",1.65,dm-website
2026-08-30,dm,4260347953650,"Teefee Kindertee & Saft Orange, ab 1 Jahr, 300 ml EINWEG",0.95,dm-website
2026-08-30,dm,4260347955418,"Teefee Kindertee & Saft Apfel, ab 3 Jahren, 300 ml EINWEG",0.95,dm-website
2026-08-30,dm,4260347956316,"Teefee Kindertee & Saft Pfirsich, ab 3 Jahren, 300 ml EINWEG",0.95,dm-website
2026-08-30,dm,4260347956347,"Teefee Kindertee & Saft Himbeere, ab 3 Jahren, 300 ml EINWEG",0.95,dm-website
2026-08-30,dm,4260347959362,"Teefee Kindertee & Saft Tropical, ab 3 Jahren, 300 ml EINWEG",0.95,dm-website
2026-08-30,Kaufland,4260350920915,Heimatgut Popcorn süss & salzig,1.39,open-prices
2026-08-30,EDEKA,4260350927549,Heimatgut MikrowellenPopcorn salzig,1.09,open-prices
2026-08-30,dm,4260372933740,"Jean&Len Flüssigseife Rosemary & Ginger, 250 ml",3.95,dm-website
2026-08-30,E-Center,4260373050484,SOLPURO Guacamole Klassisch,1.65,open-prices
2026-08-30,dm,4260380014592,"Brooklyn Soap Company Duschgel Oud Wood & Santal, 300 ml",3.95,dm-website
2026-08-30,dm,4260380014608,"Brooklyn Soap Company Duschgel Blue Amber & Cedar 2in1, 300 ml",3.95,dm-website
2026-08-30,REWE,4260380665077,Like Döner,2.49,open-prices
2026-08-30,REWE,4260380666609,Like Protein Bites 40 g,2.49,open-prices
2026-08-30,dm,4260401410358,"PAEDIPROTECT Sonnencreme Gesicht, LSF 50+, 30 ml",7.25,dm-website
2026-08-30,dm,4260401411676,"PAEDIPROTECT Handcreme trockene & empfindliche Haut, 75 ml",3.95,dm-website
2026-08-30,dm,4260401412963,"PAEDIPROTECT Sonnencreme Meer, LSF 50+, 75 ml",9.45,dm-website
2026-08-30,dm,4260401414349,"PAEDIPROTECT Sonnencreme Familie LSF 50+, 200 ml",14.45,dm-website
2026-08-30,dm,4260401415469,"PAEDIPROTECT Sonnencreme Mineral LSF 30, 150 ml",19.95,dm-website
2026-08-30,dm,4260401415520,"PAEDIPROTECT Sonnenfluid LSF 50+, 30 ml",7.95,dm-website
2026-08-30,REWE,4260402632186,BRLO IPA,2.19,open-prices
2026-08-30,dm,4260407950926,"koawach Getränkepulver, pur mit Kakao & Guarana, 100 g",4.45,dm-website
2026-08-30,dm,4260407953798,"koawach Getränkepulver, Cinnamon Roll mit Kakao & Guarana, 100 g",4.25,dm-website
2026-08-28,Famila,4260414150449,Pizza Margherita,4.99,open-prices
2024-08-26,Lidl,4260414150449,Pizza Margherita,4.69,open-prices
2026-08-30,Lidl,4260414150449,Gustavo Gusto Pizza Margherita,4.69,open-prices
2024-04-15,Netto,4260414150449,Pizza Margherita,4.69,open-prices
2024-07-09,Netto,4260414150449,Pizza Margherita,4.69,open-prices
2024-09-12,Netto,4260414150449,Pizza Margherita,4.69,open-prices
2026-02-27,Netto,4260414150449,Pizza Margherita,4.69,open-prices
2026-08-30,Netto,4260414150449,Gustavo Gusto Pizza Margherita,4.69,open-prices
2026-07-21,REWE,4260414150449,Pizza Margherita,4.99,open-prices
2026-08-30,REWE,4260414150449,Gustavo Gusto Pizza Margherita,4.99,open-prices
2026-08-30,Lidl,4260414150456,GUSTAVO GUSTO Pizza Prosciutto e Funghi,3.33,open-prices
2026-08-30,Lidl,4260414150531,Gustavo Gusto Vier Käse für ein Halleluja - Pizza Quattro Formaggi,3.33,open-prices
2026-08-30,REWE,4260414151422,Gustavo Gusto Pizza Salame Piccante,3.39,open-prices
2026-08-30,Lidl,4260414154751,Gustavo Gusto Flammkuchen Steinhofen Pizza,3.33,open-prices
2026-08-30,Lidl,4260431673297,Just Spices Kartoffel Allrounder,2.99,open-prices
2026-08-30,REWE,4260431678032,Just Spices Salat Topping,5.99,open-prices
2026-08-30,Kaufland,4260431678094,Just Spices Tomaten Mozarella Gewürz,4.99,open-prices
2026-08-30,REWE,4260431680400,Just Spices Ei Topping,5.99,open-prices
2026-08-30,EDEKA,4260444962951,Simply V Mild verfeinert mit Mandelöl,2.79,open-prices
2026-08-30,Rossmann,4260446585431,HE (Y) BITE NATURAL Hej Natural,1.99,open-prices
2026-08-30,REWE,4260447162006,Rote Paprika Klasse 1,1.49,open-prices
2026-08-30,Kaufland,4260456257953,Bud Power Fagioli alla Bud Spencer,3.49,open-prices
2026-08-30,Kaufland,4260456257960,Fagioli alla Bud Spencer con fagioli neri Tex Mex,3.49,open-prices
2026-08-30,Rossmann,4260456730388,Gönrgy Juneberry Jam Geschmack,1.49,open-prices
2026-08-30,Rossmann,4260456730395,Gönrgy White peach,1.49,open-prices
2026-08-30,EDEKA,4260469790089,Finne Pils,1.79,open-prices
2026-08-30,EDEKA,4260473060048,Handgemachte Maultadchen,3.84,open-prices
2026-08-30,CAP-Markt,4260473060086,Herr Kächele Steinpilz Maultaschen,7.99,open-prices
2026-08-30,dm,4260474327256,"Pets Deli Nassfutter Katze juicy Filets, Multipack (6x70 g), 560 g",9.95,dm-website
2026-08-30,dm,4260486333924,"dentural Zahnpasta Natural fluoridfrei, 75 ml",2.95,dm-website
2026-08-30,dm,4260486336543,"happybrush Zahnpasta Aktivkohle White mit Vit. B12, 75 ml",2.95,dm-website
2026-08-30,dm,4260486337793,"dentural Zahnpasta Natural fluoridfrei Whitening, 75 ml",3.95,dm-website
2026-08-30,dm,4260486338318,"happybrush Zahnpasta Ultimate White + Hyaluron, 75 ml",2.95,dm-website
2025-02-17,E-Center,4260491120106,Regional free-range eggs M,3.39,open-prices
2026-08-30,E-Center,4260491120106,Eierhof Isernhagen Regional free-range eggs M,3.39,open-prices
2025-04-12,EDEKA,4260491120106,Regional free-range eggs M,3.59,open-prices
2026-08-30,EDEKA,4260491120106,Eierhof Isernhagen Regional free-range eggs M,3.59,open-prices
2025-04-16,E-Center,4260491120557,Regional free-range eggs L,3.99,open-prices
2026-08-30,E-Center,4260491120557,Eierhof Isernhagen Regional free-range eggs L,3.99,open-prices
2025-04-12,EDEKA,4260491120557,Regional free-range eggs L,3.99,open-prices
2026-08-30,EDEKA,4260491120557,Eierhof Isernhagen Regional free-range eggs L,3.99,open-prices
2026-08-30,EDEKA,4260491121066,Eierhof Isernhagen Regionale Freiland-Eier L,2.59,open-prices
2026-08-30,EDEKA,4260491122285,Eierhof Isernhagen Regionale BIO-Eier M/L,3.19,open-prices
2026-08-30,EDEKA,4260491124418,Eierhof Isernhagen Bio Eier M/L,4.89,open-prices
2026-08-30,EDEKA,4260491124449,Eierhof Isernhagen Regional XL-Eggs,2.19,open-prices
2026-08-30,dm,4260491220875,"BEN&ANNA Deo Creme Deodorant Persian Lime, 45 g",5.95,dm-website
2026-08-30,EDEKA,4260508460041,Trüffelchips,2.49,open-prices
2026-08-30,dm,4260519490518,"HEYHO! Granola, Saltcity Original, 320 g",4.95,dm-website
2026-08-30,dm,4260519490525,"HEYHO! Granola, Peanut Power, 320 g",4.95,dm-website
2026-08-30,dm,4260524941159,"NØ cosmetics Gesichtswasser 120h Liquid Hydrator, 100 ml",9.95,dm-website
2026-08-30,dm,4260524942255,"NØ cosmetics Gesichtswasser Liquid Balancer, 100 ml",9.95,dm-website
2026-08-30,dm,4260524942286,"NØ cosmetics Gesichtswasser Liquid Illuminator, 100 ml",9.95,dm-website
2026-08-30,dm,4260524942354,"NØ cosmetics Sonnenfluid Gesicht Glowy safe today LSF 50+, 50 ml",14.95,dm-website
2026-08-30,dm,4260524943634,"NØ cosmetics Gesichtswasser 120h Liquid Hydrator, Reisegröße, 50 ml",5.95,dm-website
2026-08-30,dm,4260524943818,"NØ cosmetics Sonnenfluid light weight LSF 50+, 50 ml",14.95,dm-website
2026-08-30,dm,4260526593073,"pumpkin organics Quetschie mit Süßkartoffel, Blaubeere, Birne, Rote Beete & Hafer, ab dem 6. Monat, 100 g",1.05,dm-website
2026-08-30,dm,4260526594049,"pumpkin organics Quetschie Kürbis, Süßkartoffel, Birne, Banane & Blaubeere, ab 6 Monaten, 100 g",1.25,dm-website
2026-08-30,dm,4260526594100,"pumpkin organics Quetschie Kürbis, Karotte, Apfel, Banane & Pfirsich, ab 6 Monaten, 100 g",1.25,dm-website
2026-08-30,dm,4260526594193,"pumpkin organics Quetschie Mango, Karotte, Pastinake und Hafer, ab 6 Monaten, 100 g",1.05,dm-website
2026-08-30,Kaufland,4260526594698,Pumpkin Organics Bio Erdbeere Fruchtchips,0.79,open-prices
2026-08-30,dm,4260526595367,"pumpkin organics Quetschie Süßkartoffel, Kürbis, Karotte & Erdbeere ab 6 Monaten, 100 g",1.25,dm-website
2026-08-30,Kaufland,4260539471016,Fresh Fruits Grillmais,2.19,open-prices
2026-08-30,Kaufland,4260555341522,Concept+ Vitamin D3 1000 I.E.,2.65,open-prices
2026-08-30,Kaufland,4260555341805,Concept+ vital Omega-3 1000,3.15,open-prices
2024-09-02,Rossmann,4260556670935,Nuss Schokoriegel mit Meersalz,1.69,open-prices
2026-08-30,Rossmann,4260556670935,Share Nuss Schokoriegel mit Meersalz,1.69,open-prices
2026-08-30,dm,4260556670935,"share Nussriegel, Schoko Meersalz, 35 g",1.85,dm-website
2026-08-30,dm,4260556678344,"share Nussriegel, Schoko Heidelbeere, 35 g",1.85,dm-website
2026-08-30,dm,4260562940602,"ahead Schokocreme Crazy Hazel Nougat Cream, 200 g",4.75,dm-website
2026-08-30,dm,4260562940626,"ahead Schokocreme White Crazy Hazel Choco Cream, 200 g",4.75,dm-website
2026-08-30,EDEKA,4260562940657,Ahead Aufstrich Pistazie,5.99,open-prices
2026-08-30,EDEKA,4260562940916,ahead Low Sugar Gummies,1.79,open-prices
2026-08-30,EDEKA,4260562940923,ahead sweet peaches,1.79,open-prices
2026-08-30,EDEKA,4260562944051,ahead fruit spread Himbeere,3.99,open-prices
2026-08-30,EDEKA,4260562944839,ahead Crazy Pistachio,2.49,open-prices
2024-08-29,EDEKA,4260582961502,Cinna Rollies,2.99,open-prices
2026-08-30,EDEKA,4260582961502,Wholey Cinna Rollies,2.99,open-prices
2026-08-30,dm,4260582961502,"Wholey Müsli, Cinna Rollies, 275 g",3.95,dm-website
2026-08-30,dm,4260582961519,"Wholey Müsli, Chillo Pillows, 275 g",3.95,dm-website
2026-08-30,dm,4260582962554,"Wholey Müsli, Crunchy Granola, 300 g",3.95,dm-website
2026-08-30,dm,4260614530034,"earlybird coffee Filterkaffee, gemahlen, 250 g",5.95,dm-website
2026-08-30,dm,4260614530218,"earlybird coffee Espresso, gemahlen, 250 g",5.95,dm-website
2026-08-30,dm,4260614530256,"earlybird coffee Kaffee, gemahlen, entkoffeiniert, 250 g",6.45,dm-website
2026-08-30,dm,4260614530713,"earlybird coffee Kaffeekapseln Espresso, 10 St",2.95,dm-website
2026-08-30,dm,4260614530720,"earlybird coffee Kaffeekapseln Lungo, 10 St",2.95,dm-website
2026-08-30,dm,4260614530737,"earlybird coffee Kaffeekapseln Decaf, entkoffeiniert, 10 St",2.95,dm-website
2026-08-30,dm,4260618520161,"Freche Freunde Kindermüsli Apfel & Erdbeere ab 1 Jahr, 125 g",2.15,dm-website
2026-08-30,dm,4260618523094,"Freche Freunde Kindersnack Knusper-Herzchen Banane & Erdbeere, ab 1 Jahr, 30 g",1.15,dm-website
2026-08-30,dm,4260618526033,"Freche Freunde Kindersnack Smoothie-Chips Banane Apfel Erdbeere mit Joghurt, ab 3 Jahren, 16 g",1.95,dm-website
2026-08-30,dm,4260620680433,"Outdoor Freakz Festes Duschgel Shea, 100 g",3.45,dm-website
2026-08-30,Nahkauf,4260636582585,LEVL UP Hydration drink Galaxy,1.89,open-prices
2026-08-30,EDEKA,4260644044068,Aqron Sour Cream and Onion Protein Tortilla Chips,2.59,open-prices
2026-08-30,Rossmann,4260644581143,Hej Natural Natural Bite,1.99,open-prices
2026-08-30,Lidl,4260648135885,Iron maxx Clear Whey isolate Zero Drink,1.99,open-prices
2026-08-30,Lidl,4260648135892,Aldi Clear Whey,1.99,open-prices
2026-08-30,dm,4260654782882,"KoRo Energy Ball, Haferflocken & Erdnussmusfüllung, 30 g",1.35,dm-website
2026-08-30,dm,4260654783131,"KoRo Haferriegel, Oat Bar Cocoa, 60 g",1.75,dm-website
2026-08-30,dm,4260654789119,"KoRo Proteinriegel Schokolade Brownie Geschmack, vegan, 55 g",1.95,dm-website
2026-08-30,dm,4260654789898,"KoRo Energy Ball, Haferflocken & Pistazienmusfüllung, 30 g",1.65,dm-website
2026-08-30,dm,4260672140015,"V.SUN Sonnenmilch 'let's spend the day together', LSF 30, 200 ml",14.95,dm-website
2026-08-30,dm,4260672140039,"V.SUN Sonnenmilch ""hello sunshine"", LSF 50, 200 ml",14.95,dm-website
2026-08-30,dm,4260672140091,"V.SUN Sonnencreme Gesicht 'take care' LSF 50, 75 ml",14.95,dm-website
2026-08-30,dm,4260672140138,"V.SUN Sonnencreme Gesicht, 'catch the sun' sensitiv, LSF 50, 75 ml",14.95,dm-website
2026-08-30,dm,4260672140176,"V.SUN Sonnenmilch sensitiv ""instant vacation"", LSF 50, 200 ml",14.95,dm-website
2026-08-30,dm,4260672140558,"V.SUN Sonnenfluid Gesicht sensitive ""little Sunshine"" LSF 50, 30 ml",12.95,dm-website
2026-08-30,dm,4260678848748,"LILLYDOO Feuchttücher 99 % Wasser (10x15 St), 150 St",9.95,dm-website
2026-08-30,Rossmann,4260697371401,Pam Cake Bar,2.29,open-prices
2026-08-30,Rossmann,4260697372309,Naturally PAM Crunchy protein bar,2.29,open-prices
2026-08-30,Rossmann,4260697372491,Naturally PAM by Pamela Reif Crunchy Protein Bar Cashew Caramela,2.29,open-prices
2026-08-30,Rossmann,4260697376000,Naturally Pam Oat Bar - Chunky Chocolate,2.29,open-prices
2026-08-30,Rossmann,4260697376109,Naturally Pam Oat Bar Soft Brownie,2.29,open-prices
2026-08-30,Rossmann,4260697376154,Naturally Pam Oat Bar - Chunky White Choc,2.29,open-prices
2026-08-30,dm,4260697377618,"Naturally PAM Nussbutter, Crunchy Nut Butter Coffee Cacao, 200 g",6.95,dm-website
2026-08-30,dm,4260702180813,"Jean&Len Flüssigseife Pfingstrose Litschi, 250 ml",3.95,dm-website
2026-08-30,dm,4260702187003,"Jean&Len Flüssigseife rosemary & ginger, Rosmarin & Ingwer, Nachfüllpack, 0,5 l",6.95,dm-website
2026-08-30,dm,4260703370534,"kruut Immun Wildkräuter-Shot, 60 ml",2.75,dm-website
2026-08-30,dm,4260703370558,"kruut Kraft Wildkräuter-Shot, 60 ml",2.75,dm-website
2026-08-30,dm,4260703372286,"kruut Ayurveda Wildkräuter-Shot, 60 ml",2.75,dm-website
2026-08-30,EDEKA,4260705332981,Unibev Loops - Strawberry Cheesecake,3.99,open-prices
2026-08-30,dm,4260712380081,"PediaSure Shake Kinder Drachen Power Schokolade, 400 g",13.75,dm-website
2026-08-30,dm,4260712380197,"PediaSure Shake Teen Balance Schoko, 400 g",14.95,dm-website
2026-08-30,dm,4260717840580,"Lini's Bites Pralinis Creamy Coconut, 46 g",2.25,dm-website
2026-08-30,dm,4260717841365,"Lini's Bites Pralinis Matcha Raspberry, 46 g",2.45,dm-website
2026-08-30,dm,4260717841587,"Lini's Bites Pralinis Salted Pistachio, 46 g",2.45,dm-website
2026-08-30,REWE,4260718295884,KoRo Protein Bar Deluxe Peanut Butter,2.69,open-prices
2026-08-30,dm,4260718296232,"KoRo MCT Öl, 500 ml",16.95,dm-website
2026-08-30,dm,4260739350531,"FRUCHTBAR Pausenfreund Kindersnack Kakao Waffeln ab 3 Jahren, 100 g",2.45,dm-website
2026-08-30,dm,4260739350555,"FRUCHTBAR Pausenfreund Kinderkekse Dino-Kekse Kakao-Dinkel ab 3 Jahren, 125 g",2.15,dm-website
2026-08-30,Rossmann,4260739994353,share Schoko Peanut Butter,1.69,open-prices
2026-08-30,Rossmann,4260739996876,Share Peanut Nut Butter Bar,1.99,open-prices
2026-08-30,Rossmann,4260739996883,share Hazelnut Nut Butter Bar,1.99,open-prices
2026-08-30,dm,4260754963310,"oyess Handcreme Protect Matcha, 75 ml",2.95,dm-website
2026-08-30,dm,4262354071006,"nucao Schokolade Almond Butter & Sea Salt, vegan, 125 g",3.75,dm-website
2026-08-30,dm,4262354071105,"nucao Schokolade, Crunchy Haselnussmus, vegan, 125 g",3.75,dm-website
2026-08-30,dm,4262354077046,"nucao Trockenfrüchte, Crunchy Strawberries, Erdbeeren mit Schokolade, 50 g",2.95,dm-website
2026-08-30,dm,4262354077145,"nucao Trockenfrüchte, Crunchy Raspberries, Himbeeren mit Schokolade, 50 g",2.95,dm-website
2026-08-30,dm,4262354077800,"nucao Trockenfrüchte, Matcha Crunchy Strawberries, Erdbeeren mit Schokolade, 50 g",2.95,dm-website
2026-08-30,dm,4262361320944,"MyClarella Intimdusche, 1 St",12.85,dm-website
2026-08-30,dm,4262362450091,"nevernot Feuchtschaum für Toilettenpapier Mini Shea, 50 ml",3.25,dm-website
2026-08-30,dm,4262362451173,"nevernot Feuchtschaum für Toilettenpapier, 120 ml",5.95,dm-website
2026-08-30,dm,4262362451326,"nevernot Feuchtschaum für Toilettenpapier Nachfüllpack, 240 ml",8.95,dm-website
2026-08-30,dm,4262362451494,"nevernot Super Nice Foam Sensitive, 120 ml",5.95,dm-website
2026-08-30,dm,4262362451524,"nevernot Feuchttuchschaum, Nachfüllpack, 240 ml",8.95,dm-website
2026-08-30,dm,4262365713841,Everdrop Spülmittelpulver,1.8,dm-website
2026-08-30,dm,4262365714091,"everdrop Vollwaschmittel Pulver, 19 Wl",5.95,dm-website
2026-08-30,dm,4262367680776,"Freche Freunde Kindermüsli Banane, Apfel & Blaubeere ab 1 Jahr, 220 g",2.95,dm-website
2026-08-30,dm,4262367681209,"Freche Freunde Babykeks Rübchen Rote Bete & Pastinake, ab dem 8. Monat, 30 g",0.95,dm-website
2026-08-30,dm,4262367682688,"Freche Freunde Kindersnack Party Pops Apfel Erdbeere ab 1 Jahr, 15 g",0.95,dm-website
2026-08-30,dm,4262367684019,"Freche Freunde Kindersnack Pancakes Banane ready-to-eat (4x2 Stück) ab 3 Jahren, 240 g",3.95,dm-website
2026-08-30,dm,4262367684149,"Freche Freunde Kindersnack Hafer-Mini Mix mit Apfel & Beere, ab 3 Jahren, 100 g",2.95,dm-website
2026-08-30,dm,4262367684569,"Freche Freunde Kindersnack Knusper-Sticks bunter Gemüse-Mix ab 1 Jahr, 30 g",1.15,dm-website
2026-08-30,dm,4262367684835,"Freche Freunde Kindersnack Mini Knusper-Schmetterlinge Banane, Apfel & Himbeere ab 1 Jahr (3x15 g), 45 g",2.25,dm-website
2026-08-30,dm,4262367685177,"Freche Freunde Kindersnack Bunte Chips Ketchup Style, für Schulkinder, 50 g",1.65,dm-website
2026-08-30,dm,4262367685214,"Freche Freunde Kindersnack Kakao Würfel, ab 3 Jahren, 20 g",0.95,dm-website
2026-08-30,dm,4262367685306,"Freche Freunde Fruchtriegel mit Getreide Rote Traube, Banane & Aronia ab 3 Jahren, (4x23 g), 92 g",2.25,dm-website
2026-08-30,dm,4262367685320,"Freche Freunde Fruchtriegel mit Getreide Mango & Orange ab 1 Jahr, (4x23 g), 92 g",2.25,dm-website
2026-08-30,dm,4262367685368,"Freche Freunde Fruchtriegel Banane & Kirsche, ab 1 Jahr (4x23 g), 92 g",2.25,dm-website
2026-08-30,dm,4262367685788,"Freche Freunde Trinkfertiger Schokodrink Banane & Hafer, für Schulkinder, 250 ml",1.55,dm-website
2026-08-30,dm,4262368580303,"mybidet Po- und Intimdusche Rosé, inkl. Reisebeutel und Deckel, 1 St",14.95,dm-website
2026-08-30,dm,4262368740332,"Mabyen Brustmaske Mama Weißkohl, 2 St",4.95,dm-website
2026-08-30,dm,4262368742121,"Mabyen Sonnencreme Baby & Kids sensitiv LSF 50, 100 ml",14.95,dm-website
2026-08-30,dm,4262376082103,"nordesign Spülmittel Mandarin & Lime, 300 ml",2.75,dm-website
2026-08-30,dm,4262376082158,"nordesign Flüssigseife Lavender & Sage, 300 ml",3.95,dm-website
2026-08-30,dm,4262376990002,"HistaFood Müsliriegel Körner mit Datteln, Kürbiskernen & Zimt, 50 g",1.95,dm-website
2026-08-30,dm,4262376990026,"HistaFood Müsli, Körner, 425 g",4.95,dm-website
2026-08-30,dm,4262376990286,"HistaFood Müsliriegel Kokos & Cranberries, 50 g",1.95,dm-website
2026-08-30,dm,4262376990620,"HistaFood Haferriegel Weiße Creme & Pistazie, 40 g",2.45,dm-website
2026-08-30,dm,4262378221401,"nucao Schokoriegel, Salted Pistachio Butter, 33 g",1.95,dm-website
2026-08-30,dm,4262378221500,"nucao Schokoriegel, Matcha Strawberry, 31 g",1.95,dm-website
2026-08-30,dm,4262391990049,"BALI CURLS Shampoo Nourishing, 250 ml",8.95,dm-website
2026-08-30,dm,4262391990520,"BALI SKIN Duschgel Warm Tonka & Oud, 250 ml",3.95,dm-website
2026-08-30,dm,4262391990568,"BALI SKIN Duschgel Creamy Vanilla & Cashmere, 250 ml",3.95,dm-website
2026-08-30,dm,4262391990766,"BALI SKIN Duschgel Pistachio Creme & Macadamia, 250 ml",3.95,dm-website
2026-08-30,dm,4262391992166,"BALI HOME Flüssigseife Rosemary Patchouli, 250 ml",3.95,dm-website
2026-08-30,dm,4262391992180,"BALI HOME Flüssigseife Tonka Amber, 250 ml",3.95,dm-website
2026-08-30,dm,4262401732997,"Jean&Len Duschgel Grüner Tee Thymian, 250 ml",2.75,dm-website
2026-08-30,dm,4262401736421,"Jean&Len Flüssigseife rosemary & ginger, Rosmarin & Ingwer, Nachfüllpack, 1,5 l",17.95,dm-website
2026-08-30,dm,4262401736681,"Jean&Len Flüssigseife bergamot & cedarwood, 250 ml",3.95,dm-website
2026-08-30,dm,4262401736766,"Jean&Len Flüssigseife pink pepper & dark rose, 250 ml",3.95,dm-website
2026-08-30,dm,4262401738036,"Jean&Len Flüssigseife Pfingstrose & Litschi, Nachfüllpack, 500 ml",6.95,dm-website
2026-08-30,dm,4262401738593,"Jean&Len Vollwaschmittel flüssig Wasserlilie&Hibiskus, 20 Wl",5.45,dm-website
2026-08-30,dm,4262401738944,"Jean&Len Shampoo Green Apple Lemongrass, 300 ml",3.95,dm-website
2026-08-30,dm,4262401738968,"Jean&Len Shampoo Hydration Pfirsich Chia, 300 ml",3.95,dm-website
2026-08-30,dm,4262401739163,"Jean&Len Flüssigseife bergamot & cedarwood, Nachfüllpack, 500 ml",6.95,dm-website
2026-08-30,dm,4262401739606,"Jean&Len Hand Balm Rosemary & Ginger, 250 ml",4.95,dm-website
2026-08-30,dm,4262401739750,"Jean&Len Sonnencreme Baby & Kids, LSF 50+, 150 ml",9.95,dm-website
2026-08-30,Kaufland,4262402138002,Herrmann Schnittlauch,1.99,open-prices
2026-08-30,Kaufland,4262410831728,Bodylab Creatine Monohydrate,12.99,open-prices
2026-08-30,dm,4262414872529,"share Nussriegel, Schoko Haselnuss Karamell, 35 g",1.85,dm-website
2026-08-30,dm,4262414872888,"share Schokolade, Nougat, 80 g",2.55,dm-website
2026-08-30,dm,4262414872895,"share Schokolade, Mocca, 80 g",2.55,dm-website
2026-08-30,dm,4262414874028,"share Schokolade. Himbeere, 80 g",2.55,dm-website
2026-08-30,dm,4262433360472,"Kuno Spülmaschinen-Tabs Lemongrass, 120 St",9.95,dm-website
2026-08-30,dm,4262433360502,"Kuno Spülmittel Lemongrass, 500 ml",1.95,dm-website
2026-08-30,Nahkauf,4262451180069,Omami Kichererbsen sweet chili tofu,2.99,open-prices
2026-08-30,dm,4262459490429,"LILLYDOO Feuchttücher mit 99 % Wasser (15x60 St), 900 St",43.95,dm-website
2026-08-30,dm,4262459490665,"LILLYDOO Windeln Gr. 1 (2+ kg), 24 St",3.95,dm-website
2026-08-30,dm,4262459490672,"LILLYDOO Windeln Gr. 2 (4+ kg), 34 St",6.45,dm-website
2026-08-30,dm,4262459490689,"LILLYDOO Windeln Gr. 3 (6+ kg), 29 St",6.95,dm-website
2026-08-30,dm,4262459490696,"LILLYDOO Windeln Gr.4 (9+ kg), 25 St",6.95,dm-website
2026-08-30,dm,4262459490702,"LILLYDOO Windeln Gr. 5 (11+ kg), 22 St",6.95,dm-website
2026-08-30,dm,4262459490719,"LILLYDOO Windeln Gr. 6 (13+ kg), 19 St",6.95,dm-website
2026-08-30,dm,4262459490733,"LILLYDOO Windeln Gr. 8 (17+ kg), 15 St",6.95,dm-website
2026-08-30,dm,4262459491242,"LILLYDOO Feuchttücher mit 99 % Wasser, 60 St",3.25,dm-website
2026-08-30,dm,4262459491426,"LILLYDOO Windeln Gr. 1 (2+ kg) Halbmonatsbox, 72 St",11.75,dm-website
2026-08-30,dm,4262459491433,"LILLYDOO Windeln Gr. 2 (4+ kg) Halbmonatsbox, 102 St",18.95,dm-website
2026-08-30,dm,4262459491525,"LILLYDOO Windeln Gr. 3 (6+ kg) Monatsbox, 174 St",40.95,dm-website
2026-08-30,dm,4262459491532,"LILLYDOO Windeln Gr. 4 (9+ kg) Monatsbox, 150 St",40.95,dm-website
2026-08-30,dm,4262459491549,"LILLYDOO Windeln Gr. 5 (11+ kg) Monatsbox, 132 St",40.95,dm-website
2026-08-30,dm,4262459491556,"LILLYDOO Windeln Gr. 6 (13+ kg) Monatsbox, 114 St",40.95,dm-website
2026-08-30,dm,4262459491563,"LILLYDOO Windeln Gr. 7 (15+ kg) Monatsbox, 102 St",40.95,dm-website
2026-08-30,dm,4262459491570,"LILLYDOO Windeln Gr. 8 (17+ kg), Monatsbox, 90 St",40.95,dm-website
2026-08-30,dm,4262459493529,"LILLYDOO Schwimmwindeln Gr. S (6-11 kg), 20 St",9.95,dm-website
2026-08-30,dm,4262459493536,"LILLYDOO Schwimmwindeln Gr. M (9-15 kg), 18 St",9.95,dm-website
2026-08-30,dm,4262459493543,"LILLYDOO Schwimmwindeln Gr. L (14+ kg), 17 St",9.95,dm-website
2026-08-30,dm,4262459713542,"everdrop Colorwaschmittel Pulver, 19 Wl",5.95,dm-website
2026-08-30,dm,4262459718400,everdrop Spülmaschinen-Tabs All in One,5.95,dm-website
2026-08-30,dm,4262469952320,"BE ROUTINE Bodycreme Vanilla Dream, 200 ml",3.75,dm-website
2026-08-30,dm,4262469953235,"BE ROUTINE Flüssigseife Floral intense, 250 ml",2.95,dm-website
2026-08-30,dm,4262469954317,"BE ROUTINE Handcreme Botanical Intense, 50 ml",2.25,dm-website
2026-08-30,dm,4262469954379,"BE ROUTINE Handcreme Floral Intense, 50 ml",2.25,dm-website
2026-08-30,dm,4262469956472,"BE ROUTINE Bodycreme Coconut Breeze, 200 ml",3.75,dm-website
2026-08-30,dm,4262469957820,"BE ROUTINE Body Creme Floral Whisper, 200 ml",3.75,dm-website
2026-08-30,dm,4262490430200,"Salviagalen Zahnpasta ohne Fluorid, 75 ml",4.45,dm-website
2026-08-30,dm,4262490430217,"Salviagalen Zahnpasta F mit Fluorid, 1 Anzahl",4.45,dm-website
2026-08-30,dm,4262500780400,"Jean&Len Woll & Feinwaschmittel flüssig Veilchen&Jasmin, 20 Wl",5.45,dm-website
2026-08-30,dm,4262500781490,"Jean&Len Colorwaschmittel flüssig Wasserlilie&Lotus, 20 Wl",5.45,dm-website
2026-08-30,dm,4262500781551,"Jean&Len Shampoo Repair Keratin Mandel, 300 ml",3.95,dm-website
2026-08-30,dm,4262500781599,"Jean&Len Shampoo Lockentraum Mango Matcha, 300 ml",3.95,dm-website
2026-08-30,dm,4262500783685,"Jean&Len Handcreme I love you so matcha, 75 ml",2.95,dm-website
2026-08-30,dm,4262500783708,"Jean&Len Handcreme berry much intensiv mit Vitamin E, 75 ml",2.95,dm-website
2026-08-30,dm,4262500783753,"Jean&Len Handcreme Repair & Protect Magnolia & Peach, 75 ml",2.95,dm-website
2026-08-30,dm,4262500783777,"Jean&Len Handcreme Rosemary & Ginger, 75 ml",2.95,dm-website
2026-08-30,dm,4262500783791,"Jean&Len Duschgel Zitronengras Minze, 250 ml",2.75,dm-website
2026-08-30,dm,4262500783838,"Jean&Len Duschgel Mango Maracuja, 250 ml",2.75,dm-website
2026-08-30,dm,4262500784026,"Jean&Len Sonnencreme sensitiv LSF 50+, 50 ml",8.95,dm-website
2026-08-30,dm,4262500784910,"Jean&Len Handcreme your cream come true mit Sheabutter, 75 ml",2.95,dm-website
2026-08-30,Netto,4262505160009,Uludag Gazoz,0.99,open-prices
2026-08-30,Kaufland,4262518327000,Capri Sun Eis,2.0,open-prices
2026-08-30,REWE,4262540040014,Mühlen Kraft Proteinmehl Universal,2.49,open-prices
2026-08-30,dm,4270000193835,"Angelique's Finest Kaffee, Espresso ganze Bohne, 500 g",15.95,dm-website
2026-08-30,dm,4270000193842,"Angelique's Finest Kaffee, Aroma Kaffee ganze Bohne, 500 g",12.95,dm-website
2026-08-30,dm,4270000193859,"Angelique's Finest Kaffee, Aroma Kaffee gemahlen, 500 g",12.95,dm-website
2026-08-30,dm,4270001309549,"nevernot Gleitgel soo good mit Milchsäure & Allantoin, wasserbasiert, 100 ml",9.95,dm-website
2026-08-30,dm,4270001544339,"Lini's Bites Pralinis Salted Peanut Butter, 46 g",2.25,dm-website
2026-08-30,dm,4270001544346,"Lini's Bites Pralinis Raspberry Almond, 46 g",2.25,dm-website
2026-08-30,dm,4270002458345,"Kuno Waschmittel Blätter Vollwaschmittel, 18 Wl",2.95,dm-website
2026-08-30,dm,4270002534780,"nevernot Gleitgel soo good mit CBD, wasserbasiert, 100 ml",12.95,dm-website
2026-08-30,REWE,4280000878519,Little Lunch Chili sin Carne,3.49,open-prices
2026-08-30,REWE,4280000878946,LITTLE LUNCH THAI CURRY Bio-Gemüseeintopf asiatischer Art,3.49,open-prices
2026-08-30,dm,4280001383845,"boep Sonnencreme sensitiv, LSF 50, 50 ml",12.95,dm-website
2026-08-30,dm,4280001383869,"boep Sonnencreme für die ganze Familie, LSF 30, 200 ml",29.95,dm-website
2026-08-30,EDEKA,4280001859012,Lütgeharms Biohof Bio Eier,3.19,open-prices
2025-02-17,E-Center,4280001859029,Bio Eier,4.49,open-prices
2026-08-30,E-Center,4280001859029,Lutgeharm Bio Eier,4.49,open-prices
2025-04-12,EDEKA,4280001859029,Bio Eier,4.89,open-prices
2026-08-30,EDEKA,4280001859029,Lutgeharm Bio Eier,4.89,open-prices
2026-08-30,REWE,4280001939066,vly Barista,2.49,open-prices
2026-08-30,REWE,4280001939318,vly Kakao Shake,1.99,open-prices
2026-08-30,REWE,4280001939400,vly High Protein v2.2,2.49,open-prices
2026-08-30,REWE,4280001939547,"vly Fermentiertes Erzeugnis mit Ackerbohnenprotein, Natur v1.2",1.7,open-prices
2026-08-30,Kaufland,4300175003360,K classic Apfelschorle,0.99,open-prices
2026-08-30,Kaufland,4300175182942,Markt frisch Kartoffeln festkochend,3.99,open-prices
2026-08-30,Kaufland,4300175222457,K-Classic Flippy Instant-Getränkepulver Orange,0.69,open-prices
2026-08-30,Kaufland,4300175331203,Zwiebeln rot,0.99,open-prices
2026-08-30,Kaufland,4300175342575,k Bio Zitronen,1.69,open-prices
2026-08-30,Kaufland,4300175426251,Tomaten,0.99,open-prices
2026-08-30,Rossmann,4305615650821,enerBIO Gemüse Saft,0.99,open-prices
2026-08-30,Rossmann,4305615650838,enerBIO Karotten Saft,0.99,open-prices
2026-08-30,Rossmann,4305615650869,enerBIO Tomatensaft,0.99,open-prices
2026-08-30,Rossmann,4305615654263,ener Bio Schokoriegel Kokos & Zartbitter,0.79,open-prices
2026-08-30,Rossmann,4305615662756,enerBIO Granatapfel Saft,2.99,open-prices
2026-08-30,Rossmann,4305615662893,enerBIO Cranberry Saft,2.99,open-prices
2026-08-30,Rossmann,4305615662909,Ener Bio Sanddorn Saft,3.49,open-prices
2026-08-30,Rossmann,4305615662978,enerBIO Ingwer Saft,3.99,open-prices
2026-08-30,WEZ,4305615666884,enerBio Reissirup,2.69,open-prices
2026-08-30,Rossmann,4305615677231,Rossmann Karamell Waffeln,1.79,open-prices
2026-08-30,Rossmann,4305615677248,Rossmann Honig Waffeln,1.79,open-prices
2026-08-30,Rossmann,4305615677293,Ener Bio Honig Waffeln Minis,1.99,open-prices
2026-08-30,WEZ,4305615678153,EnerBio Erdnussmus,2.19,open-prices
2026-08-30,Rossmann,4305615678801,ener Bio Krokantriegel,0.49,open-prices
2026-08-30,Rossmann,4305615678832,Ener Bio Nussriegel Erdnuss & Mandel,1.69,open-prices
2026-08-30,Rossmann,4305615678856,Ener Bio Fruchtriegel Mango,0.99,open-prices
2026-08-30,Rossmann,4305615780801,enerBio Schoko Cookies,1.99,open-prices
2026-08-30,Rossmann,4305615780818,Rossmann Hafer Cookies,1.99,open-prices
2026-08-30,Rossmann,4305615780825,Rossmann Kokos Cookies,1.99,open-prices
2026-08-30,Rossmann,4305615822624,enerBIO Proteinriegel Vanille & Mandel,0.99,open-prices
2026-08-30,Rossmann,4305615838311,Isana (Rossmann) Hyaluron Serum Hydro Booster,2.99,open-prices
2026-08-30,Rossmann,4305615839288,Rossmann Leichte Limo Zitrone,0.69,open-prices
2026-08-30,Rossmann,4305615877693,EnerBio Proteinriegel Brownie Geschmack,0.99,open-prices
2026-08-30,Rossmann,4305615877730,ener BIO Hafer Cookies,2.29,open-prices
2026-08-30,Rossmann,4305615877761,enerBIO Dinkel Doppelkeks Kakaocreme,2.19,open-prices
2026-08-30,Rossmann,4305615877785,EnerBIO Doppel Kekse Zartbittercreme,2.19,open-prices
2026-08-30,WEZ,4305615878850,EnerBio Erdnusskerne,2.59,open-prices
2026-08-30,Rossmann,4305615887180,Ener Bio Zitronensaft,1.29,open-prices
2026-08-30,Rossmann,4305615887531,enerBIO Aroniasaft,2.79,open-prices
2026-08-30,Rossmann,4305615892566,Balance Serum,5.99,open-prices
2026-08-30,Rossmann,4305615903866,ener Bio Schokoriegel Haselnuss & Nougat,0.99,open-prices
2026-08-30,Rossmann,4305615933702,Rossmann Fruchtriegel Kokos,0.99,open-prices
2026-08-30,WEZ,4305615967998,EnerBio Belugalinse Paprika Aufstrich,1.79,open-prices
2026-08-30,Rossmann,4305615982021,enerBIO Frühstückssaft,1.99,open-prices
2026-08-30,Rossmann,4305615985770,enerBIO Mandelschnitte Mandel,1.49,open-prices
2026-08-30,Rossmann,4305615985794,enerBiO Fruchtschnitte Beerenmix,1.39,open-prices
2026-08-30,Rossmann,4305615985800,enerBio Proteinriegel Cookies & Cream Geschmack,1.19,open-prices
2026-08-30,Rossmann,4305615985817,Rossmann Riegel Mix,1.69,open-prices
2026-08-30,Rossmann,4305615985824,Roßmann Nuss Riegel Schoko & Meersalz,1.99,open-prices
2026-08-30,Rossmann,4305615985831,enerBiO Ener bio,1.99,open-prices
2026-08-30,Rossmann,4305615986364,Ener bio Proteinriegel Salted Caramel,1.19,open-prices
2026-08-30,Rossmann,4305615986456,enerBiO Krokantriegel Caramel Fudge,0.89,open-prices
2026-08-30,Rossmann,4305615986463,enerBiO Superfoodriegel Energy Bar,0.99,open-prices
2026-08-30,Rossmann,4305615986470,enerBiO Superfoodriegel Immun Bar* Bar,0.99,open-prices
2026-08-30,Rossmann,4305615986579,enerBIO Oat Bar Peanutbutter Caramel Geschmack,0.99,open-prices
2026-08-30,WEZ,4305615996103,ener BIO Sesamöl,3.99,open-prices
2026-08-30,V-MARKT,4306188367314,Jeden Tag Quark,0.69,open-prices
2026-08-30,V-MARKT,4306188367345,Jeden Tag Speisequark,1.19,open-prices
2026-08-30,V-MARKT,4306188407188,Jeden Tag Gouda Holland Käse,4.49,open-prices
2026-08-30,Kaufland,4306528309400,Purland Rinder-Hackfleisch,6.15,open-prices
2026-08-30,CAP-Markt,4311501000069,EDEKA Roggen Mischbrot,0.5,open-prices
2026-08-30,WEZ,4311501000922,Edeka Himbeermarmelade,1.65,open-prices
2026-08-30,E-Center,4311501004500,gut&günstig Walnusskerne,1.29,open-prices
2026-08-30,EDEKA,4311501004920,EDEKA Bio Linsenwaffeln,1.79,open-prices
2026-08-30,EDEKA,4311501005972,"Edeka Kartoffel Salat mit Sahne, eingelegten, gekochten Eiern und eingelegten Gurken",0.5,open-prices
2026-08-30,EDEKA,4311501006016,Edeka My Veggie Vegane Nuggets,2.29,open-prices
2026-08-30,WEZ,4311501006962,EDEKA My Veggie Mediterraner Pfirsich,0.99,open-prices
2026-08-30,EDEKA,4311501007020,Edeka My Veggie Bourbon-Vanille,1.49,open-prices
2026-08-30,EDEKA,4311501009130,Edeka Lassi Mango,0.89,open-prices
2026-08-30,EDEKA,4311501013670,Edeka Bio Bergkäse,2.69,open-prices
2026-08-30,EDEKA,4311501018989,Edeka BiO Haferflocken kernig,0.89,open-prices
2026-08-30,EDEKA,4311501020432,Gut & Günstig Edeka Chips for Friends gesalzen,0.99,open-prices
2026-08-30,EDEKA,4311501021804,Edeka Tafelsüße Cyclamat Sachharin,1.35,open-prices
2026-08-30,CAP-Markt,4311501023624,gut&günstig Bratheringsfilet,2.09,open-prices
2026-08-30,EDEKA,4311501028339,Edeka Fresh barn eggs,3.39,open-prices
2026-08-30,EDEKA,4311501029008,EDEKA Bio Dinkelvollkornbrot,1.25,open-prices
2026-08-30,EDEKA,4311501029060,Edeka Das Pure Brot,1.75,open-prices
2026-08-30,EDEKA,4311501029121,Edeka Bio Dinkelmehl Type 1050,1.35,open-prices
2026-08-30,EDEKA,4311501029152,"Edeka Bio Weizenmehl, Type 405",0.85,open-prices
2026-08-30,EDEKA,4311501030448,gut&günstig griechischer Joghurt,1.49,open-prices
2026-08-30,Lidl,4311501032916,Edeka Bio  Gouda in Scheiben,2.29,open-prices
2026-08-30,EDEKA,4311501033456,"Gut & Günstig Frische Vollmilch 3,5 % Fett",1.09,open-prices
2026-08-30,EDEKA,4311501037829,"Gut & günstig Recycling-Toilettenpapier, 8 x 200 Blatt, 3-lagig",2.45,open-prices
2026-08-30,EDEKA,4311501040898,Gut & Günstig Tortilla-Chips - Hot Chili,1.59,open-prices
2026-08-30,CAP-Markt,4311501040980,Edeka Bio Frische Fettarme Milch,1.15,open-prices
2026-08-30,EDEKA,4311501041017,EDEKA Bio Frische Vollmilch,1.25,open-prices
2026-08-30,EDEKA,4311501043646,EDEKA Bio Cornflakes ungesüßt,1.59,open-prices
2026-08-30,E-Center,4311501043769,Gut & Günstig Durch-Starter (Nussmix),2.99,open-prices
2026-08-30,EDEKA,4311501043820,Edeka Beerenmüsli,4.29,open-prices
2026-08-30,WEZ,4311501044117,Edeka Bio Bratöl,2.99,open-prices
2026-08-30,EDEKA,4311501044797,Edeka Bio Fettarmer Joghurt mild,1.19,open-prices
2026-08-30,EDEKA,4311501047507,Gut & Günstig Big Choc Mandel,2.99,open-prices
2026-08-30,CAP-Markt,4311501048931,Gut&Günstig Sockey Wildlachs,3.59,open-prices
2026-08-30,EDEKA,4311501050064,Gut & Günstig Soja Sauce dunkel,1.49,open-prices
2026-08-30,WEZ,4311501050224,Edeka Mais Waffeln,0.79,open-prices
2026-08-30,EDEKA,4311501054017,Gut & Günstig Bad Reiniger,0.95,open-prices
2026-08-30,EDEKA,4311501056011,GUT & GÜNSTIG Gnocchi,1.99,open-prices
2026-08-30,EDEKA,4311501058138,Gut & Günstig Konfitüre Extra Aprikose,1.79,open-prices
2026-08-30,EDEKA,4311501060469,Gut & Günstig Corn Flakes,1.59,open-prices
2026-08-30,EDEKA,4311501061923,"Gut & Günstig Linsen Chips, Paprika",0.99,open-prices
2026-08-30,EDEKA,4311501061954,"Gut & Günstig Linsen Chips, Sour Cream",0.99,open-prices
2026-08-30,CAP-Markt,4311501062968,Gut & Günstig frische fettarme Milch,0.99,open-prices
2026-08-30,EDEKA,4311501063507,EDEKA Bio Bio Gouda in Scheiben,2.39,open-prices
2026-08-30,EDEKA,4311501063774,Gut & Günstig Walnusseis mit karamellisierten Walnussstückchen,2.19,open-prices
2026-08-30,EDEKA,4311501065051,EDEKA Lachsrückenfiletportion,3.14,open-prices
2026-08-30,EDEKA,4311501065303,Gut & Günstig Sandwich Fürst Pückler Art,1.99,open-prices
2026-08-30,EDEKA,4311501069677,Edeka My Veggie Hafer ohne Zucker,0.9,open-prices
2026-08-30,EDEKA,4311501069745,"Edeka My Veggie Mandel, Mandeldrink",1.35,open-prices
2026-08-30,WEZ,4311501072707,Edeka Bio My Veggie Linse-Curry 4311501072707 Pflanzlicher Brotaufstrich mit Linsen und Curry,1.35,open-prices
2026-08-30,EDEKA,4311501075265,Edeka Grana Padano,4.29,open-prices
2026-08-30,EDEKA,4311501084434,Edeka Scamorza Minis,1.25,open-prices
2026-08-30,EDEKA,4311501086933,EDEKA Thunfischsalat,1.59,open-prices
2026-08-30,EDEKA,4311501086964,Edeka Thunfischsalat,1.59,open-prices
2026-08-30,EDEKA,4311501088449,Edeka Aufschnitt Trio,1.49,open-prices
2026-08-30,EDEKA,4311501096345,EDEKA Herzstücke Schinken ofengebacken,1.0,open-prices
2026-08-30,EDEKA,4311501103210,gut&günstig Margarine,1.49,open-prices
2026-08-30,EDEKA,4311501103661,Edeka Genussmomente Hähnchenbrustsalat,0.9,open-prices
2026-08-30,EDEKA,4311501104248,Edeka Genussmomente Garnelencocktail mit Calvados,0.9,open-prices
2026-08-30,EDEKA,4311501104385,Gut & Günstig Pesto rot,0.99,open-prices
2026-08-30,EDEKA,4311501107072,Edeka Bio Fettarmer Weidemilch Joghurt,1.19,open-prices
2026-08-30,EDEKA,4311501110836,Edela Mozzarella,1.59,open-prices
2026-08-30,EDEKA,4311501111161,Gut & Günstig Rocket Wassereis,2.79,open-prices
2026-08-30,EDEKA,4311501111260,Gut & Günstig sooo natürlich WC Papier,2.69,open-prices
2026-08-30,EDEKA,4311501114438,Edeka Walnuss,1.89,open-prices
2026-08-30,EDEKA,4311501116296,Gut & Günstig Spaghetti Eis-Dessert,1.79,open-prices
2026-08-30,EDEKA,4311501116883,Gut & Günstig Vanille Haselnusshörnchen,1.99,open-prices
2026-08-30,EDEKA,4311501116913,Edeka Buttermilch Zitrone Hörnchen,1.99,open-prices
2026-08-30,EDEKA,4311501117859,Edeka Big Choc Choco,2.99,open-prices
2026-08-30,EDEKA,4311501117880,Edeka Big Choc Mandel,2.99,open-prices
2026-08-30,EDEKA,4311501126073,Gut & Günstig Blütenhonig,2.69,open-prices
2026-04-15,CAP-Markt,4311501130681,Delikatess Paprika Lyoner,0.83,open-prices
2026-08-30,CAP-Markt,4311501130681,G&G Delikatess Paprika Lyoner,0.83,open-prices
2026-04-13,EDEKA,4311501130681,Delikatess Paprika Lyoner,0.95,open-prices
2026-08-30,EDEKA,4311501130681,G&G Delikatess Paprika Lyoner,0.95,open-prices
2026-08-30,EDEKA,4311501134627,Edeka Stadionbratwurst,3.49,open-prices
2026-08-30,EDEKA,4311501134658,Gut & Günstig Paella TK,3.49,open-prices
2026-08-30,EDEKA,4311501135235,EDEKA Herzstücke Skyr,1.09,open-prices
2026-08-30,EDEKA,4311501139028,Edeka Aioli,1.0,open-prices
2026-08-30,EDEKA,4311501143667,"Edeka Herzstücke Kalmata Oliven mit Stein, eingelegt",1.59,open-prices
2026-08-30,EDEKA,4311501143872,Edeka Herzstücke Eingelegte Champignons In Rapsöl,1.25,open-prices
2026-08-30,EDEKA,4311501144299,Edeka Bio Apfel-Zimt Knusper,3.49,open-prices
2026-08-30,CAP-Markt,4311501151679,"Edeka Frische Vollmilch 3,5 % Fett",0.48,open-prices
2026-08-30,CAP-Markt,4311501151709,Gut&Günstig Frische Fettarme Milch,0.85,open-prices
2026-08-30,EDEKA,4311501152416,"Gut & Günstig Frische fettarme Milch, 1,5 % Fett",0.85,open-prices
2026-08-30,EDEKA,4311501153086,Gut & Günstig Thunfischsalat,0.85,open-prices
2026-08-30,EDEKA,4311501153147,Gut & Günstig Geflügel Salat,0.85,open-prices
2026-08-30,EDEKA,4311501154137,GUT & GÜNSTIG Eismeer Garnelen,1.39,open-prices
2026-08-30,EDEKA,4311501154151,Gut & Günstig Crevetten,1.39,open-prices
2026-08-30,EDEKA,4311501161043,Edeka Münchener Weißwürste,2.23,open-prices
2026-08-30,EDEKA,4311501170878,Edeka High Protein Ready Meal - Lachs Mit Grünen Bohnen In Cremiger Soße,3.49,open-prices
2026-08-30,EDEKA,4311501172391,Edeka Herzstücke Burrito - Avocado und Tofu,2.99,open-prices
2026-08-30,CAP-Markt,4311501310892,EDEKA Bio WEIDE-BUTTER aus Sauerrahm,1.05,open-prices
2026-08-30,CAP-Markt,4311501312773,Edeka Sonnen-blumenöl,1.45,open-prices
2026-08-30,EDEKA,4311501317600,Edeka Bio Speise-Quark Magerstufe,1.19,open-prices
2026-08-30,EDEKA,4311501317624,EDEKA Bio Speisequark 40% Fett i. Tr.,1.29,open-prices
2026-08-30,EDEKA,4311501333778,Edeka Bio Weizenmehl Type 550,0.85,open-prices
2026-08-30,EDEKA,4311501337745,Edeka Zitronensaft aus Zitronensaftkonzentrat,1.99,open-prices
2026-08-30,EDEKA,4311501342367,Edeka Erdnusskerne geröstet & gesalzen,1.29,open-prices
2026-08-30,EDEKA,4311501344439,Edeka Cannelloni,1.69,open-prices
2026-08-30,EDEKA,4311501344552,Edeka Tagliatelle verdi,1.69,open-prices
2026-08-30,EDEKA,4311501344767,Edeka Tagliatelle N. 70,1.69,open-prices
2026-08-30,CAP-Markt,4311501346020,Edeka Erdbeeren tiefgefrohren,2.49,open-prices
2026-08-30,EDEKA,4311501354094,EDEKA Chili Bohnen,1.29,open-prices
2026-08-30,EDEKA,4311501354124,EDEKA Kidneybohnen,1.29,open-prices
2026-08-30,EDEKA,4311501355909,Edeka Fleischsalat,0.99,open-prices
2026-08-30,EDEKA,4311501366547,Edeka Salami Saucisson,2.69,open-prices
2026-08-30,EDEKA,4311501373026,Gut und Günstig Backpapier zugeschnitten,0.95,open-prices
2026-08-30,EDEKA,4311501385807,Edeka Delikatess Remoulade,1.69,open-prices
2026-08-30,EDEKA,4311501391952,Edeka Paprika in Streifen geschnitten,3.69,open-prices
2026-03-07,EDEKA,4311501396070,"Tomaten in Stücke,Bio",0.65,open-prices
2026-08-30,EDEKA,4311501396070,"EDEKA Bio Tomaten in Stücke,Bio",0.65,open-prices
2024-06-22,WEZ,4311501396070,"Tomaten in Stücke,Bio",0.99,open-prices
2026-08-30,WEZ,4311501396070,"EDEKA Bio Tomaten in Stücke,Bio",0.99,open-prices
2026-08-30,WEZ,4311501399200,"Edeka Erdnusskerne, geröstet & ungesalzen",1.49,open-prices
2026-08-30,EDEKA,4311501432792,Edeka Alaska Seelachssalat,1.0,open-prices
2026-08-30,EDEKA,4311501435229,"Gut & Günstig Sonnenmais, zart",0.89,open-prices
2026-08-30,E-Center,4311501436103,Elkos Body Flüssigseife Sensitiv,0.85,open-prices
2026-08-30,E-Center,4311501440773,Gut & Günstig Meine Mousse au chocolat,0.69,open-prices
2026-08-30,EDEKA,4311501443101,Edeka Schweineschnitzel,1.6,open-prices
2026-08-30,WEZ,4311501446232,Edeka Bio Tomatenmark 2-fach konzentriert,0.95,open-prices
2026-08-30,EDEKA,4311501446379,Gut & Günstig Delikatess Bacon,1.39,open-prices
2026-08-30,EDEKA,4311501446638,Gut & Günstig Delikatess Schinken Bockwurst,2.79,open-prices
2025-04-09,E-Center,4311501448458,Salami Tradizionale,2.49,open-prices
2026-08-30,E-Center,4311501448458,Edeka Salami Tradizionale,2.49,open-prices
2023-04-22,EDEKA,4311501448458,Salami Tradizionale,2.29,open-prices
2023-06-07,EDEKA,4311501448458,Salami Tradizionale,2.39,open-prices
2026-08-30,EDEKA,4311501448458,Edeka Salami Tradizionale,2.39,open-prices
2026-08-30,EDEKA,4311501452233,EDEKA Originale Gnocchetti Sardi,0.99,open-prices
2026-08-30,EDEKA,4311501456330,"Gut & Günstig Joghurt mild 0,1% Fett",0.35,open-prices
2026-08-30,WEZ,4311501456712,Edeka My Veggie Salatmayonnaise,1.99,open-prices
2026-08-30,EDEKA,4311501464489,Gut & Günstig Deutsche Markenbutter  -  mildgesäuert,0.99,open-prices
2026-08-30,CAP-Markt,4311501480588,Edeka natives Leinöl kaltgepresst,1.55,open-prices
2026-08-30,EDEKA,4311501489512,Edeka Delikatess Bierschinken,1.27,open-prices
2024-12-20,CAP-Markt,4311501489543,Delikatess Bierwurst,0.7,open-prices
2026-08-30,CAP-Markt,4311501489543,Gut & Günstig Delikatess Bierwurst,0.7,open-prices
2024-12-30,EDEKA,4311501489543,Delikatess Bierwurst,0.95,open-prices
2026-08-30,EDEKA,4311501489543,Gut & Günstig Delikatess Bierwurst,0.95,open-prices
2026-08-30,EDEKA,4311501490426,Gut & Günstig Schlagsahne,0.89,open-prices
2026-08-30,EDEKA,4311501492277,Gut & Günstig Haferflocken Kernig,0.69,open-prices
2026-08-30,EDEKA,4311501492949,Gut & Gunstig Mortadella,0.6,open-prices
2026-08-30,EDEKA,4311501496602,Edeka Pecorino Romano g.U.,3.83,open-prices
2025-04-09,E-Center,4311501498521,Bäcker Brötchen,2.79,open-prices
2026-08-30,E-Center,4311501498521,Edeka Bäcker Brötchen,2.79,open-prices
2023-06-22,EDEKA,4311501498521,Bäcker Brötchen,2.99,open-prices
2024-04-24,EDEKA,4311501498521,Bäcker Brötchen,2.79,open-prices
2026-08-30,EDEKA,4311501498521,Edeka Bäcker Brötchen,2.99,open-prices
2026-08-30,EDEKA,4311501585559,"Gut & Günstig Batterien, LR03 AAA, Alkaline",1.59,open-prices
2026-08-30,EDEKA,4311501585603,Gut & Günstig POWER CELL AKKU NiMh 950mAh 4xAAA Micro,4.99,open-prices
2026-08-30,EDEKA,4311501614679,"Edeka Joghurt mild 3,5",0.59,open-prices
2026-08-30,EDEKA,4311501617779,Gut & Günstig Vanillepuddingpulver,0.39,open-prices
2026-08-30,EDEKA,4311501618226,Gut & Günstig Roggenvollkorn-Knäckebrot mit Sesamsamen,1.29,open-prices
2026-08-30,EDEKA,4311501619872,Gut & Günstig Harzer Minis,1.29,open-prices
2026-08-30,EDEKA,4311501622254,Gut & Günstig Eier,1.99,open-prices
2026-08-30,E-Center,4311501627150,Edeka Cashewkerne,2.29,open-prices
2026-08-30,E-Center,4311501627167,Gut & Günstig Nusskernmischung,2.79,open-prices
2026-08-30,EDEKA,4311501628980,Gut & Günstig Eier,2.39,open-prices
2026-08-30,EDEKA,4311501629840,Gut & Günstig Deikatess Paprika Lyoner,0.95,open-prices
2026-08-30,EDEKA,4311501631294,"Edeka Vivede Magnesium + B Komplex, Vitamin C und E",0.65,open-prices
2026-08-30,WEZ,4311501635773,EDEKA Natives Olivenöl extra,9.99,open-prices
2026-08-30,CAP-Markt,4311501638125,Gut & Günstig Marzipan Kartoffeln,0.8,open-prices
2026-08-30,EDEKA,4311501644652,"Edeka Rote Linsen, getrocknet",1.45,open-prices
2026-08-30,EDEKA,4311501644683,EDEKA Linsen,1.45,open-prices
2024-03-07,E-Center,4311501644713,Kichererbsen,1.65,open-prices
2026-08-30,E-Center,4311501644713,EDEKA Kichererbsen,1.65,open-prices
2024-06-01,EDEKA,4311501644713,Kichererbsen,1.65,open-prices
2025-02-08,EDEKA,4311501644713,Kichererbsen,1.45,open-prices
2026-08-30,EDEKA,4311501644713,EDEKA Kichererbsen,1.45,open-prices
2026-08-30,EDEKA,4311501646854,Gut & Günstig Kefir,0.79,open-prices
2026-08-30,EDEKA,4311501647530,Edeka Gnocchi,0.99,open-prices
2026-08-30,CAP-Markt,4311501650196,Edeka Leinsamen,0.55,open-prices
2026-08-30,EDEKA,4311501655214,Edeka Tortellini Tricolore,1.59,open-prices
2026-08-30,EDEKA,4311501655283,Edeka Tortellini Carne,1.59,open-prices
2026-08-30,EDEKA,4311501659526,elkos DentaMax,0.85,open-prices
2026-08-30,EDEKA,4311501667057,Gut & Günstig Blüten Honig cremig,2.49,open-prices
2026-08-30,EDEKA,4311501667682,Edeka Hähnchen Lyoner,2.29,open-prices
2026-08-30,EDEKA,4311501670149,Gut & Günstig Harzer Käse,1.89,open-prices
2026-08-30,EDEKA,4311501675236,EDEKA Thunfisch in Sonnenblumenöl,1.29,open-prices
2026-08-30,EDEKA,4311501675250,Edeka Thunfischfilet,1.69,open-prices
2026-08-30,WEZ,4311501675533,Edeka Bio Gemüsemais,1.19,open-prices
2026-08-30,E-Center,4311501676233,Edeka Lyoner,1.79,open-prices
2026-08-30,EDEKA,4311501677230,Gut & Günstig Harzer Käse,1.89,open-prices
2026-08-30,EDEKA,4311501678565,EDEKA Bio Räucherlachs,4.29,open-prices
2026-08-30,EDEKA,4311501682876,Gut & Günstig Delikatess Putenbrust - Classic,1.49,open-prices
2026-08-30,EDEKA,4311501687277,Gut & Günstig Snack Mix Knabbergebäck,1.69,open-prices
2026-08-30,CAP-Markt,4311501688120,Gut & Günstig Eier,1.99,open-prices
2026-08-30,E-Center,4311501688137,Edeka 10 Frische Eier aus Freilandhaltung,2.29,open-prices
2026-08-30,EDEKA,4311501688762,Edeka Choco Chips,2.49,open-prices
2026-08-30,E-Center,4311501689912,Edeka Reines Sonnenblumenöl,1.89,open-prices
2026-08-30,EDEKA,4311501692882,Edeka Pesto Rosso,1.99,open-prices
2026-08-30,EDEKA,4311501694183,Edeka Haferdrink Natur,0.9,open-prices
2026-08-30,CAP-Markt,4311501694947,Gut & Günstig Crevetten,0.6,open-prices
2026-08-30,EDEKA,4311501698624,Gut & Günstig Blatt-Spinat,2.39,open-prices
2026-08-30,EDEKA,4311501702116,Edeka Joghurt nach griechischer Art Natur,1.29,open-prices
2026-08-30,EDEKA,4311501704813,Edeka Shrimps in Cocktail Sauce,1.0,open-prices
2026-08-30,EDEKA,4311501704974,"Jasmin Duftreis, Edeka Bio",2.49,open-prices
2026-08-30,EDEKA,4311501708880,Edeka Tiramisu,2.79,open-prices
2026-08-30,EDEKA,4311501708910,Edeka Tiramisu,1.59,open-prices
2026-08-30,E-Center,4311501710418,Gut & Günstig Haselnusskerne,2.99,open-prices
2026-08-30,EDEKA,4311501711453,GUT & GÜNSTIG Hähnchenbrust Filetroulade,1.89,open-prices
2026-08-30,EDEKA,4311501712566,Edeka Beluga Linsen,2.79,open-prices
2026-08-30,CAP-Markt,4311501714249,Edeka Parmigiano Reggiano g.U.,2.6,open-prices
2026-08-30,EDEKA,4311501715307,GUT & GÜNSTIG Räucherlachs,2.4,open-prices
2026-08-30,E-Center,4311501715482,EDEKA Bio Feta g.U.,2.0,open-prices
2026-08-30,WEZ,4311501719640,Edeka Bio Kichererbsen naturell,1.39,open-prices
2026-08-30,EDEKA,4311501722299,EDEKA High Protein Joghurtzeugnis Himbeere Granatapfel,0.99,open-prices
2026-08-30,EDEKA,4311501732304,Gut & Günstig Speisestärke,0.89,open-prices
2026-08-30,EDEKA,4311501734957,Edeka Herzstücke Apfel-Kirsche,1.99,open-prices
2026-08-30,EDEKA,4311501735107,Edeka Essigessenz,0.79,open-prices
2026-08-30,CAP-Markt,4311501735312,Gut & Günstig Orange direkt gepresst,2.99,open-prices
2026-08-30,CAP-Markt,4311501735732,GUT & GÜNSTIG Roggen Brötchen,0.75,open-prices
2026-08-30,EDEKA,4311501739228,"Gut & Günstig Crunchy Pretzels, Honig & Senf",1.19,open-prices
2026-08-30,EDEKA,4311501739372,Gut & Günstig Pfannengemüse Bauern Art,1.99,open-prices
2026-08-30,EDEKA,4311501743003,Gut & Günstig Hefegebäckstangen Käse,1.59,open-prices
2026-08-30,EDEKA,4311501743089,Edeka Schlemmerfilet a la Bordelaise,2.49,open-prices
2026-08-30,CAP-Markt,4311501743966,"Gut & Günstig Delikatess Heringssalat mit eingelegter roter Bete, Zwiebeln, Gurken und Äpfeln",0.45,open-prices
2026-08-30,EDEKA,4311501744017,Edeka Erdnüsse gesalzen,1.99,open-prices
2026-08-30,CAP-Markt,4311501745038,Edeka Knusperfilet im Backteig aus Alaska-Seelachsfilet,2.79,open-prices
2026-08-30,WEZ,4311501745076,Gut & Günstig Hartweizen Grieß,0.65,open-prices
2026-08-30,EDEKA,4311501746707,Gut & Günstig Peanut & Choco,1.85,open-prices
2026-08-30,CAP-Markt,4311501747605,Edeka Ricotta,0.54,open-prices
2026-08-30,EDEKA,4311501747872,Edeka My Veggie Hafer-Mandel,0.9,open-prices
2026-08-30,Lidl,4311501748053,Edeka Schoko-Rosinen,1.29,open-prices
2026-08-30,Lidl,4311501748091,Gut & Günstig Thunfischsalat mit Bulgur,1.59,open-prices
2026-08-30,WEZ,4311501751855,Edeka Bio Oliven entsteint,2.49,open-prices
2026-08-30,EDEKA,4311501756379,Gut & Günstig Papiertaschentücher,1.49,open-prices
2026-08-30,EDEKA,4311501758632,Edeka Fettarme H-Milch,1.05,open-prices
2026-08-30,EDEKA,4311501761656,EDEKA Black & White Knusper Müsli,3.59,open-prices
2026-08-30,E-Center,4311501764800,Gut & Günstig Geröstete Mandeln,2.69,open-prices
2026-08-30,EDEKA,4311501766668,Gut & Günstig American Style Cookies,1.49,open-prices
2026-08-30,CAP-Markt,4311501767283,Gut & Günstig Graved Lachs,5.49,open-prices
2026-08-30,EDEKA,4311501768211,Edeka Roggenmehl 1150,0.99,open-prices
2026-08-30,E-Center,4311501772126,GUT & GÜNSTIG Dessertcreme Schoko,0.39,open-prices
2026-08-30,E-Center,4311501773055,EDEKA Bio Camembert,1.99,open-prices
2026-08-30,EDEKA,4311501791127,Gut & Günstig Tortilla Wraps,1.29,open-prices
2026-08-30,EDEKA,4311501798201,Edeka Fisch (Calamares a la Romana),4.99,open-prices
2024-01-24,EDEKA,4311501798263,Barista Hafer mit Soja,1.35,open-prices
2024-02-10,EDEKA,4311501798263,Barista Hafer mit Soja,1.35,open-prices
2024-03-27,EDEKA,4311501798263,Barista Hafer mit Soja,1.35,open-prices
2024-05-29,EDEKA,4311501798263,Barista Hafer mit Soja,1.35,open-prices
2024-07-17,EDEKA,4311501798263,Barista Hafer mit Soja,1.35,open-prices
2024-07-29,EDEKA,4311501798263,Barista Hafer mit Soja,1.35,open-prices
2024-08-29,EDEKA,4311501798263,Barista Hafer mit Soja,1.35,open-prices
2024-10-02,EDEKA,4311501798263,Barista Hafer mit Soja,1.35,open-prices
2024-11-07,EDEKA,4311501798263,Barista Hafer mit Soja,1.35,open-prices
2024-12-16,EDEKA,4311501798263,Barista Hafer mit Soja,1.35,open-prices
2025-04-30,EDEKA,4311501798263,Barista Hafer mit Soja,1.25,open-prices
2025-12-02,EDEKA,4311501798263,Barista Hafer mit Soja,1.25,open-prices
2026-08-30,EDEKA,4311501798263,EDEKA Bio Barista Hafer mit Soja,1.25,open-prices
2024-06-12,Lidl,4311501798263,Barista Hafer mit Soja,1.35,open-prices
2026-08-30,Lidl,4311501798263,EDEKA Bio Barista Hafer mit Soja,1.35,open-prices
2026-08-30,EDEKA,4311504010287,Edeka Selleriesalat in Streifen,0.77,open-prices
2026-08-30,EDEKA,4311504010621,Edeka Heimatliebe BAYERISCHE BIERKUGEL,3.14,open-prices
2026-08-30,EDEKA,4311504011819,EDEKA Bayrische Rote Bete in Scheiben,0.77,open-prices
2026-03-05,CAP-Markt,4311527032327,Zitronen Bio,1.69,open-prices
2026-08-30,CAP-Markt,4311527032327,Edeka Bio Zitronen Bio,1.69,open-prices
2024-04-16,E-Center,4311527032327,Zitronen Bio,0.99,open-prices
2026-08-30,E-Center,4311527032327,Edeka Bio Zitronen Bio,0.99,open-prices
2024-12-30,EDEKA,4311527032327,Zitronen Bio,1.0,open-prices
2026-08-30,EDEKA,4311527032327,Edeka Bio Zitronen Bio,1.0,open-prices
2026-08-30,CAP-Markt,4311527160655,Edeka Bio Möhren,1.35,open-prices
2026-08-30,EDEKA,4311527265558,Edeka Leckerbissen Mini Rispentomaten,1.0,open-prices
2025-05-30,Bauernhof Eppinger,4311527560011,Kulturchampignons weiss Kl.1 400g Schale 1.39€ 1kg 3.48€,1.89,open-prices
2025-01-17,CAP-Markt,4311527560011,Kulturchampignons weiss Kl.1 400g Schale 1.39€ 1kg 3.48€,1.89,open-prices
2025-03-07,CAP-Markt,4311527560011,Kulturchampignons weiss Kl.1 400g Schale 1.39€ 1kg 3.48€,1.89,open-prices
2025-05-30,CAP-Markt,4311527560011,Kulturchampignons weiss Kl.1 400g Schale 1.39€ 1kg 3.48€,1.89,open-prices
2025-08-15,CAP-Markt,4311527560011,Kulturchampignons weiss Kl.1 400g Schale 1.39€ 1kg 3.48€,1.89,open-prices
2025-11-28,CAP-Markt,4311527560011,Kulturchampignons weiss Kl.1 400g Schale 1.39€ 1kg 3.48€,1.49,open-prices
2026-08-30,CAP-Markt,4311527560011,Gut & Günstig Kulturchampignons weiss Kl.1 400g Schale 1.39€ 1kg 3.48€,1.49,open-prices
2024-04-16,E-Center,4311527560011,Kulturchampignons weiss Kl.1 400g Schale 1.39€ 1kg 3.48€,1.79,open-prices
2024-04-20,E-Center,4311527560011,Kulturchampignons weiss Kl.1 400g Schale 1.39€ 1kg 3.48€,1.79,open-prices
2026-08-30,E-Center,4311527560011,Gut & Günstig Kulturchampignons weiss Kl.1 400g Schale 1.39€ 1kg 3.48€,1.79,open-prices
2024-09-10,EDEKA,4311527560011,Kulturchampignons weiss Kl.1 400g Schale 1.39€ 1kg 3.48€,1.79,open-prices
2025-05-21,EDEKA,4311527560011,Kulturchampignons weiss Kl.1 400g Schale 1.39€ 1kg 3.48€,1.49,open-prices
2025-08-29,EDEKA,4311527560011,Kulturchampignons weiss Kl.1 400g Schale 1.39€ 1kg 3.48€,1.49,open-prices
2026-08-30,EDEKA,4311527560011,Gut & Günstig Kulturchampignons weiss Kl.1 400g Schale 1.39€ 1kg 3.48€,1.49,open-prices
2025-05-21,Yorma’s,4311527560011,Kulturchampignons weiss Kl.1 400g Schale 1.39€ 1kg 3.48€,1.49,open-prices
2024-04-16,E-Center,4311527563142,Broccoli,1.09,open-prices
2024-04-20,E-Center,4311527563142,Broccoli,1.09,open-prices
2024-04-22,E-Center,4311527563142,Broccoli,0.99,open-prices
2026-08-30,E-Center,4311527563142,Edeka Broccoli,0.99,open-prices
2024-03-11,EDEKA,4311527563142,Broccoli,0.99,open-prices
2026-08-30,EDEKA,4311527563142,Edeka Broccoli,0.99,open-prices
2026-08-30,EDEKA,4311527566082,Gut & Günstig Eisbergsalat,0.88,open-prices
2026-08-30,EDEKA,4311527571536,"Gut & Günstig Speisezwiebel, Kl. II",1.49,open-prices
2026-08-30,EDEKA,4311527578825,"Gut & Günstig Broccoli, Kl. I",1.39,open-prices
2026-08-30,EDEKA,4311527579556,Gut&Günstig Trauben kernlos,1.69,open-prices
2026-08-30,CAP-Markt,4311527579747,Ackergold Speisekartoffeln mehligkochend,4.49,open-prices
2026-08-30,EDEKA,4311527584826,Gut & Günstig Cherry Rispen Tomaten,2.49,open-prices
2024-03-07,E-Center,4311527598403,Trauben kernlos,1.49,open-prices
2024-04-20,E-Center,4311527598403,Trauben kernlos,1.11,open-prices
2026-08-30,E-Center,4311527598403,Gut & Günstig Trauben kernlos,1.11,open-prices
2026-05-05,EDEKA,4311527598403,Trauben kernlos,1.99,open-prices
2026-08-30,EDEKA,4311527598403,Gut & Günstig Trauben kernlos,1.99,open-prices
2026-08-30,EDEKA,4311527614394,Edeka Eisbergsalat,0.66,open-prices
2026-08-30,E-Center,4311527675449,rewe Drillinge,1.99,open-prices
2026-08-30,EDEKA,4311527693153,Edeka Rucola,0.65,open-prices
2026-08-30,E-Center,4311527724215,Gut & Günstig Möhren,1.59,open-prices
2026-08-30,EDEKA,4311527740970,"Gut & Günstig Speisekartoffeln, Belana, festkochend",1.49,open-prices
2026-08-30,Netto,4311527896264,Markt Tag zitronen,1.49,open-prices
2026-08-30,Netto,4311527902644,"Markttag Birnen aus Belgien, Sorte Conference, Klasse I, Kal. 55-65 mm",1.69,open-prices
2026-08-30,Netto,4311527908974,Markt Tag Paprika Mix,1.35,open-prices
2026-08-30,Netto,4311527909711,"Kaki, Kl. I",2.49,open-prices
2026-08-30,Netto,4311527909797,Markttag Brokkoli,1.29,open-prices
2026-08-30,Netto,4311527911066,Markttag Aprikosen,2.22,open-prices
2026-08-30,Netto,4311527911943,Markttag Paprika rot,1.45,open-prices
2026-08-30,Netto,4311527916870,"Markt Tag Brokkoli, Kl. I",1.49,open-prices
2026-08-30,Netto,4311527920426,Markttag Nektarinen,1.79,open-prices
2026-08-30,Netto,4311527925452,Markttag Rote Paprika,1.35,open-prices
2026-08-30,Netto,4311527925490,Markttag Cocktail Rispentomaten aus den Niederlanden,2.39,open-prices
2026-08-30,EDEKA,4311527931767,Edeka hot banditis Peperoni Mix,0.99,open-prices
2026-08-30,Netto,4311527955848,Markt Tag Champignons,1.79,open-prices
2026-08-30,Netto,4311527967735,Markttag Zitronen,1.39,open-prices
2025-02-28,CAP-Markt,4311532044261,Kartoffeln vorwiegend festkochend,2.89,open-prices
2026-08-30,CAP-Markt,4311532044261,Edeka Kartoffeln vorwiegend festkochend,2.89,open-prices
2024-04-16,E-Center,4311532044261,Kartoffeln vorwiegend festkochend,2.79,open-prices
2026-08-30,E-Center,4311532044261,Edeka Kartoffeln vorwiegend festkochend,2.79,open-prices
2026-08-30,CAP-Markt,4311532139844,"MINI RISPENTOMATEN GESCHMACKSINTENSIV, MILD-SÜSS",2.99,open-prices
2026-08-30,CAP-Markt,4311532174227,"Edeka Herzstücke Sonnenkuss nachhaltigere, konventionelle Orangen",2.99,open-prices
2024-12-04,CAP-Markt,4311532180020,Heimische Äpfel,2.49,open-prices
2026-08-30,CAP-Markt,4311532180020,Gut & Günstig Heimische Äpfel,2.49,open-prices
2025-10-06,EDEKA,4311532180020,Heimische Äpfel,1.99,open-prices
2026-08-30,EDEKA,4311532180020,Gut & Günstig Heimische Äpfel,1.99,open-prices
2026-08-30,EDEKA,4311532216323,"Gut & Günstig Avocado, Kl. I, angereift",1.29,open-prices
2026-08-30,EDEKA,4311532216491,"Gut & Günstig Avocado, Kl. I, angereift",1.29,open-prices
2026-08-30,EDEKA,4311532216552,"Gut & Günstig Avocado, Hass, Kl. I, angereift",0.69,open-prices
2026-08-30,EDEKA,4311532235126,"Gut & Günstig Avocado, Kl. I, angereift",0.99,open-prices
2026-08-30,CAP-Markt,4311532243695,Gut & Günstig PAPRIKA ROT,1.59,open-prices
2026-08-30,EDEKA,4311532249734,EDEKA GEMÜSE EDEKA GEMÜSSE  g&g paprika,1.99,open-prices
2026-08-30,Norma,4311532253861,Netto / Marokko Mini-Pflaumentomaten,1.99,open-prices
2026-08-30,EDEKA,4311532258255,Gut & Günstig Mangos,1.0,open-prices
2026-08-30,Netto,4311532295175,Markttag Tafeltrauben hell,1.69,open-prices
2026-08-30,Netto,4311532306949,"Markt Tag Tafeltrauben, dunkel, kernlos",1.89,open-prices
2026-08-30,EDEKA,4311532331958,Gut & Günstig Trauben kernlos,1.11,open-prices
2024-04-20,E-Center,4311532335253,"Paprika, Rot",2.19,open-prices
2026-08-30,E-Center,4311532335253,"Gut & Günstig Paprika, Rot",2.19,open-prices
2024-04-20,EDEKA,4311532335253,"Paprika, Rot",2.19,open-prices
2026-08-30,EDEKA,4311532335253,"Gut & Günstig Paprika, Rot",2.19,open-prices
2026-08-30,EDEKA,4311532346402,"Edeka Heimatliebe Erdäpfel, vorwiegend festkochend",1.79,open-prices
2026-08-30,EDEKA,4311532349533,Edeka Heimatliebe Champignons braun,1.79,open-prices
2026-08-30,E-Center,4311532352885,Gut & Günstig Mini Pflaumen-Tomaten,1.89,open-prices
2026-08-30,EDEKA,4311532354612,Edeka Heimatliebe Mini Romanasalat,0.69,open-prices
2026-08-30,Netto,4311532374276,Markttag Kulturchampinons aus Polen,1.79,open-prices
2026-08-30,EDEKA,4311532405383,Gut & Günstig Trauben kernlos,1.11,open-prices
2026-08-30,CAP-Markt,4311532427859,Edeka Obst frisch,1.69,open-prices
2026-08-30,Netto,4311532438268,Eden Fruits Datteln getrocknet & entsteint,2.49,open-prices
2026-08-30,EDEKA,4311532524428,"Gut & Günstig Trauben, hell, kernlos",1.99,open-prices
2026-08-30,EDEKA,4311532526286,Edeka Herzstücke Ackergold Raclette Kartoffeln festkochend,1.99,open-prices
2026-08-30,CAP-Markt,4311532532089,Edeka Mini Pflaumen Rispentomaten,3.99,open-prices
2026-08-30,EDEKA,4311532544501,Gut & Günstig Äpfel,2.0,open-prices
2026-08-30,EDEKA,4311532569405,Edeka Herzstücke Tafeltrauben hell kernlos,2.99,open-prices
2026-08-30,CAP-Markt,4311532580486,EDEKA Gut & Günstig miniTomaten,1.11,open-prices
2026-08-30,EDEKA,4311532589205,Edeka Herzstücke Hass Avocado genussreif,1.99,open-prices
2026-08-30,CAP-Markt,4311532591307,Apeel Hass Avocado,1.49,open-prices
2026-08-30,Netto,4311532602164,Roman Salatherzen,1.11,open-prices
2026-08-30,CAP-Markt,4311532609989,"Edeka Herzstücke Sonnengruß nachhaltigere, konventionelle Clementinen",2.99,open-prices
2026-08-30,EDEKA,4311532638231,Edeka Bio Bio Kulturheidelbeeren,3.99,open-prices
2026-08-30,EDEKA,4311532642917,Apeel MANDARINEN,1.49,open-prices
2026-08-30,EDEKA,4311532672358,Gut & Günstig Raisin blanc sans pepins,2.19,open-prices
2026-08-30,Netto,4311532681886,Markttag Kulturchampignons,1.0,open-prices
2026-08-30,Netto,4311536033032,Kitchen Club Pizza-Backset,7.99,open-prices
2026-08-30,EDEKA,4311536081897,"Gut & Günstig Papiertaschentücher (4-lagig, 30 Pack à 10 Stück)",2.85,open-prices
2026-08-30,E-Center,4311536910586,Gut & Günstig sooo natürlich recycling Toilettenpapier,2.45,open-prices
2026-08-30,Netto,4311596006212,Favora Toilettenpapier Recycling,2.45,open-prices
2026-08-30,Netto,4311596011353,Pure Basic Flüssigseife Meerestraum Nachfüllbeutel,0.99,open-prices
2026-08-30,Netto,4311596011384,Pure & Basic Cremeseife Milch & Honig,0.79,open-prices
2026-08-30,Netto,4311596012695,Priva Klarspüler,0.85,open-prices
2026-08-30,Netto,4311596012978,EUCO Max Balance Sport Yellow,0.69,open-prices
2026-08-30,Netto,4311596013005,Max Balance Sport Red Iso,0.69,open-prices
2026-08-30,Netto,4311596014880,Priva Anti Kalk Tabs,3.25,open-prices
2026-08-30,Netto,4311596015696,MAX Balance EAT ME,2.49,open-prices
2026-08-30,Netto,4311596017874,Otto Cosmetic Cremedusche Honig und Milch,0.69,open-prices
2026-08-30,Netto,4311596017898,pure & Basic Kokos und Milch Duschgel,0.69,open-prices
2026-08-30,Netto,4311596019397,Hairwell Frucht & Vitamin Shampoo,0.95,open-prices
2026-08-30,Netto,4311596019427,Hairwell 7-Kräuter-Shampoo,0.95,open-prices
2026-08-30,Netto,4311596021536,PAPA JOE's BBQ,2.29,open-prices
2026-08-30,Netto,4311596021789,"Favora Recycling-Toilettenpapier, 3-lagig",2.65,open-prices
2026-08-30,Netto,4311596024469,TEAM DEUTSCHLAND Das Pure - Gemüse-Kichererbsen,1.99,open-prices
2026-08-30,Netto,4311596028955,"Priva Waschpulver, Color, 80WL",9.95,open-prices
2026-08-30,Netto,4311596038886,jolea Cremeseife Ocean fresh,0.55,open-prices
2026-08-30,EDEKA,4311596042159,Gut & Günstig Sonnenblumen Margarine,1.49,open-prices
2026-08-30,EDEKA,4311596410644,Gut & Günstig Spaghetti Nudeln,0.79,open-prices
2026-08-30,EDEKA,4311596410828,Gut & Günstig Salz - Jod Salz,0.29,open-prices
2026-08-30,EDEKA,4311596413232,GUT & GÜNSTIG Pflanzenöl aus Raps,1.59,open-prices
2026-08-30,EDEKA,4311596417957,Edeka Weißkraut Salat Gut & Günstig,1.25,open-prices
2025-04-25,CAP-Markt,4311596421626,Olivenöl Extra Natives,5.99,open-prices
2025-05-30,CAP-Markt,4311596421626,Olivenöl Extra Natives,5.99,open-prices
2025-11-28,CAP-Markt,4311596421626,Olivenöl Extra Natives,5.99,open-prices
2026-08-30,CAP-Markt,4311596421626,Gut & Günstig Olivenöl Extra Natives,5.99,open-prices
2023-06-10,E-Center,4311596421626,Olivenöl Extra Natives,5.99,open-prices
2026-08-30,E-Center,4311596421626,Gut & Günstig Olivenöl Extra Natives,5.99,open-prices
2023-06-10,EDEKA,4311596421626,Olivenöl Extra Natives,5.99,open-prices
2023-06-21,EDEKA,4311596421626,Olivenöl Extra Natives,5.99,open-prices
2023-08-25,EDEKA,4311596421626,Olivenöl Extra Natives,6.99,open-prices
2024-03-02,EDEKA,4311596421626,Olivenöl Extra Natives,8.99,open-prices
2025-05-06,EDEKA,4311596421626,Olivenöl Extra Natives,5.99,open-prices
2025-12-12,EDEKA,4311596421626,Olivenöl Extra Natives,5.99,open-prices
2026-08-30,EDEKA,4311596421626,Gut & Günstig Olivenöl Extra Natives,5.99,open-prices
2026-08-30,EDEKA,4311596422616,Gut & Günstig Delikatess Mini Cabanossi,2.31,open-prices
2025-02-28,CAP-Markt,4311596429769,Blütenhonig Flüssig,2.99,open-prices
2026-08-30,CAP-Markt,4311596429769,Gut & Günstig Blütenhonig Flüssig,2.99,open-prices
2025-08-29,EDEKA,4311596429769,Blütenhonig Flüssig,2.49,open-prices
2026-08-30,EDEKA,4311596429769,Gut & Günstig Blütenhonig Flüssig,2.49,open-prices
2026-08-30,EDEKA,4311596436217,Gut und Günstig ACE Vitamin Drink,3.69,open-prices
2026-08-30,EDEKA,4311596438839,EDEKA Brechbohnen,1.19,open-prices
2026-08-30,EDEKA,4311596438877,Gut & Günstig Gemüse Junge Erbsen mit Möhrchen,1.29,open-prices
2026-08-30,EDEKA,4311596443314,"Gut & Günstig Haferflocken, kernig",0.69,open-prices
2026-08-30,E-Center,4311596444625,Edeka Mini Salami,0.5,open-prices
2026-08-30,EDEKA,4311596445080,Gut & Günstig Snackinis Mini Salami,2.39,open-prices
2026-08-30,EDEKA,4311596446094,Gut & Günstig Cornichons,1.29,open-prices
2026-08-30,EDEKA,4311596446117,Edeka Delikatess Gewürzgurken,0.99,open-prices
2026-08-30,EDEKA,4311596446469,Gut & Günstig G&G Bauern Kartoffelsalat,0.75,open-prices
2026-08-30,CAP-Markt,4311596449699,GUT & GÜNSTIG Münchner Weißwurst,1.99,open-prices
2026-08-30,EDEKA,4311596449729,GUT & GÜNSTIG Delikatess Schinkenbockwurst,2.23,open-prices
2026-08-30,EDEKA,4311596453719,Gut & Günstig Pflaumen getrocknet,4.99,open-prices
2026-08-30,EDEKA,4311596454884,Gut & Günstig Schinken-Zwiebel Mettwurst,2.18,open-prices
2026-08-30,E-Center,4311596458097,Gut & Günstig Walnusskerne,2.59,open-prices
2026-08-30,EDEKA,4311596460151,Gut & Günstig Butter,1.05,open-prices
2026-08-30,EDEKA,4311596460359,Gut & Günstig Buttermilch,0.59,open-prices
2026-08-30,EDEKA,4311596464869,Gut & Günstig Pizza Box,1.99,open-prices
2026-08-30,EDEKA,4311596465040,Gut & Günstig Milchreis Erdbeere,0.49,open-prices
2026-08-30,EDEKA,4311596465231,GUT & GÜNSTIG Kidney Bohnen,0.69,open-prices
2025-08-15,CAP-Markt,4311596468225,Farmer Salat,0.45,open-prices
2026-08-30,CAP-Markt,4311596468225,Gut & Günstig Farmer Salat,0.45,open-prices
2025-01-25,EDEKA,4311596468225,Farmer Salat,1.49,open-prices
2025-02-22,EDEKA,4311596468225,Farmer Salat,1.49,open-prices
2025-03-12,EDEKA,4311596468225,Farmer Salat,1.49,open-prices
2026-05-21,EDEKA,4311596468225,Farmer Salat,1.49,open-prices
2026-06-10,EDEKA,4311596468225,Farmer Salat,1.49,open-prices
2026-08-30,EDEKA,4311596468225,Gut & Günstig Farmer Salat,1.49,open-prices
2026-08-30,EDEKA,4311596468256,Gut & Günstig Nudelsalat,1.35,open-prices
2025-08-26,CAP-Markt,4311596468331,"Kartoffelsalat mit Sahne, Ei und Gurke",1.25,open-prices
2026-08-30,CAP-Markt,4311596468331,"Gut & Günstig Kartoffelsalat mit Sahne, Ei und Gurke",1.25,open-prices
2023-06-10,EDEKA,4311596468331,"Kartoffelsalat mit Sahne, Ei und Gurke",0.9,open-prices
2024-12-27,EDEKA,4311596468331,"Kartoffelsalat mit Sahne, Ei und Gurke",2.49,open-prices
2025-04-22,EDEKA,4311596468331,"Kartoffelsalat mit Sahne, Ei und Gurke",1.25,open-prices
2026-08-30,EDEKA,4311596468331,"Gut & Günstig Kartoffelsalat mit Sahne, Ei und Gurke",1.25,open-prices
2026-08-30,EDEKA,4311596469284,Gut & Günstig Eiersalat mit Schnittlauch,0.97,open-prices
2026-08-30,CAP-Markt,4311596471928,Gut & Günstig Leberwurst,0.79,open-prices
2026-08-30,Netto,4311596606047,EUCO Papa Joe's Knoblauch-Sauce,2.29,open-prices
2026-08-30,Netto,4311596615490,Euco Papa Joe's Burger Sauce,1.99,open-prices
2026-08-30,Netto,4311596623617,Pablo Feine Pastete mit Rind und Leber,0.65,open-prices
2026-08-30,Netto,4311596623679,Pablo Feine Pastete mit Huhn und einem Kern mit Karotten und Pasta,0.65,open-prices
2026-08-30,Netto,4311596625079,4Paws Sunny Hills (Huhn),5.19,open-prices
2026-08-30,Netto,4311596629633,Priva Color Waschmittel Classic,9.95,open-prices
2026-08-30,Netto,4311596661152,Favora Toilettenpapier 3lg.,3.25,open-prices
2026-08-30,Netto,4311596661329,diadent Total Clean X-Cross,2.99,open-prices
2026-08-30,Netto,4311596695850,diadent Zahncreme Kräuter,0.65,open-prices
2026-08-30,EDEKA,4311605492531,Müller Thurgau Müller-Thurgau Weißwein,1.99,open-prices
2026-08-30,EDEKA,4313920011442,Alb-Gold Unsere Heimat Frische Eierspätzle,1.5,open-prices
2024-03-07,E-Center,4313920014313,"Frische Bio-Heumilch g.t.S. Fettarm 1,8 % Fett",1.69,open-prices
2026-08-30,E-Center,4313920014313,"Unsere Heimat Frische Bio-Heumilch g.t.S. Fettarm 1,8 % Fett",1.69,open-prices
2026-04-18,EDEKA,4313920014313,"Frische Bio-Heumilch g.t.S. Fettarm 1,8 % Fett",0.95,open-prices
2026-08-30,EDEKA,4313920014313,"Unsere Heimat Frische Bio-Heumilch g.t.S. Fettarm 1,8 % Fett",0.95,open-prices
2026-08-30,EDEKA,4313920015884,Unsere Heimat Frische Weidemilch,1.11,open-prices
2026-08-30,CAP-Markt,4313920016232,Unsere Heimat Speisequark Magerstufe,0.9,open-prices
2026-08-30,EDEKA,4313920019530,Unsere Heimat Bio Frische Eierspätzle,1.65,open-prices
2026-08-30,E-Center,4314011030076,Feinster Fleischsalat,0.85,open-prices
2026-08-30,CAP-Markt,4314011030090,EDEKA Südwest Fleisch GmbH Fleischsalat mit Joghurt,0.9,open-prices
2026-08-30,EDEKA,4314011030274,Mit Herz gemacht Delikatess Fleischsalat hauchdünne Streifen,1.14,open-prices
2026-08-30,EDEKA,4314124150524,Schwarzwaldhof Landjäger,1.79,open-prices
2026-08-30,EDEKA,4314124702402,Schwarzwaldhof roh geräucherte Schinkenstreifen,2.99,open-prices
2026-08-30,EDEKA,4314124702655,Schwarzwaldhof Rohschinken in Streifen,2.0,open-prices
2026-08-30,CAP-Markt,4314187000149,Gut & Günstig Hähnchen-Schenkel mit Rückenstück,5.29,open-prices
2026-08-30,CAP-Markt,4314187023339,EDEKA Südwest Fleisch GmbH Cevapcici,2.25,open-prices
2026-08-30,CAP-Markt,4314187028341,Beef Edition Burger,2.4,open-prices
2026-08-30,EDEKA,4314187030443,edeka bratwurst,4.39,open-prices
2026-08-30,EDEKA,4314187032690,Hofglück Fleischwurst geräuchert,3.03,open-prices
2026-08-30,EDEKA,4314187033369,Hofglück Leberwurst,1.51,open-prices
2026-08-30,EDEKA,4314187034328,Edeka Rindswurst,5.59,open-prices
2026-08-30,E-Center,4314187034885,Hofglück Bierschinken,0.8,open-prices
2026-08-30,EDEKA,4314187050694,Edeka Südwest Fleisch GmbH Delikatess Gelbwurst,1.35,open-prices
2026-08-30,Netto,4316268044684,Haidhofer Gewürze - Senf - Delikatess-Senf  Mittelscharf,0.59,open-prices
2026-08-30,Netto,4316268166812,"Clarkys Salziges, Käsegebäckstangen",1.49,open-prices
2026-08-30,Netto,4316268217026,Captains Tea Brennnesseltee-Mischung mit Zitronengeschmack,1.19,open-prices
2026-08-30,Netto,4316268217057,Captains Tea Rooibos vanille,1.19,open-prices
2026-08-30,Netto,4316268339544,Bahlsen Schoko Waffeln,2.59,open-prices
2026-08-30,Netto,4316268347730,Clarkys Macadamia,2.99,open-prices
2026-08-30,Netto,4316268360364,Clarkys Erdnüsse im Teigmantel Paprika,1.19,open-prices
2026-08-30,Netto,4316268362443,Carat Jodsalz mit Fluorid,0.28,open-prices
2026-08-30,Netto,4316268368841,Basmati Reis SATORI,2.69,open-prices
2026-08-30,Netto,4316268371858,Backfee BLOCK Schokolade,2.99,open-prices
2026-08-30,Netto,4316268373388,Santa Claus in Town Runde Braune Lebkuchen,1.89,open-prices
2026-08-30,Netto,4316268389792,Nussetti Nuss-Nougat-Creme,1.99,open-prices
2026-08-30,Netto,4316268391801,Biscoteria Schoko Waffeln,2.59,open-prices
2026-08-30,Netto,4316268392181,Clarkys Kartoffelchips Paprika,1.19,open-prices
2026-08-30,Netto,4316268392570,Biscoteria Frischei Waffeln,1.59,open-prices
2026-08-30,Netto,4316268395670,Botato Kroketten,1.59,open-prices
2026-08-30,Netto,4316268414517,Satori Thai Suppe exotisch scharf mit Hühnerfleisch,1.29,open-prices
2026-08-30,Netto,4316268417570,"Clarkys Erdnüsse, geröstet und gesalzen",0.99,open-prices
2026-08-30,Netto,4316268417594,Clarkys Erdnüsse Black Pepper,0.89,open-prices
2026-08-30,Netto,4316268423472,Satori Bihun-Suppe,1.29,open-prices
2026-08-30,Netto,4316268428927,Carat Backerbsen,0.89,open-prices
2026-08-30,Netto,4316268429351,Clarkys Erdnüsse pikant,0.89,open-prices
2026-08-30,Netto,4316268443791,Netto Marken-Discount Schlemmerfilet à la Italia,2.49,open-prices
2026-08-30,Netto,4316268443807,Sea Gold Schlemmerfilet Champignon,2.49,open-prices
2026-08-30,Netto,4316268445382,Botato Pommes Frites,1.49,open-prices
2026-08-30,Netto,4316268448871,ProLife Multivitamin + Mineralstoffe,0.75,open-prices
2026-08-30,Netto,4316268448895,"ProLife Vitamin C + Zink, Selen, Vitamin D3",0.75,open-prices
2026-08-30,Netto,4316268449397,Clarkys Knabbernüsse - geröstet & gesalzen,2.99,open-prices
2026-08-30,Netto,4316268449410,Clarkys Studentenfutter mit Rosinen,3.59,open-prices
2026-08-30,Netto,4316268449434,Clarkys Studentenfutter mit Cranberries,2.99,open-prices
2026-08-30,Netto,4316268451529,"Sea Gold Fischstäbchen, paniert",2.49,open-prices
2026-08-30,Netto,4316268452915,Mondo Italiano Spaghetti mit Tomatensauce mit pikanter Würzmischung,1.69,open-prices
2026-08-30,Netto,4316268453998,Botato Kartoffelwedges,1.59,open-prices
2026-08-30,Netto,4316268454247,Captains Tea Grüner Tee Orange-Ingwer,0.89,open-prices
2026-08-30,Netto,4316268454278,Captains Tea Heiße Magie - Rooibostee,1.19,open-prices
2026-08-30,Netto,4316268456944,Beste Ernte Linsen mit Suppengrün,1.0,open-prices
2026-08-30,Netto,4316268456951,Beste Ernte Weiße Bohnen mit Suppengrün 4316268456951 Weiße Bohnen mit Suppengrün,1.0,open-prices
2026-08-30,Netto,4316268457354,Beste Ernte Geröstete Paprika,1.99,open-prices
2026-08-30,Netto,4316268457750,Beste Ernte Sandwich-Gurken mild und würzig,1.29,open-prices
2026-08-30,Netto,4316268460569,Clarkys Cashews geröstet und gesalzen,2.25,open-prices
2026-08-30,Netto,4316268460576,Clarkys Cashews pikant,2.25,open-prices
2026-08-30,Netto,4316268460590,Clarkys Erdnüsse im Teigmantel Wasabi,1.19,open-prices
2026-08-30,Netto,4316268461009,Kornmühle Vollkorn Toast,0.89,open-prices
2026-08-30,Netto,4316268462242,"Bernard Matthews Oldenburg Hähnchenbrustfillet, zusammengefügt, gepökelt und gebraten",1.39,open-prices
2026-08-30,Netto,4316268462525,Hofmaier Schweinebraten,1.01,open-prices
2026-08-30,Netto,4316268464727,Hofmaier Mini Berner Würstel,2.59,open-prices
2026-08-30,Netto,4316268467629,Satori Frühlingsrollen Gemüse,2.79,open-prices
2026-08-30,Netto,4316268471350,Netto MD Salami-Käse-Sandwich,1.99,open-prices
2026-08-30,Netto,4316268471398,Take Away Schinken-Käse-Sandwich,1.99,open-prices
2026-08-30,Netto,4316268476119,Gutes Land Back Camembert mot Wildpreiselbeer Dip,2.99,open-prices
2026-08-30,Netto,4316268485142,Korn Mühle Weizenmehl Type 405,0.59,open-prices
2026-08-30,Netto,4316268486576,Gutes Land Irische Markenbutter,2.29,open-prices
2026-08-30,Netto,4316268488709,Botato Bratkartoffeln,1.49,open-prices
2026-08-30,Netto,4316268491549,K-Classic Chips Kartoffel-Chips Paprika,0.99,open-prices
2026-08-30,Netto,4316268494151,Hofmaier Hähnchen-Brustfilet im Currymantel,1.39,open-prices
2026-08-30,Netto,4316268494373,Biscoteria Haselnussschnitte 8er-Pack,1.39,open-prices
2026-08-30,Netto,4316268497015,Biscoteria Frischei Waffeln,1.49,open-prices
2026-08-30,Netto,4316268499569,Kornmühle Schoko-Müsli,2.49,open-prices
2026-08-30,Netto,4316268501002,Mondo Italiano Grana Padano gerieben,3.29,open-prices
2026-08-30,Netto,4316268501026,Mondo Italiano Parmigiano Reggiano gehobelt,3.29,open-prices
2026-08-30,Netto,4316268502399,Biscoteria Pausenschnitte,1.89,open-prices
2026-08-30,Netto,4316268503204,Wolf Geflügel-Wiener,3.49,open-prices
2026-08-30,Netto,4316268503464,Biscoteria Butterkekse Vollmilch,2.89,open-prices
2026-08-30,Netto,4316268503518,Clarkys Nuss Frucht Mix mit Cranberries,2.39,open-prices
2026-08-30,Netto,4316268503525,Clarkys Nuss-Frucht-Mix Schokoflakes,2.39,open-prices
2026-08-30,Netto,4316268517713,Beste Ernte Pusta-Salat,0.89,open-prices
2026-08-30,Netto,4316268517768,Beste Ernte Gurken-Sticks mild,1.49,open-prices
2026-08-30,Netto,4316268518093,Beste Ernte Brechbohnen,0.99,open-prices
2026-08-30,Netto,4316268522915,Beste Ernte Champignons  2. Wahl,1.49,open-prices
2026-08-30,Netto,4316268534154,"Las Cuarenta Getrocknete Tomaten in Rapsöl, mariniert",1.49,open-prices
2026-08-30,Netto,4316268534192,Artischocken viertel eingelegt Gegrillte Artischocken viertel,1.49,open-prices
2026-08-30,Netto,4316268540643,Mondo Italiano Steinofenpizza Thunfisch,3.49,open-prices
2026-08-30,Netto,4316268541626,Hofmaier leberpastete,1.49,open-prices
2026-08-30,Netto,4316268546379,American Style XXL Hamburger Buns,0.99,open-prices
2026-08-30,Netto,4316268546614,Clarkys Erdnüsse - Geröstet,0.99,open-prices
2026-08-30,Netto,4316268546638,Clarkys Cashews geroestet ungesalzen,2.25,open-prices
2026-08-30,Netto,4316268547598,BioBio Rote Bete,1.49,open-prices
2026-08-30,Netto,4316268548779,"Captains Tea Minz-Mix, Kräutertee Melisse-Pfefferminze",1.19,open-prices
2026-08-30,Netto,4316268551755,"Karli Kugelblitz Früchtespaß - Banane, Erdbeere, Aprikose",1.79,open-prices
2026-08-30,Netto,4316268552363,Gutes Land Schlagsahne,0.89,open-prices
2026-08-30,Netto,4316268552394,Korn Mühle Müsli Früchte Vollkorn,2.39,open-prices
2026-08-30,Netto,4316268553131,Kornmühle Roggenkern Roggenmischbrot geschnitten,0.99,open-prices
2026-08-30,Netto,4316268553933,Netto Vollmilch Nuss Schokolade,0.99,open-prices
2026-08-30,Netto,4316268555142,Las Cuarenta Oliven gef.Paprika grün,1.99,open-prices
2026-08-30,Netto,4316268557948,Gutes Land Deutsche Markenbutter,1.05,open-prices
2026-08-30,Netto,4316268562072,Clarkys Knabber-Nüsse ungesalzen,2.99,open-prices
2026-08-30,Netto,4316268565288,Netto Sauerkirschen,3.69,open-prices
2026-08-30,Netto,4316268570121,Schokoliebe Erfrischungs Stäbchen Orangen & Zitronengeschmac,1.09,open-prices
2026-08-30,Netto,4316268572361,"American Style Sandwichscheiben, Weizen",1.19,open-prices
2026-08-30,Netto,4316268572392,American Style Sandwich Scheiben Vollkorn,1.19,open-prices
2026-08-30,Netto,4316268575645,Markttag Tafeläpfel aus Italien,1.5,open-prices
2026-08-30,Netto,4316268577298,"Kichererbsen, BESTE ERNTE",0.59,open-prices
2026-08-30,Netto,4316268588522,Hofmaier Hähnchenbrust Klassik,1.99,open-prices
2026-08-30,Netto,4316268589314,Hofmaier Hähnchen-Filetstreifen,2.39,open-prices
2026-08-30,Netto,4316268592307,Zeus Grüne Oliven mit Knoblauch,1.99,open-prices
2026-08-30,Netto,4316268592901,Gutes Land Fettarmer Joghurt mild,0.79,open-prices
2026-08-30,Netto,4316268593199,Biscoteria Schokobrötchen,1.99,open-prices
2026-08-30,Netto,4316268595520,Landliebe Saure Sahne,0.59,open-prices
2026-08-30,Netto,4316268595728,Schokoliebe Candy Star Minis,3.49,open-prices
2026-08-30,Netto,4316268596466,Clarkys Tortilla Chips - Salted,1.59,open-prices
2026-08-30,Netto,4316268596473,Clarkys Tortilla Chips Nacho Cheese,1.59,open-prices
2026-08-30,Netto,4316268597784,American Style Erdnuss Creme,1.89,open-prices
2026-08-30,Netto,4316268597791,American Style Butter - Erdnuss Creme Crunchy,1.89,open-prices
2026-08-30,Netto,4316268597883,Markt Tag Erdnüsse ungeschält,2.22,open-prices
2026-08-30,Netto,4316268598903,Hofmaier Geflügel Salami,1.99,open-prices
2026-08-30,Netto,4316268599474,Biscoteria Butter Brioche,1.89,open-prices
2026-08-30,Netto,4316268599672,"Ein Herz für Erzeuger Tafeläpfel, Sorte Elstar, Kl. II",2.49,open-prices
2026-08-30,Netto,4316268602587,Korn Mühle Obstriegel Cranberry & Kirsche,1.49,open-prices
2026-08-30,Netto,4316268604871,Gutes Land Maasdamer,2.39,open-prices
2024-11-28,Netto,4316268604918,Edamer mild-zart,2.99,open-prices
2025-01-13,Netto,4316268604918,Edamer mild-zart,2.99,open-prices
2025-11-05,Netto,4316268604918,Edamer mild-zart,2.49,open-prices
2026-02-24,Netto,4316268604918,Edamer mild-zart,2.45,open-prices
2026-08-30,Netto,4316268604918,Gutes Land Edamer mild-zart,2.45,open-prices
2025-05-12,REWE,4316268604918,Edamer mild-zart,2.99,open-prices
2026-08-30,REWE,4316268604918,Gutes Land Edamer mild-zart,2.99,open-prices
2026-08-30,Netto,4316268604932,Gutes Land Butterkäse,2.45,open-prices
2026-08-30,Netto,4316268609678,Gutes Land Schlagsahne,0.99,open-prices
2026-08-30,Netto,4316268610216,BioBio Tomaten-Sahne-Sauce,1.15,open-prices
2026-08-30,Netto,4316268610612,Sea Gold Backstäbchen,2.49,open-prices
2026-08-30,Netto,4316268611565,American Style Hamburger Buns,0.99,open-prices
2026-08-30,Netto,4316268615273,Hofmaier Lachsschinken,1.99,open-prices
2026-08-30,Netto,4316268615297,Hofmaier Lachsschinken im Kräutermantel,1.99,open-prices
2026-08-30,Netto,4316268615655,Netto Schaumküsse,2.49,open-prices
2026-08-30,Netto,4316268618144,Las Cuarenta Spanische Oliven mit Paprikapaste,1.29,open-prices
2026-08-30,Netto,4316268618151,"Las Cuarenta Spanische Oliven, entsteint, geschwärzt",1.29,open-prices
2026-08-30,Netto,4316268618168,Las Cuarenta grüne Oliven entsteint,1.29,open-prices
2026-08-30,Netto,4316268618526,Mondo Italiano Steinofen Pizza Margherita,2.99,open-prices
2026-08-30,Netto,4316268619967,"Beste Ernte Grüne Jalapeños in Scheiben, feurig scharf",0.99,open-prices
2026-08-30,Netto,4316268623810,Satori Sauce  Sweet Chilli Sauce,1.99,open-prices
2026-08-30,Netto,4316268625005,Mondo Italiano Steinofenpizza Hawaii,3.49,open-prices
2026-08-30,Netto,4316268625012,Mondo Italiano Pizza Steinofen Spinat,3.49,open-prices
2026-08-30,Netto,4316268625036,Mondo Italiano Steinofenpizza 4-Käse,3.49,open-prices
2026-08-30,Netto,4316268627290,"Netto Marken-Discount Kokosnussmilch cremig, Satori",1.19,open-prices
2026-08-30,Netto,4316268627634,Gutes Land Emmentaler am Stück nussig + mild,3.49,open-prices
2026-08-30,Netto,4316268628501,Gutes Land Hirtenkäse,1.89,open-prices
2026-08-30,Netto,4316268629003,Clarkys Kartoffel Chips Gesalzen,0.99,open-prices
2026-08-30,Netto,4316268629041,Lieblings Bourbon-Vanille-Waffeln,1.79,open-prices
2026-08-30,Netto,4316268629836,Netto Marken Schokoliebe (Netto) Choco Nuts,2.49,open-prices
2026-08-30,Netto,4316268630115,Clarkys Salzbrezeln Laugendauergebäck,0.89,open-prices
2026-08-30,Netto,4316268630733,American Style Barbecue-Marshmallows,1.69,open-prices
2026-08-30,Netto,4316268635738,Mondo Italiano Nudelsauce Napoli,1.45,open-prices
2026-08-30,Netto,4316268636148,Clarkys Cracker gesalzen,1.49,open-prices
2026-08-30,Netto,4316268636643,BioBio Bio-Möhren,1.49,open-prices
2026-08-30,Netto,4316268636919,Gutes Land Cremiger Joghurt Pfirsich-Maracuja,2.49,open-prices
2026-08-30,Netto,4316268636926,Gutes Land Cremiger Joghurt,2.49,open-prices
2026-08-30,Netto,4316268637633,Lieblings Direktsaft,2.49,open-prices
2026-08-30,Netto,4316268642880,BioBio Italienische Tomaten mit Kräutern,0.75,open-prices
2026-08-30,Netto,4316268642996,Backfee Marzipanrohmasse,1.89,open-prices
2026-08-30,Lidl,4316268643160,Sea Gold Fischstäbchen,2.49,open-prices
2026-08-30,Netto,4316268643221,BioBio Pfannengemüse mediterrane Art,2.49,open-prices
2026-08-30,Netto,4316268643368,Lieblings Premium Brioche Burger Buns vorgeschnitten,1.49,open-prices
2026-08-30,Netto,4316268643504,Biscoteria Zitronen Waffeln,1.39,open-prices
2026-08-30,Netto,4316268644327,Hofmaier Putenbrustfilet in Paprikamantel,1.59,open-prices
2026-08-30,Netto,4316268645065,Hofmaier Berner Würstchen,2.59,open-prices
2026-08-30,Netto,4316268645935,netto Gutes Land Hirtenkäse 20 % Fett 250g 1.89€ 1kg 7.56€,1.89,open-prices
2026-08-30,Netto,4316268646307,"Beste Ernte Apfelmus, fein püriert, ohne Zuckerzusatz",0.99,open-prices
2026-08-30,Netto,4316268648554,Mondo Italiano Glückspilze Funghi,3.49,open-prices
2026-08-30,Netto,4316268648639,Netto Marken-Discount Barbecue Sauce,0.99,open-prices
2026-08-30,Netto,4316268648660,Rich Paprika Sauce nach ungarischer Art,0.99,open-prices
2026-08-30,Netto,4316268649575,Mondo Italiano Mozzarella gerieben,1.79,open-prices
2026-08-30,Netto,4316268650731,Korn Mühle Weizentoastbrötchen,0.99,open-prices
2026-08-30,Netto,4316268650748,Korn Mühle Mehrkorntoasties,0.99,open-prices
2026-08-30,Netto,4316268651202,Mondo Italiano Mozzarella Halbfettstufe,0.85,open-prices
2026-08-30,Netto,4316268651332,BioBio 10 deutsche Bio-Eier,3.59,open-prices
2026-08-30,Netto,4316268651486,Netto Marken-Discount Frische Eier aus Freilandhaltung,2.99,open-prices
2026-08-30,Netto,4316268651646,Backfee Vollmilch Kuvertüre,2.29,open-prices
2026-08-30,Netto,4316268652315,bunte gekochte eier,2.99,open-prices
2026-08-30,Netto,4316268652551,"Netto Marken-Discount Frische Eier aus Bodenhaltung, Güteklasse A",2.49,open-prices
2026-08-30,Netto,4316268652575,Land Eier,2.49,open-prices
2026-08-30,Netto,4316268653213,Chicken Burger,2.79,open-prices
2026-08-30,Netto,4316268654081,Frucht Stern Bananen-Nektar,1.49,open-prices
2026-08-30,Netto,4316268654753,Hofmaier Bauchspeck,2.59,open-prices
2026-08-30,Norma,4316268655927,Heimat Rispentomaten Klasse I,1.49,open-prices
2026-08-30,Netto,4316268656108,Heimat Heimische Mini-Rispentomaten,3.79,open-prices
2026-08-30,Netto,4316268656290,Gutes Land Fruchtjoghurt Kirsche,2.59,open-prices
2026-08-30,Netto,4316268656337,Mini Romanasalat,0.65,open-prices
2026-08-30,Netto,4316268656542,"Netto Marken-Discount Heimische Speisemöhren, Klasse I",1.0,open-prices
2026-08-30,Netto,4316268656818,Lieblings Wildreis,1.99,open-prices
2026-08-30,Netto,4316268656887,"BioBio Gemüsemais, natursüß",0.99,open-prices
2026-08-30,Netto,4316268657044,"In der Heimat Heimische Tafeläpfel, Klasse II",2.99,open-prices
2026-08-30,Netto,4316268657082,Heimat Äpfel,4.99,open-prices
2026-08-30,Netto,4316268658287,"Ein Herz für Erzeuger 10 frische Eier aus Bodenhaltung, Güteklasse A",2.59,open-prices
2026-08-30,Netto,4316268659338,Lieblings Steinofenbaguette,0.99,open-prices
2026-08-30,Netto,4316268659390,"BioBio Bio-Cranberries, getrocknet & gezuckert",2.79,open-prices
2026-08-30,Netto,4316268660099,Netto Marken-Discount Instant China Mie Nudeln,0.99,open-prices
2026-08-30,Netto,4316268660747,Biscoteria GEFÜLLTE FRISCHEI- WAFFELN,1.69,open-prices
2026-08-30,Netto,4316268661515,Genusswelt Pfannengemüse französische Art,1.99,open-prices
2026-08-30,Netto,4316268661683,Genuss Welt Pfannengemüse - Asiatische Art,1.99,open-prices
2026-08-30,Netto,4316268663960,"Gutes Land Frische Weidemilch 1,5%",0.85,open-prices
2026-08-30,Netto,4316268663977,Gutes Land Frische Weidemilch,0.95,open-prices
2026-08-30,Netto,4316268665230,BioBio Bio-Räucherlachs,3.59,open-prices
2026-08-30,Netto,4316268666763,Netto MD Schweizer Edel-Zartbitter Schokolade,1.89,open-prices
2026-08-30,Netto,4316268669399,Clarkys Spicy Kartoffelchips Pepperoni,1.19,open-prices
2026-08-30,Netto,4316268669405,Clarkys Kartoffel Chips Orientalisch,1.19,open-prices
2026-08-30,Netto,4316268670210,GENUSS WELT Bulgursalat mit Petersilie,0.99,open-prices
2026-08-30,Netto,4316268670722,Backfee Bourbon-Vanilleschoten,1.79,open-prices
2026-08-30,Netto,4316268671200,Gutes Land Frischkäse Balance 30% weniger fett,1.59,open-prices
2026-08-30,Netto,4316268671224,Clarkys Cashews Sour Creme & Onion,2.25,open-prices
2026-08-30,Netto,4316268671484,Netto Heimische Speisemöhren,1.69,open-prices
2026-08-30,Netto,4316268673068,"Biobio Bio-Datteln, entsteint & getrocknet",1.79,open-prices
2026-08-30,Netto,4316268673082,Beste Ernte Maiskölbchen,0.99,open-prices
2026-08-30,Netto,4316268673273,BioBio Kalamata Oliven,1.99,open-prices
2026-08-30,Netto,4316268673396,Genusswelt Gyros-Reispfanne griechischer Art,3.49,open-prices
2026-08-30,Netto,4316268674027,Beste Ernte Wein Sauerkraut,0.79,open-prices
2026-08-30,Netto,4316268674614,Netto Ungeschälte Erdnüsse aus Ägypten,2.49,open-prices
2026-08-30,Netto,4316268675017,Clarkys Walnusskerne,2.49,open-prices
2026-08-30,Netto,4316268676410,American Style Chicken Burger Patties,3.49,open-prices
2026-08-30,Netto,4316268679640,"Beste Ernte Grüne Jalapeño in Scheiben, feurig-scharf",0.99,open-prices
2026-08-30,Netto,4316268681285,Albhof Bandnudeln,0.99,open-prices
2026-08-30,Netto,4316268681308,Albhof Buchstabennudeln,0.5,open-prices
2026-08-30,Netto,4316268681780,Clarkys Just Roasted - Nusskernmischung,3.49,open-prices
2026-08-30,Netto,4316268681889,Biscoteria Zitronen Waffeln,1.39,open-prices
2026-08-30,Netto,4316268682732,American Style Hamburger Patties King Size XXL,6.99,open-prices
2026-08-30,Netto,4316268683531,Lieblings Rosenbrötchen,1.59,open-prices
2026-08-30,Netto,4316268683692,Netto Marken-Discount Pistazien geröstet & gesalzen,2.69,open-prices
2026-08-30,Netto,4316268683913,Ice Fantasy Sunny Ice Erdbeere,1.99,open-prices
2026-08-30,Netto,4316268684699,Beste Ernte Ananas in Stücken,1.79,open-prices
2026-08-30,Netto,4316268684729,Korn Mühle Schoko Müsli 30% weniger zucker,2.49,open-prices
2026-08-30,Netto,4316268685641,Captains Tea Ingwertee-Mischung Ingwer Kurkuma,1.19,open-prices
2026-08-30,Netto,4316268685788,Lieblings Prosciutto Cotto di Alta Qualita,1.79,open-prices
2026-08-30,Netto,4316268687096,Kornmühle Brot,1.19,open-prices
2026-08-30,Netto,4316268687850,BioBio Sojadrink Naturell,0.95,open-prices
2026-08-30,Netto,4316268687874,Pure & Basic Cremeseife Milch & Honig,0.55,open-prices
2026-08-30,Netto,4316268687881,Pure Basic Cremeseife Meeresbrise,0.55,open-prices
2026-08-30,Netto,4316268688154,American Style Hamburger Rindfleisch Patties,6.99,open-prices
2026-08-30,Netto,4316268688413,"Chai Gewürztee mit Ingwer, Zimt & Süßholzwurzel",0.95,open-prices
2026-08-30,Netto,4316268688826,takeaway Hähnchenschnitzel Fritz,1.39,open-prices
2026-08-30,Netto,4316268689625,Schokoliebe Choco Crisp,2.55,open-prices
2026-08-30,Netto,4316268689649,Carat Röstzwiebeln,1.29,open-prices
2026-08-30,Netto,4316268689847,BioBio Bio-Hirtenkäse,2.19,open-prices
2026-08-30,Netto,4316268689977,BioBio Allgäuer Emmentaler in Scheiben,1.97,open-prices
2026-08-30,Netto,4316268689991,Bio Bio Butterkäse,1.61,open-prices
2026-08-30,Netto,4316268690089,Gutes Land Rahm kase,0.99,open-prices
2026-08-30,Netto,4316268690102,"Gouda jung in Scheiben, 48% F.i.Tr., GUTES LAND",0.99,open-prices
2026-08-30,Netto,4316268690621,Hofmaier Frikadellen,1.49,open-prices
2026-08-30,Netto,4316268690683,Lieblings Crunchy Premium Müsli Honig-Nuss,2.59,open-prices
2026-08-30,Netto,4316268691741,"BioBio Bergkäse in Scheiben, 45 % Fett i. Tr.",1.97,open-prices
2026-08-30,Netto,4316268691970,GUTES Land Skyr Heidelbeer-Holunder,1.49,open-prices
2026-08-30,Netto,4316268692335,BioBio Bio-Erdnüsse,2.29,open-prices
2026-08-30,Netto,4316268692922,BioBio Pflanzen Drink Hafer,0.9,open-prices
2026-08-30,Netto,4316268693257,"Gutes Land Pizzakäse, gerieben",1.99,open-prices
2026-08-30,Netto,4316268693318,Gutes Land Emmentaler,2.75,open-prices
2026-08-30,Netto,4316268693370,Korn Mühle wraps tortilla,1.79,open-prices
2026-08-30,Netto,4316268694254,"BioBio Frische Vollmilch, 3,8 % Fett",1.21,open-prices
2026-08-30,Netto,4316268694629,BioBio Geflügel Wiener,3.99,open-prices
2026-08-30,Netto,4316268695558,Mondo Italiano Passierte Tomaten,0.65,open-prices
2026-08-30,Netto,4316268695589,HOFMAIER Prosciutto Cotto,1.79,open-prices
2026-08-30,Netto,4316268697132,"Markttag Rote Zwiebeln, Kl. II",1.0,open-prices
2026-08-30,Netto,4316268697262,Beste Ernte Apfelmus fein püriert,0.99,open-prices
2026-08-30,Netto,4316268697835,vegola Rapsöl,1.49,open-prices
2026-08-30,Netto,4316268698160,Clarkys Cashews & Erdnüsse Honig & Salz,1.99,open-prices
2026-08-30,Netto,4316268698177,Clarkys Cashews & Erdnüsse Hot Chili,1.99,open-prices
2026-08-30,Netto,4316268698191,Clarkys Erdnüsse geröstet,2.29,open-prices
2026-08-30,Netto,4316268698481,BioBio Möhren,1.79,open-prices
2026-08-30,Netto,4316268698542,ProLife Vitamin B12 Kur,4.99,open-prices
2026-08-30,Netto,4316268698825,"Gutes Land Frische fettarme Milch, 1,5 % Fett",0.68,open-prices
2026-08-30,Netto,4316268698849,Gutes Land Frische Vollmilch,0.95,open-prices
2026-08-30,Netto,4316268699075,Netto MD Schloss Export,0.55,open-prices
2026-08-30,Netto,4316268701327,Gutes Land Buttermilch Dessert Zitrone Limette,0.59,open-prices
2026-08-30,Netto,4316268701358,Gutes Land Buttermilchdessert Rhabarber,0.59,open-prices
2026-08-30,Netto,4316268701693,Mondo Italiano Parmigiano Reggiano 24 Monate,4.99,open-prices
2026-08-30,Netto,4316268701709,Mondo Italiano Grana Padano 16 Monate,4.29,open-prices
2026-08-30,Netto,4316268702102,Mondo Italiano Original italienisches Tiramisu,2.99,open-prices
2026-08-30,Netto,4316268702706,Kornmühle Cornflakes,1.59,open-prices
2026-08-30,Netto,4316268703772,Kornmühle Tortilla Wraps,1.29,open-prices
2026-08-30,Netto,4316268704236,Pure & Basic Flüssigseife sanft & sensitive Nachfüllbeutel,0.99,open-prices
2026-08-30,Netto,4316268705660,BioBio Mandeldrink ungesüßt,1.35,open-prices
2026-08-30,Netto,4316268705707,Mondo Italiano Orecchio Blätterteiggebäck,1.99,open-prices
2026-08-30,Netto,4316268706490,BioBio Tomaten/Tetrapack passierte,0.69,open-prices
2026-08-30,Netto,4316268707237,Biscoteria Schokowaffelröllchen Vollmilch,1.79,open-prices
2026-08-30,Netto,4316268708289,Hofmaier Hähnchenfleisch in eigenem Saft,3.29,open-prices
2026-08-30,Netto,4316268708302,Hofmaier Schweine-Fleisch im eigenen Saft,2.99,open-prices
2026-08-30,Netto,4316268708654,ProLife Omega-3-Kapseln,4.99,open-prices
2026-08-30,Netto,4316268708753,Mondo Italiano Steinofenpizza Speciale,3.49,open-prices
2026-08-30,Netto,4316268708944,Biscoteria Feine Gebäck-Mischung,2.89,open-prices
2026-08-30,Netto,4316268709453,"Netto No Milk pflanzlich 3,5% Fett",0.95,open-prices
2026-08-30,Netto,4316268710817,ProLife Omega-3-Kapseln,4.99,open-prices
2026-08-30,Netto,4316268711340,Biscoteria Feine Waffeln,2.89,open-prices
2026-08-30,Netto,4316268711678,Mondo Italiano Nudelsauce Basilikum,1.45,open-prices
2026-08-30,Netto,4316268711685,Mondo Italiano Nudelsauce Kräuter All'italiana,1.45,open-prices
2026-08-30,Netto,4316268711753,Ohio Cream Cookies,0.99,open-prices
2026-08-30,Netto,4316268711968,Mondo Italiana Spaghettini,1.39,open-prices
2026-08-30,Netto,4316268712354,Mondo Italiano Mozzarella Shredded,1.79,open-prices
2026-08-30,Netto,4316268712521,Korn Mühle Knäckebrot Sesam,1.29,open-prices
2026-08-30,Netto,4316268712996,"Sahnejoghurt Pur griech. Art, Gutes Land, Netto",2.19,open-prices
2026-08-30,Netto,4316268713009,Yogos 2% Joghurt Pur Gutes Land,2.19,open-prices
2026-08-30,Netto,4316268713023,Gutes Land Joghurt mild Pfirsich Maracuja,2.49,open-prices
2026-08-30,Netto,4316268713030,Gutes Land Joghurt mild Stracciatella,2.49,open-prices
2026-08-30,Netto,4316268713399,Gutes Land Emmentaler nussig + mild,2.29,open-prices
2026-08-30,Netto,4316268713481,Clarkys Mix To Go Cashew,1.49,open-prices
2026-08-30,Netto,4316268713498,"Clarkys Mix To Go - Mandeln, Haselnuss- & Walnuss-Kerne, Rosinen",1.49,open-prices
2026-08-30,Netto,4316268714112,Hofmaier Hähnchenbrust,1.89,open-prices
2026-08-30,Netto,4316268714150,Sea Gold Ofen Backfisch,1.79,open-prices
2026-08-30,Netto,4316268714747,Gutes Land Maasdamer 45% Fett i.Tr.,2.39,open-prices
2026-08-30,Netto,4316268715058,American Style Chocolate Chips Cookies,1.17,open-prices
2026-08-30,Netto,4316268715959,Beste Ernte Sauerkirschen,1.99,open-prices
2026-08-30,Netto,4316268715997,Clarkys Cashew Kerne,2.89,open-prices
2026-08-30,Netto,4316268716499,Gutes Land Emmentaler am Stück,3.49,open-prices
2026-08-30,Netto,4316268716505,"Mondo Italiano Mozzarella in Salzlake, 45% Fett i.Tr.",0.85,open-prices
2026-08-30,Netto,4316268716628,Schokoliebe Rafiore,1.99,open-prices
2026-08-30,Netto,4316268717861,Mondo Italiano Mozzarella schnittfest gerieben,1.59,open-prices
2026-08-30,Netto,4316268718011,BioBio Haferdrink Naturell,0.9,open-prices
2026-08-30,Netto,4316268718219,Biscoteria Milchbrötchen,1.89,open-prices
2026-08-30,Netto,4316268718509,Hofmaier Salami im Pfeffermantel mild geräuchert,1.49,open-prices
2026-08-30,Netto,4316268719261,Clarkys Nuss-Mix geröstet & gesalzen,1.39,open-prices
2026-08-30,Netto,4316268719858,Wonder Cream Salat-Mayonnaise,1.69,open-prices
2026-08-30,Netto,4316268720335,Biscoteria Marmor Kuchen,1.69,open-prices
2026-08-30,Netto,4316268720342,Biscoteria Stracciatella Kuchen,1.69,open-prices
2026-08-30,Netto,4316268721080,Beste Ernte Waldheidelbeeren,2.29,open-prices
2026-08-30,Netto,4316268721264,Schokoliebe Nusszeit - Zartbitter-Schokolade mit ganzen Haselnüssen,1.29,open-prices
2026-08-30,Netto,4316268721776,Netto MD Edel-Bitter Schokolade 74%,1.89,open-prices
2026-08-30,Netto,4316268722414,"Clarky's Trockenpflaumen, sonnengereift",1.83,open-prices
2026-08-30,Netto,4316268722452,American Style Erdnuss Creme Creamy,1.7,open-prices
2026-08-30,Netto,4316268722469,American Style Erdnuss Creme Crunchy,1.7,open-prices
2026-08-30,Netto,4316268722605,Beste Ernte Apfelkompott,0.99,open-prices
2026-08-30,Netto,4316268723367,Clarkys Stapelchips Original,1.49,open-prices
2026-08-30,Netto,4316268723749,Lieblings Schottischer Räucherlachs in Scheiben,2.79,open-prices
2026-08-30,Netto,4316268723909,Kornmühle Haferbrot,1.75,open-prices
2026-08-30,Netto,4316268724531,BioBio Thüringer Rostbratwurst,4.04,open-prices
2026-08-30,Netto,4316268724791,KornMühle Haferflocken extra zart,1.19,open-prices
2026-08-30,Netto,4316268725767,Biscoteria Jaffa cakes orange,1.99,open-prices
2026-08-30,Netto,4316268725941,vehappy Sojajogurt ungesüßt,0.99,open-prices
2026-08-30,Netto,4316268726054,Kornmühle Choco Chips,2.49,open-prices
2026-08-30,Netto,4316268726078,Korn Mühle Nougatbits,2.79,open-prices
2026-08-30,Netto,4316268727044,"BioBio Leinsamen, geschrotet",1.55,open-prices
2026-08-30,Netto,4316268727143,netto GUTES Land Skyr,0.99,open-prices
2026-08-30,Netto,4316268728195,Kornmühle Kaiserbrötchen,0.79,open-prices
2026-08-30,Netto,4316268728300,Kornmühle Rustikales Dinkelbrot,1.89,open-prices
2026-08-30,Netto,4316268730082,GUTES Land Sahne Joghurt Pur nach griechischer Art,1.89,open-prices
2026-08-30,Netto,4316268733656,Gutes Land Frischkäse Kräuter,1.59,open-prices
2026-08-30,Netto,4316268735384,BioBio Bio-Knoblauch,1.0,open-prices
2026-08-30,Netto,4316268738446,Netto Bag,1.99,open-prices
2026-08-30,Netto,4316268740227,Lieblings Chocoluv Macadamia meets Sea Salt,2.99,open-prices
2026-08-30,Netto,4316268740289,Lieblings Chocoluv Peanut Loves Caramel,2.99,open-prices
2026-08-30,Netto,4316268740531,"Gutes Land Joghurt mild 3,5% Fett",0.89,open-prices
2026-08-30,Netto,4316268741125,Gutes Land Emmentaler in Scheiben cremig-mild XXL,4.44,open-prices
2026-08-30,Netto,4316268741286,"Sea Gold Regenbogenforellenfilets, heiß geräuchert, ohne Haut",2.49,open-prices
2026-08-30,Netto,4316268743341,Schokoliebe Alpenvollmilch,0.79,open-prices
2026-08-30,Netto,4316268743365,Schokoliebe Alpenmilch Nuss,0.79,open-prices
2026-08-30,Netto,4316268744959,Genusswelt Geflügelsalat,1.69,open-prices
2026-08-30,Netto,4316268875165,Clarkys Salz-Gebäckstangen | mit Butter verfeinert,1.49,open-prices
2026-08-30,REWE,4316734091693,Lee Kum Kee Austernsauce,2.89,open-prices
2026-08-30,REWE,4316734092072,"Lee Kum Kee Sojasauce, hell",3.99,open-prices
2026-08-30,Kaufland,4316734115993,"K-Classic Asia Wasabi-Paste, japanische Art",1.29,open-prices
2026-08-30,Lidl,4335619009394,"Lidl High Protein Grießpudding, Pur",1.69,open-prices
2026-08-30,Lidl,4335619009417,Lidl High Protein Schoko Grießpudding,1.69,open-prices
2026-08-30,Lidl,4335619012028,Ceralia Getreideprodukte Dinkel Hafer Müsli Früchte-Feige,2.75,open-prices
2026-08-30,Lidl,4335619012035,Ceralia Getreideprodukte Dinkel Hafer Müsli - Schoko,2.75,open-prices
2026-08-30,Lidl,4335619016422,Salumeo Tyrolini saporiti,1.99,open-prices
2026-08-30,Lidl,4335619016439,Dulano Tyrolini scharf,1.99,open-prices
2026-08-30,Lidl,4335619020658,Dulano Delikatess Filetroulade Hähnchen,2.29,open-prices
2026-08-30,Lidl,4335619021280,Sweet Corner Fruchtgummi,4.29,open-prices
2026-08-30,Lidl,4335619023383,BiancoForno Blätterteigherzen Kakao,1.99,open-prices
2026-08-30,Lidl,4335619030671,Chef select Vegane Bowl Dinkelweizen Champignons,2.29,open-prices
2026-08-30,Lidl,4335619036468,Chef Select Vegane Bowl Gartengemüse Gnocchi,2.29,open-prices
2026-08-30,Lidl,4335619036994,Maribel Bio Erdnussmus,1.85,open-prices
2026-08-30,Lidl,4335619037007,Maribel Bio Erdnussmus Crunchy,1.85,open-prices
2026-08-30,Lidl,4335619045651,Aachener Zucker und Backwaren Paul Schaeffer Bio Hafer Cookies 25% Vollmilchschokolade 30% Haferflocken,2.19,open-prices
2026-08-30,Lidl,4335619063006,Vemondo Veganer Aufschnitt Mortadella-Art,1.29,open-prices
2026-08-30,Lidl,4335619069053,Freeway Hydrate¹⁰,0.99,open-prices
2026-08-30,Lidl,4335619082960,Sondey Prinzen Rolle - Doppelkekse,1.79,open-prices
2026-08-30,Lidl,4335619091610,McEnnedy Peanut Butter Smooth,2.79,open-prices
2026-08-30,Lidl,4335619100947,Fin Carré Cashew-Kracher Salz Alpenvollmilch,1.19,open-prices
2026-08-30,Lidl,4335619104464,Crownfield Peanut-Choco Bits,2.49,open-prices
2026-08-30,Lidl,4335619129856,SPORTYFEEL CLEAR WHEY DRINK Pfirsich Eistee Geschmack,1.95,open-prices
2026-08-30,Lidl,4335619130838,Vemondo Vegane Caramel & Sea Salt,0.85,open-prices
2026-08-30,Lidl,4335619132665,Chef Select Hähnchenbrust Streifen,2.39,open-prices
2026-08-30,Lidl,4335619133990,Kania Kit Ramen Curry,1.99,open-prices
2026-08-30,Lidl,4335619135031,Dulano Geflügel Lyoner Paprika,0.89,open-prices
2026-08-30,Lidl,4335619148413,Crownfield Knusper Haselnuss Hafer-Müsli Choviva,2.59,open-prices
2026-08-30,Lidl,4335619149540,Vemondo High Protein Pudding Caramel Flavour,0.99,open-prices
2026-08-30,Lidl,4335619149557,Vemondo High Protein Pudding Hazelnut-Chocolste Flavour,0.99,open-prices
2026-08-30,Lidl,4335619149564,Vemondo High Protein Pudding Schoko,0.99,open-prices
2026-08-30,Lidl,4335619151185,Milbona High Protein Quark Creme Vanille,1.79,open-prices
2026-08-30,Lidl,4335619151208,Milbona High Protein Quark-Creme Erdbeere,1.79,open-prices
2026-08-30,Lidl,4335619151215,Milbona High Protein Quark-Creme Pfirsich-Maracuja,1.79,open-prices
2026-08-30,Lidl,4335619191921,Fischerstolz Kabeljau Rückenfiletportionen Ohne Haut,5.49,open-prices
2026-08-30,Lidl,4335619198982,Deluxe Belgische Pralinen Klassich,4.99,open-prices
2026-08-30,Lidl,4335619199323,Sondey Lütticher Zuckerwaffeln mit Kakaohaltiger Fettglasur,2.49,open-prices
2026-08-30,Lidl,4335619201552,Vermondo High Protein Plant Power Vanille,0.99,open-prices
2026-08-30,Lidl,4335619201569,Vemondo High Protein Plant Powered Heidelbeere,0.99,open-prices
2026-08-30,Lidl,4335619202740,GRÄFSCHAFTER Bio Das Pure,1.75,open-prices
2026-08-30,Lidl,4335619202757,Gerstengraf BiO DAS PURE,1.85,open-prices
2026-08-30,Lidl,4335619223653,Milbona Fettarmer Kefir mild,0.99,open-prices
2026-08-30,Lidl,4335619239814,Deluxe Lidl Cashew Nuts Caramel,2.49,open-prices
2026-08-30,Lidl,4335619295070,Vemondo Falafel XXL,1.79,open-prices
2026-08-30,Lidl,4335619295667,SPORTWELL CRUNCHY PROTEIN BAR,1.19,open-prices
2026-08-30,Lidl,4335619318090,Lidl Choco Duo Himbeergeschmack,1.4,open-prices
2026-08-30,Lidl,4335619318618,Dulano Hähnchenbrust mit Curry,1.59,open-prices
2026-08-30,Lidl,4335619320031,Bioland Knusprige Haferpops,2.45,open-prices
2026-08-30,Lidl,4335619326620,Papiertragetasche 30l,0.25,open-prices
2026-08-30,Lidl,4335619343818,Bon Gelati Eis Mandel 8x XXL,3.45,open-prices
2026-08-30,Lidl,4335619343870,Milbona Skyr Natur,1.29,open-prices
2026-08-30,Lidl,4335619353992,Milbona SKYR NATUR,2.49,open-prices
2026-08-30,Lidl,4335619362833,VEMONDO Vegane Snack Frikadellen,1.99,open-prices
2026-08-30,Lidl,4335619379930,Deluxe Pistazien drink,1.79,open-prices
2026-08-30,Lidl,4335619379961,Deluxe Macadamia drink,1.79,open-prices
2026-08-30,Lidl,4335619382169,Chef Select CHANA MASALA,3.49,open-prices
2026-08-30,Lidl,4335619382176,Chef Select HIGH PROTEIN BOWL NACH BBQ ART,3.49,open-prices
2026-08-30,Lidl,4335619393288,Harzer Käse klassisch,1.99,open-prices
2026-08-30,Lidl,4335619441002,"Dulano Tiroler Speck g.g.A., Karreespeck",1.99,open-prices
2026-08-30,Kaufland,4335896332536,Toast-Brötchen Roggenmisch von K-Bio,0.95,open-prices
2026-08-30,Kaufland,4337185075827,Kaufland Gyros reispfanne,3.49,open-prices
2026-08-30,Kaufland,4337185170270,Hügli Nahrungsmittel GmbH Gemüsebrühe Kaufland Bio,1.39,open-prices
2026-08-30,Kaufland,4337185228445,K-Classic il meglio,1.99,open-prices
2026-08-30,Kaufland,4337185302343,K-Classic Rostbratwurst,3.79,open-prices
2026-08-30,Kaufland,4337185401305,K CLASSIC Eier aus Bodenhaltung,2.49,open-prices
2026-08-30,Kaufland,4337185401336,K-CLASSIC Freilauf Haltung Eier,2.39,open-prices
2026-08-30,Kaufland,4337185402210,Stephans Bräu Hefe-Weißbier,0.65,open-prices
2026-08-30,Kaufland,4337185412882,Marktfrisch Miniromanasalat,1.29,open-prices
2026-08-30,Kaufland,4337185455551,K-Classic Frische Vollmilch,0.95,open-prices
2026-08-30,Kaufland,4337185459887,K-Classic Jasmin Reis,2.49,open-prices
2026-08-30,Kaufland,4337185465994,"K Classic Kaffeesahne, Kondensmilch",0.89,open-prices
2026-08-30,Kaufland,4337185467240,K-Classic Edel Alpen Sahne,1.79,open-prices
2026-08-30,Kaufland,4337185469428,Kaufland Favourites Premium Cornishons mit feiner Ktäuternote,0.99,open-prices
2026-08-30,Kaufland,4337185501937,K classic Vanillejoghurt mit Schoko Pearls,0.45,open-prices
2026-08-30,Kaufland,4337185509032,K-Classic Kräuter Frischkäse,1.69,open-prices
2026-08-30,Kaufland,4337185512575,K Classic Party Gurken,0.99,open-prices
2026-08-30,Kaufland,4337185518720,K-Classic Joghurt mild,2.49,open-prices
2026-08-30,Kaufland,4337185521447,K-Classic Mango,1.99,open-prices
2026-08-30,Kaufland,4337185541070,K-Classic Bihun-Suppe,1.29,open-prices
2026-08-30,Kaufland,4337185541094,K-Classic Thaisuppe,1.29,open-prices
2026-08-30,Kaufland,4337185574368,Kaufland Paprika Süß-scharf,1.59,open-prices
2026-08-30,Kaufland,4337185593321,K-Classic Nougat Pockets,2.79,open-prices
2026-08-30,Kaufland,4337185610028,Linella Kartoffeln,2.99,open-prices
2026-08-30,Kaufland,4337185611964,K-Classic Bami Goreng,3.49,open-prices
2026-08-30,Kaufland,4337185611995,K-Classic Herzhafte Spätzlepfanne,3.49,open-prices
2026-08-30,Kaufland,4337185615054,K-Classic Gyrosreispfanne,3.69,open-prices
2026-08-30,Kaufland,4337185634543,PurLand Händchenbrustfiletteilstück,5.29,open-prices
2026-08-30,Kaufland,4337185654039,K-Bio milchreis,1.55,open-prices
2026-08-30,Kaufland,4337185654541,K-Classic Ziegenfrischkäse natur,2.25,open-prices
2026-08-30,Kaufland,4337185661525,Fertigessen Tagliatelle Kräuterrahm-Champignon,2.99,open-prices
2026-08-30,Kaufland,4337185664168,K-Classic Vollmilchschokolade Crispies,0.79,open-prices
2026-08-30,Kaufland,4337185667176,K-Classic Penne Gorgonzola,2.99,open-prices
2026-08-30,Kaufland,4337185732171,K-Classic Ziegenkäse am Stück,4.29,open-prices
2026-08-30,Kaufland,4337185732188,K-Classic Ziegenkäse in Scheiben,2.49,open-prices
2026-08-30,Kaufland,4337185738265,K-Favourites Langkorn-Wildreis-Mischung,1.99,open-prices
2026-08-30,Kaufland,4337185755378,Kaufland Selleriescheiben,1.59,open-prices
2026-08-30,Kaufland,4337185755408,K-Classic bohnensalat,1.19,open-prices
2026-08-30,Kaufland,4337185756856,K-Classic Blumenkohlsalat,1.59,open-prices
2026-08-30,Kaufland,4337185785498,K-Classic Nasi Goreng,3.69,open-prices
2026-08-30,Kaufland,4337185785511,Kaufland Paella,3.69,open-prices
2026-08-30,Kaufland,4337185827594,K-Classic Erdbeeren,3.29,open-prices
2026-08-30,Kaufland,4337185852602,Kaufland Tortiglioni alle arrabbiata,2.99,open-prices
2026-08-30,Kaufland,4337185852626,K-classic Penne Gemüse,2.99,open-prices
2026-08-30,Kaufland,4337185853616,"K-Classic Soft Datteln, getrocknet & entsteint",1.8,open-prices
2026-08-30,Kaufland,4337185876646,K-Classic Hähnchen Tikka Masala,3.69,open-prices
2026-08-30,Kaufland,4337185886898,Kaufland Frikadellen-Pfanne,2.99,open-prices
2026-08-30,Kaufland,4337185888205,K-Classic Fettarmer Kefir mild,0.79,open-prices
2026-08-30,Kaufland,4337185890048,Purland Hähnchen Brust in Puszta-Marinade,4.4,open-prices
2026-08-30,REWE,4337256004008,REWE Bio Fusilli Nudeln aus Bio-Hartweizengrieß,0.85,open-prices
2026-08-30,REWE,4337256010931,REWE Bio Bio Sonnenblumenkernbrot,2.39,open-prices
2025-06-02,Nahkauf,4337256027533,Basmatireis,2.99,open-prices
2026-08-30,Nahkauf,4337256027533,ja! Basmatireis,2.99,open-prices
2025-11-24,REWE,4337256027533,Basmatireis,2.99,open-prices
2026-08-30,REWE,4337256027533,ja! Basmatireis,2.99,open-prices
2026-08-30,REWE,4337256044363,REWE Beste Wahl Weinblätter gefüllt mit Reis,1.69,open-prices
2026-08-30,REWE,4337256058162,"Wilhelm Brandenburg Delikatess Salami, fettreduziert",1.99,open-prices
2026-08-30,REWE,4337256067508,Rewe Beste Wahl Frische Eier,3.29,open-prices
2026-08-30,REWE,4337256068963,REWE Marzipan,1.89,open-prices
2026-08-30,REWE,4337256071802,REWE Beste Wahl Rewe milder roter Multi,1.89,open-prices
2026-08-30,REWE,4337256080347,REWE Bio Speisequark Magerstufe,0.99,open-prices
2026-08-30,REWE,4337256089104,ja! Rinderhackfleisch,6.49,open-prices
2026-08-30,Nahkauf,4337256092135,Rewe Himbeere Getränkesirup,1.89,open-prices
2026-08-30,REWE,4337256095174,REWE Bio Vegane Remoulade,1.99,open-prices
2026-08-30,REWE,4337256099097,REWE frei von Burger Brötchen glutenfrei,2.19,open-prices
2026-08-30,Nahkauf,4337256103503,REWE Beste Wahl Hähnchen-Pfanne m. Farfalle 4337256103503,3.79,open-prices
2026-08-30,REWE,4337256109130,Rewe Bio Brot aus Roggenvollkorn,2.19,open-prices
2026-08-30,REWE,4337256111928,REWE Bio Kürbiskern Brötchen,2.89,open-prices
2026-08-30,REWE,4337256112260,Rewe Beeren Müsli,2.79,open-prices
2026-08-30,REWE,4337256112925,REWE Bio Körniger Frischkäse,1.49,open-prices
2026-08-30,REWE,4337256114837,REWE Bio Weizenmehl Type 550,0.85,open-prices
2026-08-30,REWE,4337256119818,REWE Beste Wahl Röstzwiebeln,1.19,open-prices
2026-08-30,REWE,4337256125666,Rewe Bio Dinkel Doppelkeks,1.95,open-prices
2026-08-30,Netto,4337256130561,REWE to go Guacamole würzig,1.8,open-prices
2026-08-30,REWE,4337256135030,Rewe Oster Häschen,1.99,open-prices
2026-08-30,REWE,4337256145145,REWE Bio Apfel-Brombeer-Himbeermark,1.55,open-prices
2026-08-30,REWE,4337256151092,Rewe Bio Aceto Balsamico di modena,2.49,open-prices
2026-08-30,REWE,4337256151528,Rewe beste Wahl Teriyaki Sauce,1.49,open-prices
2026-08-30,REWE,4337256154970,Rewe Bio Essig Condimento Bianco,2.49,open-prices
2026-08-30,REWE,4337256165082,REWE Regional Reibekuchen,3.49,open-prices
2026-08-30,Nahkauf,4337256176484,Prima Menü Vertriebs GmbH &Co. KG Makkaroni Auflauf,1.99,open-prices
2026-08-30,REWE,4337256176835,REWE Bio Schaf Joghurt,0.89,open-prices
2026-08-30,REWE,4337256179447,Rewe Bio Kichererbsen,0.59,open-prices
2026-08-30,REWE,4337256182324,ja! Butter Toast,0.79,open-prices
2026-08-30,REWE,4337256184953,ja! Vollkorn Toast,0.79,open-prices
2026-08-30,REWE,4337256185226,Rewe Honig BBQ sauce,1.39,open-prices
2026-08-30,REWE,4337256187282,ja! Hähnchen Mini Schnitzel,3.99,open-prices
2026-08-30,REWE,4337256187732,REWE Frühstücks Brötchen,0.69,open-prices
2026-08-30,REWE,4337256188814,Rewe Bio Bio Tomaten-Ketchup,2.29,open-prices
2026-08-30,Nahkauf,4337256197373,Rewe Lasagne Bolognese,1.89,open-prices
2026-08-30,REWE,4337256202817,ja! Brot Weizen Vollkorn Sandwich,1.09,open-prices
2026-08-30,REWE,4337256205580,Ja Grüne Oliven,1.29,open-prices
2026-08-30,REWE,4337256206655,Hamker Sauce - Chipotle Chili Sauce,1.39,open-prices
2026-08-30,REWE,4337256210843,Rewe Geflügel Bratwurst,2.79,open-prices
2026-08-30,REWE,4337256212359,ja! Thunfisch (in Saft),1.29,open-prices
2026-08-30,REWE,4337256213363,ja! Westfälischer Pumpernickel,1.49,open-prices
2026-08-30,REWE,4337256223041,Rewe Bio Pumpernickel,1.09,open-prices
2026-08-30,REWE,4337256223409,REWE Beste Wahl Paprika edelsüß gemahlen,1.99,open-prices
2026-08-30,REWE,4337256229098,GÜVEN Brot Backwaren Fladenbrot in Steinofen gebacken,1.17,open-prices
2026-08-30,REWE,4337256231381,REWE Feine Welt Tiroler Bergkäse,3.99,open-prices
2026-08-30,REWE,4337256232197,REWE Backhefe,1.59,open-prices
2026-08-30,REWE,4337256232210,Rewe Vanille und Schokolade Hörnchen,1.99,open-prices
2026-08-30,REWE,4337256241519,Rewe Pistazien Eiscreme,2.99,open-prices
2026-08-30,REWE,4337256243803,Eisbär Eis Eiscreme Bourbon Vanille,2.99,open-prices
2026-08-30,Nahkauf,4337256247771,Rewe Pizza Set Backfertiger Pizzateig mit Tomatensauce,1.99,open-prices
2026-08-30,REWE,4337256248105,REWE Beste Wahl Apfel Birnen Saft naturtrüb,1.89,open-prices
2026-08-30,Nahkauf,4337256250122,REWE Bio +vegan Räucher-Tofu,2.19,open-prices
2026-08-30,REWE,4337256254229,ja! Dino & Friends,3.29,open-prices
2026-08-30,REWE,4337256256551,ja! Tortillachips mit Salz,1.49,open-prices
2026-08-30,REWE,4337256268202,Ja! Gelee Bananen,1.79,open-prices
2026-08-30,REWE,4337256269377,REWE Beste Wahl weißweinessig,1.99,open-prices
2026-08-30,Nahkauf,4337256269551,Rewe Gemüse - Mais Super-Sweet Gemüsemais,0.99,open-prices
2026-08-30,REWE,4337256280013,"Ja! Vollmilch, 3,5% Fett",0.95,open-prices
2026-08-30,Nahkauf,4337256280631,Rewe Sonnenmais,0.99,open-prices
2026-08-30,REWE,4337256281652,Rewe Sac de course,1.0,open-prices
2026-08-30,HIT,4337256287807,ja Apfelrotkohl,1.19,open-prices
2026-08-30,Nahkauf,4337256295208,Ja! Chicken Bombay Stlye Wrap,1.99,open-prices
2026-08-30,Nahkauf,4337256295260,Ja! Cookies,1.49,open-prices
2026-08-30,REWE,4337256299954,Ja! Lütticher Zuckerwaffeln,2.49,open-prices
2026-08-30,REWE,4337256302302,Butcher's Burger Rindfleisch Burger Patties,2.79,open-prices
2026-08-30,REWE,4337256311823,REWE Feine Welt Burrata,1.49,open-prices
2026-08-30,HIT,4337256316132,Ja! Müllbeutel Bio Kompost Beutel,1.55,open-prices
2026-08-30,REWE,4337256318327,Rewe Fischstäbchen,2.99,open-prices
2026-08-30,REWE,4337256321280,REWE Bio Apfel-Mangomark,1.15,open-prices
2026-08-30,REWE,4337256337212,Ja! Nudelsalat Farfalle Hähnchen,1.99,open-prices
2026-08-30,REWE,4337256337229,REWE Beste Wahl Joghurt fettarm,1.79,open-prices
2026-08-30,REWE,4337256339896,Menü-Variant Penne Gorgonzola mit feinem Blattspinat,2.99,open-prices
2026-08-30,REWE,4337256340243,Rewe Joghurt mild,1.79,open-prices
2026-08-30,REWE,4337256345729,REWE Feine Welt Feta Lesbos,2.89,open-prices
2026-08-30,REWE,4337256349024,ja! Deutsche Markenbutter mild gesäuert,1.99,open-prices
2026-08-30,REWE,4337256352413,ja! Tomaten geschält,1.15,open-prices
2026-08-30,REWE,4337256353014,REWE Bio Tomaten in Stücken,0.65,open-prices
2026-08-30,REWE,4337256354158,REWE Beste Wahl Gegrillte Artischockenviertel in Sonnenblumenöl mit Kräutern,2.39,open-prices
2026-08-30,REWE,4337256356664,Rewe Bio Tomaten in Stücken,0.65,open-prices
2026-08-30,REWE,4337256357661,ja! Tomaten geschält,1.19,open-prices
2026-08-30,REWE,4337256363235,ja! Hartweizen-Griess,0.69,open-prices
2026-08-30,REWE,4337256364348,REWE Tomatenketchup,1.29,open-prices
2026-08-30,REWE,4337256366588,REWE Beste Wahl Artischocken Herzen in Öl,2.89,open-prices
2026-08-30,REWE,4337256371520,DE-VAU-GE Knusper Müsli Weniger süß,2.49,open-prices
2026-08-30,REWE,4337256375832,REWE Feine Welt Schokoladen Eiscreme,2.99,open-prices
2026-08-30,REWE,4337256379090,REWE Bio Speisequarkzubereitung Magerstufe,1.19,open-prices
2026-08-30,REWE,4337256379458,REWE Bio Skyr Natur,1.45,open-prices
2026-08-30,REWE,4337256379519,REWE Bio Dinkel gepufft mit Honig gesüßt,1.79,open-prices
2026-08-30,REWE,4337256380737,Milchfrischprodukte SBA GmbH Schlagsahne 30 % (Bio),1.19,open-prices
2026-08-30,REWE,4337256382304,ja! Typ Cappuccino - weniger süß im Geschmack,2.29,open-prices
2026-08-30,REWE,4337256382564,REWE Beste Wahl High-Protein-Pudding - Schoko,0.89,open-prices
2026-08-30,Nahkauf,4337256386791,BULLIT Energy Drink Fruity Taste Berry Mix,0.79,open-prices
2026-08-30,Nahkauf,4337256387415,Rewe Bio Joghurt Erdbeer-Himbeer,0.4,open-prices
2026-08-30,REWE,4337256398169,"REWE Feine Welt Geräuchertes Lachsrückenfilet, mit Buchenholz geräuchert, von Hand gesalzen",4.59,open-prices
2026-08-30,REWE,4337256402682,ja! Kichererbsw,0.59,open-prices
2026-08-30,REWE,4337256405805,Ja! Weisse Bohnen mit Suppengrün,1.19,open-prices
2026-08-30,Nahkauf,4337256412872,"ja! Haferflocken, kernig",0.69,open-prices
2026-08-30,Nahkauf,4337256415965,ja! Zarte Haferflocken,0.79,open-prices
2026-08-30,REWE,4337256426695,REWE Delikatess Kochschinken,1.59,open-prices
2026-08-30,REWE,4337256427074,Rewe Bio olives mix,2.99,open-prices
2026-08-30,REWE,4337256427722,Rewe Bio Porridge Beere,2.99,open-prices
2026-08-30,REWE,4337256427760,ja! Chicken Nuggets gold-gelb paniert,3.99,open-prices
2026-08-30,REWE,4337256429160,ja! Hähnchen Filetsteaks,5.29,open-prices
2026-08-30,Nahkauf,4337256434829,Ja!REWE Mandeln Ganze Kerne,2.99,open-prices
2026-08-30,REWE,4337256447232,Rewe Bio-Eiweißbrot mit Erbsen,2.49,open-prices
2026-08-30,REWE,4337256447713,Ja! Cashewkerne naturell,2.39,open-prices
2026-08-30,REWE,4337256453776,REWE Bio Frischkäse,1.39,open-prices
2026-08-30,REWE,4337256454629,ja! Mozarella,0.85,open-prices
2026-08-30,REWE,4337256455862,Rewe Bio Süßrahmbutter,2.69,open-prices
2026-08-30,REWE,4337256456395,REWE to go Wakame Salat mit Mu-Err Pilzen,2.79,open-prices
2026-08-30,REWE,4337256456913,ja! Geriebener Mozzerella,1.79,open-prices
2026-08-30,REWE,4337256468442,ja! Joghurt nach griechischer Art Natur,1.39,open-prices
2026-08-30,REWE,4337256468473,REWE Beste Wahl Schoko Tröpfchen zartbitter,1.89,open-prices
2026-08-30,REWE,4337256473729,Ja! Мюсли бар шоколад,1.49,open-prices
2026-08-30,REWE,4337256475501,REWE Beste Wahl Erdnüsse geröstet & gesalzen,1.59,open-prices
2026-08-30,REWE,4337256479950,Ja! Müsli-Riegel Schokolade-Banane,1.49,open-prices
2026-08-30,REWE,4337256481519,Rewe To Go Lachs Salat,2.29,open-prices
2026-08-30,REWE,4337256486293,Ja! Müsli-Riegel Schokolade,1.49,open-prices
2026-08-30,REWE,4337256490245,Hähnchenbrust,5.99,open-prices
2026-08-30,REWE,4337256508179,Rewe beste Wahl Wildkräutersalat,1.49,open-prices
2026-08-30,REWE,4337256511155,Rewe Espresso,4.49,open-prices
2026-08-30,REWE,4337256512640,Ja! Sonntags Brötchen,1.29,open-prices
2026-08-30,REWE,4337256519298,Rewe Bio Camembert,1.99,open-prices
2026-08-30,REWE,4337256529822,REWE Bio Apfel-/Birnenmark,1.15,open-prices
2026-08-30,REWE,4337256533393,ja! Chicken Nuggets im Backteig,6.99,open-prices
2026-08-30,REWE,4337256534345,ja! Rosenkohl,0.89,open-prices
2026-08-30,REWE,4337256538596,REWE Bio Haferflocken,0.95,open-prices
2026-08-30,REWE,4337256546737,ja! Mehrkorn Toastbrötchen,0.99,open-prices
2026-08-30,REWE,4337256547918,ja! kidney bohne,1.29,open-prices
2025-06-02,Nahkauf,4337256548038,kidney bohnen,0.69,open-prices
2026-08-30,Nahkauf,4337256548038,Ja! kidney bohnen,0.69,open-prices
2024-03-15,REWE,4337256548038,kidney bohnen,0.79,open-prices
2026-08-30,REWE,4337256548038,Ja! kidney bohnen,0.79,open-prices
2026-08-30,REWE,4337256550154,Rewe Bio Natives Olivenöl Extra,6.99,open-prices
2026-08-30,REWE,4337256552554,REWE Beste Wahl Weizenmehl Type 405,0.79,open-prices
2026-08-30,REWE,4337256554688,ja! kalifornische Pistazien,3.49,open-prices
2026-08-30,REWE,4337256554978,Ja! Frischei Waffeln,1.49,open-prices
2026-08-30,REWE,4337256560191,Rewe Beste Wahl Räucherlachs,3.59,open-prices
2026-08-30,REWE,4337256560467,REWE Bio frische Weidemilch,1.35,open-prices
2026-08-30,Nahkauf,4337256565851,ja! Nudeln Spaghetti,0.79,open-prices
2026-08-30,REWE,4337256565905,"REWE Bio Weide-Milch 1,5% Fett",1.25,open-prices
2026-08-30,REWE,4337256566285,"Rewe Bio Weidemilch 1,5% Fett",1.25,open-prices
2026-08-30,REWE,4337256566742,Rewe Bio Sesam,2.69,open-prices
2026-08-30,REWE,4337256572200,Rewe Bio Mezze Penne,0.85,open-prices
2026-08-30,REWE,4337256584685,ja! Mandarin-Orangen,0.99,open-prices
2026-08-30,Nahkauf,4337256588782,ReweBio Linguine (Nudeln),0.85,open-prices
2026-08-30,REWE,4337256595148,ja! Heringsfilet in Tomatencreme,1.29,open-prices
2026-08-30,Nahkauf,4337256596411,Ja! Brie,1.99,open-prices
2026-08-30,REWE,4337256601887,REWE Bio Blütenhonig (flüssig),2.55,open-prices
2026-08-30,REWE,4337256622813,REWE Bio Bananenchips,2.49,open-prices
2026-08-30,HIT,4337256625784,ja! Natives Olivenöl Extra,8.99,open-prices
2026-08-30,REWE,4337256628105,Rewe frei von Helles Brot,2.49,open-prices
2026-08-30,REWE,4337256638432,REWE Basmatireis,3.79,open-prices
2026-08-30,REWE,4337256643214,REWE Bio Das Pure,1.75,open-prices
2026-08-30,REWE,4337256645829,REWE Beste Wahl High Protein Pudding Pistazien,0.89,open-prices
2026-08-30,REWE,4337256646482,REWE Bio Cashewkerne Salz & Pfeffer geröstet,2.69,open-prices
2026-08-30,REWE,4337256646918,Rewe Bio Fruchtschnitte Cranberry Maracuja,2.89,open-prices
2026-08-30,REWE,4337256647830,Ja Cornichons,1.29,open-prices
2026-08-30,REWE,4337256650854,REWE Kokosmilch fettreduziert,0.99,open-prices
2026-08-30,REWE,4337256654449,ja! Kokosmilch,0.99,open-prices
2026-08-30,REWE,4337256655330,Ja! KIRSCH GRÜTZE,2.19,open-prices
2026-08-30,REWE,4337256657570,Rewe Beste Wahl Tortellini Spinat,4.99,open-prices
2026-08-30,Nahkauf,4337256658263,ja! Mais,0.99,open-prices
2026-08-30,REWE,4337256660341,REWE Feine Welt Salsiccia classica,4.99,open-prices
2026-08-30,REWE,4337256665216,Rewe bio Feta,2.69,open-prices
2026-08-30,REWE,4337256665384,ja! Pfeffer,0.85,open-prices
2026-08-30,REWE,4337256666220,Ja! Weizenmehl Type 405,0.59,open-prices
2026-08-30,REWE,4337256670791,REWE Bio Vollkorn Baguette,2.39,open-prices
2026-08-30,REWE,4337256676274,Ja Raffinade Zucker,0.99,open-prices
2026-08-30,REWE,4337256677806,rewe beste wahl Tagliatelle,1.89,open-prices
2026-08-30,REWE,4337256678070,Ja! Dinkelmehl 630,1.09,open-prices
2026-08-30,REWE,4337256679978,Brotland Dinkel-Sandwich,1.19,open-prices
2026-08-30,REWE,4337256682008,"Ja! Müllbeutel, 25 Liter, mit Tragegriff",0.65,open-prices
2026-08-30,REWE,4337256689144,REWE Bio Vollkorn Brötchen,2.19,open-prices
2026-08-30,REWE,4337256690195,Rewe Beste Wahl Nuggets auf Basis von Pflanzenproteinen,2.29,open-prices
2026-08-30,REWE,4337256692038,Ja! Mayonaise,1.69,open-prices
2026-08-30,REWE,4337256706148,Rewe Beste Wahl Zwiebelbaguette,1.99,open-prices
2026-08-30,REWE,4337256709132,REWE Beste Wahl Milch Chocs Schokoladenbonbons,2.19,open-prices
2026-08-30,Nahkauf,4337256711111,ja! Sonnenblumen Margarine,1.49,open-prices
2026-08-30,REWE,4337256717861,Rewe Vollkorn Und Wildreis,1.79,open-prices
2026-08-30,REWE,4337256722131,Ja! Milky Sticks Vanille,1.49,open-prices
2026-08-30,REWE,4337256725033,REWE Beste Wahl High Protein Pudding Grieß Pur,0.69,open-prices
2026-08-30,REWE,4337256725446,Rewe beste Wahl Edamame,0.99,open-prices
2026-08-30,Nahkauf,4337256727051,Ja! Pflanzen Margarine,1.49,open-prices
2026-08-30,REWE,4337256737074,Butchers Barbecue BBQ Spare Ribs Greek Style,8.99,open-prices
2026-08-30,REWE,4337256743969,RBW Buttercroissants,3.79,open-prices
2026-08-30,REWE,4337256744232,Ja! Stapelchips Sour Cream & Onion Style,1.49,open-prices
2026-08-30,REWE,4337256750080,ja! Pesto Rosso,1.89,open-prices
2026-08-30,REWE,4337256752329,Rewe Beste Wahl Mie-Nudeln,0.89,open-prices
2026-08-30,REWE,4337256754569,"REWE Beste Wahl Exotischer Fruchtcocktail, leicht gezuckert",1.89,open-prices
2026-08-30,REWE,4337256754705,REWE Beste Wahl Dinkeltoastbrötchen,0.99,open-prices
2026-08-30,REWE,4337256754835,Ja! Studentenfutter,2.29,open-prices
2026-08-30,REWE,4337256755429,"ja! Bunte Eier, gekocht und gefärbt",2.99,open-prices
2026-08-30,REWE,4337256760485,Rewe Beste Wahl Linsen Chips,1.19,open-prices
2026-08-30,REWE,4337256764490,Ja! Toilettenpapier,2.65,open-prices
2026-08-30,REWE,4337256765183,Ja! Milchreis Schoko,0.39,open-prices
2026-08-30,REWE,4337256769167,Ja! Milchreis Zimt,0.39,open-prices
2026-08-30,REWE,4337256771702,Rewe Beste Wahl Pikante Guacamole,2.39,open-prices
2026-08-30,REWE,4337256772204,Ja! Zoma Dessert Schoko,0.35,open-prices
2026-08-30,REWE,4337256772488,REWE Beste Wahl Koriander,0.99,open-prices
2026-08-30,REWE,4337256773812,Rewe Kürbiskernbrot,2.19,open-prices
2026-08-30,REWE,4337256777872,ja! Körniger Frischkäse,1.19,open-prices
2026-08-30,REWE,4337256778831,Bayernland Körniger Frischkäse Halbfettstufe,1.19,open-prices
2026-08-30,REWE,4337256781510,"Rewe Bio Frische Weidemilch 1,5 %",1.25,open-prices
2026-08-30,REWE,4337256783132,Rewe Bio Haferflocken zart,0.85,open-prices
2026-08-30,REWE,4337256786393,REWE Beste Wahl Chalkidiki Oliven,1.99,open-prices
2026-08-30,REWE,4337256788779,REWE Bio ROTE LINSEN,1.65,open-prices
2026-08-30,REWE,4337256789288,Ja! Glasreiniger Ocean,0.95,open-prices
2026-08-30,Nahkauf,4337256791052,Ja Creamy Cookies,0.99,open-prices
2026-08-30,REWE,4337256794312,Ja! Fettarmer Kefir,0.89,open-prices
2026-08-30,REWE,4337256800372,REWE Beste Wahl Curry Reis,1.29,open-prices
2026-08-30,REWE,4337256801003,REWE Bio Kichererbsen,1.79,open-prices
2026-08-30,Nahkauf,4337256803083,Rewe Mandel Drink,1.79,open-prices
2026-08-30,REWE,4337256803458,REWE Marshmallows,1.79,open-prices
2026-08-30,REWE,4337256803854,REWE Beste Wahl Weinblätter Orientalischer Art,1.69,open-prices
2026-08-30,Nahkauf,4337256810067,Ja! Basmatireis,2.99,open-prices
2026-08-30,REWE,4337256810623,Ja! Milchreis Vanille,0.39,open-prices
2026-08-30,REWE,4337256819770,Rewe Bio Gewürzgurken,2.49,open-prices
2026-08-30,REWE,4337256823449,Butchers Angus XXL Irish Beef Burger Patties,8.88,open-prices
2026-08-30,REWE,4337256829854,Ja! Müsli-Riegel Erdnuss,1.49,open-prices
2026-08-30,Nahkauf,4337256830355,REWE Beste Wahl Kokosmilch,1.29,open-prices
2026-08-30,REWE,4337256833516,REWE to Go BBQ Mix,3.99,open-prices
2026-08-30,REWE,4337256835886,Ja! Harzer Käse klassisch,1.89,open-prices
2026-08-30,REWE,4337256836036,Ja! Kokosmilch,1.19,open-prices
2026-08-30,REWE,4337256838825,ja! Handkäse Mit Edelschimmel,1.89,open-prices
2026-08-30,REWE,4337256838917,REWE Beste Wahl Nussecken,2.49,open-prices
2026-08-30,REWE,4337256845038,REWE Bio Kakao,3.99,open-prices
2026-08-30,REWE,4337256849265,REWE Beste Wahl Mini Reiswaffeln Mit Fettcreme,1.19,open-prices
2026-08-30,Netto,4337256851312,Rewe Wrap Beef,2.29,open-prices
2026-08-30,REWE,4337256852050,REWE Beste Wahl Hirtensalat Oliven,2.29,open-prices
2026-08-30,REWE,4337256853026,REWE Bio Joghurt 0.1%,0.99,open-prices
2026-08-30,REWE,4337256857178,REWE Bio Sahne Joghurt Mild Nach griechischer Art,1.39,open-prices
2026-08-30,REWE,4337256861373,T. van der Plas Mungobohnenkeimlinge,1.29,open-prices
2026-08-30,REWE,4337256875769,Rewe Beste Wahl Mangostreifen,2.69,open-prices
2026-08-30,REWE,4337256892834,REWE Beste Wahl Eier,2.39,open-prices
2026-08-30,REWE,4337256894210,REWE Bio Finn Toastbrötchen,0.95,open-prices
2026-08-30,REWE,4337256896528,AF Deutschland Streichgut,2.59,open-prices
2026-08-30,REWE,4337256897006,REWE Bio Haferflocken,0.85,open-prices
2026-08-30,REWE,4337256898751,REWE Beste Wahl Weizenmehl Type 550,0.79,open-prices
2026-08-30,REWE,4337256902373,Rewe Bio Kerniges Steinofen Baguette,1.39,open-prices
2026-08-30,REWE,4337256902618,Rewe Pfirsiche Halbe Frucht in Traubensaft aus Traubensaftkonzentrat,1.99,open-prices
2026-08-30,REWE,4337256903837,Nutkao buna crema,2.79,open-prices
2026-08-30,REWE,4337256908122,Ja Gehackte Tomaten,0.59,open-prices
2026-08-30,Nahkauf,4337256910316,ja! Kidney Bohnen,0.69,open-prices
2026-08-30,REWE,4337256912426,Rewe Beste Wahl Pizzamehl Tipo 00,1.29,open-prices
2026-08-30,REWE,4337256924399,ja! Weiße Bohnen mit Suppengrün,1.19,open-prices
2026-08-30,REWE,4337256924412,ja! Pizza Margherita Mini,2.49,open-prices
2026-08-30,REWE,4337256929943,Ja Geröstete Mandeln,3.79,open-prices
2026-08-30,REWE,4337256937252,Ja! Nusskernmischung,2.99,open-prices
2026-08-30,REWE,4337256944588,ja! Körniger Frischkäse Leicht,1.19,open-prices
2026-08-30,REWE,4337256947237,Ja! Peanut Snack,1.89,open-prices
2026-08-30,REWE,4337256948067,Rewe Bio Kinder Pasta,0.99,open-prices
2026-08-30,REWE,4337256951630,Rewe Bio Fruchtschnitte Apfel,2.89,open-prices
2026-08-30,REWE,4337256955201,ja! Hähnchen Filetstreifen,2.99,open-prices
2026-08-30,REWE,4337256956475,ja! Kräuterquark leicht,0.65,open-prices
2026-08-30,REWE,4337256959407,REWE Bio +vegan Kokos Natur,1.45,open-prices
2026-08-30,REWE,4337256959544,REWE Beste Wahl Tomate-Rucola Aufstrich,1.89,open-prices
2026-08-30,REWE,4337256960656,Rewe Mandelkerne Honig Salz,2.19,open-prices
2026-08-30,REWE,4337256963657,REWE Bio Apfelchips,2.49,open-prices
2026-08-30,REWE,4337256982887,"Metzgerei Wilhelm Brandenburg Peitschen, Chili",3.29,open-prices
2026-08-30,REWE,4337256988674,REWE to go Yuriko Sushi,7.99,open-prices
2026-08-30,REWE,4337256988872,Ja! Cashewkern,2.89,open-prices
2026-08-30,REWE,4337256989558,Rewe Bio Edamame & Erbse Streichcreme,1.25,open-prices
2026-08-30,REWE,4337256990325,Ja! Quick Connect CO₂ Zylinder,5.99,open-prices
2026-08-30,REWE,4337256995788,Buss Fertiggerichte GmbH Erbseneintopf,2.89,open-prices
2026-08-30,REWE,4337256996235,REWE Beste Wahl Walnusskerne,2.99,open-prices
2026-08-30,REWE,4337256996686,REWE Beste Wahl Chili sin Carne,2.99,open-prices
2024-10-28,Nahkauf,4388810057657,Mineralwasser,0.29,open-prices
2026-08-30,Nahkauf,4388810057657,Rewe Mineralwasser,0.29,open-prices
2025-06-23,REWE,4388810057657,Mineralwasser,0.29,open-prices
2025-08-23,REWE,4388810057657,Mineralwasser,0.29,open-prices
2026-08-17,REWE,4388810057657,Mineralwasser,0.29,open-prices
2026-08-30,REWE,4388810057657,Rewe Mineralwasser,0.29,open-prices
2026-08-30,REWE,4388844019805,REWE Crema com „Aceto Balsamico di Modena I.G.P.“,2.69,open-prices
2026-08-30,REWE,4388844094109,REWE Regional Romana Salatherzen,1.89,open-prices
2026-08-30,REWE,4388844094697,Regionaler Eisbergsalat,0.65,open-prices
2026-08-30,REWE,4388844095120,REWE Regional Broccoli,1.49,open-prices
2026-08-30,REWE,4388844118102,REWE Beste Wahl REWE Paprika-Mix,1.49,open-prices
2026-08-30,REWE,4388844127722,"Frau Antje Pikantje Gouda Holland, aromatisch",2.99,open-prices
2026-08-30,REWE,4388844137394,Rewe Beste Wahl Orangen,2.22,open-prices
2026-08-30,REWE,4388844272163,Công ty TNHH MTV The Fruit Republic Cần Thơ Limetten,1.49,open-prices
2026-08-30,REWE,4388844286825,Rewe Platt-Nektarinen,2.49,open-prices
2026-08-30,REWE,4388844293755,REWE Bio Zitronen Bio,1.19,open-prices
2026-08-30,REWE,4388844300279,Rewe Feine Welt Wachteleier,2.99,open-prices
2026-08-30,REWE,4388860007831,REWE Bio Zucchini,1.89,open-prices
2026-08-30,REWE,4388860029512,Käse Rebellen Heublumenrebell,4.79,open-prices
2026-08-30,REWE,4388860083170,REWE Bio Braune Kultur Champignons,2.49,open-prices
2026-08-30,REWE,4388860190519,REWE Eier,2.99,open-prices
2026-08-30,REWE,4388860276848,Rewe Regional Champions braun,1.49,open-prices
2026-08-30,REWE,4388860379686,REWE Regional Chicorée,2.49,open-prices
2026-08-30,REWE,4388860409635,REWE Regional Möhren,1.89,open-prices
2026-08-30,REWE,4388860426892,ja! Hähnchenfilet Streifen,2.99,open-prices
2026-08-30,REWE,4388860477719,REWE Beste Wahl Speise-kartoffeln extra dick,2.49,open-prices
2026-08-30,REWE,4388860559743,REWE BESTE WAHL Eier,1.99,open-prices
2026-08-30,REWE,4388860678222,REWE Beste Wahl Orangensaft Direktsaft,2.45,open-prices
2024-03-01,ALDI,44000271,Nougat Classic,2.69,open-prices
2024-04-15,ALDI,44000271,Nougat Classic,2.69,open-prices
2024-05-14,ALDI,44000271,Nougat Classic,2.69,open-prices
2026-08-30,ALDI,44000271,Viba Nougat Classic,2.69,open-prices
2024-01-26,Netto,44000271,Nougat Classic,2.69,open-prices
2026-08-30,Netto,44000271,Viba Nougat Classic,2.69,open-prices
2026-08-30,Netto,4400034393509,Sachsenmilch Unsere Butter streichfein,1.11,open-prices
2026-08-30,EDEKA,4400066903417,Rotkäppchen Sekt,2.99,open-prices
2026-08-30,Netto,4400066903547,Rotkäppchen Sekt halbtrocken,0.99,open-prices
2026-08-30,Netto,4400087054990,frija Maasdamer,2.49,open-prices
2026-08-30,Netto,4400087254956,frija Cheese,0.99,open-prices
2024-04-15,ALDI,4400139000067,Tomatenketchup gelb,2.29,open-prices
2026-04-08,ALDI,4400139000067,Tomatenketchup gelb,2.29,open-prices
2026-08-30,ALDI,4400139000067,Werder Tomatenketchup gelb,2.29,open-prices
2026-07-31,Kaufland,4400139000067,Tomatenketchup gelb,2.29,open-prices
2026-08-11,Kaufland,4400139000067,Tomatenketchup gelb,1.29,open-prices
2026-08-30,Kaufland,4400139000067,Werder Tomatenketchup gelb,1.29,open-prices
2024-01-26,Netto,4400139000067,Tomatenketchup gelb,2.29,open-prices
2024-04-20,Netto,4400139000067,Tomatenketchup gelb,2.29,open-prices
2024-07-09,Netto,4400139000067,Tomatenketchup gelb,2.29,open-prices
2024-08-30,Netto,4400139000067,Tomatenketchup gelb,1.49,open-prices
2025-01-13,Netto,4400139000067,Tomatenketchup gelb,2.29,open-prices
2025-07-26,Netto,4400139000067,Tomatenketchup gelb,2.29,open-prices
2026-07-24,Netto,4400139000067,Tomatenketchup gelb,2.29,open-prices
2026-08-12,Netto,4400139000067,Tomatenketchup gelb,2.29,open-prices
2026-08-30,Netto,4400139000067,Werder Tomatenketchup gelb,2.29,open-prices
2026-01-13,REWE,4400139000067,Tomatenketchup gelb,2.29,open-prices
2026-08-30,REWE,4400139000067,Werder Tomatenketchup gelb,2.29,open-prices
2026-08-30,Netto,4400139000241,Werder Gewürz Ketchup,2.29,open-prices
2026-08-30,ALDI,4400139000647,Werder Premium Tomatenketchup,2.29,open-prices
2026-08-22,Kaufland,4400139000876,Hot Chili Ketchup,2.29,open-prices
2026-08-30,Kaufland,4400139000876,Werder Hot Chili Ketchup,2.29,open-prices
2026-08-27,Netto,4400139000876,Hot Chili Ketchup,1.49,open-prices
2026-08-30,Netto,4400139000876,Werder Hot Chili Ketchup,1.49,open-prices
2026-08-30,Netto,4400139006045,Werder Tomatenketchup Ohne Zuckerzusatz,1.49,open-prices
2026-08-30,REWE,4400139006540,Werder Barbecue Sauce,1.79,open-prices
2026-08-30,Kaufland,4400139013760,Ketchup nr 2 premium,2.89,open-prices
2026-08-11,Kaufland,4400139018949,Curryketchup Delikat,1.29,open-prices
2026-08-30,Kaufland,4400139018949,Werder Curryketchup Delikat,1.29,open-prices
2026-08-27,Netto,4400139018949,Curryketchup Delikat,1.49,open-prices
2026-08-30,Netto,4400139018949,Werder Curryketchup Delikat,1.49,open-prices
2026-08-30,Netto,4400139019830,Werder Gelber Ketchup,1.49,open-prices
2026-08-30,EDEKA,4555310252616,"Hofpfisterei Bio Pfister Frankenlaib, Roggenbrot Gewürze",8.3,open-prices
2026-08-30,REWE,4711931037060,Royal Family Mochi Strawberry Cheesecake,2.79,open-prices
2026-08-30,REWE,4711931037077,Royal Family Tiramisu & Crème Flavoured Mochi,2.79,open-prices
2026-08-30,Netto,4751003925697,Larsen Muscheln in Dressing französischer Art,2.59,open-prices
2026-08-30,Netto,4751003926779,Arnold Sørensen Makrelen Filets In Tomatensauce,1.59,open-prices
2026-08-30,EDEKA,4770074023934,Sweet Family Rohrzucker,1.19,open-prices
2026-08-30,EDEKA,4770074733512,Sweet Familie Roh-Rohrzucker,2.19,open-prices
2026-08-30,EDEKA,4770190066907,Viči Surimi in Jumbo Garnelenform,1.9,open-prices
2026-08-30,EDEKA,4770299402583,žemaitijos pienas Quark bar strawberry flavour,0.69,open-prices
2026-08-30,Netto,4820179253313,Reeva Instantnudeln Huhngeschmack,1.29,open-prices
2026-08-30,Kaufland,4820179257502,Reeva Instant-Nudelgericht Rindgeschmack,0.59,open-prices
2026-08-30,Kaufland,4820179257519,Reeva Instant Nudelgericht GEMÜSE,0.59,open-prices
2026-08-30,Kaufland,4820241520930,Королівський смак Майонез 67%,2.69,open-prices
2026-08-30,Netto,4823077645976,Roshen Multi Cake Coconut Cream,1.39,open-prices
2026-08-30,dm,4895248000273,"Rascals Windeln Premium Gr. 7 (17+ kg), 20 St",7.95,dm-website
2026-08-30,dm,4895248004806,"Rascals Windeln Premium Gr. 2 (4-8 kg), 32 St",5.95,dm-website
2026-08-30,dm,4895248004813,"Rascals Windeln Premium Gr. 3 (6-11 kg), 34 St",7.95,dm-website
2026-08-30,dm,4895248004820,"Rascals Windeln Premium Gr. 5 (13-18 kg), 26 St",7.95,dm-website
2026-08-30,dm,4895248006596,"Rascals Windeln Premium Gr. 3 (6-11 kg), Monatsbox, 170 St",38.95,dm-website
2026-08-30,dm,4895248006602,"Rascals Windeln Premium Gr. 4 (10-15 kg), Monatsbox, 150 St",38.95,dm-website
2026-08-30,dm,4895248006619,"Rascals Windeln Premium Gr. 5 (13-18 kg) Monatsbox, 130 St",38.95,dm-website
2026-08-30,dm,4895248006626,"Rascals Windeln Premium Gr. 6 (15-20 kg), Monatsbox, 110 St",38.95,dm-website
2026-08-30,dm,4895248007531,"Rascals Windeln Premium Gr. 6 (15-20 kg), 22 St",7.95,dm-website
2026-08-30,dm,4897097261515,"Rascals Windeln Premium Gr. 4 (10-15 kg), 30 St",7.95,dm-website
2026-08-30,dm,4897097262680,"Rascals Windeln Premium Gr. 1 (3-5 kg), 22 St",3.75,dm-website
2026-08-30,Kaufland,4967825561023,Kinjirushi Wasabi Co. Grated Wasabi-Meerrettich-Paste in der Tube,3.19,open-prices
2026-08-30,Kaufland,5000112512656,Powerade Zero Mountain Blast,1.49,open-prices
2026-07-31,Kaufland,5000112514124,"Fanta Exotic 0,33 Dose",0.99,open-prices
2026-08-30,Kaufland,5000112514124,"Fanta Exotic 0,33 Dose",0.99,open-prices
2025-12-06,Lidl,5000112514124,"Fanta Exotic 0,33 Dose",0.99,open-prices
2026-08-30,Lidl,5000112514124,"Fanta Exotic 0,33 Dose",0.99,open-prices
2026-08-06,PENNY,5000112514124,"Fanta Exotic 0,33 Dose",0.79,open-prices
2026-08-30,Nahkauf,5000112517163,Fanta Strawberry & Kiwi,1.05,open-prices
2026-08-30,Netto,5000112546415,Coca-Cola Original,1.59,open-prices
2026-08-30,Netto,5000112547450,Coca-Cola Mezzo Mix,1.49,open-prices
2026-08-30,EDEKA,5000112547801,Coca-Cola Mezzo Mix,1.89,open-prices
2026-08-30,EDEKA,5000112552195,Coca-Cola Zero,1.89,open-prices
2025-12-06,Lidl,5000112602029,"Coca-Cola 0,33 Dose",0.99,open-prices
2026-08-30,Lidl,5000112602029,"Coca-Cola 0,33 Dose",0.99,open-prices
2025-01-24,Nahkauf,5000112602029,"Coca-Cola 0,33 Dose",1.09,open-prices
2025-07-11,Nahkauf,5000112602029,"Coca-Cola 0,33 Dose",0.95,open-prices
2026-08-30,Nahkauf,5000112602029,"Coca-Cola 0,33 Dose",0.95,open-prices
2026-08-06,PENNY,5000112602029,"Coca-Cola 0,33 Dose",0.79,open-prices
2026-08-30,REWE,5000112604450,Coca-Cola Cola Zero,0.99,open-prices
2026-08-30,Lidl,5000112604726,Fanta orange,0.99,open-prices
2026-08-30,ALDI,5000157076083,Heinz Beanz,3.99,open-prices
2026-08-30,Netto,5000159471725,Mars m&m's chocolate,2.99,open-prices
2026-08-30,Netto,5000159560863,Snickers x10,6.49,open-prices
2026-08-30,Lidl,5000159561204,Minis mars Twix,5.39,open-prices
2026-08-30,REWE,5000159600927,trüFRÜ Nature\'s Strawberries Frozen Fresh in White &,4.59,open-prices
2026-08-30,ALDI,5000281022482,Captain Morgan Captain Morgen Dark Rum,9.99,open-prices
2026-08-30,ALDI,5000299223017,Marks & Spencers Captain Morgan Spiced Gold,9.99,open-prices
2026-08-30,Lidl,5010029226133,Weetabix Swiss style musesli,4.39,open-prices
2026-08-30,Kaufland,5010034011946,Ben&#039;s Original Express Natur-Reis Mediterran Vollkorn,2.29,open-prices
2026-08-30,Kaufland,5010034012004,Ben's Original Express-Reis - Sweet Chili,2.29,open-prices
2026-08-30,Kaufland,5010034014749,Bens Original nach Art gebratener Reis,2.29,open-prices
2026-08-30,Kaufland,5010034014756,Ben's Original Ben‘s Bunter Paprika-Reis,2.29,open-prices
2026-08-30,Kaufland,5010034015180,Ben's Original Express Reis - Mexikanisch Scharf,2.29,open-prices
2026-08-30,Kaufland,5010034015982,Ben's Original Express Jasmin-Reis,2.29,open-prices
2026-08-30,Netto,5010677924009,MARTINI,8.99,open-prices
2026-08-30,Kaufland,5011363523704,Mattel Skip-Bo,14.99,open-prices
2026-08-30,EDEKA,5012004107277,Clawson Blie,3.99,open-prices
2026-08-30,dm,5013665115632,Whole Earth Bio-Erdnussbutter mit knackigen Erdnussstückchen,4.35,dm-website
2026-08-30,E-Center,5014442000325,Ilchester wendsleydale cheese with cranberries,2.25,open-prices
2026-08-30,dm,5017634297480,"Bioré Sonnenfluid aqua rich uv LSF 50, 50 ml",11.95,dm-website
2026-08-30,dm,5021991939020,"Cupper Kräutertee ""Superstar"" mit Zitrone & Ingwer (20 Beutel), 50 g",2.95,dm-website
2026-08-30,dm,5021991939044,"Cupper Kräutertee mit Süßholz & Minze (20 Beutel), 30 g",2.95,dm-website
2026-08-30,dm,5021991939051,"Cupper Schwarzer Tee ""English Breakfast"" (20 Beutel), 50 g",2.95,dm-website
2026-08-30,dm,5021991939648,"Cupper Kräutertee ""Little Dreamer"" mit Kamille, Zitronenmelisse & Lavendel (20 Beutel), 30 g",2.95,dm-website
2026-08-30,dm,5021991940231,"Cupper Kräutertee ""Wonderful Morning"" mit Zitronengras, Mate & Zitronenverbene (20 Beutel), 35 g",2.95,dm-website
2026-08-30,dm,5021991940460,"Cupper Gewürztee ""Be Happy"" mit Zitrone, Zimt, Ingwer, schwarzer Pfeffer (20 Beutel), 40 g",2.95,dm-website
2026-08-30,dm,5021991940934,"Cupper Früchtetee ""Skinni Vanilli"" mit Erdbeere & Vanille (20 Beutel), 40 g",2.95,dm-website
2026-08-30,dm,5021991944765,"Cupper Früchtetee mit Mango & Limette (20 Beutel), 36 g",2.95,dm-website
2026-08-30,dm,5021991944789,"Cupper Kräutertee ""My Happy Place"" mit Pfirsich & Kamille (20 Beutel), 30 g",2.95,dm-website
2026-08-30,dm,5021991946097,"Cupper Früchtetee mit Cranberry & Himbeere (20 Beutel), 40 g",2.95,dm-website
2026-08-30,Lidl,5028482101690,Eatlean Lean Cheese,2.49,open-prices
2026-08-30,dm,5029053535852,"Huggies Little Swimmers Schwimmwindeln Gr. 3/4 (7-15 kg), Maxi Pack, 20 St",11.95,dm-website
2026-08-30,dm,5029053537795,"Huggies Little Swimmers Schwimmwindeln, Gr. 2-3 (3-8 kg), 12 St",6.95,dm-website
2026-08-30,dm,5029053538426,"Huggies Little Swimmers Schwimmwindeln, Gr. 5-6 (12-18 kg), 11 St",6.95,dm-website
2026-08-30,dm,5029053550275,"Huggies Windeln Newborn extra care Gr. 2 (3-6 kg) Disney, 24 St",5.45,dm-website
2026-08-30,dm,5029053567501,"Huggies Windeln Little Movers Gr. 4 (7-18 kg), 18 St",4.95,dm-website
2026-08-30,dm,5029053567518,"Huggies Windeln Little Movers Gr. 5 (11-25 kg), 16 St",4.95,dm-website
2026-08-30,dm,5029053567525,"Huggies Windeln Little Movers Gr. 6 (15-30 kg), 14 St",4.95,dm-website
2026-08-30,dm,5029053574400,"Huggies Windeln extra care Gr. 3 (6-10 kg) Disney, 40 St",10.45,dm-website
2026-08-30,dm,5029053579290,"Kleenex Taschentücher Box Ultra Soft, 64 St",1.95,dm-website
2026-08-30,dm,5029053583143,"Huggies Windeln extra care Gr. 4 (8-16 kg) Disney, 33 St",10.45,dm-website
2026-08-30,dm,5029053583150,"Huggies Windeln extra care Gr. 5 (11-25 kg) Disney, 28 St",10.45,dm-website
2026-08-30,dm,5029053583891,"Cottonelle Feuchtes Toilettenpapier Natürlich Pflegend, 42 St",1.55,dm-website
2026-08-30,dm,5029053583921,"Cottonelle Feuchtes Toilettenpapier Sensitiv Pflegend, 42 St",1.55,dm-website
2026-08-30,dm,5029053583969,"Cottonelle Feuchtes Toilettenpapier Kamille & Aloe Vera, Maxi Pack, 84 St",2.95,dm-website
2026-08-30,dm,5029053583976,"Cottonelle Feuchtes Toilettenpapier Sensitiv Pflegend, Maxi Pack, 84 St",2.95,dm-website
2026-08-30,dm,5029053584737,"Cottonelle Feuchtes Toilettenpapier Ultimativ Frisch, 42 St",1.55,dm-website
2026-08-30,dm,5037156296136,"John Frieda Shampoo Go Blonder, 250 ml",9.95,dm-website
2026-08-30,dm,5037156297133,"John Frieda Shampoo Violet Crush Intensiv Silber, 250 ml",9.95,dm-website
2026-08-30,dm,5037156298345,"John Frieda Shampoo Frizz Ease Unendlich Smooth, 250 ml",9.95,dm-website
2026-08-30,dm,5037156298451,"John Frieda Shampoo Frizz Ease Traumlocken, 250 ml",9.95,dm-website
2026-08-30,dm,5037156298628,"John Frieda Shampoo Frizz Ease Wunder-Reparatur, 250 ml",9.95,dm-website
2026-08-30,dm,5037156299281,"John Frieda Shampoo ProFiller+, 250 ml",9.95,dm-website
2026-08-30,EDEKA,5038862006101,Saft,1.0,open-prices
2026-08-30,EDEKA,5038862235938,"innocent Smoothie - Kiwi, Apfel & Limette",2.39,open-prices
2026-08-30,Kaufland,5038862435178,innocent Orange ohne Fruchtfleisch,4.79,open-prices
2026-08-30,dm,5050456006885,"PLAYBOY Duschgel VIP, 250 ml",2.45,dm-website
2026-08-30,REWE,5053827188517,NORDISK KELLOGG'S NORGE NUF Cerealien einzeln verpackt,4.49,open-prices
2026-08-30,Netto,5053827199568,KELLOGG'S TRÉSOR Müsli-Tresor-Choco Nut,4.49,open-prices
2026-04-08,ALDI,5053990127665,Pringles Hot & Spicy,1.79,open-prices
2026-08-30,ALDI,5053990127665,Pringles Hot & Spicy,1.79,open-prices
2026-03-16,Netto,5053990127665,Pringles Hot & Spicy,1.89,open-prices
2026-04-14,Netto,5053990127665,Pringles Hot & Spicy,1.79,open-prices
2025-11-22,V-MARKT,5053990127665,Pringles Hot & Spicy,2.49,open-prices
2026-08-30,V-MARKT,5053990127665,Pringles Hot & Spicy,2.49,open-prices
2026-08-30,ALDI,5053990127726,Pringles Original,1.79,open-prices
2026-04-08,ALDI,5053990127740,Pringles Sour Cream,1.79,open-prices
2026-08-30,ALDI,5053990127740,Pringles Sour Cream,1.79,open-prices
2025-08-25,PENNY,5053990127740,Pringles Sour Cream,1.79,open-prices
2025-06-19,REWE,5053990127740,Pringles Sour Cream,1.89,open-prices
2026-08-30,REWE,5053990127740,Pringles Sour Cream,1.89,open-prices
2026-08-30,Kaufland,5053990167609,Pringles Pizza Flavour,2.79,open-prices
2026-08-30,Netto,5053990167807,Pringles Original,2.79,open-prices
2026-08-30,Netto,5053990167845,Pringles Sour Cream & Onion,2.79,open-prices
2026-08-30,ALDI,5053990175123,Pringles Sweet Paprika,1.79,open-prices
2026-08-30,Kaufland,5053990183258,Cheez-It Cheez It Cheese Sour Cream & Onion,2.79,open-prices
2026-08-30,dm,5054563085863,"Odol med 3 Zahnpasta Extreme Fresh, 75 ml",2.95,dm-website
2026-08-30,dm,5054563085917,"Odol med 3 Zahnpasta Extreme Clean, 75 ml",2.95,dm-website
2026-08-30,dm,5054563089625,Sensodyne Zahnpasta,3.95,dm-website
2026-08-30,dm,5054563104144,"Odol med 3 Zahnpasta White & Shine, 75 ml",2.45,dm-website
2026-08-30,dm,5054563177421,"Parodontax Zahnpasta Zahnfleisch Active Repair, 75 ml",6.95,dm-website
2026-08-30,dm,5054563186188,"SENSODYNE Zahnpasta Multicare Original, 75 ml",4.95,dm-website
2026-08-30,Netto,5054563191519,Haleon Odol Med 3,1.79,open-prices
2026-08-30,dm,5054563193414,"Odol med 3 Zahnpasta Juniorzahn 6-13 Jahren, 75 ml",2.95,dm-website
2026-08-30,dm,5054563193445,"Odol med 3 Zahnpasta Milchzahn 0-6 Jahren, 50 ml",2.45,dm-website
2026-08-30,dm,5054563207111,"Odol med 3 Zahnpasta White+, 75 ml",1.95,dm-website
2026-08-30,dm,5054563209177,"Odol med 3 Zahnpasta All in One Rundumschutz Atemfrische, 75 ml",2.45,dm-website
2026-08-30,dm,5054563209269,"SENSODYNE Zahnpasta ProSchmelz Repair Whitening, 75 ml",5.95,dm-website
2026-08-30,dm,5054563209290,"SENSODYNE Zahnpasta Proschmelz Repair, 75 ml",5.95,dm-website
2026-08-30,dm,5054563210180,"SENSODYNE Zahnpasta Clinical Repair, 75 ml",6.95,dm-website
2026-08-30,dm,5054563219657,"SENSODYNE Zahnpasta Kinder ProSchmelz Junior 6-12 Jahren, 75 ml",3.95,dm-website
2026-08-30,dm,5054563231673,"SENSODYNE Zahnpasta Sensitivität & Zahnfleisch, 75 ml",5.95,dm-website
2026-08-30,dm,5054563234124,"SENSODYNE Zahnpasta MultiCare Sanftweiß, 75 ml",4.95,dm-website
2026-08-30,dm,5054563246660,"Odol Mundwasser extra frisch, 125 ml",3.75,dm-website
2026-08-30,dm,5054563261021,"Parodontax Zahnpasta Original, 75 ml",4.95,dm-website
2026-08-30,dm,5054563264084,"Parodontax Zahnpasta Zahnfleisch Stärkung & Schutz, 75 ml",5.95,dm-website
2026-08-30,dm,5054563278470,"SENSODYNE Zahnpasta Repair & Protect extra frisch, 75 ml",5.95,dm-website
2026-08-30,dm,5054563278500,"SENSODYNE Zahnpasta Repair & Protect, Reisegröße, 15 ml",1.45,dm-website
2026-08-30,dm,5054563284204,"SENSODYNE Zahnpasta Advanced White, 75 ml",5.95,dm-website
2026-08-30,dm,5054563286062,"SENSODYNE Zahnpasta Clinical White, 75 ml",6.95,dm-website
2026-08-30,dm,5054563297457,"SENSODYNE Zahnpasta Proschmelz, 75 ml",4.95,dm-website
2026-08-30,dm,5054563297570,"SENSODYNE Zahnpasta Kinder ProSchmelz Kids 0-6 Jahre, 50 ml",3.45,dm-website
2026-08-30,dm,5054563297600,"SENSODYNE Zahnpasta Fluorid, 75 ml",3.95,dm-website
2026-08-30,dm,5054563298980,"Odol med 3 Zahnpasta Original, 75 ml",1.25,dm-website
2026-08-30,dm,5054563304445,"Odol med 3 Zahnpasta Extra White, 75 ml",1.25,dm-website
2026-08-30,dm,5054563949363,"Parodontax Zahnpasta Complete Protection extra frisch, 75 ml",5.95,dm-website
2026-08-30,dm,5054563949424,"Parodontax Zahnpasta extra frisch, 75 ml",4.95,dm-website
2026-08-30,dm,5054563949486,"Parodontax Zahnpasta Complete Protection Whitening, 75 ml",5.95,dm-website
2026-08-30,Netto,5056784907269,Monster Energy Lando Norris,0.77,open-prices
2026-08-30,HIT,5060199511140,Hall Ltd. Avocado Netz,1.89,open-prices
2026-08-30,dm,5060229014122,"pukka Kräutertee ""Drei Minze"" mit Pfefferminze, Grüner Minze & Ackerminze (20 Beutel), 32 g",3.95,dm-website
2026-08-30,dm,5060229014146,"pukka Kräutertee ""Night Time"" mit Kamille, Lavendel & Baldrian (20 Beutel), 20 g",3.95,dm-website
2026-08-30,dm,5060229014160,"pukka Kräutertee Kamille, Vanille & Manuka-Honig (20 Beutel), 32 g",3.95,dm-website
2024-12-16,Bayern,5060335635228,Monster Energy Original,0.79,open-prices
2025-04-24,Lidl,5060335635228,Monster Energy Original,0.99,open-prices
2026-08-22,Lidl,5060335635228,Monster Energy Original,1.49,open-prices
2026-08-30,Lidl,5060335635228,Monster Energy Original,0.99,open-prices
2026-07-17,Netto,5060335635228,Monster Energy Original,0.89,open-prices
2026-07-30,Netto,5060335635228,Monster Energy Original,0.77,open-prices
2026-08-04,Netto,5060335635228,Monster Energy Original,1.59,open-prices
2026-08-30,Netto,5060335635228,Monster Energy Original,0.77,open-prices
2025-04-10,PENNY,5060335635228,Monster Energy Original,1.49,open-prices
2025-11-24,Yorma’s,5060335635228,Monster Energy Original,2.6,open-prices
2026-08-30,Kaufland,5060335635235,Monster Energy Assault,1.49,open-prices
2026-08-30,Netto,5060337500401,Monster Energy Ultra,0.77,open-prices
2026-08-30,dm,5060420232721,"Lansinoh Intimdusche, 1 St",10.95,dm-website
2026-08-30,Netto,5060517888510,Monster Juiced,0.77,open-prices
2026-08-30,dm,5060519144126,"pukka Kräutertee ""After Dinner"" mit Fenchel, Anis & Kardamom (20 Beutel), 40 g",3.95,dm-website
2026-08-30,dm,5060519145482,"pukka Kräutertee ""Peace"" mit Grüner Minze, Ashwagandha & Hanföl (20 Beutel), 30 g",3.95,dm-website
2026-08-30,Netto,5060751212249,Monster Ultra Fiesta Mango Flavour,0.77,open-prices
2026-08-30,dm,5060848135581,"Bambino Mio Stoffwindel Saugeinlage wiederverwendbar, 1 St",9.45,dm-website
2026-08-30,Kaufland,5060947541986,Monster Energy Juiced Aussie Lemonade Style,1.49,open-prices
2026-08-30,dm,5061079654650,"Bambino Mio Stoffwindel wiederverwendbar, creme, Motiv Sommer, 1 St",24.95,dm-website
2026-08-30,dm,5061079654704,"Bambino Mio Stoffwindel wiederverwendbar, Motiv Safari, 1 St",24.95,dm-website
2026-08-30,dm,5061103350435,"Wild Antitranspirant Deo Roll-on Fresh Cotton & Sea Salt + Nachfüllpack, 50 ml",13.95,dm-website
2026-08-30,dm,5061103350473,"Wild Antitranspirant Deo Roll-on Honey & Cactus Flower, 50 ml",15.95,dm-website
2026-08-30,dm,5061103350565,"Wild Antitranspirant Deo Roll-on Coconut & Vanilla + Nachfüllpack, 50 ml",15.95,dm-website
2026-08-30,dm,5061103350831,"Wild Antitranspirant Deo Roll-on Fresh Cotton & Sea Salt Nachfüllpack, 50 ml",5.95,dm-website
2026-08-30,dm,5061103350862,"Wild Antitranspirant Deo Roll-on Honey & Cactus Flower Nachfüllpack, 50 ml",5.95,dm-website
2026-08-30,dm,5061103350893,"Wild Antitranspirant Deo Roll-on Coconut & Vanilla Nachfüllpack, 50 ml",5.95,dm-website
2026-08-30,dm,5063270102022,"pukka Kräutertee ""Morning Berry"" mit Hibiskus & Schwarzer Johannisbeere (20 Beutel), 34 g",3.95,dm-website
2026-08-30,dm,5063270114438,"pukka Kräutertee ""Vanilla Chai"" mit Zimt, Ingwer & Vanille (20 Beutel), 40 g",3.95,dm-website
2026-08-30,dm,5063270131749,"pukka Grüner Tee Matcha, Vanilla Chai, 30 g",12.95,dm-website
2026-08-30,dm,5063270131855,"pukka Grüner Tee Matcha, Tulsi Lemon, 30 g",12.95,dm-website
2026-08-30,ALDI,5099357003609,Kilbeggan,10.99,open-prices
2026-08-30,dm,5099514002728,"WaterWipes Feuchttücher sensitiv, 48 St",2.55,dm-website
2026-08-30,dm,5099514002735,"WaterWipes Feuchttücher (3x48 St), 144 St",7.45,dm-website
2026-08-30,dm,5099514400036,"WaterWipes Feuchttücher (18x60 St), 1.080 St",49.95,dm-website
2026-08-30,dm,5099514400159,"WaterWipes Feuchttücher (9x60 St), 540 St",26.45,dm-website
2026-08-30,dm,5099821002770,"Hawaiian Tropic Sonnencreme Gesicht glowing protection LSF 50, 50 ml",9.95,dm-website
2026-08-30,dm,5099821002800,"Hawaiian Tropic Sonnenmilch glowing protection, LSF 30, 170 ml",9.95,dm-website
2026-08-30,dm,5099821002817,"Hawaiian Tropic Sonnenmilch glowing protection, LSF 50, 170 ml",10.95,dm-website
2026-08-30,dm,5099821002824,"Hawaiian Tropic Sonnenmilch glowing protection LSF 30, Reisegröße, 75 ml",5.95,dm-website
2026-08-30,dm,5099821002831,"Hawaiian Tropic Sonnenmilch glowing protection LSF 50, Reisegröße, 75 ml",6.95,dm-website
2026-08-30,Lidl,5201360660575,Tuc Mini BAKE ROLLS SOUR CREAM & ONION,1.49,open-prices
2026-08-30,HIT,5201671001104,GAEA B.o.p. Ext.zuivere Olijfo. Sitia,10.99,open-prices
2026-08-30,EDEKA,5201671802497,HAUGEN-GRUPPEN AS Olives bio de kalamata entieres,4.49,open-prices
2026-08-30,EDEKA,5201671802503,Gaea Olives bio vertes entières,4.49,open-prices
2026-08-30,Netto,5202178003356,OLYMPUS Schafskäse Leicht,2.22,open-prices
2026-08-30,Netto,5202178006005,Olympus Original griechischer Schafskäse,2.22,open-prices
2026-08-30,Nahkauf,5202390029301,VIOLIFE Greek White,2.99,open-prices
2026-08-30,EDEKA,5202390031090,Violife Mozzarella Geschmack gerieben,3.29,open-prices
2026-08-30,Kaufland,5202429001070,Kaufland Gold Edition Griechische Oliven gefüllt mit Chili,1.49,open-prices
2026-08-30,Kaufland,5202429001117,Kaufland K-Classic Griechische Oliven mit Knoblauch,1.49,open-prices
2026-08-30,Kaufland,5202429001155,K-Classic Gold Edition Griechische Oliven gefüllt mit Paprikapaste,1.49,open-prices
2026-08-30,Kaufland,5202429001209,"Kaufland Griechische Oliven, ohne Stein",1.49,open-prices
2026-08-30,Netto,5216000004817,Mein Beerenglück Erdbeeren,1.49,open-prices
2026-08-30,Kaufland,5391312003465,Rosie u Jim Panierte Hähnchenbrustfilet glutenfrei,5.29,open-prices
2026-08-30,Kaufland,5391312003489,Rosie & Jim Southern fried Hähnchenstreifen,5.29,open-prices
2026-08-30,REWE,5391511059027,Ribworld Bourbon BBQ Spare Ribs,8.99,open-prices
2026-08-30,REWE,5410041001204,Mondelēz Tuc Original,0.89,open-prices
2026-03-07,ALDI,5410041030006,TUC Original,2.99,open-prices
2026-08-30,ALDI,5410041030006,TUC Original,2.99,open-prices
2024-09-07,Lidl,5410041030006,TUC Original,2.99,open-prices
2025-06-27,Lidl,5410041030006,TUC Original,2.99,open-prices
2026-08-30,Lidl,5410041030006,TUC Original,2.99,open-prices
2025-09-02,Netto,5410041030006,TUC Original,2.29,open-prices
2026-05-02,Netto,5410041030006,TUC Original,1.99,open-prices
2026-08-12,Netto,5410041030006,TUC Original,2.99,open-prices
2026-08-30,Netto,5410041030006,TUC Original,2.99,open-prices
2025-08-07,Norma,5410041030006,TUC Original,2.99,open-prices
2026-08-30,Norma,5410041030006,TUC Original,2.99,open-prices
2026-08-30,REWE,5410126016079,Lotus Biscoff Original Karamellgebäck,1.79,open-prices
2026-08-30,Kaufland,5410355329452,K Classic Brat kartoffelpfanne,2.99,open-prices
2026-08-30,Kaufland,5410355332131,K-Classic Bami Goreng,3.69,open-prices
2026-08-30,Kaufland,5410673004277,"Ben's Original Natur-Reis, Kochbeutel",4.49,open-prices
2026-08-30,V-MARKT,5410673004321,Ben´s Long grain & riz sauvage,3.79,open-prices
2026-08-30,Kaufland,5410673004406,Ben's Original Langkorn-Reis im Kochbeutel,4.49,open-prices
2025-08-01,Kaufland,5410673004437,"Kochbeutel - Orginal Langkorn Reis (1 kg, 8x 125 g; einzeln aufgeführt)",4.49,open-prices
2026-08-30,Kaufland,5410673004437,"Ben's Original Kochbeutel - Orginal Langkorn Reis (1 kg, 8x 125 g; einzeln aufgeführt)",4.49,open-prices
2025-11-19,REWE,5410673004437,"Kochbeutel - Orginal Langkorn Reis (1 kg, 8x 125 g; einzeln aufgeführt)",4.49,open-prices
2026-08-30,REWE,5410673004437,"Ben's Original Kochbeutel - Orginal Langkorn Reis (1 kg, 8x 125 g; einzeln aufgeführt)",4.49,open-prices
2026-08-30,REWE,5410673004444,Ben's Original Langkorn Reis Kochbeutel,1.79,open-prices
2026-08-30,Kaufland,5410673004635,Ben's Original Basmati,5.49,open-prices
2026-08-30,Netto,5411188110835,"Alpro Mandeldrink, Original 1L",2.99,open-prices
2026-08-30,Netto,5411188115496,alpro Soja Milch,2.99,open-prices
2026-08-30,Netto,5411188120575,alpro Cooking Soya,1.39,open-prices
2026-08-30,Nahkauf,5411188128113,Dessert Vanillegeschmack von Alpro,2.29,open-prices
2026-08-30,Nahkauf,5411188128137,Dessert Schokoladengeschmack von Alpro,2.29,open-prices
2024-03-27,EDEKA,5411188128601,Skyr Alternative Vanille aus Soja,1.99,open-prices
2024-08-29,EDEKA,5411188128601,Skyr Alternative Vanille aus Soja,1.99,open-prices
2024-10-02,EDEKA,5411188128601,Skyr Alternative Vanille aus Soja,1.99,open-prices
2024-12-16,EDEKA,5411188128601,Skyr Alternative Vanille aus Soja,1.99,open-prices
2025-01-22,EDEKA,5411188128601,Skyr Alternative Vanille aus Soja,1.99,open-prices
2026-08-30,EDEKA,5411188128601,alpro Skyr Alternative Vanille aus Soja,1.99,open-prices
2024-06-12,Lidl,5411188128601,Skyr Alternative Vanille aus Soja,1.99,open-prices
2026-08-30,Lidl,5411188128601,alpro Skyr Alternative Vanille aus Soja,1.99,open-prices
2024-02-10,EDEKA,5411188128625,Skyr Alternative Mango aus Soja,1.99,open-prices
2024-03-27,EDEKA,5411188128625,Skyr Alternative Mango aus Soja,1.99,open-prices
2024-05-29,EDEKA,5411188128625,Skyr Alternative Mango aus Soja,1.99,open-prices
2024-07-17,EDEKA,5411188128625,Skyr Alternative Mango aus Soja,1.99,open-prices
2024-07-29,EDEKA,5411188128625,Skyr Alternative Mango aus Soja,1.99,open-prices
2024-08-29,EDEKA,5411188128625,Skyr Alternative Mango aus Soja,1.99,open-prices
2024-10-02,EDEKA,5411188128625,Skyr Alternative Mango aus Soja,1.99,open-prices
2024-11-07,EDEKA,5411188128625,Skyr Alternative Mango aus Soja,1.49,open-prices
2024-12-30,EDEKA,5411188128625,Skyr Alternative Mango aus Soja,1.19,open-prices
2025-04-30,EDEKA,5411188128625,Skyr Alternative Mango aus Soja,1.49,open-prices
2026-08-30,EDEKA,5411188128625,alpro Skyr Alternative Mango aus Soja,1.49,open-prices
2024-06-12,Lidl,5411188128625,Skyr Alternative Mango aus Soja,1.99,open-prices
2026-08-30,Lidl,5411188128625,alpro Skyr Alternative Mango aus Soja,1.99,open-prices
2024-03-20,REWE,5411188128625,Skyr Alternative Mango aus Soja,1.99,open-prices
2025-07-21,REWE,5411188128625,Skyr Alternative Mango aus Soja,1.99,open-prices
2026-08-30,EDEKA,5411188129899,"Alpro® Barista Mandeldrink, 1 L, UHT",2.99,open-prices
2026-08-30,EDEKA,5411188130031,alpro High Protein Soja Drink,1.49,open-prices
2026-08-30,EDEKA,5411188130741,Alpro Hafer+ Natur,1.99,open-prices
2026-08-30,Netto,5411188134985,alpro not milk,1.99,open-prices
2026-08-30,EDEKA,5411188137863,Danone ALPRO® Dessert Soja Schokolade High Protein 200g,1.79,open-prices
2026-08-30,EDEKA,5411188137887,Danone ALPRO® Dessert Soja Vanille High Protein 200g,1.79,open-prices
2026-08-30,EDEKA,5411188138013,alpro Zitrone Limette aus Soja,2.19,open-prices
2026-08-30,EDEKA,5411188138112,EDEKA Alpro Danone ALPRO® Joghurt Soja Hafer 400g 1.99€ 1kg 4.98€,1.0,open-prices
2026-08-30,dm,5411416075455,"Moltex Windeln Pure & Nature Gr. 1 Newborn (2-5 kg), 22 St",4.95,dm-website
2026-08-30,dm,5411416075516,"Moltex Windeln Pure & Nature Gr. 4 Maxi (7-14 kg), 29 St",7.95,dm-website
2026-08-30,dm,5411416075554,"Moltex Windeln Pure & Nature Gr. 6 XL (16+ kg), 21 St",7.95,dm-website
2026-08-30,dm,5412533002133,"ECOVER Woll- & Feinwaschmittel flüssig Wasserlilie & Honigmelone, 111 Wl",24.95,dm-website
2026-08-30,dm,5412533414745,"ECOVER Vollwaschmittel flüssig Hibiskus & Jasmin, 100 Wl",31.45,dm-website
2026-08-30,dm,5412533416688,"ECOVER Spülmittel Zero, 450 ml",1.95,dm-website
2026-08-30,dm,5412533416862,"ECOVER Spülmittel Zitrone & Aloe Vera, 450 ml",1.95,dm-website
2026-08-30,dm,5412533417203,"ECOVER Spülmittel Zitrone & Aloe Vera, 950 ml",3.95,dm-website
2026-08-30,dm,5412533417227,"ECOVER Spülmittel Granatapfel & Feige, 450 ml",1.95,dm-website
2026-08-30,dm,5412533418675,"ECOVER Colorwaschmittel flüssig Apfelblüte & Freesien, 100 Wl",31.45,dm-website
2026-08-30,dm,5412533420128,"ECOVER Woll & Feinwaschmittel flüssig Wasserlilie & Honigmelone, 22 Wl",5.25,dm-website
2026-08-30,dm,5412533421040,"ECOVER Woll & Feinwaschmittel flüssig Zero, 22 Wl",5.25,dm-website
2026-08-30,dm,5412533423525,"ECOVER Spülmaschinen-Tabs All-in-One Zero, 24 St",6.95,dm-website
2026-08-30,dm,5412533424553,"ECOVER Waschmittel flüssig Universal Hibiskus & Jasmin, 21 Wl",6.75,dm-website
2026-08-30,dm,5412533424584,"ECOVER Colorwaschmittel flüssig Apfelblüte & Freesie, 21 Wl",6.75,dm-website
2026-08-30,dm,5412533428049,"ECOVER Waschmittel flüssig Zero Sensitiv, 28 Wl",8.95,dm-website
2026-08-30,dm,5412533429428,"ECOVER Vollwaschmittel Pulver Universal, 19 Wl",6.65,dm-website
2026-08-30,dm,5412533429602,"ECOVER Vollwaschmittel Pulver Universal, 80 Wl",26.95,dm-website
2026-08-30,REWE,5425003611469,Penny Bananen,1.29,open-prices
2026-08-30,dm,5425007881899,"BEL & BIO Schokolade, Belgische Pralinen, 100 g",3.95,dm-website
2026-08-30,dm,5425007882643,"BEL & BIO Schokolade mit Pistazienfüllung, 100 g",3.95,dm-website
2026-08-30,REWE,5449000017932,Sprite,1.39,open-prices
2026-08-30,REWE,54493438,Coca-Cola Coke Zero,0.75,open-prices
2026-08-30,Netto,5700383414443,Sara Ital. Tafeltrauben kernlos,1.79,open-prices
2026-08-30,Netto,5701012022572,NETTO Frosttüte,0.99,open-prices
2026-08-30,Netto,5701377101516,St. Clemens Danablu 50+,2.99,open-prices
2026-08-30,dm,5704947015138,"O'Keeffe's Handcreme Working Hands, sehr trockene Haut, 96 g",9.95,dm-website
2026-08-30,dm,5704947015862,"O'Keeffe's Handcreme Working Hands, 80 ml",7.95,dm-website
2026-08-30,Netto,5708147003292,"Green Juicy Dates, Premium Quality",4.49,open-prices
2026-08-30,Kaufland,5709152012354,K-Classic Muffins Stracciatella,1.89,open-prices
2026-08-30,Netto,5709152018004,"Dan Cake Mini Cakes, Schoko",1.79,open-prices
2026-08-30,Netto,5709152018011,Dan Cake Mini Cakes Typ Vanille,1.79,open-prices
2026-08-30,Kaufland,5709152020274,K-Classic cupcakes,1.79,open-prices
2026-08-30,Netto,5711044014346,Banken Polska Sp. Z o.o. Kulturchampignons weiß,2.69,open-prices
2026-08-30,Netto,5711044049195,Harva International Minipflaumen Rispentomaten,1.39,open-prices
2026-08-30,Netto,5711044049218,Harvest House Cocktail-Rispentomaten,1.29,open-prices
2026-08-30,Netto,5711044204365,"espax Pfirsiche, gelbfleischig",2.79,open-prices
2026-08-30,Netto,5711044204402,Distinet Aprikosen,1.39,open-prices
2026-08-30,Netto,5711044220174,"Distinet Plattpfirsische, weißfleischig",1.59,open-prices
2026-08-30,Netto,5711953093456,frija Kräuter-Frischkäse,1.39,open-prices
2026-08-30,Netto,5711953097430,Viking Blue Note,2.69,open-prices
2026-08-30,Lidl,5711953103766,Arla Buko Der Sahnige,0.99,open-prices
2026-08-30,Lidl,5711953103797,Arla Buko - Gartenkräuter,0.99,open-prices
2026-08-30,Netto,5711953165856,Arla BUKO Buko Hirtenkäse,1.49,open-prices
2026-08-30,Rossmann,5712840020029,raw bite Rawbite The Organic Fruit & Nut Bite Cacao,1.99,open-prices
2026-08-30,Rossmann,5712840020036,rawits bite Coconut,1.99,open-prices
2026-08-30,Rossmann,5712840020067,RAW BITE APPLE CINNAMON,1.99,open-prices
2026-08-30,Rossmann,5712840020128,RAW BITE Smooth Cacao,1.99,open-prices
2026-08-30,Netto,5712870309125,Netto Jamón Serrano “Gran Reserva”,2.19,open-prices
2026-08-30,Netto,5712870523590,Snaxters Salted Pretzels,0.89,open-prices
2026-08-30,Netto,5712870583259,Snaxters Salted Potato Chips,1.39,open-prices
2026-08-30,Netto,5712870583273,Snaxters Paprika Chips,0.99,open-prices
2026-08-30,Netto,5712870914251,la campagna Ventaglini,1.69,open-prices
2026-08-30,Netto,5712871042533,Montalbo Trauben hell kernlos,1.75,open-prices
2026-08-30,Netto,5712871142585,Sereno Salty Pistachios Roasted,3.79,open-prices
2026-08-30,Netto,5712871199114,Gintonns London Dry Gin,6.49,open-prices
2026-08-30,Netto,5712871199138,Don Canarch White Rum,6.49,open-prices
2026-08-30,Netto,5712871199152,Don Canarch Dark Rum,6.99,open-prices
2026-08-30,Netto,5712871447208,Sereno Mixed Nuts Natural,3.29,open-prices
2026-08-30,Netto,5712871447246,Premieur Natives Olivenöl Extra,6.99,open-prices
2026-08-30,Netto,5712871447581,Mamone Jumbo Rosinen Rodzynki Jumbo,1.99,open-prices
2026-08-30,Netto,5712872064916,Premieur Ravioli Ricotta & Spinat,2.79,open-prices
2026-08-30,Netto,5712872491804,GO BIO Karottensaft,1.7,open-prices
2026-08-30,Netto,5712872553700,Go Bio Zitronen,2.29,open-prices
2026-08-30,Netto,5712872579526,Samelle Toilettenpapier super soft,3.59,open-prices
2026-08-30,Netto,5712872855064,Sereno Salted Cashews,2.19,open-prices
2026-08-30,Netto,5712872952909,Harvest Best Ananasstücke in Ananassaft,1.59,open-prices
2026-08-30,Netto,5712872992592,Premieur Pfirsiche,2.39,open-prices
2026-08-30,Netto,5712873132935,Go Bio Bio Gurke,1.19,open-prices
2026-08-30,Netto,5712873146321,Go Bio Paprika rot Bio,2.29,open-prices
2026-08-30,Netto,5712873177929,Harvest Best Ananas,1.59,open-prices
2026-08-30,Netto,5712873216239,Mamone Walnusskerne,2.49,open-prices
2026-08-30,Netto,5712873216475,Go Bio Basmati Reis,3.49,open-prices
2026-08-30,Netto,5712873313228,Harvest Best Mandarin Orangen,0.89,open-prices
2026-08-30,Netto,5712873371549,Savin Extra Black Schwarzwaschmittel,2.65,open-prices
2026-08-30,Netto,5712873475957,Finton's Chocolate Chip Cookies,1.29,open-prices
2026-08-30,Netto,5712873575374,Harvest Best Sauerkirschen,3.29,open-prices
2026-08-30,Netto,5712873642144,Finton's Wafers with cocoa filling,1.59,open-prices
2026-08-30,Netto,5712873704743,Bakersfield Kaiserbrötchen,0.59,open-prices
2026-08-30,Netto,5712873706181,la campagna gehackte Tomaten mit Knoblauch,0.59,open-prices
2026-08-30,Netto,5712873717842,frija Speisequark 20% Fett,0.4,open-prices
2026-08-30,Netto,5712873717866,DMK Deutsches Milchkontor Speisequark Magerstufe,1.19,open-prices
2026-08-30,Netto,5712873717880,frija Speisequark 40% Fett,0.69,open-prices
2026-08-30,Netto,5712873733316,Kingsway Exotic-Direktsaft,2.19,open-prices
2026-08-30,Netto,5712873939701,Finton's Tigerrolle,1.59,open-prices
2026-08-30,Netto,5712873993581,Bakerfield Milchbrötchen,1.99,open-prices
2026-08-30,Netto,5712874286309,Rice Market Express-Reis Langkornreis,0.99,open-prices
2026-08-30,Netto,5712874286316,Rice Market Express-Reis Mediterrane Art,0.99,open-prices
2026-08-30,Netto,5712874726232,Go Bio Schokolade 70%,1.29,open-prices
2026-08-30,Netto,5712874924188,Go Regio Cherry-Rispentomaten,1.39,open-prices
2026-08-30,Netto,5712874924430,Go Regio Tomaten,1.69,open-prices
2026-08-30,Norma,5712874928148,Behr Speisemöhren,0.69,open-prices
2026-08-30,Netto,5712874928179,Go Regio Broccoli,1.69,open-prices
2026-08-30,Netto,5712874928193,Go Regio Speisekartoffeln,1.99,open-prices
2026-08-30,Netto,5712874928421,GO Regio Chinakohl Klasse I,0.99,open-prices
2026-08-30,Netto,5712874928438,Go Regio Rote Speisezwiebeln,2.39,open-prices
2026-08-30,Netto,5712874928445,Go Regio Speisezwiebeln gelb,1.69,open-prices
2026-08-30,Netto,5712874962616,frija Esrom Schnittkäse,2.29,open-prices
2026-08-30,Netto,5712874986926,Rice Market Jasmin Reis,2.29,open-prices
2026-08-30,Netto,5712874986940,Rice Market Parboiled Reis,1.59,open-prices
2026-08-30,Netto,5712875337819,Navito Portionen vom Lachsfilet mit Haut,4.99,open-prices
2026-08-30,Netto,5712875672514,Premieur Chocolate bar  Dark 85%,1.29,open-prices
2026-08-30,Netto,5712875958359,Äpfel Wellant,2.99,open-prices
2026-08-30,Netto,5712876002372,Go Bio Blütenhonig flüssig,3.99,open-prices
2026-08-30,Netto,5712876002396,GO BIO Blütenhonig cremig,3.99,open-prices
2026-08-30,Netto,5712876089809,Sereno Cashew Nuts,2.89,open-prices
2026-08-30,Netto,5712876252951,BELL'S zarte Haferflocken,0.59,open-prices
2026-08-30,Netto,5712876256195,Rice Market Basmati Reis,2.69,open-prices
2026-08-30,Netto,5712876438195,Hans Glück Clementinen,2.29,open-prices
2026-08-30,Netto,5712876558602,frija Sour Cream fein-würzig,0.65,open-prices
2026-08-30,Netto,5712876572080,La Campagna Hummus Natur,0.89,open-prices
2026-08-30,Netto,5712876572097,Perla Table Foods Hummus pikant,0.89,open-prices
2026-08-30,Netto,5712876651372,Harvest Best Champions 3. wahl,0.79,open-prices
2026-08-30,Netto,5712876651396,Harvest Best Champignons in Scheiben 1. Wahl,0.95,open-prices
2026-08-30,Netto,5712876651419,Harvest Best Champignons Ganze Köpfe 1. Wahl,1.19,open-prices
2026-08-30,Netto,5712876724908,Bellafonde Heidelbeere Konfitüre extra,1.99,open-prices
2026-08-30,Netto,5712876809346,Finton's Kuchenröllchen Milch & Schoko,2.29,open-prices
2026-08-30,Netto,5712876839596,frija Deutsche Markenbutter,1.05,open-prices
2026-08-30,Netto,5712876870278,Ginntons Gin Tonic,1.69,open-prices
2026-08-30,Netto,5712877210264,frija Maasdamer 9 Scheiben,2.39,open-prices
2026-08-30,Netto,5712877247697,frija Butterschmalz,5.49,open-prices
2026-08-30,Netto,5712877290969,frija Joghurt nach griechischer Art,1.11,open-prices
2026-08-30,Netto,5712877600379,Finton’s Bakery Rainbow Cookies,1.29,open-prices
2026-08-30,Netto,5712877680401,Navito White Tiger Garnelen,3.49,open-prices
2026-08-30,Netto,5712877690240,Molkerei Gropper Götterspeise Himbeergeschmack,0.28,open-prices
2026-08-30,Netto,5712877690257,Molkerei Gropper Götterspeise Waldmeistergeschmack,0.28,open-prices
2026-08-30,Netto,5712877690356,Biscuiterie Thijs Eierwaffeln gefüllt,1.99,open-prices
2026-08-30,Netto,5712877732179,Harvest House Cocktail-Rispentomaten,1.49,open-prices
2026-08-30,Netto,5712878061698,ODW Frischprodukte Joghurt nach griechischer Art Honig,1.59,open-prices
2026-08-30,Netto,5712878064705,ODW Frischprodukte Joghurt nach griechischer Art Kirsche,1.59,open-prices
2026-08-30,Netto,5712878068413,ODW Frischprodukte Joghurt nach griechischer Art Kokos,1.59,open-prices
2026-08-30,Netto,5712878098830,frija Kefir Mild,0.79,open-prices
2026-08-30,Netto,5712878359474,Bell's Schokomüsli,2.69,open-prices
2026-08-30,Netto,5712878519946,"frija fettarme H-Milch 1,5%",0.69,open-prices
2026-08-30,Lidl,5760466848510,Arla Buko - Typ India,0.99,open-prices
2026-08-30,Kaufland,5760466997225,Arla Foods Frappuccino - Sweet Creamy Coffee,2.59,open-prices
2026-08-30,EDEKA,5762385038218,Tulip Bacon Scheiben,1.39,open-prices
2026-08-30,Netto,5762385061438,Tulip Frühstücksfleisch,2.0,open-prices
2026-08-30,Kaufland,5900512501659,Mlekovita Twarog tlusty,1.89,open-prices
2026-08-30,dm,5900951302299,"Whiskas Nassfutter Katze Geflügel Ragout in Gelee, Pure Delight, Megapack (40x85 g), 3,4 kg",13.95,dm-website
2026-08-30,Kaufland,5900951310560,sNIckers,3.59,open-prices
2026-08-30,Kaufland,5901028919839,K-Classic Erntefrische Beerenmischung mit Sauerkirschen tiefgefroren,3.29,open-prices
2026-08-30,Kaufland,5901028919891,"K-Classic Kultur-Heidelbeeren, tiefgefroren",4.89,open-prices
2026-08-30,Kaufland,59011194,Pawełek E. Wedel Milk Chocolate Bar with Toffee Flavour Filling,0.79,open-prices
2026-08-30,Kaufland,5901730646788,K Classic Butter Croissants,1.39,open-prices
2026-08-30,dm,5901832068662,"LA RIVE Black Water Eau de Toilette, 100 ml",5.95,dm-website
2026-08-30,Kaufland,5902481050145,k classic Langkornreis Beutel,0.99,open-prices
2026-08-30,Kaufland,5902481054471,K Classic Asia Sushi Reis,1.79,open-prices
2026-08-30,Netto,5902666649966,znatury Salat Caesar Style,2.49,open-prices
2026-08-30,Netto,5903240836475,Top-Fruit Äpfel rot,1.0,open-prices
2026-08-30,Netto,5903240836666,Apfel Rot,1.29,open-prices
2026-08-30,Netto,5903896154060,SUSHI&FOODFACTOR Yamato Sushi,2.99,open-prices
2026-08-30,Kaufland,5907517811462,kaufland Grüne Oliven,2.79,open-prices
2026-08-30,REWE,5907653107092,Kaiserbrötchen glutenfrei,1.79,open-prices
2026-08-30,Netto,5908230523205,Snack It Kabanos - Chicken,1.99,open-prices
2026-08-30,dm,59083856,"Dove Antitranspirant Deo Roll-on Advanced Care Invisible Dry, 50 ml",3.25,dm-website
2026-08-30,dm,59095842,"Dove Antitranspirant Deo Roll-on Advanced Care Original, 50 ml",3.25,dm-website
2026-08-30,dm,59097754,"Rexona Antitranspirant Deo Roll-on Nonstop Protection Cotton Dry, 50 ml",2.95,dm-website
2026-08-30,dm,59097761,"Rexona Antitranspirant Deo Roll-on Nonstop Protection Bright Bouquet, 50 ml",2.95,dm-website
2026-08-30,dm,59097778,"Rexona Antitranspirant Deo Roll-on Nonstop Protection Invisible Aqua, 50 ml",2.95,dm-website
2026-08-30,dm,59097884,"Rexona Antitranspirant Deostick Nonstop Protection Cotton Dry, 50 ml",3.45,dm-website
2026-08-30,dm,59097891,"Rexona Antitranspirant Deostick Nonstop Protection Invisible Aqua, 50 ml",3.45,dm-website
2026-08-30,dm,59097969,"Rexona Antitranspirant Deostick Maximum Protection Bright Bouquet, 50 ml",3.95,dm-website
2026-08-30,dm,59097976,"Rexona Antitranspirant Deostick Maximum Protection, 50 ml",3.95,dm-website
2026-08-30,HIT,5942084505130,Cramele Recas PINOT GRIGIO,2.99,open-prices
2026-08-30,EDEKA,5997523313005,Cup Noodles Chicken,1.29,open-prices
2026-08-30,EDEKA,5997523313050,Nissin CUP NOODLES Curry,1.29,open-prices
2026-08-30,Lidl,5997523313111,NISSIN SOBA Classic,1.79,open-prices
2024-04-24,EDEKA,5997523313135,Nudeln (instant) - Soba Chili mit Yakisoba-Sauce,1.79,open-prices
2025-02-24,EDEKA,5997523313135,Nudeln (instant) - Soba Chili mit Yakisoba-Sauce,1.79,open-prices
2026-08-30,EDEKA,5997523313135,Cup Noodles Nudeln (instant) - Soba Chili mit Yakisoba-Sauce,1.79,open-prices
2025-10-30,Lidl,5997523313135,Nudeln (instant) - Soba Chili mit Yakisoba-Sauce,1.79,open-prices
2026-08-30,Lidl,5997523313135,Cup Noodles Nudeln (instant) - Soba Chili mit Yakisoba-Sauce,1.79,open-prices
2026-08-30,Lidl,5997523313159,Nissin Soba Cup Noodles Teriyaki,1.79,open-prices
2026-08-30,Lidl,5997523313234,Nissin Soba Yakitori Chicken,1.79,open-prices
2026-08-30,Netto,5998002077005,Farmländer Echte ungarische Salami,3.99,open-prices
2026-08-30,EDEKA,5998003106919,Pick Original ungarische Salami,3.79,open-prices
2026-08-30,Kaufland,5998003106919,Pick Original ungarische Salami,5.49,open-prices
2026-08-30,Netto,5998003163844,Pick Ungarische Salami,4.99,open-prices
2026-08-30,Netto,5999509051789,"Spargel, grün, Kl. I",3.33,open-prices
2026-08-30,HIT,6006258002388,Cape White Seedless Grapes,1.99,open-prices
2026-08-30,dm,609332572775,"e.l.f. Cosmetics Sonnencreme Gesicht whoa glow sunbeam, LSF 30, 50 ml",12.95,dm-website
2026-08-30,dm,609332572799,"e.l.f. Cosmetics Sonnencreme Gesicht whoa glow sunburst, LSF 30, 50 ml",12.95,dm-website
2026-08-30,EDEKA,6111250953115,Ahabia Kulturheidelbeeren Mein Beerenglück,2.99,open-prices
2026-08-30,Netto,6375844662818,Kikkoman Sojasauce,6.99,open-prices
2026-08-30,dm,687456213576,"Made Good Müsliriegel, Granola Schokoladenstückchen (6 Stück), 144 g",3.15,dm-website
2026-08-30,dm,687456213583,"Made Good Müsliriegel, Granola gemischte Früchte (6 Stück), 144 g",3.15,dm-website
2026-08-30,dm,687456214924,"Made Good Müsliriegel, Chocolate Drizzled, Granola Bars, Birthday Cake Flavour (5 Stück), 120 g",3.15,dm-website
2026-08-30,dm,687456214931,"Made Good Müsliriegel, Chocolate Drizzled, Granola Bars, Vanilla Flavour (5 Stück), 120 g",3.15,dm-website
2026-08-30,dm,687456214962,"Made Good Müsliriegel, Chocolate Chip, Soft Baked Oat Bars (5 Stück), 150 g",3.25,dm-website
2026-08-30,dm,687456214979,"Made Good Müsliriegel, Blueberry Flavour, Soft Baked Oat Bars (5 Stück), 150 g",3.25,dm-website
2026-08-30,dm,687456216959,"Made Good Müsliriegel, Cinnamon Bun, Soft Baked Oat Bars (5 Stück), 150 g",3.25,dm-website
2026-08-30,dm,687456295459,"Made Good Organic Granola Bites, Chocolate Chip (5 Stück), 120 g",3.15,dm-website
2026-08-30,Netto,7001734722421,Rey Pasta Fusilli,0.88,open-prices
2026-08-30,dm,71164341438,"HASK Shampoo curls + coconut oil, 473 ml",8.95,dm-website
2026-08-30,dm,722252387479,"Clif Bar Energieriegel, Chocolate Chip, 68 g",2.15,dm-website
2026-08-30,dm,722252387530,"Clif Bar Energieriegel, Crunchy Peanut Butter, 68 g",2.15,dm-website
2026-08-30,dm,722252387578,"Clif Bar Energieriegel, White Chocolate Macadamia Nut, 68 g",2.15,dm-website
2026-08-30,Netto,7290017999609,Agrifood Medjoul Datteln mit Stein,2.99,open-prices
2026-08-30,REWE,7300400482172,Wasa Knäckebrot Selection Mohn & Meersalz,2.49,open-prices
2026-08-30,Netto,7300400482523,wasa Wholegrain Biscuits - Cranberry & Oat Flakes,2.0,open-prices
2026-08-30,E-Center,7310960600749,Dafgårds Köttbullar,4.99,open-prices
2026-08-30,dm,7322540728439,"Tempo Feuchtes Toilettenpapier, Reisegröße, 10 St",0.95,dm-website
2026-08-30,E-Center,7322540788709,Essity Tempo Taschentücher,3.65,open-prices
2026-08-30,HIT,7322540788709,Essity Tempo Taschentücher,2.99,open-prices
2026-08-30,dm,7322540907520,"Tempo Feuchtes Toilettenpapier sanft & sensitiv, 42 St",1.75,dm-website
2026-08-30,dm,7322540907551,"Tempo Feuchtes Toilettenpapier sanft & pflegend Kamille, 42 St",1.75,dm-website
2026-08-30,dm,7322540907582,"Tempo Feuchtes Toilettenpapier sanft & pur, 42 St",1.75,dm-website
2026-08-30,dm,7322540907612,"Tempo Feuchtes Toilettenpapier sanft & sensitiv Aloe Vera (2x42 St), 84 St",3.35,dm-website
2026-08-30,dm,7322540907643,"Tempo Feuchtes Toilettenpapier sanft & pflegend Kamille (2x42 St), 84 St",3.35,dm-website
2026-08-30,dm,7322540907674,"Tempo Feuchtes Toilettenpapier sanft & pur (2x42 St), 84 St",3.35,dm-website
2026-08-30,dm,7322540952841,"Tempo Feuchtes Toilettenpapier Mandelmilch & Panthenol, 42 St",1.75,dm-website
2026-08-30,dm,7322540973044,"Zewa Küchenrolle Wisch&Weg Reinweiss (8x45 Blatt), 8 St",5.75,dm-website
2026-08-30,dm,7322540973174,"Zewa Küchenrolle Wisch&Weg eXtra Lang (2x86 Blatt), 2 St",2.95,dm-website
2026-08-30,dm,7322540973235,"Zewa Küchenrolle Wisch&Weg Sparblatt (4x74 Blatt), 4 St",2.95,dm-website
2026-08-30,dm,7322540973440,"Zewa Küchenrolle Wisch&Weg Reinweiss (16x45 Blatt), 16 St",9.95,dm-website
2026-08-30,dm,7322541102092,"Tempo Feuchtes Toilettenpapier Blue Lagoon, 42 St",1.75,dm-website
2026-08-30,dm,7322541147109,"Zewa Toilettenpapier Smart 3-lagig (8x300 Blatt), 8 St",6.95,dm-website
2026-08-30,CAP-Markt,7322541147741,Zewa Smart Toilettenpapier,4.49,open-prices
2026-08-30,dm,7322541147741,"Zewa Toilettenpapier Smart 3-lagig (4x300 Blatt), 4 St",3.95,dm-website
2026-08-30,dm,7322541411828,"Zewa Toilettenpapier Ultra Smart 4-lagig (4x280 Blatt), 4 St",3.95,dm-website
2026-08-30,dm,7322541420493,"Tempo Feuchtes Toilettenpapier sanft & frisch (2x42 St), 84 St",3.35,dm-website
2026-08-30,dm,7322541443003,"Zewa Toilettenpapier bewährt 3-lagig (16x150 Blatt), 16 St",6.75,dm-website
2026-08-30,dm,7322541443584,"Zewa Toilettenpapier bewährt Kamille 3-lagig (16x150 Blatt), 16 St",6.75,dm-website
2026-08-30,dm,7322541458960,"Zewa Küchenrolle Wisch&Weg (2x72 Blatt), 2 St",2.95,dm-website
2026-08-30,dm,7322541459691,"Zewa Toilettenpapier Ultra Soft 4-lagig (8x150 Blatt), 8 St",4.65,dm-website
2026-08-30,dm,7322541459929,"Zewa Toilettenpapier Ultra Soft 4-lagig (20x150 Blatt), 20 St",9.45,dm-website
2026-08-30,dm,7322541460109,"Zewa Toilettenpapier Ultra Soft (8x150 Blatt), 8 St",4.65,dm-website
2026-08-30,dm,7322541748917,"Zewa Toilettenpapier Ultra Senses Mandelblüte 4-lagig (8x135 Blatt), 8 St",4.65,dm-website
2026-08-30,dm,7322541749556,"Zewa Toilettenpapier Ultra Senses Mandelblüte 4-lagig (16x135 Blatt), 16 St",7.95,dm-website
2026-08-30,dm,7322541995373,"Zewa Toilettenpapier Premium 5-lagig (6x110 Blatt), 6 St",4.25,dm-website
2026-08-30,dm,7322542035917,"Danke Toilettenpapier Recycling 3-lagig (8x150 Blatt), 8 St",2.95,dm-website
2026-08-30,dm,7322542037232,"Zewa Toilettenpapier Lufterfrischer 3-lagig (8x150 Blatt), 8 St",3.75,dm-website
2026-08-30,dm,7322542162132,"Tempo Feuchtes Toilettenpapier Natural Skin Balance, 42 St",1.75,dm-website
2026-08-30,dm,7322542461556,"Tempo Feuchte Toilettentücher Sanft für Kinder (2x42 St), 84 St",3.35,dm-website
2026-08-30,dm,7322542508763,"Tempo Feuchtes Toilettenpapier sanft & pflegend Kamille 4x(4x42 St), 672 St",23.95,dm-website
2026-08-30,dm,7322542528334,"Tempo Feuchtes Toilettenpapier Family Maxi Pack, 84 St",3.25,dm-website
2026-08-30,dm,7322542534007,"Danke Toilettenpapier Recycling 3-lagig (16x150 Blatt), 16 St",5.95,dm-website
2026-08-30,dm,7322542552186,"Zewa Küchenrolle Wisch&Weg Sparblatt (8x74 Blatt), 8 St",5.75,dm-website
2026-08-30,dm,7322542575314,"Zewa Toilettenpapier Just1 4-lagig (4x99 Blatt), 4 St",3.95,dm-website
2026-08-30,dm,7322542604489,"Zewa Küchenrolle Wisch&Weg Smart Hülsenlos (2x90 Blatt), 2 St",2.95,dm-website
2026-08-30,dm,7322542631959,"Tempo Feuchtes Toilettenpapier Just 1 XL-Tuch, 56 St",3.35,dm-website
2026-08-30,dm,7322542643181,"Danke Küchenrolle Halbblatt 3-lagig (4x100 Blatt), 4 St",2.95,dm-website
2026-08-30,dm,7330933000215,"Naty Windeln BioEmbrace Gr. 3 (4-9 kg), 30 St",9.95,dm-website
2026-08-30,dm,7330933000246,"Naty Windeln BioEmbrace Gr. 6 (16+ kg), 17 St",9.95,dm-website
2026-08-30,REWE,7340001804430,Barebells Barre proteinée salty peanut,2.79,open-prices
2026-08-30,REWE,7340001807141,Barebells Peanut Butter Protein Bar,2.79,open-prices
2026-08-30,Netto,7394376617904,Oatly Hafer Barista Edition,1.69,open-prices
2026-08-30,dm,74764387387,"ARDELL UV Nagellack 1 Step Gel Coffee Bean, 10 ml",8.95,dm-website
2026-08-30,dm,7509546064864,"Colgate Zahnpasta Max White Expert Original, 75 ml",5.95,dm-website
2026-08-30,dm,7610108047536,"elmex Zahnpasta Sensitive Professional, 75 ml",6.45,dm-website
2026-08-30,dm,7610108053421,"elmex Zahnpasta Kariesschutz Plus, Intensivreinigung, 50 ml",4.95,dm-website
2026-08-30,dm,7610108053568,"elmex Zahnpasta Sensitive Professional Sanftes Weiss, 75 ml",6.95,dm-website
2026-08-30,EDEKA,7610108056316,Aronal Fluoridzahnpasta,3.99,open-prices
2026-08-30,dm,7610108056316,"aronal Zahnpasta Zahnfleischschutz, 75 ml",4.45,dm-website
2026-08-30,dm,7610108059287,"elmex Zahnpasta Sensitive Doppelpack (2 x 75 ml), 150 ml",8.25,dm-website
2026-08-30,dm,7610108059508,"meridol Zahnpasta Zahnfleischschutz (2 x 75 ml), 150 ml",8.25,dm-website
2026-08-30,REWE,7610227954975,Green Mountain Plant-based Pfeffer Medaillon,3.99,open-prices
2026-08-30,dm,7610243002667,"durgol Entkalker Kaffeemaschinen swiss espresso, 250 ml",6.95,dm-website
2026-08-30,REWE,7610400100052,Lindt Swiss Premium Chocolate Vollmilch Nuss,6.49,open-prices
2026-08-30,EDEKA,7610617400044,Strähl Fondue Classic,3.49,open-prices
2026-08-30,E-Center,7610617606491,Original Swiss Raclette-Käse,2.4,open-prices
2026-08-30,CAP-Markt,7610617606996,Strähl Raclette-Trio,6.5,open-prices
2026-08-30,dm,7610815028774,"Plant-for-the-Planet Schokolade, Vollmilch, 100 g",2.15,dm-website
2026-08-30,dm,7610815101194,"Plant-for-the-Planet Schokolade, Zartbitter, 100 g",2.15,dm-website
2026-08-30,dm,7611916653278,"WELEDA Duschgel Pink Peach, 200 ml",5.95,dm-website
2026-08-30,EDEKA,7613030060543,Original Wagner Steinofen Pizzies,3.49,open-prices
2026-08-30,EDEKA,7613030063773,Original Wagner Pizza MiniesPizzies Salami,3.49,open-prices
2026-08-30,E-Center,7613033157776,Nestlé Nesquik,5.49,open-prices
2026-08-30,EDEKA,7613034854452,Wagner Rustipani Salami,2.29,open-prices
2026-08-30,EDEKA,7613034854957,Original Wagner Rustipani Hähnchen,2.29,open-prices
2026-08-30,Netto,7613035050655,Nestlé Bum Bum,3.99,open-prices
2026-08-30,EDEKA,7613035507340,Original Wagner Pizzabrot Rustipani dunkles Ofenbrot Elsässer Art,2.29,open-prices
2026-08-30,Netto,7613035587427,Maggi 5 Minuten Gulasch Topf (ungarischer Art),1.49,open-prices
2026-08-30,Netto,7613035925489,Wagner Steinofen Pizza Salami,3.49,open-prices
2026-08-30,EDEKA,7613036107365,Mövenpick Bourbon-Vanille-Eis,1.79,open-prices
2026-08-30,Rossmann,7613036310116,Nescafé Gold - Original,6.99,open-prices
2026-08-30,Kaufland,7613037683417,Maggi Saucy Noodles Sesame Chicken Taste,1.04,open-prices
2026-08-30,E-Center,7613038028910,Dolce Gusto Lungo,5.49,open-prices
2026-08-30,Netto,7613038427782,KITKAT Chuncky barre au chocolat blanc 4x40g,2.99,open-prices
2026-08-30,WEZ,7613039660874,Maggi Gemüsebrühe,1.99,open-prices
2026-08-30,Netto,7613287109514,Nestlé Lion Snack Size,2.99,open-prices
2026-08-30,Netto,7613287109552,Nestlé Lion White,2.99,open-prices
2026-08-30,E-Center,7613287202833,Nestlé KitKat,2.99,open-prices
2026-08-30,Netto,7613287238603,MAGGI Fix für Geschnetzeltes Züricher Art,1.09,open-prices
2026-08-30,E-Center,7613287335159,Starbucks Macchiato Madagascar Vanilla,5.49,open-prices
2026-08-30,EDEKA,7613287904898,Original Wagner Rustipani Dunkles Ofenbrot Pilz-Trio,2.29,open-prices
2026-08-30,Netto,7614500010013,Toblerone Milk Chocolate Almond Nougat,1.49,open-prices
2026-08-30,Netto,7614500010310,Toblerone,1.49,open-prices
2026-08-30,Netto,7614500010617,Toblerone Dark Chocolate with Honey and Almond Nougat,1.49,open-prices
2026-08-30,dm,7614800261443,"Kambly Kekse, Nuss-Schokoladen Creme, 100 g",2.75,dm-website
2026-08-30,REWE,7622010002442,Milka Alles Gute Pralinen,3.89,open-prices
2026-08-30,REWE,7622200009084,Milka Schoko & Keks,4.99,open-prices
2026-08-30,Norma,7622201727130,Marabou Hazelnut,2.99,open-prices
2026-08-30,E-Center,7622202009969,7 Days Double Vanilla Flavour & Sour Cherry Flavoured Filling croissant,1.59,open-prices
2026-08-30,E-Center,7622202010231,7 Days Double Croissant Kakao & Vanille,1.59,open-prices
2026-08-30,E-Center,7622202214769,7 Days Mini Croissants Cocoa Vanilla,1.59,open-prices
2026-08-30,Kaufland,7622202257124,Milka Alpenmilch,1.99,open-prices
2026-08-30,Kaufland,7622202257520,MILKA Lufflee,1.11,open-prices
2026-08-30,Kaufland,7622210055439,Milka Bunte Kakaolinsen,1.11,open-prices
2026-08-30,ALDI,7622210255136,Marabou Mjölk Choklad,2.99,open-prices
2026-08-30,Kaufland,7622210349675,Milka Caramel,1.11,open-prices
2026-08-30,REWE,7622210597915,I love Milka Pralines Haselnusscrème,3.89,open-prices
2026-08-30,Netto,7622210598011,Milka Pralines,3.49,open-prices
2026-08-30,REWE,7622210598011,Milka Pralines,3.89,open-prices
2026-08-30,Lidl,7622210598080,Milka Pralines Milchcreme,1.99,open-prices
2026-08-30,ALDI,7622210641403,TUC Cheese,0.89,open-prices
2026-08-30,EDEKA,7622210732507,Milka Mmmax Mandel Karamell,2.99,open-prices
2026-08-30,Netto,7622210755506,Mondelez Golden (4x 4 Stück),1.99,open-prices
2026-08-30,EDEKA,7622210927408,Philadelphia Cottage Cheese,0.99,open-prices
2026-08-30,REWE,7622210927408,Philadelphia Cottage Cheese,1.79,open-prices
2026-08-30,REWE,7622300318116,Kräuter Philadelphia,1.0,open-prices
2026-03-07,ALDI,7622300476144,Mikado Milch Schokolade,1.29,open-prices
2026-08-30,ALDI,7622300476144,Glico Mikado Milch Schokolade,1.29,open-prices
2025-02-01,Kaufland,7622300476144,Mikado Milch Schokolade,1.99,open-prices
2026-08-30,Kaufland,7622300476144,Glico Mikado Milch Schokolade,1.99,open-prices
2026-07-31,Lidl,7622300476144,Mikado Milch Schokolade,2.19,open-prices
2026-08-30,Lidl,7622300476144,Glico Mikado Milch Schokolade,2.19,open-prices
2025-11-15,Netto,7622300476144,Mikado Milch Schokolade,1.99,open-prices
2026-07-11,Netto,7622300476144,Mikado Milch Schokolade,2.19,open-prices
2026-08-30,Netto,7622300476144,Glico Mikado Milch Schokolade,2.19,open-prices
2026-03-07,ALDI,7622300479008,Mikado Zartherbe Schokolade,1.29,open-prices
2026-08-30,ALDI,7622300479008,Glico Mikado Zartherbe Schokolade,1.29,open-prices
2026-07-31,Lidl,7622300479008,Mikado Zartherbe Schokolade,2.19,open-prices
2026-08-30,Lidl,7622300479008,Glico Mikado Zartherbe Schokolade,2.19,open-prices
2025-11-15,Netto,7622300479008,Mikado Zartherbe Schokolade,1.99,open-prices
2026-07-11,Netto,7622300479008,Mikado Zartherbe Schokolade,2.19,open-prices
2026-08-30,Netto,7622300479008,Glico Mikado Zartherbe Schokolade,2.19,open-prices
2026-08-30,Netto,7622300721459,Marabou Daim XL cookies,2.99,open-prices
2026-08-30,Kaufland,7622400005190,Milka Happy Cow,1.11,open-prices
2026-08-30,Netto,7630040401012,Martini Bianco,8.99,open-prices
2026-08-30,ALDI,7630040408837,Martini Rosso,6.99,open-prices
2026-08-30,ALDI,7630040408981,Martini Bianco,6.99,open-prices
2026-08-30,CAP-Markt,7640103580493,Hardegger Le Gruyère Switzerland,2.65,open-prices
2026-08-30,dm,7640161872219,"Holle Kindermüsli mit Cornflakes ab dem 10. Monat, 250 g",3.45,dm-website
2026-08-30,dm,7640161872301,"Holle Kindermüsli Frucht ab dem 10.Monat, 250 g",3.25,dm-website
2026-08-30,dm,7640230493314,"Holle Kindermüsli Knusper Lama Loops mit Hafer, Mais, Apfel & Erdbeere, ab 1 Jahr, 125 g",2.15,dm-website
2026-08-30,dm,7640230493338,"Holle Kindermüsli Knusper Choco Chipmunk mit Hafer, Mais, Kakao & Apfel ab 1 Jahr, 125 g",2.15,dm-website
2026-08-30,CAP-Markt,7751262001566,Camposol Kulturheidelbeeren,2.99,open-prices
2026-08-30,EDEKA,7751262004208,Camposol Kulturheidelbeeren,3.99,open-prices
2026-08-30,Netto,7751262004208,Camposol Kulturheidelbeeren,3.99,open-prices
2026-08-30,EDEKA,7759152000767,Agrovision Peru Kulturheidelbeeren,2.94,open-prices
2026-08-30,E-Center,8000070009745,Lavazza Café Bio-Organic,11.99,open-prices
2026-08-30,REWE,8000070012837,Lavazza Espresso Italiano classico ground coffee,4.49,open-prices
2026-08-30,Rossmann,8000070012837,Lavazza Espresso Italiano classico ground coffee,6.99,open-prices
2026-08-30,Rossmann,8000070038868,Lavazza Crema e Gusto Classico,6.49,open-prices
2025-06-07,EDEKA,8000270011319,Nudeln - Farfalle,1.99,open-prices
2025-07-16,EDEKA,8000270011319,Nudeln - Farfalle,0.88,open-prices
2025-12-04,EDEKA,8000270011319,Nudeln - Farfalle,0.88,open-prices
2026-04-21,EDEKA,8000270011319,Nudeln - Farfalle,0.79,open-prices
2026-06-18,EDEKA,8000270011319,Nudeln - Farfalle,0.79,open-prices
2026-08-30,EDEKA,8000270011319,Delverde Nudeln - Farfalle,0.79,open-prices
2025-06-11,Nahkauf,8000270011319,Nudeln - Farfalle,1.89,open-prices
2026-08-30,Nahkauf,8000270011319,Delverde Nudeln - Farfalle,1.89,open-prices
2026-08-12,Netto,8000270011319,Nudeln - Farfalle,1.6,open-prices
2026-08-30,Netto,8000270011319,Delverde Nudeln - Farfalle,1.6,open-prices
2026-08-30,EDEKA,8000270013085,Delverde Penne Rigate,0.88,open-prices
2026-08-30,E-Center,8000270013115,Buitoni Nudeln Cellentani,0.89,open-prices
2026-08-30,EDEKA,8000270016284,Buitoni Spaghetti 72,0.88,open-prices
2026-08-30,EDEKA,8000270706406,Buitoni Tagliatelle 16,1.89,open-prices
2026-08-30,EDEKA,8000270706505,Buitoni Gabelletti,1.89,open-prices
2026-08-30,E-Center,8000430133035,GALBANI mozzarella,1.0,open-prices
2026-08-30,Netto,8000430133035,GALBANI mozzarella,0.88,open-prices
2026-08-30,E-Center,8000430135060,Galbani Mozzarella maxi,1.99,open-prices
2026-08-30,EDEKA,8000430135060,Galbani Mozzarella maxi,2.44,open-prices
2026-08-30,Netto,8000500217078,Nutella B-ready,3.59,open-prices
2026-08-30,Kaufland,8000500227848,Biscuits NUTELLA B-ready Noisettes et Cacao x6 - 132g,2.59,open-prices
2026-08-30,ALDI,8000500269169,Biscuits Fourrés KINDER Cards Lait et Cacao 2x5 - 128g,2.89,open-prices
2026-08-30,ALDI,8000500272442,FERRERO Hanuta,2.79,open-prices
2026-08-30,Netto,8000500272442,FERRERO Hanuta,2.49,open-prices
2026-08-30,V-MARKT,8000500273449,Ferrero Kinder Bueno Big Pack,4.19,open-prices
2026-08-30,Netto,8000500276679,Ferrero Duplo White,3.99,open-prices
2026-08-30,EDEKA,8000500289877,Kinder Schokobons White,3.79,open-prices
2026-08-30,Kaufland,8000500309469,Chocolat Kinder Chocofresh fourré lait noisette x5,2.39,open-prices
2026-08-30,Netto,8000500309469,Chocolat Kinder Chocofresh fourré lait noisette x5,1.79,open-prices
2026-08-30,ALDI,8000500385807,Kinder DUO,2.89,open-prices
2026-08-30,V-MARKT,8000500402597,Tic Tac Ferrero Tic tac Citrus Mix,1.99,open-prices
2026-08-30,E-Center,8000500426494,Ferrero Nutella Plant-Based,3.29,open-prices
2026-08-30,EDEKA,8000500426494,Ferrero Nutella Plant-Based,3.99,open-prices
2026-08-30,Kaufland,8000755020461,Felicetti Spaghetti,1.69,open-prices
2026-08-30,REWE,8001090510327,Procter & Gamble Fairy Konzentrat,1.89,open-prices
2026-08-30,dm,8001090573049,"blend-a-med Zahnpasta Complete Protect Expert Tiefenreinigung, 75 ml",2.75,dm-website
2026-08-30,dm,8001090698346,"Pampers Splashers Schwimmwindeln Gr. 3-4 (6-11 kg), 12 St",6.95,dm-website
2026-08-30,dm,8001090698384,"Pampers Splashers Schwimmwindeln Gr. 4-5 (9-15 kg), 11 St",6.95,dm-website
2026-08-30,dm,8001090728951,"Pampers Splashers Schwimmwindeln Gr. 5-6 (14+ kg), 10 St",6.95,dm-website
2026-08-30,dm,8001090896049,"head&shoulders Shampoo Anti-Schuppen Apple Fresh, 500 ml",6.95,dm-website
2026-08-30,dm,8001090896216,"head&shoulders Shampoo Anti-Schuppen Citrus Fresh, 500 ml",6.95,dm-website
2026-08-30,dm,8001090896315,"head&shoulders Shampoo Anti-Schuppen Classic Clean, 500 ml",6.95,dm-website
2026-08-30,dm,8001090896735,"head&shoulders Shampoo Anti-Schuppen bei juckender Kopfhaut, 500 ml",6.95,dm-website
2026-08-30,Lidl,8001230001180,Giovanni Ferrari Grana Padano,3.49,open-prices
2026-08-30,Nahkauf,8001230001494,Giovanni Ferrari Ferrari Grana Padano Gerieben,1.9,open-prices
2026-08-30,EDEKA,8001250120076,De Cecco Linguine n° 7,1.29,open-prices
2026-08-30,EDEKA,8001250120236,De Cecco Tortiglioni,2.49,open-prices
2026-08-30,EDEKA,8001250120342,De Cecco Fusilli No. 34,1.49,open-prices
2026-08-30,EDEKA,8001250120410,De Cecco Penne Rigate nº 41,2.49,open-prices
2026-08-30,HIT,8001250120410,De Cecco Penne Rigate nº 41,1.49,open-prices
2026-08-30,EDEKA,8001250120885,De Cecco Nudeln Casareccia n°88,1.29,open-prices
2026-08-30,EDEKA,8001250120915,"De Cecco Orecchiette, Nudeln",1.49,open-prices
2026-08-30,REWE,8001250220011,De Cecco Olio extra vergine di oliva - Classico,11.99,open-prices
2026-08-30,dm,8001280012464,"FELCE AZZURRA Duschgel Original, 250 ml",2.25,dm-website
2026-08-30,Netto,8001585001309,Balconi Rollino Hazelnut,1.49,open-prices
2026-08-30,Kaufland,8001585001323,Balconi Rollino Latte,1.49,open-prices
2026-08-30,Lidl,8001665727624,Giovanni Rana Ricotta und Spinat,3.49,open-prices
2026-08-30,Netto,8001665727631,Rana Funghi Porcini Pasta,2.99,open-prices
2026-08-30,Lidl,8001665727648,LIDL Giovanni Rana GOURMET Cappeletti Prosciutto di Parma 500g 3.49€ 1kg 6.98€,3.99,open-prices
2026-08-30,Kaufland,8001665730518,Rana Indian Style Butter Chicken,4.99,open-prices
2026-08-30,Netto,8001740722056,Pasta Rey Spaghetti No. 5,1.89,open-prices
2026-08-30,Netto,8001740722421,Pasta Rey Rey Fusili,1.89,open-prices
2026-08-30,Netto,8001740722568,Pasta Rey Penne No. 79,1.89,open-prices
2026-08-30,EDEKA,8002200140694,KIMBO il Caffè die Napoli CAFFÉ CREMA CLASSICO,24.99,open-prices
2026-08-30,REWE,8002470031616,Brat Olivenöl von Bertolli,6.99,open-prices
2026-08-30,Netto,8002470031920,Bertolli Olivenöl Cucina neutral,5.99,open-prices
2026-08-30,Kaufland,8002470031944,Bertolli Natives Olivenöl Extra Originale,7.99,open-prices
2026-08-30,EDEKA,8002470032019,Bertolli Öl - Natives Olivenöl Extra,12.99,open-prices
2026-08-30,E-Center,8002503400488,Ambrosi Scamorza affumicata,4.99,open-prices
2026-08-30,Kaufland,8002920017993,K-Classic weiße Riesenbohnen,0.99,open-prices
2026-08-30,Kaufland,8002920018266,K Classic herzhafte Baked Beans,0.99,open-prices
2026-08-30,dm,8003520013040,"Palmolive Flüssigseife Aquarium, 300 ml",1.45,dm-website
2026-08-30,Kaufland,8004225017449,Toscana Buonissima Pancetta,7.99,open-prices
2026-08-30,V-MARKT,8004225033203,Casa Modena Salame napoli,4.79,open-prices
2026-08-30,EDEKA,80042556,MUTTI tomatenpulp,1.49,open-prices
2026-08-30,dm,8004260007788,"Hakle Toilettenpapier 4-lagig (9x100 Blatt), 9 St",5.25,dm-website
2026-08-30,dm,8004260007870,"Regina Toilettenpapier (4x300 Blatt), 4 St",3.45,dm-website
2026-08-30,E-Center,8004305005199,Dinotte Mezzacorona,3.99,open-prices
2026-08-30,REWE,8005110170423,Mutti Tomatenfruchtfleisch mit Basilikum,1.99,open-prices
2026-08-30,REWE,8005110170461,Mutti Pulpa Tomatenfruchtfleisch mit Knobi,1.79,open-prices
2026-08-30,REWE,8005110551215,Mutti Pizzasauce Aromatica,2.19,open-prices
2026-08-30,Kaufland,8005153005010,Montorsi Salame Spianata Romana,2.0,open-prices
2026-08-30,REWE,8005286032853,Famiglia Rocca Primitivo Susumaniello,7.99,open-prices
2026-08-30,REWE,8005286036455,Famiglia Rocca Primitivo Susumaniello,7.99,open-prices
2026-08-30,E-Center,80053835,Classico - Olio Extra Vergine d'oliva monini,9.99,open-prices
2026-08-30,E-Center,8005510002256,Monini Delicato Olivenöl,9.99,open-prices
2026-08-30,HIT,8006050120653,Mazzetti Essig,2.99,open-prices
2026-08-30,dm,8006530040792,"Oral-B Zahnpasta 3D White Professional Express Whitening frisches Strahlen, 75 ml",5.45,dm-website
2026-08-30,dm,8006530040877,"Oral-B Zahnpasta 3D White Luxe Charcoal, 75 ml",3.95,dm-website
2026-08-30,dm,8006530040976,"Oral-B Zahnpasta 3D White Luxe Perfection, 75 ml",3.95,dm-website
2026-08-30,dm,8006530040983,"Oral-B Zahnpasta PRO 3D White Clinical Intensive Whitening, 75 ml",6.95,dm-website
2026-08-30,dm,8006530060042,"PANTENE PRO-V Shampoo Grow Abundant Anti-Haarverlust, 290 ml",7.95,dm-website
2026-08-30,dm,8006530100083,"ARIEL Vollwaschmittel Pulver, 23 Wl",7.45,dm-website
2026-08-30,dm,8006530100236,"ARIEL Colorwaschmittel Pulver, 23 Wl",7.45,dm-website
2026-08-30,dm,8006530100427,"ARIEL Colorwaschmittel Pulver, 72 Wl",18.75,dm-website
2026-08-30,dm,8006530100434,"ARIEL Vollwaschmittel Pulver, 72 Wl",18.75,dm-website
2026-08-30,dm,8006530104487,"ARIEL Vollwaschmittel flüssig, 50 Wl",11.95,dm-website
2026-08-30,dm,8006530104609,"ARIEL Colorwaschmittel flüssig, 50 Wl",11.95,dm-website
2026-08-30,dm,8006530104746,"ARIEL Colorwaschmittel flüssig, 80 Wl",18.75,dm-website
2026-08-30,dm,8006530105149,"ARIEL Vollwaschmittel flüssig, 80 Wl",18.75,dm-website
2026-08-30,dm,8006530107099,"Pampers premium protection Windeln Gr 3+ (7-11 kg) Monatsbox, 186 St",55.75,dm-website
2026-08-30,dm,8006530107105,"Pampers premium protection Windeln Gr. 5+ (12-17 kg) Monatsbox, 148 St",59.95,dm-website
2026-08-30,dm,8006530107129,"Pampers premium protection Windeln Gr. 4+ (10-15 kg) Monatsbox, 162 St",58.25,dm-website
2026-08-30,dm,8006530116305,"Pampers Feuchttücher 99 % water (4x60 St), 240 St",7.95,dm-website
2026-08-30,dm,8006530116374,"Pampers Feuchttücher 99 % water (18x60 St), 1.080 St",29.95,dm-website
2026-08-30,dm,8006530123556,"Herbal Essences Shampoo Limettenduft, Tiefenreinigung & Glanz, 350 ml",3.95,dm-website
2026-08-30,dm,8006530131148,"Pampers premium protection Windeln Gr. 5 (11-16 kg), 21 St",8.95,dm-website
2026-08-30,dm,8006530131179,"Pampers premium protection Windeln Gr. 1 (2-5 kg), 33 St",6.95,dm-website
2026-08-30,dm,8006530131216,"Pampers premium protection Windeln Premium Protection Gr. 6 XL (13-18 kg), 19 St",8.95,dm-website
2026-08-30,dm,8006530131353,"Pampers premium protection Windeln Gr. 0 Micro (<3 kg), 30 St",6.95,dm-website
2026-08-30,dm,8006530131469,"Pampers premium protection Windeln Gr. 4 Maxi (9-14 kg), 25 St",8.95,dm-website
2026-08-30,dm,8006530131711,"Pampers premium protection Windeln New Baby Gr. 2 Mini (4-8 kg), 35 St",8.95,dm-website
2026-08-30,dm,8006530143219,"Pampers baby-dry Windeln Gr. 8 XL (17+ kg) Big Pack, 44 St",19.95,dm-website
2026-08-30,dm,8006530143301,"Pampers baby-dry Windeln Gr. 2 (4-8 kg) Big Pack, 98 St",19.95,dm-website
2026-08-30,dm,8006530143325,"Pampers baby-dry Windeln Gr. 4+ (10-15 kg) Big Pack, 66 St",19.95,dm-website
2026-08-30,dm,8006530143349,"Pampers baby-dry Windeln Gr. 6 XL (13-18 kg) Big Pack, 54 St",19.95,dm-website
2026-08-30,dm,8006530143400,"Pampers baby-dry Windeln Gr. 4 (9-14 kg) Big Pack, 72 St",19.95,dm-website
2026-08-30,dm,8006530143462,"Pampers baby-dry Windeln Gr. 5+ (12-17 kg) Big Pack, 58 St",19.95,dm-website
2026-08-30,dm,8006530143561,"Pampers baby-dry Windeln Gr. 7 XL (15+ kg) Big Pack, 48 St",19.95,dm-website
2026-08-30,dm,8006530143677,"Pampers baby-dry Windeln Gr. 5 (11-16 kg) Big Pack, 62 St",19.95,dm-website
2026-08-30,dm,8006530143813,"Pampers baby-dry Windeln Gr. 3 (6-10 kg) Big Pack, 84 St",19.95,dm-website
2026-08-30,dm,8006530152105,"Pampers premium protection Windeln Gr. 7 XL (15+ kg) Big Pack, 42 St",19.95,dm-website
2026-08-30,dm,8006530152143,"Pampers premium protection Windeln Gr. 5 (11-16 kg) Big Pack, 50 St",19.95,dm-website
2026-08-30,dm,8006530152181,"Pampers premium protection Windeln Gr. 6 XL (13-18 kg) Big Pack, 46 St",19.95,dm-website
2026-08-30,dm,8006530153034,"ARIEL Colorwaschmittel Pods, 19 Wl",7.45,dm-website
2026-08-30,dm,8006530153584,"ARIEL Colorwaschmittel Pods, 100 Wl",29.45,dm-website
2026-08-30,dm,8006530153607,"ARIEL Vollwaschmittel Pods, 100 Wl",29.45,dm-website
2026-08-30,dm,8006530153683,"ARIEL Vollwaschmittel Pods, 50 Wl",14.95,dm-website
2026-08-30,dm,8006530153706,"ARIEL Colorwaschmittel Pods, 50 Wl",14.95,dm-website
2026-08-30,dm,8006530174442,"Lenor Vollwaschmittel flüssig sensitiv, 100 Wl",21.95,dm-website
2026-08-30,dm,8006530174503,"Lenor Vollwaschmittel flüssig sensitiv, 25 Wl",6.45,dm-website
2026-08-30,dm,8006530174572,"Lenor Colorwaschmittel flüssig Amethyst Blütentraum, 100 Wl",21.95,dm-website
2026-08-30,dm,8006530174664,"Lenor Colorwaschmittel flüssig Amethyst Blütentraum, 25 Wl",6.45,dm-website
2026-08-30,dm,8006530174718,"Lenor Vollwaschmittel Aprilfrisch flüssig, 25 Wl",6.45,dm-website
2026-08-30,dm,8006530174794,"Lenor Waschmittel Universal flüssig Aprilfrisch, 100 Wl",21.95,dm-website
2026-08-30,dm,8006530189804,"Pampers premium protection Windeln Gr. 2 (4-8 kg) Big Pack, 82 St",19.95,dm-website
2026-08-30,dm,8006530189835,"Pampers premium protection Windeln Gr. 3 (6-10 kg) Big Pack, 70 St",19.95,dm-website
2026-08-30,dm,8006530189842,"Pampers premium protection Windeln Gr. 4 (9-14 kg) Big Pack, 60 St",19.95,dm-website
2026-08-30,dm,8006530189866,"Pampers premium protection Windeln Gr. 4+ (10-15 kg) Big Pack, 54 St",19.95,dm-website
2026-08-30,dm,8006530189903,"Pampers premium protection Windeln Gr. 3+ (7-11 kg) Big Pack, 64 St",19.95,dm-website
2026-08-30,dm,8006530197731,"Lenor Vollwaschmittel Pods Aprilfrisch, 100 Wl",28.95,dm-website
2026-08-30,dm,8006530197908,"Lenor Colorwaschmittel Pods Blütentraum, 50 Wl",14.95,dm-website
2026-08-30,dm,8006530198011,"Lenor Colorwaschmittel Pods Blütentraum, 100 Wl",28.95,dm-website
2026-08-30,dm,8006530198066,"Lenor Vollwaschmittel Pods Aprilfrisch, 19 Wl",6.45,dm-website
2026-08-30,dm,8006530200523,"Lenor Colorwaschmittel Pulver Blütentraum, 90 Wl",21.95,dm-website
2026-08-30,dm,8006530200776,"Lenor Vollwaschmittel Pulver Aprilfrisch, 90 Wl",21.95,dm-website
2026-08-30,dm,8006530200790,"Lenor Vollwaschmittel Pulver Sensitiv, 23 Wl",6.45,dm-website
2026-08-30,dm,8006530222006,"head&shoulders Shampoo Anti-Schuppen Tiefenpflege, 250 ml",3.95,dm-website
2026-08-30,dm,8006530222266,"head&shoulders Shampoo Anti-Schuppen Classic Clean, 250 ml",3.95,dm-website
2026-08-30,dm,8006530232067,"FAIRY Spülmittel Max Power Granatapfel, 545 ml",2.95,dm-website
2026-08-30,dm,8006530290012,"Herbal Essences Shampoo Fiji, 350 ml",3.95,dm-website
2026-08-30,dm,8006530325530,"AUSSIE Shampoo Bouncy Curls, 300 ml",4.95,dm-website
2026-08-30,dm,8006530325592,"AUSSIE Shampoo Miracle Moist, 300 ml",4.95,dm-website
2026-08-30,dm,8006530381536,"Pampers baby-dry Windeln baby-dry Gr. 4 (9-14 kg) Big Economy Pack, 78 St",19.95,dm-website
2026-08-30,dm,8006530381581,"Pampers baby-dry Windeln baby-dry Gr. 5 (11-16 kg) Big Economy Pack, 68 St",19.95,dm-website
2026-08-30,dm,8006540422731,"FAIRY Spülmittel Max Power Original, 545 ml",2.95,dm-website
2026-08-30,dm,8006540705513,"Pampers premium protection Windeln Gr. 1 Newborn (2-5 kg) Monatsbox, 180 St",39.55,dm-website
2026-08-30,dm,8006540705544,"Pampers premium protection Windeln New Baby Gr. 2 Mini (4-8 kg) Monatsbox, 240 St",52.95,dm-website
2026-08-30,dm,8006540705575,"Pampers premium protection Windeln Gr. 3 Midi (6-10 kg) Monatsbox, 204 St",55.95,dm-website
2026-08-30,dm,8006540705612,"Pampers premium protection Windeln Gr. 4 Maxi (9-14 kg) Monatsbox, 174 St",55.95,dm-website
2026-08-30,dm,8006540705643,"Pampers premium protection Windeln Gr. 5 Junior (11-16 kg) Monatsbox, 152 St",58.95,dm-website
2026-08-30,dm,8006540705674,"Pampers premium protection Windeln Gr. 6 Extra Large (13+ kg) Monatsbox, 144 St",59.95,dm-website
2026-08-30,dm,8006540710494,"Pampers premium protection Windeln Pants Gr. 4 Maxi (9-15 kg) Monatsbox, 168 St",69.95,dm-website
2026-08-30,dm,8006540785003,"Pampers baby-dry Windeln Gr. 3 Midi (6-10 kg) Monatsbox, 222 St",49.95,dm-website
2026-08-30,dm,8006540785034,"Pampers baby-dry Windeln Gr. 4 Maxi (9-14 kg) Monatsbox, 204 St",54.45,dm-website
2026-08-30,dm,8006540785065,"Pampers baby-dry Windeln Gr. 4+ Maxi Plus (10-15 kg) Monatsbox, 198 St",57.85,dm-website
2026-08-30,dm,8006540785089,"Pampers baby-dry Windeln Gr. 5 Junior (11-16 kg) Monatsbox, 174 St",54.5,dm-website
2026-08-30,dm,8006540785119,"Pampers baby-dry Windeln Gr. 5+ Junior Plus (12-17 kg) Monatsbox, 168 St",55.95,dm-website
2026-08-30,dm,8006540785133,"Pampers baby-dry Windeln Gr. 6 Extra Large (13-18 kg) Monatsbox, 148 St",53.5,dm-website
2026-08-30,dm,8006540785164,"Pampers baby-dry Windeln Gr. 7 Extra Large (15+ kg) Monatsbox, 132 St",53.45,dm-website
2026-08-30,dm,8006540785188,"Pampers baby-dry Windeln Gr. 8 Extra Large (17+ kg) Monatsbox, 120 St",52.95,dm-website
2026-08-30,dm,8006540838945,"Old Spice Duschgel Captain 3in1, 250 ml",2.35,dm-website
2026-08-30,REWE,8006540947203,blend-a-med Extra Frisch Clean,1.85,open-prices
2026-08-30,EDEKA,8008530008970,Cantine Caviro Tavernello White Wine 1LT,1.99,open-prices
2026-08-30,E-Center,8008698003183,Schär Baguette,3.99,open-prices
2026-08-30,E-Center,8008698003213,Schär MINI BAGUETTE - 2 pièces,2.35,open-prices
2026-08-30,EDEKA,8008698003213,Schär MINI BAGUETTE - 2 pièces,2.35,open-prices
2026-08-30,E-Center,8008698005491,Schär CHOCO CHIP COOKIES - Biscuits aux pépites de chocolat,2.49,open-prices
2026-08-30,E-Center,8008698006771,Schär Chicken Fingers,4.69,open-prices
2026-08-30,E-Center,8008698010259,Schär CIABATTINE - Petits pavés précuits,2.95,open-prices
2026-08-30,EDEKA,8008698010259,Schär CIABATTINE - Petits pavés précuits,2.79,open-prices
2026-08-30,E-Center,8008698010778,Schär Sauerteigbrot mit Preiselbeeren,3.79,open-prices
2026-08-30,REWE,8008698012857,Schär Petit beurre,2.79,open-prices
2026-08-30,REWE,8008698013663,Schär Lemon Cake,3.89,open-prices
2026-08-30,REWE,8008698016756,Schär P'TIT MATIN (Avena),2.79,open-prices
2026-08-30,Kaufland,8008698022214,Schär PAIN CAMPAGNARD AUX GRAINES - Grandes tranches aux graines,2.95,open-prices
2026-08-30,dm,8008698026281,"Schär Schokoriegel, ""Melto"" Chocolat au Lait, glutenfrei (3 Stück), 90 g",3.15,dm-website
2026-08-30,E-Center,8008698027424,Schär Meisterbäckers Mehrkorn,3.25,open-prices
2026-08-30,dm,8008698027813,"Schär Brötchen, Schoko ""Bon Choc"" (4 Stück), glutenfrei, 220 g",3.35,dm-website
2026-08-30,E-Center,8008698028315,Schär Landbrot mit Buchweizen,3.05,open-prices
2026-08-30,E-Center,8008698029633,Schär Begels Gluten Lactose Free,3.99,open-prices
2026-08-30,E-Center,8008698038734,Schär Brot Vital,3.25,open-prices
2026-08-30,E-Center,8008698040126,Schär Soft cookies double chocolate,3.49,open-prices
2026-08-30,E-Center,8008698041277,Schär Muffin Choco Chips,3.49,open-prices
2026-08-30,E-Center,8008698043479,Schär Vitaminbrot,3.59,open-prices
2026-08-30,REWE,8008698050002,Schär Maxi Break,1.79,open-prices
2026-08-30,Netto,8008757001891,Kanzi Power of Great Taste Äpfel,1.99,open-prices
2026-08-30,dm,8008970056609,"Tesori d'Oriente Cremedusche Byzantium, 250 ml",2.55,dm-website
2026-08-30,dm,8008970058252,"Tesori d'Oriente Cremedusche Hammam, Arganöl & Orangenblüte, 250 ml",2.55,dm-website
2026-08-30,dm,8008970059709,"Tesori d'Oriente Körpercreme Byzantium, 300 ml",5.45,dm-website
2026-08-30,dm,8008970060446,"Tesori d'Oriente Cremedusche IKIGAI, 250 ml",2.55,dm-website
2026-08-30,dm,8008970063867,"Tesori d'Oriente Flüssigseife Ikigai Kirschblüte & Reiswasser, 300 ml",2.65,dm-website
2026-08-30,dm,8008970064192,"Tesori d'Oriente Handcreme Ikigai, 75 ml",2.95,dm-website
2026-08-30,dm,800897271794,"NYX PROFESSIONAL MAKEUP Concealer Wonder Snatch 22 Cafe, 3 ml",8.95,dm-website
2026-08-30,REWE,8010721978139,Caseifici Geänderte Spa Parmegiano Reggiano,4.99,open-prices
2026-08-30,Netto,8012678009904,Gilli Weiche Cantuccini Typ Mandeln,3.49,open-prices
2026-08-30,REWE,8012678010160,Gilli Stirati,3.59,open-prices
2026-08-30,Kaufland,8015559001172,kclassic Pesto alla genoverse,0.99,open-prices
2026-08-30,Kaufland,8015559003435,Kaufland gegrillte Artischocken,2.29,open-prices
2026-08-30,Kaufland,8015673029922,Italpizza la Numero Uno Prosciutto & Funghi,3.49,open-prices
2026-08-30,Netto,8016563035146,Riel Fruchthandel Single Bulb Garlic!,2.99,open-prices
2026-08-30,Netto,8023666002005,Mazzoni Plattpfirsiche,2.25,open-prices
2026-08-30,Netto,8033003662090,Trauben-Mix,2.69,open-prices
2026-08-30,EDEKA,8033629480122,Caseifici Artigiani La perle die bufala,3.03,open-prices
2026-08-30,REWE,8033803727241,Eurogroup Italia Tafeltrauben kernlos - Klasse 1,2.69,open-prices
2026-08-30,E-Center,8033976252632,Ambrosi Parmigiano Reggiano DOP,1.5,open-prices
2026-08-30,Kaufland,8050327210615,Bio kClassic passierte Tomaten,1.69,open-prices
2026-08-30,Kaufland,8050444757109,Italia Meal Baked Beans,0.99,open-prices
2026-08-30,REWE,8052879380242,Sterilgarda Sag Bianco Ricotta,1.59,open-prices
2026-08-30,REWE,8052879380631,Gaminzojas Colla Spa Grana Padano gerieben (10 Monate gereift),3.29,open-prices
2026-08-30,dm,8053323641179,"LaSelva Pesto, Zitrone, 130 g",3.45,dm-website
2026-08-30,Netto,8053608840372,Netto Italienischer Rucola,1.11,open-prices
2026-08-30,REWE,8054317703026,"REWE Birnen, grün",1.99,open-prices
2026-08-30,REWE,8054317706089,Wassermelone,0.99,open-prices
2026-08-30,REWE,8054317708687,Granfrutta Äpfel Klasse I,2.19,open-prices
2026-08-30,REWE,8055186190948,Pinsami Pinsa Pizza dough,3.49,open-prices
2026-08-30,Netto,8056684131211,Italien Ruccola (Salat),0.88,open-prices
2026-08-30,Kaufland,8057093637769,K CLASSIC MACCHERONCINI Nudeln mit Tomaten Sahne Sauce,1.59,open-prices
2026-08-30,Kaufland,8076800105988,Barilla Fusilli,1.58,open-prices
2026-08-30,Lidl,8076800195019,Barilla Capellini Nr. 1,0.99,open-prices
2026-08-30,REWE,8076800195057,Barilla Spaghetti Nº5,0.77,open-prices
2026-08-30,REWE,8076802085738,Barilla Penne Rigate Nº73,0.77,open-prices
2026-08-30,Kaufland,8076802085981,BARILLA COLLEZIONE Fusilli,1.99,open-prices
2026-08-30,REWE,8076802085981,BARILLA COLLEZIONE Fusilli,0.77,open-prices
2026-08-30,REWE,8076808150072,BARILLA Pâtes spaghettoni n°7 500g,0.77,open-prices
2026-08-30,REWE,8076809512268,Barilla Girandole Torsades Nº34,0.77,open-prices
2026-08-30,Netto,8076809513388,Barilla Arrabbiata,1.99,open-prices
2026-08-30,REWE,8076809513678,Barilla Pastasauce Bolognese,1.89,open-prices
2026-08-30,Netto,8076809513692,Barilla Napoletana,1.99,open-prices
2026-08-30,Netto,8076809513722,BARILLA Basilico,1.99,open-prices
2026-08-30,REWE,8076809513746,Barilla Pesto alla Genovese,1.89,open-prices
2026-05-21,EDEKA,8076809517751,Pesto alla Calabrese 190g,1.99,open-prices
2026-08-30,EDEKA,8076809517751,Barilla Pesto alla Calabrese 190g,1.99,open-prices
2025-08-25,Kaufland,8076809517751,Pesto alla Calabrese 190g,1.79,open-prices
2026-01-28,Lidl,8076809517751,Pesto alla Calabrese 190g,1.99,open-prices
2026-04-04,Lidl,8076809517751,Pesto alla Calabrese 190g,1.88,open-prices
2026-08-30,Lidl,8076809517751,Barilla Pesto alla Calabrese 190g,1.88,open-prices
2025-05-26,REWE,8076809517751,Pesto alla Calabrese 190g,3.49,open-prices
2026-08-30,REWE,8076809517751,Barilla Pesto alla Calabrese 190g,3.49,open-prices
2026-08-30,Lidl,8076809517881,Barilla Sauce pesto avec fromage ricotta et noix 190g,1.79,open-prices
2026-08-30,REWE,8076809521628,Barilla Mini Penne Rigate,0.99,open-prices
2026-08-30,ALDI,8076809523509,Barilla Pâtes linguine collezione 500g,1.69,open-prices
2026-08-30,E-Center,8076809523561,Barilla Toscana Kräuter,2.55,open-prices
2026-08-30,EDEKA,8076809523561,Barilla Toscana Kräuter,2.55,open-prices
2026-08-30,ALDI,8076809523738,Barilla Lasagne,1.69,open-prices
2026-08-30,REWE,8076809541091,Barilla Pesto avec tomates séchées,1.89,open-prices
2026-08-30,Lidl,8076809545396,Barilla Pesto Basilico con Rucula,1.79,open-prices
2026-08-30,Lidl,8076809572569,Barilla PESTO Basilico,3.49,open-prices
2026-08-30,EDEKA,8076809578264,BARILLA Pesto Basilico e Peperoncino 195g,2.79,open-prices
2026-08-30,REWE,8076809578264,BARILLA Pesto Basilico e Peperoncino 195g,1.89,open-prices
2026-08-30,ALDI,8076809580144,Barilla Nudeln Farfalle 65,1.69,open-prices
2026-08-30,V-MARKT,8076809580144,Barilla Nudeln Farfalle 65,2.69,open-prices
2026-08-30,REWE,8076809582643,Banilla Pesto Basilico Limone,3.49,open-prices
2026-08-30,REWE,8076809583749,Barilla Verdure mediterranee 400g eu cross,1.89,open-prices
2026-08-30,Netto,8076809584081,Baiocchi Nocciola,1.99,open-prices
2026-08-30,V-MARKT,8076809584920,Barilla Tortiglioni rigati 500g - lc renaissance,2.49,open-prices
2026-08-30,Netto,8076809586160,Baiocchi Cappuccino,1.99,open-prices
2026-08-30,REWE,8076809586177,Sauce pesto au basilic et mozzarella Barilla 190g,3.49,open-prices
2026-08-30,dm,80780458,"Borotalco Antitranspirant Deo Roll-on Original, 50 ml",4.45,dm-website
2026-08-30,ALDI,80869436,Ferrero Yogurette Buttermilk Lemon,1.49,open-prices
2026-08-30,REWE,80930952,mila Kräuterhexe,4.59,open-prices
2026-08-30,dm,80942719,"Borotalco Antitranspirant Deo Roll-on FRESH Non-Stop Aquatic Flowers Scent, 50 ml",4.45,dm-website
2026-08-30,dm,810020176391,"Bondi Sands Sonnenfluid Gesicht sensitiv, LSF 50+, 50 ml",11.95,dm-website
2026-08-30,dm,810020179057,"Bondi Sands Sonnenfluid Gesicht everyday Lotion, LSF 50+, 75 ml",10.95,dm-website
2026-08-30,dm,810020179071,"Bondi Sands Sonnenmilch everyday Lotion, LSF 50+, 150 ml",9.95,dm-website
2026-08-30,dm,810020179132,"Bondi Sands Sonnenfluid Gesicht everyday Lotion, getönt, LSF 50+, 75 ml",11.95,dm-website
2026-08-30,Netto,8410037802010,Videca Birnen halbe Früchte leicht gezuckert,2.99,open-prices
2026-08-30,Netto,8410037803017,Videca Pfirsichhälften leicht gezuckert,2.99,open-prices
2026-08-30,Netto,8410037804014,Videca Mandarinorangen leicht gezuckert,2.99,open-prices
2026-08-30,REWE,8410076482211,Old El Paso Mini Tortillas White Corn,3.99,open-prices
2026-08-30,REWE,8410076610737,NATURE VALLEY protein pind&choc.GV,3.49,open-prices
2026-08-30,dm,8410136051326,"Cesar Nassfutter Hund Creations in Sauce, Mulitpack (12x100 g), 1,2 kg",6.25,dm-website
2026-08-30,Kaufland,8410783141265,K-Classic Chorizo Scharf,3.49,open-prices
2026-08-30,REWE,8424620213909,Greenyard Fresh Gemüse Paprika Mix,1.39,open-prices
2026-08-30,E-Center,8426617119461,Haribo Balla Stixx - Kirsche,1.69,open-prices
2026-08-30,E-Center,8426617119478,HARIBO Balla Stixx - Himbeere,1.69,open-prices
2026-08-30,E-Center,8426617119492,Haribo Balla Stixx - Erdbeere,1.69,open-prices
2026-08-30,CAP-Markt,8427603060200,Edeka Landgurke,1.29,open-prices
2026-08-30,EDEKA,8430631143777,SanLucar Naschtomaten,2.22,open-prices
2026-08-30,CAP-Markt,8430631177123,San Lucar Zitrone,1.29,open-prices
2026-08-30,EDEKA,8430631256897,SanLucar Zitrone,1.29,open-prices
2026-08-30,Kaufland,8430631506749,San Lucar Erdbeer-Zauber,2.49,open-prices
2026-08-30,EDEKA,8430631660465,SanLucar Paradies-Trauben,2.99,open-prices
2026-08-30,REWE,8435492617740,Kirschen,3.54,open-prices
2026-08-30,EDEKA,8436535830249,Bio Avocados angereift,1.11,open-prices
2026-08-30,Netto,8436546052456,Fritoper Surf Chips Original,1.99,open-prices
2026-08-30,Netto,8436546052470,Fritoper Surf Chips - Sour Cream & Onion,1.99,open-prices
2026-08-30,REWE,8436557131416,"Eurogroup España Nektarinen, gelbfleischig, Kl. I",1.99,open-prices
2026-08-30,REWE,8436557131478,Penny Market Aprikosen,2.29,open-prices
2026-08-30,REWE,8436557138934,Frisch Penny Cherry-Roma Tomaten Klasse 1,0.75,open-prices
2026-08-30,dm,8436585436088,"Transparent Lab Sonnencreme Gesicht Invisible LSF 50+, 100 ml",18.95,dm-website
2026-08-30,dm,8436585436095,"Transparent Lab Sonnencreme Gesicht Lightweight LSF 50+, 100 ml",18.95,dm-website
2026-08-30,dm,8436585436538,"Transparent Lab Gesichtsfluid Ultra Fluid Cica Sunscreen LSF 50+, 100 ml",19.95,dm-website
2026-08-30,dm,8436585436743,"Transparent Lab Mineral Tinted Sunscreen Medium LSF 50, 100 ml",24.95,dm-website
2026-08-30,dm,8436585436828,"Transparent Lab Gesichtsfluid Oil-Control Ultra Fluid Cica Sunscreen LSF 50+, 100 ml",19.95,dm-website
2026-08-30,CAP-Markt,8436588450067,Gurke,1.79,open-prices
2026-08-30,E-Center,8437006555036,Paiarrip Pain aux figues et amandes,2.79,open-prices
2026-08-30,Netto,8437011140197,Paprika,1.59,open-prices
2026-08-30,Netto,8437013472609,Camposeven Paprika Mix,1.35,open-prices
2026-08-30,Netto,8437018036738,Agrodolores Paprika rot,2.39,open-prices
2026-08-30,Netto,8438001300119,Frutas Damals de Elche Paprika,1.35,open-prices
2026-08-30,EDEKA,8438002008373,"Spitzpaprika, rot, Kl. I",1.59,open-prices
2026-08-30,EDEKA,8438002008472,Sujy's Peperoni Mix,0.99,open-prices
2026-08-30,REWE,8445290156105,Starbucks Creamy Vanilla,4.69,open-prices
2026-08-30,E-Center,8445290396860,Starbucks White mocha,5.49,open-prices
2026-08-30,ALDI,8445290464095,Nestlé Yes Cacao,1.69,open-prices
2026-08-30,ALDI,8445290464712,Nestlé YES Caramel,1.69,open-prices
2026-08-30,Netto,8445291359666,Nestlé KitKat mini,2.99,open-prices
2026-08-30,ALDI,8445291451599,Nestlé Yes Coconut Kiss,1.69,open-prices
2026-08-30,Kaufland,8445291543300,Maggi Thai Style Curry Mit Reis & Gemüse,2.49,open-prices
2026-08-30,Netto,8585047315260,frutree Caramel Seasalt Mix,3.29,open-prices
2026-08-30,Netto,8593893769687,NUTS Nuts Multipack,2.99,open-prices
2026-08-30,EDEKA,8594403350128,Budweiser Budwa,1.29,open-prices
2026-08-30,Kaufland,8595564523550,K-Classic Knusper Müsli Schoko & Nuss,2.49,open-prices
2026-08-30,Kaufland,8595564524779,K-Classic Knusprige Choco Bobbles,2.79,open-prices
2026-08-30,Kaufland,8595564524793,K-Classic Knusprige Choco Happs,2.79,open-prices
2026-08-30,Netto,8606018617098,Nestlé Pirulo - Wassermeloneneis,3.99,open-prices
2026-08-30,CAP-Markt,8681933115911,LORIS Parfüm leather,25.0,open-prices
2026-08-30,CAP-Markt,8690804412509,Suntat Kichererbsen in Tomatensauce,2.79,open-prices
2026-08-30,CAP-Markt,8690804412608,Baktat Haricots blancs géants,2.99,open-prices
2026-08-30,dm,8693347001681,"Rosense Gesichtswasser Rosenwasser, 300 ml",13.95,dm-website
2026-08-30,dm,8693347008079,"Rosense Gesichtswasser Rosenwasser mit Hyaluronsäure, 200 ml",11.95,dm-website
2026-08-30,Lidl,8697433164748,Perfect Delights Soft-Datteln,1.69,open-prices
2026-08-30,dm,8700216170239,"PANTENE PRO-V Shampoo miracles Grow Strong, 250 ml",3.95,dm-website
2026-08-30,dm,8700216170345,"PANTENE PRO-V Shampoo miracles Hydra Glow, 250 ml",3.95,dm-website
2026-08-30,dm,8700216212748,"Herbal Essences Shampoo Blütensanft Rosenduft, 350 ml",3.95,dm-website
2026-08-30,dm,8700216212786,"Herbal Essences Shampoo Feuchtigkeit Aloe Vera, 350 ml",3.95,dm-website
2026-08-30,dm,8700216212847,"Herbal Essences Shampoo Repair Arganöl, 350 ml",3.95,dm-website
2026-08-30,dm,8700216291149,"Pampers baby-dry Windeln Gr. 6+ Extra Large (14-19 kg) Monatsbox, 144 St",53.5,dm-website
2026-08-30,dm,8700216301749,"head&shoulders Shampoo Anti-Schuppen ProExpert 7 Anti-Haarverlust, 250 ml",5.45,dm-website
2026-08-30,dm,8700216328661,"head&shoulders Shampoo Derma x Pro Beruhigende Pflege, 250 ml",4.95,dm-website
2026-08-30,dm,8700216328869,"head&shoulders Shampoo Derma x Pro Beruhigend, 400 ml",7.75,dm-website
2026-08-30,dm,8700216418195,"Pampers premium protection Windeln Gr. 7 Extra Large (15+ kg) Monatsbox, 128 St",59.45,dm-website
2026-08-30,dm,8700216422413,"PANTENE PRO-V Shampoo Repair & Care XXL, 500 ml",5.95,dm-website
2026-08-30,dm,8700216422437,"PANTENE PRO-V Shampoo Repair & Care, 300 ml",3.95,dm-website
2026-08-30,dm,8700216558037,"PANTENE PRO-V Shampoo Anti Schuppen Active Nutri-Plex, 300 ml",3.95,dm-website
2026-08-30,dm,8700216558136,"PANTENE PRO-V Shampoo & Conditioner & Haarkur 3in1 Repair & Care, 250 ml",3.95,dm-website
2026-08-30,dm,8700216558471,"PANTENE PRO-V Shampoo Volumen Pur, 300 ml",3.95,dm-website
2026-08-30,dm,8700216558761,"PANTENE PRO-V Shampoo Volumen Pur XXL, 500 ml",5.95,dm-website
2026-08-30,dm,8700216621342,"FAIRY Spülmittel Frische Brise, 520 ml",1.85,dm-website
2026-08-30,dm,8700216621380,"FAIRY Spülmittel Pinke Jasminblüte, 520 ml",1.85,dm-website
2026-08-30,dm,8700216621397,"FAIRY Spülmittel Original, 520 ml",1.85,dm-website
2026-08-30,dm,8700216621427,"FAIRY Spülmittel Zitrone, 520 ml",1.85,dm-website
2026-08-30,Lidl,8700216652896,"head & shoulders Anti-Schuppen Shampoo, Classic Clean",9.99,open-prices
2026-08-30,dm,8700216666329,"Oral-B Zahnpasta Pro-Expert Frischer Atem, 75 ml",3.95,dm-website
2026-08-30,dm,8700216666619,"Oral-B Zahnpasta Pro-Expert Professioneller Schutz, 75 ml",3.95,dm-website
2026-08-30,dm,8700216752589,"Old Spice Duschgel Rockstar 3in1, 250 ml",2.35,dm-website
2026-08-30,dm,8700216821155,"PANTENE PRO-V Shampoo Locken Pur, 300 ml",3.95,dm-website
2026-08-30,dm,8700216928823,"Herbal Essences Shampoo Dolce Vita, 350 ml",3.95,dm-website
2026-08-30,Kaufland,8710243909962,Old Amsterdam pikant & cremig,3.49,open-prices
2026-08-30,Netto,8710243909962,Old Amsterdam pikant & cremig,1.99,open-prices
2026-08-30,Netto,8710319508068,Heiploeg Party Garnelen,1.45,open-prices
2026-08-30,Kaufland,8710319522729,K-Classic Party Garnelen,1.99,open-prices
2026-08-30,REWE,8710438088892,Mc Cain Frites de Luxe,1.59,open-prices
2026-08-30,E-Center,8710438090215,McCain Chef Frites,2.49,open-prices
2026-08-30,E-Center,8710438115178,McCain AirFryer Pommes,2.79,open-prices
2026-08-30,dm,8710447284117,"AXE Duschgel Black, 400 ml",3.75,dm-website
2026-08-30,dm,8710447492246,"Rexona Antitranspirant Deospray cotton dry, 150 ml",2.45,dm-website
2026-08-30,REWE,8710447493915,Rexona Men Cobalt Dry,2.45,open-prices
2026-08-30,Kaufland,8710506071412,Johma Pasta Salat,1.74,open-prices
2026-08-30,EDEKA,8710506084016,Signature Foods Pellkartoffelsalat mit Ei & Gurke,1.3,open-prices
2026-08-30,EDEKA,8710506084047,Hohmann Klassischer Kartoffelsalat,1.81,open-prices
2026-08-30,CAP-Markt,8710506084221,HOMANN Nudelsalat,0.78,open-prices
2026-08-30,EDEKA,8710506089752,Homann Thunfischsalat,1.14,open-prices
2026-08-30,EDEKA,8710506092752,Homann Kartoffelsalat würzige Art,1.32,open-prices
2026-08-30,EDEKA,8710506092905,Homann Waldorfsalat,1.37,open-prices
2026-08-30,EDEKA,8710522627433,Knorr Asia Noodles - Chicken Taste,0.99,open-prices
2026-08-30,Kaufland,8710609016310,Lutece Champignons,2.99,open-prices
2026-08-30,Rossmann,8711000509005,Jacobs Cafe Hag klassisch mild,6.99,open-prices
2026-08-30,Netto,8711000670026,Jacobs Meister Röstung Kaffee gemahlen,8.49,open-prices
2026-08-30,ALDI,8711000708651,Jabobs Krönung Signature,4.99,open-prices
2026-08-30,Netto,8711000708712,Jacobs Filterkaffee Krönung Balance,9.99,open-prices
2026-08-30,REWE,8711000891704,Jacobs Barista Crema,12.99,open-prices
2026-08-30,EDEKA,8711200457274,lukull,2.29,open-prices
2026-08-30,EDEKA,8711200457298,Lukull Sauce Béarnaise Besonders cremig,2.29,open-prices
2026-08-30,EDEKA,8711327578418,Langnese Flutschfinger 8er-Pack,3.99,open-prices
2026-08-30,EDEKA,8711327584686,Langnese Cuja Mara Split,3.99,open-prices
2026-08-30,ALDI,8711327608887,Magnum Glace Bâtonnet Amande 6x100ml,2.99,open-prices
2026-08-30,REWE,8711327612372,Magnum Ice Cream Lolly 110 ML,2.99,open-prices
2026-08-30,EDEKA,8711327619722,Cremissimo Walnuss,1.79,open-prices
2026-08-30,Lidl,8711327621176,Magnum CAW 8x 100ml,3.49,open-prices
2026-08-30,Norma,8711327621176,Magnum CAW 8x 100ml,3.99,open-prices
2026-08-30,Netto,8711327630895,Cremissimo Bourbon Vanille,1.99,open-prices
2026-08-30,REWE,8711327668836,Cremissimo - Haselnuss Vanilla Schokolade,1.79,open-prices
2026-08-30,Lidl,8711393000974,Lidl Buddha Bowl Mit Soja Dressing,3.69,open-prices
2026-08-30,Lidl,8711393001056,Select&go Oriental soul,3.99,open-prices
2026-08-30,EDEKA,8711399022031,Zuivelhoeve Duo high protein pudding vanille schoko,1.29,open-prices
2026-08-30,Nahkauf,8711399022031,Zuivelhoeve Duo high protein pudding vanille schoko,0.8,open-prices
2026-08-30,dm,8711600504141,"Rexona Antitranspirant Deocreme Maximum Protection Confidence, 45 ml",5.95,dm-website
2026-08-30,dm,87116786,"Dove Antitranspirant Deo Roll-on sakura summer Matcha & Cherry Blossom Scent, 50 ml",3.25,dm-website
2026-08-30,REWE,8711741356296,fairtrade Original Soja Sauce,3.99,open-prices
2026-08-30,Netto,8712000054861,Heineken 0.0,0.99,open-prices
2026-08-30,Kaufland,8712247232770,Bertolli Basilico,2.79,open-prices
2026-08-30,WEZ,8712429361106,Nissin Demae Ramen Spicy,0.69,open-prices
2026-08-30,dm,8712561315975,"Dove Antitranspirant Deospray Original, 150 ml",2.25,dm-website
2026-08-30,Rossmann,8712561820899,Dove Pflegecreme,2.69,open-prices
2026-08-30,dm,8712561820899,"Dove Antitranspirant Deospray Powder Soft, 150 ml",2.25,dm-website
2026-08-30,EDEKA,8712566332137,Knorr Suppenliebe Hühnersuppe,0.99,open-prices
2026-08-30,REWE,8713128180692,Rewe rote Paprika HKLI,1.59,open-prices
2026-08-30,Kaufland,8713533185565,K-Classic Vanille-Pistazie,1.99,open-prices
2026-08-30,E-Center,8714100890363,Lukull Sauce Hollandaise,1.49,open-prices
2026-08-30,EDEKA,8714100890363,Lukull Sauce Hollandaise,2.29,open-prices
2026-08-30,Netto,8714258000065,Sweet Point Spitzpaprika Mix,2.29,open-prices
2026-08-30,Netto,8714258008900,RedStar Dattelcherrytomaten,1.69,open-prices
2026-08-30,Netto,8714789673653,Palmolive Hygiene Plus,0.99,open-prices
2026-08-30,dm,8714789673653,"Palmolive Flüssigseife sensitive Hygiene-Plus mit Aloe Vera-Extrakt, 300 ml",1.45,dm-website
2026-08-30,dm,8714789700045,"Palmolive Seifenstück Olive & Milch, Naturals, 90 g",0.95,dm-website
2026-08-30,dm,8714789700069,"Palmolive Seifenstück Milch & Honig, Naturals, 90 g",0.95,dm-website
2026-08-30,EDEKA,8714789899299,elmex sanftes weiss,4.79,open-prices
2026-08-30,dm,8714789921006,"meridol Zahnpasta Zahnfleischschutz sanftes Weiss, 75 ml",5.65,dm-website
2026-08-30,dm,8714789939681,"Palmolive Flüssigseife Milch & Mandel, 300 ml",1.45,dm-website
2026-08-30,REWE,8715035110502,Kikkoman Sojasauce,6.99,open-prices
2026-08-30,REWE,8715035280304,Kikkoman Teriyaki Sauce mit geröstetem Sesam,4.79,open-prices
2026-08-30,E-Center,8715700017006,Heinz Tomato Ketchup,3.49,open-prices
2026-08-30,Kaufland,8715700111094,Heinz Beanz in Tomatensauce ohne Zuckerzusatz,1.79,open-prices
2026-08-30,Kaufland,8715700122205,Heinz Sweet & Sour Sauce,2.29,open-prices
2026-08-30,EDEKA,8715700125817,Heinz Bio Ketchup 500ml,1.79,open-prices
2026-08-30,Kaufland,8715700131139,Heinz Bohnen - Tomatensauce,1.79,open-prices
2026-08-30,ALDI,87157246,Heinz Ketchup,1.79,open-prices
2026-08-30,Kaufland,8716000968005,Cranberry Syrup,6.49,open-prices
2026-08-30,Netto,8717163861783,Knorr Fix- Hackbraten,0.39,open-prices
2026-08-30,EDEKA,8717496041425,Driscoll's Himbeeren,1.49,open-prices
2026-08-30,EDEKA,8717496041647,Driscoll's Framboises,1.79,open-prices
2026-08-30,EDEKA,8717496043122,Driscoll's Myrtilles,2.99,open-prices
2026-08-30,Kaufland,8717677337996,Tony's Chocolonely Chocolonely Vollmilch,2.99,open-prices
2026-08-30,Kaufland,8717677338054,Tony's Chocolonely Chocolonely Salted Caramel,2.99,open-prices
2026-08-30,REWE,8717677338054,Tony's Chocolonely Chocolonely Salted Caramel,4.49,open-prices
2026-08-30,dm,8718114202372,"Rexona Antitranspirant Deocreme Maximum Protection Clean Scent, 45 ml",5.95,dm-website
2026-08-30,Netto,8718366716696,"Discovered Spargel, grün",1.74,open-prices
2026-08-30,REWE,8718868869128,Deliscious Salattrio,1.29,open-prices
2026-08-30,dm,8718951031876,"Dentagard Zahnpasta Kräuter, 75 ml",0.95,dm-website
2026-08-30,EDEKA,8718951032644,Zahnpasta Aronal + Elmex,6.45,open-prices
2026-08-30,dm,8718951032644,"Zahnpasta aronal & elmex Mundhygiene-Set (2 x 75 ml), 150 ml",7.45,dm-website
2026-08-30,dm,8718951035430,"Colgate Zahnpasta Komplett Ultra Weiss, 75 ml",1.65,dm-website
2026-08-30,dm,8718951035461,"Colgate Zahnpasta Komplett Extra Frisch, 75 ml",1.65,dm-website
2026-08-30,dm,8718951076181,"Palmolive Duschgel Ultimate Relax, 250 ml",1.35,dm-website
2026-08-30,dm,8718951076228,"Palmolive Duschgel Mineral Massage, 250 ml",1.35,dm-website
2026-08-30,dm,8718951080041,"elmex Zahnpasta Sensitive Professional Repair & Prevent, 75 ml",7.45,dm-website
2026-08-30,dm,8718951115446,"meridol Zahnpasta Parodont Expert, 75 ml",7.45,dm-website
2026-08-30,dm,8718951227262,"Colgate Zahnpasta Total Aktiver Schutz, Original, 75 ml",2.95,dm-website
2026-08-30,dm,8718951227323,"Colgate Zahnpasta Total Aktiver Schutz, Gesunde Frische, 75 ml",2.95,dm-website
2026-08-30,dm,8718951249981,"Colgate Zahnpasta Max White Charcoal, 75 ml",3.95,dm-website
2026-08-30,REWE,8718951271234,Elmex Dentífrico Infantil 2-6 años,3.49,open-prices
2026-08-30,dm,8718951271234,"elmex Zahnpasta Kinder, 2-6 Jahren, 50 ml",3.45,dm-website
2026-08-30,dm,8718951419902,"elmex Zahnpasta Zahnschmelz Professional Opti-schmelz, 75 ml",6.45,dm-website
2026-08-30,dm,8718951424647,"Palmolive Duschgel Alluring Love, 250 ml",1.35,dm-website
2026-08-30,dm,8718951453395,"elmex Zahnpasta Kariesschutz Professional, 75 ml",6.45,dm-website
2026-08-30,dm,8718951505537,"Colgate Zahnpasta Max White Ultra Freshness Pearls, 50 ml",5.95,dm-website
2026-08-30,dm,8718951539976,"Colgate Zahnpasta Max White Purple Reveal, 75 ml",3.95,dm-website
2026-08-30,dm,8718951570412,"elmex Zahnpasta Zahnschmelz Professional Weiss-Schmelz, 75 ml",7.45,dm-website
2026-08-30,dm,8718951582378,"elmex Zahnpasta Baby, 0-2 Jahren, 50 ml",3.45,dm-website
2026-08-30,dm,8718951727465,"Palmolive Flüssigseife Pfingstrose Nachfüllpack (2x250 ml), 500 ml",1.75,dm-website
2026-08-30,dm,8718951727502,"Palmolive Flüssigseife Lavendel & Bergamotte Nachfüllpack (2x250 ml), 500 ml",1.75,dm-website
2026-08-30,dm,8718951745179,"elmex Zahnpasta Sensitive Plus Zahnfleischpflege, 75 ml",5.95,dm-website
2026-08-30,dm,8718951763463,"Palmolive Flüssigseife mit Vitamin E, antibakteriell, 300 ml",1.45,dm-website
2026-08-30,dm,8718951764057,"Palmolive Flüssigseife Neroli & Sandelholz Nachfüllpack, 500 ml",1.75,dm-website
2026-08-30,dm,8718951764682,"elmex Zahnpasta Sensitive Professional Repair & Prevent Sanftes Weiss, 75 ml",7.95,dm-website
2026-08-30,dm,8718951781689,"Colgate Zahnpasta Purple Serum Max White, 40 ml",15.95,dm-website
2026-08-30,dm,8718951785915,"elmex Zahnpasta Junior Kariesschutz Professional, 75 ml",4.95,dm-website
2026-08-30,dm,8718951786950,"Palmolive Spülmittel Ultra Original, 750 ml",1.65,dm-website
2026-08-30,dm,8718951799820,"Colgate Zahnpasta Harry Potter Junior 6-12 Jahre, 75 ml",2.95,dm-website
2026-08-30,dm,8718951816725,"Palmolive Duschgel Revitalizing Massage, 250 ml",1.35,dm-website
2026-08-30,Netto,8719200040557,Rama Cremefine zum Aufschlagen 19 % Fett,0.99,open-prices
2026-08-30,Netto,8719200041219,Rama Cremefine 7% Kochsahne,0.89,open-prices
2026-08-30,EDEKA,8719200203440,Violife Vioblock,2.29,open-prices
2026-08-30,EDEKA,8719200261556,Lätta Extra Fit,1.1,open-prices
2026-08-30,EDEKA,8719200282612,Lätta,1.19,open-prices
2026-08-30,REWE,8719449078250,Freesien (Schnittblumen),4.99,open-prices
2026-08-30,Kaufland,8719632250883,Vollkorn Basmati Reis,2.45,open-prices
2026-08-30,Kaufland,8719632250906,Kaufland Bio Langkorm Weißreis,2.55,open-prices
2026-08-30,dm,8719934029736,"AMORELIE Gleitgel Care wasserbasiert, 150 ml",6.95,dm-website
2026-08-30,Kaufland,8720097015689,VitaRice Mais Waffeln Käsegeschmacj,1.99,open-prices
2026-08-30,dm,8720181291920,"Dove Antitranspirant Deospray Advanced Care Original, 150 ml",3.25,dm-website
2026-08-30,dm,8720181438646,"Rexona Antitranspirant Deospray Nonstop Protection Shower Fresh, 150 ml",2.95,dm-website
2026-08-30,dm,8720181438660,"Rexona Antitranspirant Deospray Nonstop Protection Invisible Aqua, 150 ml",2.95,dm-website
2026-08-30,dm,8720181443459,"Dove Duschcreme Advanced Care Reichhaltige Pflege, 225 ml",2.85,dm-website
2026-08-30,dm,8720181452567,"Rexona Antitranspirant Deospray Maximum Protection Fresh, 150 ml",3.95,dm-website
2026-08-30,dm,8720181460029,"Dove Duschcreme Advanced Care Intensivpflege & Öl, Arganöl, 225 ml",2.85,dm-website
2026-08-30,dm,8720181466373,"Dove Pflegedusche Cremig-Sanft, 450 ml",3.75,dm-website
2026-08-30,dm,8720181481239,"Dove Seifenstück beauty cream (2x90g), 180 g",2.95,dm-website
2026-08-30,dm,8720181491948,"Dove Duschcreme Advanced Care Seidig-Zart, 225 ml",2.85,dm-website
2026-08-30,dm,8720181501456,"Signal Zahnpasta Kinder Fruchtgeschmack, 0 bis 6 Jahre, 75 ml",2.25,dm-website
2026-08-30,dm,8720181557521,"Rexona Antitranspirant Deospray Nonstop Protection Bright Bouquet, 150 ml",2.95,dm-website
2026-08-30,dm,8720181594823,"Dove Deostick Whole Body Deo Himbeer- & Rosenduft, 75 ml",4.95,dm-website
2026-08-30,dm,8720181603167,"Signal Zahnpasta Kariesschutz, 75 ml",0.95,dm-website
2026-08-30,dm,8720181688454,"Coral Vollwaschmittel flüssig Magic Wash, 21 Wl",4.95,dm-website
2026-08-30,dm,8720181819711,"Rexona Antitranspirant Deospray Cooling Eucalyptus & Coconut Water, 150 ml",2.95,dm-website
2026-08-30,dm,8720181851384,"Dove Deospray Whole Body Deo Original, 150 ml",3.95,dm-website
2026-08-30,dm,8720181871375,"Dove Duschgel Bridgerton Raspberry Rendezvous, 225 ml",2.85,dm-website
2026-08-30,dm,8720181909702,"Coral Waschmittel flüssig Schwarz, 26 Wl",4.95,dm-website
2026-08-30,dm,8720181916458,"Dove Duschgel body+mind Lavendel & Hafermilch, 350 ml",6.95,dm-website
2026-08-30,Netto,8720182057211,Knorr Bratensoße,1.99,open-prices
2026-08-30,REWE,8720182334640,Hellmann's BBQ Sauce,1.49,open-prices
2026-08-30,EDEKA,8720182396921,Knorr Pasta Snack Pot Mac&Cheese Jalapeño,0.99,open-prices
2026-08-30,REWE,8720182429568,Knorr Geschnetzeltes Züricher Art,0.39,open-prices
2026-08-30,EDEKA,8720195161608,Driscoll’s Blueberries,3.99,open-prices
2026-08-30,EDEKA,8720514651872,Edeka Mango,2.99,open-prices
2026-08-30,EDEKA,8720648857966,Rosenkohl,0.99,open-prices
2026-08-30,Kaufland,8720701144293,Tony's Chocolonely Vollmilch Chocolate Chip Cookie,2.99,open-prices
2026-08-30,REWE,8720701145696,Tony’s Chocolonely Vollmilch Karamell Meersalz Schokolade,2.29,open-prices
2026-08-30,REWE,8720701145733,Tony's Chocolonely Zartbitterschokolade mit Mandeln und Meersalz,2.29,open-prices
2026-08-30,Netto,8720892464644,Desert Farmers Medjoul Dates,3.14,open-prices
2026-08-30,dm,8721008611044,"NAIF Sonnencreme Baby & Kids LSF 50+, 100 ml",15.95,dm-website
2026-08-30,dm,8721008611075,"NAIF Sonnencreme Baby & Kids LSF 50, 30 ml",7.95,dm-website
2026-08-30,Netto,8721073608888,Clean at home Drain Active gel,1.59,open-prices
2026-08-30,Netto,8721800401317,Original leerdammer,2.99,open-prices
2026-08-30,Lidl,8721800401553,Leerdammer® Feine Scheiben zart-würzig,1.69,open-prices
2026-08-30,EDEKA,8721800401676,Leerdammer extra-fines douces & fondantes 10 tranches 100g,1.49,open-prices
2026-08-30,EDEKA,8721800405353,Leerdammer Léger mild-nussig,1.49,open-prices
2026-08-30,EDEKA,8721800405360,Leerdammer Caractère - herzhaft-würzig,1.49,open-prices
2026-08-30,Netto,8722200961852,Bitter Lemon,0.79,open-prices
2026-08-30,dm,8806334355302,"HOLIKA HOLIKA Feuchtigkkeitspflege Aloe 99% Soothing Gel, 0,25 l",8.95,dm-website
2026-08-30,dm,8809598456242,"Cosrx Sonnenfluid ultra light LSF 50+, 50 ml",16.95,dm-website
2026-08-30,dm,8809782551814,"ROUND LAB Feuchtigkeitscreme Birch Juice Moisturizing Sunscreen LSF 50, 50 ml",14.95,dm-website
2026-08-30,dm,8809784603955,"Torriden Sonnencreme Dive In Moisture LSF 50+ PA++++, 60 ml",22.95,dm-website
2026-08-30,dm,8809913830450,"SKIN1004 Gesichtsserum Sun Madagascar Centella Hyalu-Cica Water-Fit LSF 50+, 50 ml",19.95,dm-website
2026-08-30,dm,8809968130277,"Beauty of Joseon Sonnenfluid relief sun aqua fresh rice, LSF 50, 50 ml",18.95,dm-website
2026-08-30,Kaufland,8850043324623,Khao Shong Wasabi Peanuts,3.99,open-prices
2026-08-30,REWE,8850043330297,Khao Shong Wasabi Coated Peanuts,3.29,open-prices
2026-08-30,EDEKA,8851876201754,Majs Instant Nudeln Chicken Flavour,0.99,open-prices
2026-08-30,Netto,8852018101017,Yum Yum Beef Flavour,0.69,open-prices
2025-09-09,ALDI,8852018101024,Yum Yum Chicken Flavour,0.44,open-prices
2026-08-30,ALDI,8852018101024,Yum Yum Chicken Flavour,0.44,open-prices
2025-09-19,Lidl,8852018101024,Yum Yum Chicken Flavour,0.69,open-prices
2025-12-13,Lidl,8852018101024,Yum Yum Chicken Flavour,0.69,open-prices
2026-08-30,Lidl,8852018101024,Yum Yum Chicken Flavour,0.69,open-prices
2024-12-20,Netto,8852018101024,Yum Yum Chicken Flavour,0.69,open-prices
2026-04-25,Netto,8852018101024,Yum Yum Chicken Flavour,0.69,open-prices
2026-08-30,Netto,8852018101024,Yum Yum Chicken Flavour,0.69,open-prices
2026-08-30,Kaufland,8852018101031,Yum Yum Duck flavour,0.69,open-prices
2026-08-30,Netto,8852018101031,Yum Yum Duck flavour,0.69,open-prices
2026-08-30,Kaufland,8852018101055,Yum Yum Shrimp Flavour,0.69,open-prices
2026-08-30,ALDI,8852018101062,YumYum Vegetable Flavour,0.44,open-prices
2026-08-30,Kaufland,8852018101062,YumYum Vegetable Flavour,0.69,open-prices
2026-08-30,Netto,8852018101215,Yum Yum Vegetable flavour,0.69,open-prices
2026-08-30,EDEKA,8852018201045,Cup Soupe Crevette Yum Yum,1.29,open-prices
2026-08-30,REWE,8853662004068,Exotic Food Fischsauce,1.99,open-prices
2026-08-30,Netto,8853662056012,Flying Goose Brand Sriracha Sauce,4.49,open-prices
2026-08-30,Kaufland,8901552021708,Truly Indian Tikka masala sauce,3.29,open-prices
2026-08-30,Kaufland,8901552021760,Truly Indian Butter chicken sauce,3.29,open-prices
2026-08-30,E-Center,8934563282158,Acecook Phở Wok,2.49,open-prices
2026-08-30,Netto,9000331607207,Manner Zitrone 9000331607207 Knusprige Waffeln mit Zitronencremefüllung,3.99,open-prices
2026-08-30,Netto,9000331607917,Manner Original Neapolitaner,3.99,open-prices
2026-08-30,Kaufland,9001400108229,Yo Sirup - Pfirsich-Maracuja ohne Zucker,2.0,open-prices
2026-08-30,Kaufland,9001400108960,YO Ohne Zucker Pink Paradise,2.0,open-prices
2026-08-30,EDEKA,9001432002281,Darbo Wild Heidelbeer Marmelade,2.79,open-prices
2026-08-30,EDEKA,9001432031540,D'arbo Himbeer Rhababer Konfitüre extra,2.79,open-prices
2026-08-30,EDEKA,9001432037474,d'arbo Holler Zwetschken Konfitüre,2.79,open-prices
2026-08-30,EDEKA,9001432039058,Darbo Himbeere,2.79,open-prices
2026-08-30,Netto,9001455030179,Mein Berger Schinken Spargelschinken,1.29,open-prices
2026-08-30,Netto,9001455032968,Berger-Schinken Pfeffer-Schinken,1.69,open-prices
2026-08-30,Netto,9002490255435,Red Bull Green Edition (Kaktusfrucht),1.49,open-prices
2026-08-30,EDEKA,9002975002523,Haribo Jelly Beans,1.19,open-prices
2026-08-30,Kaufland,9002975002523,Haribo Jelly Beans,0.77,open-prices
2026-08-30,E-Center,9002975378956,Haribo Wasser Melonen,1.19,open-prices
2026-08-30,REWE,9002975378956,Haribo Wasser Melonen,0.79,open-prices
2026-08-30,Kaufland,9003322504639,Demeter Bio-Speisekartoffeln,2.99,open-prices
2026-08-30,dm,9004617065613,"VERIVAL Protein Porridge, Kakao & Banane, glutenfrei, 350 g",4.95,dm-website
2026-08-30,dm,9004617065651,"VERIVAL Protein Müsli, Erdbeere-Sauerkirsche, glutenfrei, 300 g",4.95,dm-website
2026-08-30,dm,9004617066580,"VERIVAL Porridge, Erdbeer-Chia, glutenfrei, 350 g",4.95,dm-website
2026-08-30,Kaufland,9004698601007,DeCesare Senf - Balsamico,2.29,open-prices
2026-08-30,CAP-Markt,9004850081937,Gut & Günstig Hähnchen Minutenschnitzel,2.99,open-prices
2026-08-30,CAP-Markt,9004850081944,Gut & Günstig Hähnchen Innenbrustfilet,2.49,open-prices
2026-08-30,CAP-Markt,9004850083177,Hähnchen Keule,4.99,open-prices
2026-08-30,dm,9005800398822,"NIVEA Handcreme protective care mit Bienenwachs, 75 ml",1.95,dm-website
2026-08-30,dm,9005800401119,"NIVEA Antitranspirant Deo Roll-on Black & White Invisible Authentic, 50 ml",2.95,dm-website
2026-08-30,dm,9005835311773,"claro Spülmaschinen-Tabs Classic, 100 St",12.85,dm-website
2026-08-30,dm,9005835312442,"claro Geschirrspülmittel Pulver Classic, 900 g",5.45,dm-website
2026-08-30,dm,9005835313364,"claro Spülmaschinen-Tabs Classic, 35 St",4.95,dm-website
2026-08-30,dm,9005835315016,"claro Spülmaschinen-Tabs Multi Next, 20 St",4.95,dm-website
2026-08-30,Netto,9006459313242,"Gaber Linzer Stangerl, Mit Zartbitterschokolade",2.49,open-prices
2026-08-30,Kaufland,9006900017545,Pfanner Saft BCE,1.0,open-prices
2026-08-30,Kaufland,9006900205690,ALDI PFANNER Fruchtsaftgetränk jahodovo jablečný džus,1.0,open-prices
2026-08-30,Kaufland,9006900225919,Pfanner Der Grüne Zitrone-Kaktusfeige Sirup,7.98,open-prices
2026-08-30,Kaufland,9006900284701,P&G Getränke Cay Teegenuss,0.99,open-prices
2026-08-30,REWE,9008700128575,Rauch Maracujasaft,1.99,open-prices
2026-08-30,dm,9010523001423,"bae Haferbites Cookie Dough, 40 g",2.15,dm-website
2026-08-30,dm,9010523001645,"bae Haferbites Strawberry Matcha, 40 g",2.15,dm-website
2026-08-30,Kaufland,9015340103572,Cola-mix,2.99,open-prices
2026-08-30,Kaufland,90162480,Red Bull Sugarfree,0.85,open-prices
2026-08-30,Netto,90169298,ALDI Rauch Limettensaft 250ml Flasche 0.89€ 1l 3.56€,0.89,open-prices
2026-08-30,Netto,9020200031841,GO BIO HaferDrink,0.95,open-prices
2026-08-30,Netto,9028800638590,Gösser Natur-Radler Alkoholfrei,1.09,open-prices
2026-08-30,Netto,90288104,Gösser NaturRadler,1.14,open-prices
2026-08-30,REWE,90288104,Gösser NaturRadler,1.19,open-prices
2026-08-30,Netto,9120003411632,Tante Fanny Quiche-  & Tarteteig Erwin,1.11,open-prices
2026-08-30,Netto,9120011090010,InnLandMais Zuckermais gekocht,1.99,open-prices
2026-08-30,Kaufland,9120063681594,WoW Hundefutter,3.29,open-prices
2026-08-30,dm,9120064117023,"A.N.D. beauty Sonnencreme Gesicht, clear sun balm, LSF 30, 50 ml",14.95,dm-website
2026-08-30,dm,9120111880917,"PURE & FUN Kindertee Mehrfrucht-Teegetränk Paw Patrol Heldentrank, ab 3 Jahren, 330 ml EINWEG",1.45,dm-website
2026-08-30,dm,9120111880931,"PURE & FUN Saft Trinkzauber Apfel & Pfirsich, ab 3 Jahren, 200 ml",0.85,dm-website
2026-08-30,dm,9120111881235,"PURE & FUN Quetschie Zauber Anna & Elsa Apfel & Erdbeere ab 12 Monaten, 100 g",1.15,dm-website
2026-08-30,dm,9120111882461,"PURE & FUN Stilles Wasser Helden, ab 3 Jahren, 300 ml EINWEG",0.75,dm-website
2026-08-30,dm,9120111883369,"PURE & FUN Kindersnack Bluey Vollkorn-Haferriegel Apfel & Karotte ab 12 Monaten, 40 g",1.65,dm-website
2026-08-30,dm,9120128134904,"waterdrop Getränkewürfel Microdrink Eistee Pfirsich (12 Stück), 25,2 g",6.25,dm-website
2026-08-30,dm,9120132063986,"waterdrop Getränkewürfel Microdrink Brombeere (12 Stück), 25,2 g",6.25,dm-website
2026-08-30,dm,9120138985244,"waterdrop Getränkewürfel Microdrink Apfel (12 Stück), 25,2 g",6.25,dm-website
2026-08-30,EDEKA,94001129,Zespri Sungold Kiwi,0.77,open-prices
2026-08-30,REWE,94001129,Zespri Sungold Kiwi,0.79,open-prices
2026-08-30,REWE,94008203,Zespri Kiwi Green,0.35,open-prices
2026-08-30,EDEKA,9742600228820150001331,GRIECHISCHE SPEZIALITÄTEN KATEM ALBSTADT TZATZIKI,1.33,open-prices
